name,slug,url
1st Mid America,1stmidamerica,https://1stmidamerica.applicantpro.com/jobs/
4-County Electric Power Association,4county,https://4county.applicantpro.com/jobs/
50Floor,50floor,https://50floor.applicantpro.com/jobs/
7 Leaves Cafe,7leavescafe,https://7leavescafe.applicantpro.com/jobs/
"AA Asphalting, LLC",aaasphalting,https://aaasphalting.applicantpro.com/jobs/
A&A Quality Roofing,aaqualityroofing,https://aaqualityroofing.applicantpro.com/jobs/
Abbington Layton,abbingtonlayton,https://abbingtonlayton.applicantpro.com/jobs/
Abbington Manor Lehi,abbingtonmanorlehi,https://abbingtonmanorlehi.applicantpro.com/jobs/
"Ability and Choice Services, Inc.",abilitychoice,https://abilitychoice.applicantpro.com/jobs/
Town Of Abingdon,abingdon,https://abingdon.applicantpro.com/jobs/
Able Innovations,ableinnovations,https://ableinnovations.applicantpro.com/jobs/
Abri Credit Union,abricu,https://abricu.applicantpro.com/jobs/
"Access To Home Care Services, Inc.",accesshomecarecny,https://accesshomecarecny.applicantpro.com/jobs/
Access Sciences,accesssciences,https://accesssciences.applicantpro.com/jobs/
American Critical Care Services,accsnurses,https://accsnurses.applicantpro.com/jobs/
San Joaquin Regional Rail Commission,acerail,https://acerail.applicantpro.com/jobs/
Achieve Center,achievecenter,https://achievecenter.applicantpro.com/jobs/
Achilles Group,achillesgroup,https://achillesgroup.applicantpro.com/jobs/
Ackerman Estvold,ackermanestvold,https://ackermanestvold.applicantpro.com/jobs/
"Acme Finishing Company, LLC.",acmefinishing,https://acmefinishing.applicantpro.com/jobs/
Acme Industries,acmeind,https://acmeind.applicantpro.com/jobs/
Allen County Public Library,acpllibin,https://acpllibin.applicantpro.com/jobs/
"Advanced Containment Systems, Inc.",acsius,https://acsius.applicantpro.com/jobs/
AC Sweepers & Maintenance,acsweepers,https://acsweepers.applicantpro.com/jobs/
Adara Communities,adaraliving,https://adaraliving.applicantpro.com/jobs/
Ad Astra Behavior Analytic Services,adastrabas,https://adastrabas.applicantpro.com/jobs/
ADF Engineering,adfengineering,https://adfengineering.applicantpro.com/jobs/
Admix Inc,admix,https://admix.applicantpro.com/jobs/
"Adrian Dominican Sisters, Inc",adriandominicans,https://adriandominicans.applicantpro.com/jobs/
Advanced Plumbing Systems LLC,advancedplumbingsystems,https://advancedplumbingsystems.applicantpro.com/jobs/
Advance Sign Group,advancesigngroup,https://advancesigngroup.applicantpro.com/jobs/
Advantage Nursing Service,advantagenursingservice,https://advantagenursingservice.applicantpro.com/jobs/
Advantage PCA & Senior Care,advantagepcaandseniorcare,https://advantagepcaandseniorcare.applicantpro.com/jobs/
"Adventure ABA, LLC",adventureaba,https://adventureaba.applicantpro.com/jobs/
Advantage Steel,advsteel,https://advsteel.applicantpro.com/jobs/
AEC Solar,aecsolar,https://aecsolar.applicantpro.com/jobs/
AEDD,aeddinc,https://aeddinc.applicantpro.com/jobs/
Aeon,aeonmn,https://aeonmn.applicantpro.com/jobs/
"Aero Air, LLC",aeroair,https://aeroair.applicantpro.com/jobs/
Africatown Community Land Trust,africatownlandtrust,https://africatownlandtrust.applicantpro.com/jobs/
A-Gas Americas,agasamericas,https://agasamericas.applicantpro.com/jobs/
AgeSpan,agespan,https://agespan.applicantpro.com/jobs/
AgeSpan Internship Opportunities,agespaninterns,https://agespaninterns.applicantpro.com/jobs/
AgeSpan Volunteer Opportunities,agespanvolunteers,https://agespanvolunteers.applicantpro.com/jobs/
Agnes Scott College,agnesscott,https://agnesscott.applicantpro.com/jobs/
Missouri Attorney General,agomo,https://agomo.applicantpro.com/jobs/
AgTexas Farm Credit Services,agtexas,https://agtexas.applicantpro.com/jobs/
Advanced Heat Treat Corp,ahtcorp,https://ahtcorp.applicantpro.com/jobs/
American Institute of Aeronautics and Astronautics,aiaa,https://aiaa.applicantpro.com/jobs/
"AIRBUS U.S. Space & Defense, Inc.",airbusspaceanddefense,https://airbusspaceanddefense.applicantpro.com/jobs/
Airline Maintenance Service,airlinems,https://airlinems.applicantpro.com/jobs/
Airquest Aviation,airquestaviation,https://airquestaviation.applicantpro.com/jobs/
City of Alamo Heights,alamoheightstx,https://alamoheightstx.applicantpro.com/jobs/
Albany Trucking - Indeed,albanytrucking,https://albanytrucking.applicantpro.com/jobs/
Albert Lea Select Foods,albertleaselectfoods,https://albertleaselectfoods.applicantpro.com/jobs/
The Retreat,allagainstabuse,https://allagainstabuse.applicantpro.com/jobs/
All American Chevrolet,allamericanchevrolet,https://allamericanchevrolet.applicantpro.com/jobs/
All American Marine,allamericanmarine,https://allamericanmarine.applicantpro.com/jobs/
AllCom Credit Union,allcomcu,https://allcomcu.applicantpro.com/jobs/
Alliance HCM,alliancehcm,https://alliancehcm.applicantpro.com/jobs/
Alliance Nursing Inc.,alliancenursinginc,https://alliancenursinginc.applicantpro.com/jobs/
Alliance Detective & Security Service Inc,alliancesecurityservice,https://alliancesecurityservice.applicantpro.com/jobs/
Allegiance Mobile Health,allmh,https://allmh.applicantpro.com/jobs/
"Alloy Fasteners, Inc.",alloyfasteners,https://alloyfasteners.applicantpro.com/jobs/
All-Pro Fleet Services,allprofleetservices,https://allprofleetservices.applicantpro.com/jobs/
"All Together Autism, LLC",alltogetherautism,https://alltogetherautism.applicantpro.com/jobs/
Alpine Cleaning & Restoration,alpinecleaning,https://alpinecleaning.applicantpro.com/jobs/
Altamaha Health Center,altamahanh,https://altamahanh.applicantpro.com/jobs/
"Sol Recovery Community, Inc.",altasummitinc,https://altasummitinc.applicantpro.com/jobs/
Altimmune,altimmune,https://altimmune.applicantpro.com/jobs/
Alvarez Technology Group,alvareztg,https://alvareztg.applicantpro.com/jobs/
AMA Health Providers,amahealthproviders,https://amahealthproviders.applicantpro.com/jobs/
Amen Air,amenair,https://amenair.applicantpro.com/jobs/
Amerapex Corporation,amerapex,https://amerapex.applicantpro.com/jobs/
American Concrete Company,americanconcreteco,https://americanconcreteco.applicantpro.com/jobs/
American Fork City,americanfork,https://americanfork.applicantpro.com/jobs/
American Gilsonite Company,americangilsonite,https://americangilsonite.applicantpro.com/jobs/
American Pest,americanpest,https://americanpest.applicantpro.com/jobs/
American Plumb Method,americanplumbmethod,https://americanplumbmethod.applicantpro.com/jobs/
American Stone,americanstone,https://americanstone.applicantpro.com/jobs/
"American Trucking Group USA, LLC",americantruckinggroup,https://americantruckinggroup.applicantpro.com/jobs/
AM Pierce and Associates,ampierce,https://ampierce.applicantpro.com/jobs/
Anam Care,anamcare,https://anamcare.applicantpro.com/jobs/
Anchor Construction Corporation,anchorconst,https://anchorconst.applicantpro.com/jobs/
"Batteries Plus - Androlewicz Enterprises, LLC",androlewiczenterprises,https://androlewiczenterprises.applicantpro.com/jobs/
And Still We Rise,andstillwerise,https://andstillwerise.applicantpro.com/jobs/
Helen Woodward Animal Center,animalcenter,https://animalcenter.applicantpro.com/jobs/
Animal Hospital of Sullivan County,animalhospitalofsullivancounty,https://animalhospitalofsullivancounty.applicantpro.com/jobs/
Anova Education,anovaeducation,https://anovaeducation.applicantpro.com/jobs/
Anserfone,anserfone,https://anserfone.applicantpro.com/jobs/
AnswerMTI,answermti,https://answermti.applicantpro.com/jobs/
AnswerOne,answerone,https://answerone.applicantpro.com/jobs/
Anthem Family Dentist,anthemfamilydentist,https://anthemfamilydentist.applicantpro.com/jobs/
Anticimex Carolinas,anticimexcarolinas,https://anticimexcarolinas.applicantpro.com/jobs/
Rangeview Library District (Anythink),anythinklibraries,https://anythinklibraries.applicantpro.com/jobs/
Jireh Semiconductor,aosmd,https://aosmd.applicantpro.com/jobs/
A Path of Care,apathofcare,https://apathofcare.applicantpro.com/jobs/
APCO Signs,apcosigns,https://apcosigns.applicantpro.com/jobs/
Answer Plus Las Vegas,aplv,https://aplv.applicantpro.com/jobs/
Applebrook Homes LLC.,applebrookhomes,https://applebrookhomes.applicantpro.com/jobs/
Approve Home Services,approvehomeservices,https://approvehomeservices.applicantpro.com/jobs/
Americas Parking Remarking,apr,https://apr.applicantpro.com/jobs/
"APT Research, Inc.",aptresearch,https://aptresearch.applicantpro.com/jobs/
Arapahoe Libraries,arapahoelibraries,https://arapahoelibraries.applicantpro.com/jobs/
Arapahoe Libraries - Volunteers,arapahoelibrariesvolunteers,https://arapahoelibrariesvolunteers.applicantpro.com/jobs/
"Arc of Greater New Haven, Inc.",arcgnh,https://arcgnh.applicantpro.com/jobs/
Archdiocese of Indianapolis,archindy,https://archindy.applicantpro.com/jobs/
Catholic Schools in the Archdiocese of New York,archny,https://archny.applicantpro.com/jobs/
Archuleta County,archuletacounty,https://archuletacounty.applicantpro.com/jobs/
The Arc of Chemung-Schuyler,arcofcs,https://arcofcs.applicantpro.com/jobs/
Arc of Onondaga,arcon,https://arcon.applicantpro.com/jobs/
Arena Stage,arenastagejobs,https://arenastagejobs.applicantpro.com/jobs/
Argo Cyber Systems,argocyber,https://argocyber.applicantpro.com/jobs/
Arko Plumbing,arkoplumbing,https://arkoplumbing.applicantpro.com/jobs/
Arkansas Mailing Services,armailingcareers,https://armailingcareers.applicantpro.com/jobs/
Armstrong Rapid Manufacturing,armstrongrm,https://armstrongrm.applicantpro.com/jobs/
Arnot Health System,arnothealth,https://arnothealth.applicantpro.com/jobs/
Aronimink Golf Club,aronimink,https://aronimink.applicantpro.com/jobs/
Arrow Exterminators,arrowexterminators,https://arrowexterminators.applicantpro.com/jobs/
"Arrowhead Contracting, INC.",arrowheadbuild,https://arrowheadbuild.applicantpro.com/jobs/
Arthritis Knee Pain Centers,arthritiskneepain,https://arthritiskneepain.applicantpro.com/jobs/
Artisan Millwork LLC,artisanmillworkllc,https://artisanmillworkllc.applicantpro.com/jobs/
American Society of Civil Engineers (ASCE),asce,https://asce.applicantpro.com/jobs/
ASEA,asea,https://asea.applicantpro.com/jobs/
Autonomous Solutions,asirobots,https://asirobots.applicantpro.com/jobs/
"Associated Students, San Diego State University",asjobssdsu,https://asjobssdsu.applicantpro.com/jobs/
"Aspen Mountain Plumbing, LLC",aspenmtnplumbing,https://aspenmtnplumbing.applicantpro.com/jobs/
Associated Scaffolding Company,associatedscaffolding,https://associatedscaffolding.applicantpro.com/jobs/
"Assurance Manufacturing, Inc.",assurancemfg,https://assurancemfg.applicantpro.com/jobs/
Astra Surveying,astrasurveying,https://astrasurveying.applicantpro.com/jobs/
ATC Automation,atcautomation,https://atcautomation.applicantpro.com/jobs/
Ark-Tex Council of Government,atcog,https://atcog.applicantpro.com/jobs/
"Applied Technologies Group, Inc.",atgcontracting,https://atgcontracting.applicantpro.com/jobs/
Athena Information Technology,athenacareers,https://athenacareers.applicantpro.com/jobs/
City of Auburn Hills,auburnhills,https://auburnhills.applicantpro.com/jobs/
"Auditor's Office Harris County, TX",auditorharriscountytx,https://auditorharriscountytx.applicantpro.com/jobs/
Aurora Valley Care,auroravalleycare,https://auroravalleycare.applicantpro.com/jobs/
Travis Association for the Blind/Austin Lighthouse,austinlighthouse,https://austinlighthouse.applicantpro.com/jobs/
US Nitrogen – Austin Powder Company,austinpowderusnitrogen,https://austinpowderusnitrogen.applicantpro.com/jobs/
AutoFair Automotive Group,autofair,https://autofair.applicantpro.com/jobs/
Auto Logistics Providers Canada,autolpc,https://autolpc.applicantpro.com/jobs/
Automotive Avenues,automotiveavenuesnj,https://automotiveavenuesnj.applicantpro.com/jobs/
Auto Warehousing Company,autowc,https://autowc.applicantpro.com/jobs/
Avalon Housing,avalonhousing,https://avalonhousing.applicantpro.com/jobs/
Avalon Housing Volunteers,avalonhousingvolunteers,https://avalonhousingvolunteers.applicantpro.com/jobs/
"AVCON, INC.",avconinc,https://avconinc.applicantpro.com/jobs/
Alaska Village Electric Cooperative,avec,https://avec.applicantpro.com/jobs/
Avenues Recovery,avenuesrecovery,https://avenuesrecovery.applicantpro.com/jobs/
Aviation Security Management,aviationsecuritymanagement,https://aviationsecuritymanagement.applicantpro.com/jobs/
Avmax Montana Inc,avmax,https://avmax.applicantpro.com/jobs/
Avmax Careers - Canada,avmaxcanada,https://avmaxcanada.applicantpro.com/jobs/
Axiom Consultants,axiomconsultants,https://axiomconsultants.applicantpro.com/jobs/
Arizona G&T Cooperatives,azgt,https://azgt.applicantpro.com/jobs/
Arizona Humane Society,azhumane,https://azhumane.applicantpro.com/jobs/
Basic American Foods,baf,https://baf.applicantpro.com/jobs/
"Bailey Education Group, LLC",baileyeducationgroup,https://baileyeducationgroup.applicantpro.com/jobs/
Balls Foods,ballsfoods,https://ballsfoods.applicantpro.com/jobs/
Therapy Spot,baltimoretherapyspot,https://baltimoretherapyspot.applicantpro.com/jobs/
The Bama Companies,bama,https://bama.applicantpro.com/jobs/
B and D Foods,banddfoods,https://banddfoods.applicantpro.com/jobs/
"Banner Defense, Inc.",bannerdefenseinc,https://bannerdefenseinc.applicantpro.com/jobs/
Bannock County,bannockcounty,https://bannockcounty.applicantpro.com/jobs/
Barkaritaville Pet Resort,barkaritavillepetresort,https://barkaritavillepetresort.applicantpro.com/jobs/
Barrett Petfood,barrettpetfood,https://barrettpetfood.applicantpro.com/jobs/
Barrow Wise Consulting,barrowwise,https://barrowwise.applicantpro.com/jobs/
Steve Basso Plumbing Heating & A/C,bassophac,https://bassophac.applicantpro.com/jobs/
Bastion Technologies,bastiontechnologies,https://bastiontechnologies.applicantpro.com/jobs/
Batteries Plus,batteriesplusjobs,https://batteriesplusjobs.applicantpro.com/jobs/
"The City of Bay City, Michigan",baycitymi,https://baycitymi.applicantpro.com/jobs/
Benchmark Community Bank,bcbforlife,https://bcbforlife.applicantpro.com/jobs/
Baltimore Country Club,bcc1898,https://bcc1898.applicantpro.com/jobs/
Basic Commerce & Industries Inc,bcisse,https://bcisse.applicantpro.com/jobs/
BCI Technologies,bcitech,https://bcitech.applicantpro.com/jobs/
Brushy Creek Municipal Utility District,bcmud,https://bcmud.applicantpro.com/jobs/
"Bailey Collaborative Solutions, LLC",bcsolutions,https://bcsolutions.applicantpro.com/jobs/
Brigham City Corporation,bcutah,https://bcutah.applicantpro.com/jobs/
Beacon Credit Union,beaconcu,https://beaconcu.applicantpro.com/jobs/
Beacon Health Management,beaconhealthmanagement,https://beaconhealthmanagement.applicantpro.com/jobs/
Beaumont Emergency Hospital,beaumontemergencycenter,https://beaumontemergencycenter.applicantpro.com/jobs/
"Berkeley Electric Cooperative, Inc.",bec,https://bec.applicantpro.com/jobs/
Bedrosians Tile and Stone,bedrosians,https://bedrosians.applicantpro.com/jobs/
Bee Cave Veterinary Clinic,beecavevetclinic,https://beecavevetclinic.applicantpro.com/jobs/
BE&K Building Group,bekbg,https://bekbg.applicantpro.com/jobs/
Beloit College,beloit,https://beloit.applicantpro.com/jobs/
Beloit  Health System,beloithealthsystem,https://beloithealthsystem.applicantpro.com/jobs/
Beltone PA,beltonepa,https://beltonepa.applicantpro.com/jobs/
Brunswick Electric Membership Corporation,bemc,https://bemc.applicantpro.com/jobs/
Benesch Law,beneschlaw,https://beneschlaw.applicantpro.com/jobs/
Benton Communities,bentoncommunities,https://bentoncommunities.applicantpro.com/jobs/
Benton Rural Electric Association,bentonrea,https://bentonrea.applicantpro.com/jobs/
Bethel University,betheluniversity,https://betheluniversity.applicantpro.com/jobs/
Bethesda Country Club,bethesdacountryclub,https://bethesdacountryclub.applicantpro.com/jobs/
Bettenhausen Automotive,bettenhausenautomotive,https://bettenhausenautomotive.applicantpro.com/jobs/
Boys and Girls Clubs of the Northtowns,bgcnt,https://bgcnt.applicantpro.com/jobs/
Blue Grass Energy Cooperative Corporation,bgenergy,https://bgenergy.applicantpro.com/jobs/
BHI,bhico,https://bhico.applicantpro.com/jobs/
Bohannan Huston Inc.,bhinc,https://bhinc.applicantpro.com/jobs/
BigBadToyStore,bigbadtoystore,https://bigbadtoystore.applicantpro.com/jobs/
Big River Resources,bigriverresources,https://bigriverresources.applicantpro.com/jobs/
"Biltmore Farms, LLC",biltmorefarms,https://biltmorefarms.applicantpro.com/jobs/
BlackFish Federal,blackfishfederal,https://blackfishfederal.applicantpro.com/jobs/
Black Mountain Software,blackmountainsoftware,https://blackmountainsoftware.applicantpro.com/jobs/
"Bunnell-Lammons Engineering, Inc",blecorp,https://blecorp.applicantpro.com/jobs/
Blu Dot,bludot,https://bludot.applicantpro.com/jobs/
Blue Coast Burrito,bluecoastburrito,https://bluecoastburrito.applicantpro.com/jobs/
"Bluegrass Land Title, LLC",bluegrasslandtitle,https://bluegrasslandtitle.applicantpro.com/jobs/
"Blueline Security Services, LLC",bluelinesecurityservices,https://bluelinesecurityservices.applicantpro.com/jobs/
Blueprint Skilled Services,blueprintskilledservices,https://blueprintskilledservices.applicantpro.com/jobs/
Blue Stone Strategy Partners,bluestonestrategy,https://bluestonestrategy.applicantpro.com/jobs/
BMI Hospitality Management,bmihospitality,https://bmihospitality.applicantpro.com/jobs/
Bobby Rahal Automotive Group - Mechanicsburg,bobbyrahal,https://bobbyrahal.applicantpro.com/jobs/
Bobby Rahal Automotive Group - Pittsburgh,bobbyrahalpittsburgh,https://bobbyrahalpittsburgh.applicantpro.com/jobs/
"Bone and Joint Center, S.C.",bonejoint,https://bonejoint.applicantpro.com/jobs/
Bonneville County,bonneville,https://bonneville.applicantpro.com/jobs/
Bootheel In-Home Care Services,bootheelhomecare,https://bootheelhomecare.applicantpro.com/jobs/
Border Bank,borderbank,https://borderbank.applicantpro.com/jobs/
Border Café/Jose Tejas,bordercafe,https://bordercafe.applicantpro.com/jobs/
Border Paving Ltd.,borderpaving,https://borderpaving.applicantpro.com/jobs/
Boson Health,bosonhealth,https://bosonhealth.applicantpro.com/jobs/
Bountiful City,bountifulutah,https://bountifulutah.applicantpro.com/jobs/
City of Box Elder,boxelder,https://boxelder.applicantpro.com/jobs/
"BPG Designs, LLC",bpgdesigns,https://bpgdesigns.applicantpro.com/jobs/
Brandout Social,brandoutsocial,https://brandoutsocial.applicantpro.com/jobs/
Brasada Ranch,brasada,https://brasada.applicantpro.com/jobs/
Brayman Construction,brayman,https://brayman.applicantpro.com/jobs/
Brayman Precast,braymanprecast,https://braymanprecast.applicantpro.com/jobs/
Brazos River Authority,brazos,https://brazos.applicantpro.com/jobs/
The Brewer-Garrett Company,brewergarrett,https://brewergarrett.applicantpro.com/jobs/
Bridge Credit Union,bridgecu,https://bridgecu.applicantpro.com/jobs/
Bridges Healthcare,bridgesct,https://bridgesct.applicantpro.com/jobs/
Bright Innovation Labs,brightinnovationlabs,https://brightinnovationlabs.applicantpro.com/jobs/
BrightRidge,brightridge,https://brightridge.applicantpro.com/jobs/
"Brinkman Precision, Inc.",brinkmanprecision,https://brinkmanprecision.applicantpro.com/jobs/
Blue Ridge Mountain EMC,brmemc,https://brmemc.applicantpro.com/jobs/
Taco John's - Bremer Restaurant Management,brmtj,https://brmtj.applicantpro.com/jobs/
"Broadbent & Associates, Inc",broadbentinc,https://broadbentinc.applicantpro.com/jobs/
Brooklyn Pointe Senior Living,brooklynpointeseniorliving,https://brooklynpointeseniorliving.applicantpro.com/jobs/
"Brooks Construction Company, Inc.",brooks1st,https://brooks1st.applicantpro.com/jobs/
Brookside Mechanical Inc.,brooksidemechanical,https://brooksidemechanical.applicantpro.com/jobs/
Bryant Health and Rehabilitation Center,bryantnh,https://bryantnh.applicantpro.com/jobs/
Bryco Plumbing,brycoplumbing,https://brycoplumbing.applicantpro.com/jobs/
Boston Senior Home Care,bshcinfo,https://bshcinfo.applicantpro.com/jobs/
Ballston Spa National Bank,bsnb,https://bsnb.applicantpro.com/jobs/
btyDENTAL,btydental,https://btydental.applicantpro.com/jobs/
Buechel Stone Corporation,buechelstone,https://buechelstone.applicantpro.com/jobs/
Bullfrog Spas,bullfrogspas,https://bullfrogspas.applicantpro.com/jobs/
Bull Moose Tube,bullmoosetube,https://bullmoosetube.applicantpro.com/jobs/
City of Burien,burienwa,https://burienwa.applicantpro.com/jobs/
Burke County Public Schools,burkek12ga,https://burkek12ga.applicantpro.com/jobs/
"City of Burleson, TX",burlesontx,https://burlesontx.applicantpro.com/jobs/
Burrough and Sons Automotive Inc.,burroughandsonsautomotiveinc,https://burroughandsonsautomotiveinc.applicantpro.com/jobs/
Burton Lumber,burtonlumber,https://burtonlumber.applicantpro.com/jobs/
Butler Chimneys LLC,butlerchimneys,https://butlerchimneys.applicantpro.com/jobs/
Butterfly Effects,butterflyeffects,https://butterflyeffects.applicantpro.com/jobs/
Butterfield & Vallis,bvbm,https://bvbm.applicantpro.com/jobs/
C4 Fuels,c4fuels,https://c4fuels.applicantpro.com/jobs/
Child Advocates of Blair County,cabcbchs,https://cabcbchs.applicantpro.com/jobs/
CAIR California,cacair,https://cacair.applicantpro.com/jobs/
CAIR LA,cacairla,https://cacairla.applicantpro.com/jobs/
CAIR San Diego,cacairsandiego,https://cacairsandiego.applicantpro.com/jobs/
CAIR San Francisco Bay Area,cacairsfba,https://cacairsfba.applicantpro.com/jobs/
Cache County Corp.,cachecounty,https://cachecounty.applicantpro.com/jobs/
Capital Area Community Services Inc.,cacsinc,https://cacsinc.applicantpro.com/jobs/
A Team Home Services,callateamtoday,https://callateamtoday.applicantpro.com/jobs/
Frank Van Dresser Team RE/MAX,callfrank,https://callfrank.applicantpro.com/jobs/
Right Choice Plumbing & Rooter,callrightchoice,https://callrightchoice.applicantpro.com/jobs/
Calyx Living,calyxseniorliving,https://calyxseniorliving.applicantpro.com/jobs/
Canfield Buildings,canfieldbuildings,https://canfieldbuildings.applicantpro.com/jobs/
Cannon Construction,cannonconstructioninc,https://cannonconstructioninc.applicantpro.com/jobs/
Canopy Roots,canopyrootsmn,https://canopyrootsmn.applicantpro.com/jobs/
Canteen Services,canteenservices,https://canteenservices.applicantpro.com/jobs/
Canton Township,canton,https://canton.applicantpro.com/jobs/
Canvas Health,canvashealth,https://canvashealth.applicantpro.com/jobs/
City of Canyon TX,canyontx,https://canyontx.applicantpro.com/jobs/
AMD Lasers,caogroupjobs,https://caogroupjobs.applicantpro.com/jobs/
Alpha & Omega Semiconductor,caosmd,https://caosmd.applicantpro.com/jobs/
Community Action Organization,caowash,https://caowash.applicantpro.com/jobs/
Community Action Planning Council of Jefferson County,capcjc,https://capcjc.applicantpro.com/jobs/
Capital University,capital,https://capital.applicantpro.com/jobs/
Capital City Nurses,capitalcitynurses,https://capitalcitynurses.applicantpro.com/jobs/
Capital Health Plan,capitalhealth,https://capitalhealth.applicantpro.com/jobs/
Caraluzzi's Markets,caraluzzis,https://caraluzzis.applicantpro.com/jobs/
Cardwell Beach,cardwellbeach,https://cardwellbeach.applicantpro.com/jobs/
Care Advantage Inc. Corporate,careadvantagecorporaterecruiting,https://careadvantagecorporaterecruiting.applicantpro.com/jobs/
Care Advantage Inc,careadvantageinc,https://careadvantageinc.applicantpro.com/jobs/
Nspire,careers,https://careers.applicantpro.com/jobs/
"Caring Hands United, Inc.",caringhandsunited,https://caringhandsunited.applicantpro.com/jobs/
Carnegie Endowment for International Peace,carnegieendowment,https://carnegieendowment.applicantpro.com/jobs/
CarNow,carnow,https://carnow.applicantpro.com/jobs/
Carolina Family Estate Planning,carolinafep,https://carolinafep.applicantpro.com/jobs/
Carpenter's Place,carpentersplace,https://carpentersplace.applicantpro.com/jobs/
Carpet Garage - Tollefson's Retail Group,carpetgarage,https://carpetgarage.applicantpro.com/jobs/
Carroll Electric Cooperative Corporation,carrollecc,https://carrollecc.applicantpro.com/jobs/
Carthage College,carthage,https://carthage.applicantpro.com/jobs/
"Cascade Bridge, LLC",cascadebridge,https://cascadebridge.applicantpro.com/jobs/
Cascade Medical Center,cascademedicalcenter,https://cascademedicalcenter.applicantpro.com/jobs/
Caselle,casellejobs,https://casellejobs.applicantpro.com/jobs/
Casey's Point S Tire & Auto Service,caseysindependentautorepair,https://caseysindependentautorepair.applicantpro.com/jobs/
Cashman Nursery,cashmannursery,https://cashmannursery.applicantpro.com/jobs/
Cash-Wa,cashwa,https://cashwa.applicantpro.com/jobs/
Casteel Air,casteelair,https://casteelair.applicantpro.com/jobs/
COALITION TO ABOLISH SLAVERY AND TRAFFICKING,castla,https://castla.applicantpro.com/jobs/
Castle Biosciences,castlebiosciences,https://castlebiosciences.applicantpro.com/jobs/
Cata | Community Access to the Arts (CATA),cataarts,https://cataarts.applicantpro.com/jobs/
The Catalyst Center for Business and Entrepreneurship,catalystcenter,https://catalystcenter.applicantpro.com/jobs/
Catawba Corporation,catawbacorporation,https://catawbacorporation.applicantpro.com/jobs/
Catering by Michaels,cateringbymichaels,https://cateringbymichaels.applicantpro.com/jobs/
Caviness Beef Packers,cavinessbeef,https://cavinessbeef.applicantpro.com/jobs/
CB&S Bank,cbsbank,https://cbsbank.applicantpro.com/jobs/
Columbus College of Art & Design,ccad,https://ccad.applicantpro.com/jobs/
Congressional Country Club,ccclub,https://ccclub.applicantpro.com/jobs/
Cumberland County Guidance Center,ccgcnj,https://ccgcnj.applicantpro.com/jobs/
Clermont County Public Library,ccpl,https://ccpl.applicantpro.com/jobs/
"CCRI, Inc.",ccrimoorhead,https://ccrimoorhead.applicantpro.com/jobs/
Community Council of South Central Texas,ccsct,https://ccsct.applicantpro.com/jobs/
Catholic Community Services,ccsutah,https://ccsutah.applicantpro.com/jobs/
Cedar City,cedarcity,https://cedarcity.applicantpro.com/jobs/
CEI Engineering Associates,ceieng,https://ceieng.applicantpro.com/jobs/
"Cutting Edge Irrigation & Lawns, LLC",ceirrigation,https://ceirrigation.applicantpro.com/jobs/
The Center for Early Education,centerforearlyeducation,https://centerforearlyeducation.applicantpro.com/jobs/
Center for Performance Mastery,centerforperformancemastery,https://centerforperformancemastery.applicantpro.com/jobs/
Central Arkansas Pest Services,centralarkansaspestservices,https://centralarkansaspestservices.applicantpro.com/jobs/
Central Electric Power Cooperative,cepc,https://cepc.applicantpro.com/jobs/
CES Credit Union,cescu,https://cescu.applicantpro.com/jobs/
"CEXEC, Inc.",cexec,https://cexec.applicantpro.com/jobs/
"Catholic Funeral and Cemetery Services of the Diocese of Sacramento, Inc.",cfcssacramento,https://cfcssacramento.applicantpro.com/jobs/
CFHT Corporation,cfht,https://cfht.applicantpro.com/jobs/
"Central Florida Kidney Centers, Inc",cfkc,https://cfkc.applicantpro.com/jobs/
"CGH Technologies, Inc.",cghtechl,https://cghtechl.applicantpro.com/jobs/
Chads Design Build,chadsdesignbuild,https://chadsdesignbuild.applicantpro.com/jobs/
Challenge Machine and Manufacturing an Assurance Manufacturing Company,challengemachine,https://challengemachine.applicantpro.com/jobs/
Chaminade College Preparatory,chaminade,https://chaminade.applicantpro.com/jobs/
Champion Homes,championhomes,https://championhomes.applicantpro.com/jobs/
Charities Housing,charitieshousing,https://charitieshousing.applicantpro.com/jobs/
Chattanooga Zoo,chattzoo,https://chattzoo.applicantpro.com/jobs/
Chelsea Jewish Lifecare,chelseajewish,https://chelseajewish.applicantpro.com/jobs/
Cherokee Telephone Company,cherokeecomm,https://cherokeecomm.applicantpro.com/jobs/
Chesterfield Township Michigan,chesterfieldtwp,https://chesterfieldtwp.applicantpro.com/jobs/
Chief of Minds,chiefofminds,https://chiefofminds.applicantpro.com/jobs/
"Child, Inc.",childinc,https://childinc.applicantpro.com/jobs/
Children of America,childrenofamerica,https://childrenofamerica.applicantpro.com/jobs/
Children's Home of Wyoming Conference,chowc,https://chowc.applicantpro.com/jobs/
Christensen Farms,christensenfarms,https://christensenfarms.applicantpro.com/jobs/
Christian Financial Credit Union,christianfinancialcu,https://christianfinancialcu.applicantpro.com/jobs/
Chronos Aviation,chronosair,https://chronosair.applicantpro.com/jobs/
Community Health Service Inc.,chsiclinics,https://chsiclinics.applicantpro.com/jobs/
Sodexo Live! (Salary),chss,https://chss.applicantpro.com/jobs/
"CIC Group, Inc.",cicgroup,https://cicgroup.applicantpro.com/jobs/
City of Friendswood,cifriendswoodtx,https://cifriendswoodtx.applicantpro.com/jobs/
City of Independence,ciindependenceor,https://ciindependenceor.applicantpro.com/jobs/
Cincinnati Urban Promise Inc,cincinnatiurbanpromise,https://cincinnatiurbanpromise.applicantpro.com/jobs/
Cipher Tech Solutions,ciphertechsolutions,https://ciphertechsolutions.applicantpro.com/jobs/
City of Selma,ciselmatx,https://ciselmatx.applicantpro.com/jobs/
Communities In Schools of Chicago,cisofchicago,https://cisofchicago.applicantpro.com/jobs/
Cayman Islands Tourism Association,cita,https://cita.applicantpro.com/jobs/
Citizens Bank & Trust,citizensbank,https://citizensbank.applicantpro.com/jobs/
City Auto Memphis,cityautomemphis,https://cityautomemphis.applicantpro.com/jobs/
City Auto Murfreesboro,cityautomurfreesboro,https://cityautomurfreesboro.applicantpro.com/jobs/
City of Lincoln Park,citylp,https://citylp.applicantpro.com/jobs/
City of Alice,cityofalice,https://cityofalice.applicantpro.com/jobs/
City of Alvin,cityofalvin,https://cityofalvin.applicantpro.com/jobs/
"City of Brenham, TX",cityofbrenham,https://cityofbrenham.applicantpro.com/jobs/
"City of Burnet, Texas",cityofburnet,https://cityofburnet.applicantpro.com/jobs/
City Of Charleston,cityofcharleston,https://cityofcharleston.applicantpro.com/jobs/
City of Conroe,cityofconroe,https://cityofconroe.applicantpro.com/jobs/
City of Edinburg,cityofedinburg,https://cityofedinburg.applicantpro.com/jobs/
City of Fort Wayne,cityoffortwayne,https://cityoffortwayne.applicantpro.com/jobs/
City of Hewitt,cityofhewitt,https://cityofhewitt.applicantpro.com/jobs/
City of Homer Alaska,cityofhomerak,https://cityofhomerak.applicantpro.com/jobs/
City of Katy,cityofkaty,https://cityofkaty.applicantpro.com/jobs/
City of Lufkin,cityoflufkin,https://cityoflufkin.applicantpro.com/jobs/
City of Novi,cityofnovi,https://cityofnovi.applicantpro.com/jobs/
City of Pearsall,cityofpearsall,https://cityofpearsall.applicantpro.com/jobs/
City of Prescott,cityofprescott,https://cityofprescott.applicantpro.com/jobs/
City of Rochelle,cityofrochelle,https://cityofrochelle.applicantpro.com/jobs/
Sidney Police Department,cityofsidneymt,https://cityofsidneymt.applicantpro.com/jobs/
City of Troy,cityoftroymissouri,https://cityoftroymissouri.applicantpro.com/jobs/
City of Webster Police Department,cityofwebster,https://cityofwebster.applicantpro.com/jobs/
The City of Watertown,ciwatertownwi,https://ciwatertownwi.applicantpro.com/jobs/
"CK Transportation, Inc.",cktransportation,https://cktransportation.applicantpro.com/jobs/
Clarke,clarke,https://clarke.applicantpro.com/jobs/
Clash Pressure Washing,clashpressurewashing,https://clashpressurewashing.applicantpro.com/jobs/
Clayton Early Learning,claytonearlylearning,https://claytonearlylearning.applicantpro.com/jobs/
City of Clayton,claytonmo,https://claytonmo.applicantpro.com/jobs/
Clean Team,cleanteamclean,https://cleanteamclean.applicantpro.com/jobs/
Clementine Answers,clementineanswers,https://clementineanswers.applicantpro.com/jobs/
Central Missouri Community Action Apprenticeship Program,cmcaapprenticeship,https://cmcaapprenticeship.applicantpro.com/jobs/
Central Missouri Community Action,cmcaus,https://cmcaus.applicantpro.com/jobs/
Cardinal McCloskey Community Services,cmcs,https://cmcs.applicantpro.com/jobs/
CMT Technical Services,cmtlaboratories,https://cmtlaboratories.applicantpro.com/jobs/
Coal Country Community Health Center,coalcountry,https://coalcountry.applicantpro.com/jobs/
Coastal Home Care,coastalhomecarees,https://coastalhomecarees.applicantpro.com/jobs/
Cobb Technologies,cobbtechnologies,https://cobbtechnologies.applicantpro.com/jobs/
Cobra Concrete Cutting Services,cobraconcrete,https://cobraconcrete.applicantpro.com/jobs/
Cooke County Texas,cocooketx,https://cocooketx.applicantpro.com/jobs/
City of Georgetown,cogsc,https://cogsc.applicantpro.com/jobs/
Coilcraft,coilcraft,https://coilcraft.applicantpro.com/jobs/
College Possible AmeriCorps,collegepossibleamericorps,https://collegepossibleamericorps.applicantpro.com/jobs/
College Possible Leadership Team,collegepossiblelt,https://collegepossiblelt.applicantpro.com/jobs/
The College Preparatory School,collegeprep,https://collegeprep.applicantpro.com/jobs/
City of Collinsville,collinsvilleil,https://collinsvilleil.applicantpro.com/jobs/
Colonial Chemical,colonialchem,https://colonialchem.applicantpro.com/jobs/
Colorful Concepts Painting,colorfulconceptspainting,https://colorfulconceptspainting.applicantpro.com/jobs/
Silver Lake Hospital,columbusltach,https://columbusltach.applicantpro.com/jobs/
COMANCO,comanco,https://comanco.applicantpro.com/jobs/
Communication Federal Credit Union,comfedcu,https://comfedcu.applicantpro.com/jobs/
CommQuest Services Inc,commquest,https://commquest.applicantpro.com/jobs/
Community HealthCare Association of the Dakotas,communityhealthcare,https://communityhealthcare.applicantpro.com/jobs/
"Community Options, Inc.",communityoptionsinc,https://communityoptionsinc.applicantpro.com/jobs/
"Co-Mo Electric Cooperative, Inc.",comoelectric,https://comoelectric.applicantpro.com/jobs/
Compass Consultants,compass,https://compass.applicantpro.com/jobs/
ComplyAuto,complyauto,https://complyauto.applicantpro.com/jobs/
ComSonics,comsonics,https://comsonics.applicantpro.com/jobs/
Concorde Battery Corp - Georgia,concordebattery,https://concordebattery.applicantpro.com/jobs/
Concorde Battery Corp - California,concordebatteryca,https://concordebatteryca.applicantpro.com/jobs/
Concrete Inc,concreteincmn,https://concreteincmn.applicantpro.com/jobs/
Connections Services,connectionsservices,https://connectionsservices.applicantpro.com/jobs/
"Consilium Partners360, LLC",consiliumpartners360,https://consiliumpartners360.applicantpro.com/jobs/
Advanced Construction Robotics,constructionrobots,https://constructionrobots.applicantpro.com/jobs/
Contractors Sales,contractorssales,https://contractorssales.applicantpro.com/jobs/
Cooper-Booth Wholesale Company,cooperbooth,https://cooperbooth.applicantpro.com/jobs/
Cooper-Booth Transportation Company,cooperboothtransportation,https://cooperboothtransportation.applicantpro.com/jobs/
Cooper People Group,cooperpg,https://cooperpg.applicantpro.com/jobs/
Coordinated Family Care,coordinatedfamilycare,https://coordinatedfamilycare.applicantpro.com/jobs/
Coosa Valley Electric Cooperative,coosavalleyec,https://coosavalleyec.applicantpro.com/jobs/
Coosa Valley Technologies,coosavalleytechnologies,https://coosavalleytechnologies.applicantpro.com/jobs/
Copeland Oaks,copelandoaks,https://copelandoaks.applicantpro.com/jobs/
City of Copperas Cove,copperascove,https://copperascove.applicantpro.com/jobs/
Coptic Orphans,copticorphans,https://copticorphans.applicantpro.com/jobs/
City of Pasadena,coptx,https://coptx.applicantpro.com/jobs/
Core-CSI LLC.,corecsi,https://corecsi.applicantpro.com/jobs/
Corewood Care,corewoodcare,https://corewoodcare.applicantpro.com/jobs/
Corsos Garden Center,corsos,https://corsos.applicantpro.com/jobs/
"City of Cortez, CO",cortezco,https://cortezco.applicantpro.com/jobs/
Corus International,corus,https://corus.applicantpro.com/jobs/
Corus International (Consultant),corusic,https://corusic.applicantpro.com/jobs/
Cosmos Club,cosmosclub,https://cosmosclub.applicantpro.com/jobs/
Costa Vida - BB Magical Fruit,costavidahiring-mf,https://costavidahiring-mf.applicantpro.com/jobs/
Central Ohio Transit Authority,cota,https://cota.applicantpro.com/jobs/
Cotton Electric Cooperative,cottonelectric,https://cottonelectric.applicantpro.com/jobs/
"City of Cottonwood Heights, UT",cottonwoodheightsut,https://cottonwoodheightsut.applicantpro.com/jobs/
Coughlin Automotive,coughlincars,https://coughlincars.applicantpro.com/jobs/
Country Pure Foods,countrypure,https://countrypure.applicantpro.com/jobs/
Covenant House Missouri,covenanthousemo,https://covenanthousemo.applicantpro.com/jobs/
Cove Point Retirement,covepointretirement,https://covepointretirement.applicantpro.com/jobs/
Cozy Earth,cozyearth,https://cozyearth.applicantpro.com/jobs/
The Arc of Cumberland and Perry Counties,cparc,https://cparc.applicantpro.com/jobs/
Crafco,crafco,https://crafco.applicantpro.com/jobs/
Craft Pattern and Mold,craftpattern,https://craftpattern.applicantpro.com/jobs/
Crandall Medical Center,crandallmedical,https://crandallmedical.applicantpro.com/jobs/
Cranston,cranstonengineering,https://cranstonengineering.applicantpro.com/jobs/
Critical Solutions,criticalsolutionsit,https://criticalsolutionsit.applicantpro.com/jobs/
Crossview Care Center,crossviewhc,https://crossviewhc.applicantpro.com/jobs/
Claremont Retirement Village,crvillage,https://crvillage.applicantpro.com/jobs/
Crystal Stairs,crystalstairs,https://crystalstairs.applicantpro.com/jobs/
CS Beef Packers,csbeefpackers,https://csbeefpackers.applicantpro.com/jobs/
CSEngineering,csengineering,https://csengineering.applicantpro.com/jobs/
Council of State Governments,csg,https://csg.applicantpro.com/jobs/
Cyber Security Innovations,csinnovations,https://csinnovations.applicantpro.com/jobs/
Evolver Corporate,cssoperations,https://cssoperations.applicantpro.com/jobs/
"CST Mechanical, Inc.",cst,https://cst.applicantpro.com/jobs/
"C&S Vending, Inc.",csvending,https://csvending.applicantpro.com/jobs/
Career & Technology Center at Fort Osage,ctcfortosage,https://ctcfortosage.applicantpro.com/jobs/
Community Trust Credit Union,ctcu,https://ctcu.applicantpro.com/jobs/
Connecticut Green Bank,ctgreenbank,https://ctgreenbank.applicantpro.com/jobs/
"The Center for Family Services of Palm Beach County, Inc.",ctrfam,https://ctrfam.applicantpro.com/jobs/
"Concordia University, Chicago",cuchicago,https://cuchicago.applicantpro.com/jobs/
Credit Union Central of Manitoba,cucm,https://cucm.applicantpro.com/jobs/
Credit Union of Denver,cudenver,https://cudenver.applicantpro.com/jobs/
Cuisine Solutions,cuisinesolutionsandegs,https://cuisinesolutionsandegs.applicantpro.com/jobs/
Curtze Food Service,curtze,https://curtze.applicantpro.com/jobs/
Concordia University Wisconsin/Ann Arbor,cuw,https://cuw.applicantpro.com/jobs/
Colorado West Construction,cwc,https://cwc.applicantpro.com/jobs/
CWCapital,cwcapital,https://cwcapital.applicantpro.com/jobs/
C.W. Cummings Plumbing Co.,cwcummingsplumbing,https://cwcummingsplumbing.applicantpro.com/jobs/
Daemen University,daemen,https://daemen.applicantpro.com/jobs/
Daggett County,daggettcounty,https://daggettcounty.applicantpro.com/jobs/
Dakota Credit Union Association,dakcu,https://dakcu.applicantpro.com/jobs/
Daughters of the American Revolution,dar,https://dar.applicantpro.com/jobs/
Darling Ingredients Inc.,darlingii,https://darlingii.applicantpro.com/jobs/
Darling International Canada Inc.,darlingiica,https://darlingiica.applicantpro.com/jobs/
Dash Courier & Logistics,dashcourier,https://dashcourier.applicantpro.com/jobs/
Drug & Alcohol Testing Compliance Services,datcs,https://datcs.applicantpro.com/jobs/
Davenport Machine,davenportmachine,https://davenportmachine.applicantpro.com/jobs/
"Davidson Technologies, Inc.",davidsontech,https://davidsontech.applicantpro.com/jobs/
Davis County Government,daviscountyutah,https://daviscountyutah.applicantpro.com/jobs/
"DBA Construction, Inc.",dbaconstruction,https://dbaconstruction.applicantpro.com/jobs/
Davis Behavioral Health,dbhutah,https://dbhutah.applicantpro.com/jobs/
"Daniel B. Krieg, Inc.",dbkrieginc,https://dbkrieginc.applicantpro.com/jobs/
Directors Choice,dchoice,https://dchoice.applicantpro.com/jobs/
Destiny's Child Inc.,dci,https://dci.applicantpro.com/jobs/
Developmental Disabilities Resource Center,ddrcco,https://ddrcco.applicantpro.com/jobs/
Deanwood Rehabilitation and Wellness Center,deanwoodrwc,https://deanwoodrwc.applicantpro.com/jobs/
Deborah's Place,deborahsplace,https://deborahsplace.applicantpro.com/jobs/
"deciBel Research, Inc.",decibelresearch,https://decibelresearch.applicantpro.com/jobs/
DeepSight Technology,deepsightinc,https://deepsightinc.applicantpro.com/jobs/
DEFTEC Corporation,deftec,https://deftec.applicantpro.com/jobs/
Delaware Electric Cooperative,delawarecoop,https://delawarecoop.applicantpro.com/jobs/
"Denny's Electric, LLC",dennyselectricnd,https://dennyselectricnd.applicantpro.com/jobs/
Drs. Bradford & Catchings Inc.,dentafish,https://dentafish.applicantpro.com/jobs/
Dental Design of Arcadia,dentaldesignofarcadia,https://dentaldesignofarcadia.applicantpro.com/jobs/
DENTALEZ,dentalezinc,https://dentalezinc.applicantpro.com/jobs/
Deschutes Brewery,deschutesbrewery,https://deschutesbrewery.applicantpro.com/jobs/
"DESE Research, Inc.",deseresearch,https://deseresearch.applicantpro.com/jobs/
City of Des Moines Washington,desmoineswa,https://desmoineswa.applicantpro.com/jobs/
Detroit Regional Chamber,detroitchamber,https://detroitchamber.applicantpro.com/jobs/
"Deutsche Precision, LLC",deutscheprecision,https://deutscheprecision.applicantpro.com/jobs/
Duty First Consulting,dfc,https://dfc.applicantpro.com/jobs/
BetterButter,dfsgourmetspecialties,https://dfsgourmetspecialties.applicantpro.com/jobs/
"DHI Builds, Inc.",dhibuilds,https://dhibuilds.applicantpro.com/jobs/
Dibble Engineering,dibblecorp,https://dibblecorp.applicantpro.com/jobs/
Dieterich Bank,dieterichbank,https://dieterichbank.applicantpro.com/jobs/
Dietz Property Group,dietzpropertygroup,https://dietzpropertygroup.applicantpro.com/jobs/
R. DiFoggio & Sam Plumbing & Sewer,difoggioandsamplumbing,https://difoggioandsamplumbing.applicantpro.com/jobs/
DigitalOptometrics,digitaloptometrics,https://digitaloptometrics.applicantpro.com/jobs/
Goodwill Industries of the Inland Northwest,discovergoodwill,https://discovergoodwill.applicantpro.com/jobs/
Distinctive Living,distinctiveliv,https://distinctiveliv.applicantpro.com/jobs/
Dixie Technical College,dixietech,https://dixietech.applicantpro.com/jobs/
Deseret Mutual Benefit Administrators,dmba,https://dmba.applicantpro.com/jobs/
Delta Montrose Electric Association,dmea,https://dmea.applicantpro.com/jobs/
DMI Companies,dmicompanies,https://dmicompanies.applicantpro.com/jobs/
Alabama Department of Corrections,docalabama,https://docalabama.applicantpro.com/jobs/
Dogwood Canyon Nature Park,dogwoodcanyon,https://dogwoodcanyon.applicantpro.com/jobs/
DonorConnect,donorconnect,https://donorconnect.applicantpro.com/jobs/
Dorso's Automotive Repair,dorsosautomotiverepair,https://dorsosautomotiverepair.applicantpro.com/jobs/
Dow Credit Union,dowcreditunion,https://dowcreditunion.applicantpro.com/jobs/
DPL Financial Partners,dplfp,https://dplfp.applicantpro.com/jobs/
DPS Skis,dpsskis,https://dpsskis.applicantpro.com/jobs/
Dragonfly Pond Works,dragonflypondworks,https://dragonflypondworks.applicantpro.com/jobs/
"Draper, Inc.",draperinc,https://draperinc.applicantpro.com/jobs/
Delta Research Inc,drinc,https://drinc.applicantpro.com/jobs/
Carbliss,drinkcarbliss,https://drinkcarbliss.applicantpro.com/jobs/
Drive N-Motion,drivenmotion,https://drivenmotion.applicantpro.com/jobs/
Dry PaT,drypat,https://drypat.applicantpro.com/jobs/
"Design Systems, Inc.",dsidsc,https://dsidsc.applicantpro.com/jobs/
Dynamic Sealing Technologies (DSTI),dsti,https://dsti.applicantpro.com/jobs/
"Dayton T. Brown, Inc.",dtb,https://dtb.applicantpro.com/jobs/
Duchesne County,duchesne,https://duchesne.applicantpro.com/jobs/
Duit Construction,duitconstructionhire,https://duitconstructionhire.applicantpro.com/jobs/
DWC CPAs and Advisors,dwccpasandadvisors,https://dwccpasandadvisors.applicantpro.com/jobs/
"Development Workshop, Inc",dwinc,https://dwinc.applicantpro.com/jobs/
"Design West Technologies, Inc.",dwtusa,https://dwtusa.applicantpro.com/jobs/
DX Foundation,dxfoundation,https://dxfoundation.applicantpro.com/jobs/
Dynacast,dynacast,https://dynacast.applicantpro.com/jobs/
Dynamic Manufacturing,dynamic,https://dynamic.applicantpro.com/jobs/
Dynamic Dies,dynamicdies,https://dynamicdies.applicantpro.com/jobs/
Dynamic Integrated Services,dynamiciservices,https://dynamiciservices.applicantpro.com/jobs/
The EADS Group,eadsgroup,https://eadsgroup.applicantpro.com/jobs/
EAGLE Certification Group,eaglecertificationgroup,https://eaglecertificationgroup.applicantpro.com/jobs/
Eagle Construction,eagledesignbuild,https://eagledesignbuild.applicantpro.com/jobs/
Easterwood Airport,eam,https://eam.applicantpro.com/jobs/
EAPC,eapc,https://eapc.applicantpro.com/jobs/
Earthmover Credit Union,earthmovercreditunion,https://earthmovercreditunion.applicantpro.com/jobs/
Eastern Screw Company,easternscrew,https://easternscrew.applicantpro.com/jobs/
EasterSeals Greater Houston,eastersealshouston,https://eastersealshouston.applicantpro.com/jobs/
City of East Moline,eastmoline,https://eastmoline.applicantpro.com/jobs/
Easton Technical Products,eastontp,https://eastontp.applicantpro.com/jobs/
Eastside Animal Clinic,eastsideanimalclinic,https://eastsideanimalclinic.applicantpro.com/jobs/
Eastside Food Cooperative,eastsidefoodcoop,https://eastsidefoodcoop.applicantpro.com/jobs/
"East/West Industries, Inc.",eastwestindustries,https://eastwestindustries.applicantpro.com/jobs/
EBA Engineering,ebaengineering,https://ebaengineering.applicantpro.com/jobs/
East Baton Rouge Sheriff's Office,ebrso,https://ebrso.applicantpro.com/jobs/
Echelon Risk + Cyber,echeloncyber,https://echeloncyber.applicantpro.com/jobs/
Eaton County Health & Rehabilitation Services,echrshealth,https://echrshealth.applicantpro.com/jobs/
Edge Technologies,edgetechnologies,https://edgetechnologies.applicantpro.com/jobs/
Enterprise Electronics Corporation,eecweathertech,https://eecweathertech.applicantpro.com/jobs/
Enterprise Engineering Services,eesnet,https://eesnet.applicantpro.com/jobs/
"Eastern Idaho Community Action Partnership, Inc.",eicap,https://eicap.applicantpro.com/jobs/
"Lakeside Manufacturing, Inc",elakeside,https://elakeside.applicantpro.com/jobs/
Elandis,elandis,https://elandis.applicantpro.com/jobs/
The Executive Leadership Council,elcinfo,https://elcinfo.applicantpro.com/jobs/
Electric Power Systems,electricpowersystems,https://electricpowersystems.applicantpro.com/jobs/
El Encanto Restaurants,elencantorestaurants,https://elencantorestaurants.applicantpro.com/jobs/
Early Learning Essentials,eleutah,https://eleutah.applicantpro.com/jobs/
Elevate Credit Union,elevatecu,https://elevatecu.applicantpro.com/jobs/
ELITechGroup Inc.,elitechgroup,https://elitechgroup.applicantpro.com/jobs/
Elite Hospital Kingwood,elitekingwood,https://elitekingwood.applicantpro.com/jobs/
Elmer Chocolate,elmerchocolate,https://elmerchocolate.applicantpro.com/jobs/
Eagle Mountain City,emcity,https://emcity.applicantpro.com/jobs/
Enabled Intelligence,enabledintelligence,https://enabledintelligence.applicantpro.com/jobs/
Enablr Therapy,enablrtherapy,https://enablrtherapy.applicantpro.com/jobs/
Enclos,enclos,https://enclos.applicantpro.com/jobs/
Engelsma Homes,engelsmahomes,https://engelsmahomes.applicantpro.com/jobs/
"EngeniusMicro, LLC.",engeniusmicro,https://engeniusmicro.applicantpro.com/jobs/
"ENSTAR Natural Gas Company, LLC",enstarnaturalgas,https://enstarnaturalgas.applicantpro.com/jobs/
Envelop Group,envelopgroup,https://envelopgroup.applicantpro.com/jobs/
Enwin Utilities,enwin,https://enwin.applicantpro.com/jobs/
"EOS Defense Systems USA, Inc",eosdsusa,https://eosdsusa.applicantpro.com/jobs/
"Environmental Quality Management, Inc.",eqm,https://eqm.applicantpro.com/jobs/
"Ergon, Inc",ergon,https://ergon.applicantpro.com/jobs/
"Ergon Asphalt and Emulsions, Inc",ergoncareers,https://ergoncareers.applicantpro.com/jobs/
Ergon Construction Group,ergoncg,https://ergoncg.applicantpro.com/jobs/
"Ergon, Inc - Refining & Marketing",ergonrefining,https://ergonrefining.applicantpro.com/jobs/
Educational Systems Federal Credit Union,esfcu,https://esfcu.applicantpro.com/jobs/
"ENGINEERING SERVICES NETWORK, Inc.",esncc,https://esncc.applicantpro.com/jobs/
East Texas Council of Governments,etcog,https://etcog.applicantpro.com/jobs/
Ethos Risk Services,ethosrisk,https://ethosrisk.applicantpro.com/jobs/
ETTA,etta,https://etta.applicantpro.com/jobs/
EVCO Plastics,evcoplastics,https://evcoplastics.applicantpro.com/jobs/
EverGRO,evergrofs,https://evergrofs.applicantpro.com/jobs/
Everport Terminal Services,everportterminals,https://everportterminals.applicantpro.com/jobs/
Evolver Commercial,evolver,https://evolver.applicantpro.com/jobs/
Evolver Federal,evolverinc,https://evolverinc.applicantpro.com/jobs/
Avardis Health,exploreourcareeropportunities,https://exploreourcareeropportunities.applicantpro.com/jobs/
Express Trucking Group,expresstruckinggroup,https://expresstruckinggroup.applicantpro.com/jobs/
Fabric Guru,fabricguru,https://fabricguru.applicantpro.com/jobs/
Fabrifast,fabrifast,https://fabrifast.applicantpro.com/jobs/
Fairbanks Scales,fairbanks,https://fairbanks.applicantpro.com/jobs/
City of Fair Oaks Ranch,fairoaksranchtx,https://fairoaksranchtx.applicantpro.com/jobs/
Florida Atlantic Ironworks,faironworks,https://faironworks.applicantpro.com/jobs/
The Fairways At Naples,fairwaysatnaples,https://fairwaysatnaples.applicantpro.com/jobs/
Family HealthCare,famhealthcare,https://famhealthcare.applicantpro.com/jobs/
Family Building Blocks,familybuildingblocks,https://familybuildingblocks.applicantpro.com/jobs/
"Family Central, Inc.",familycentral,https://familycentral.applicantpro.com/jobs/
FAMILY FIRST COMPANION CARE,familyfirstcompanioncare,https://familyfirstcompanioncare.applicantpro.com/jobs/
Family Services of Northeast Wisconsin Inc.,familyservicesnew,https://familyservicesnew.applicantpro.com/jobs/
Far Bank Enterprises,farbank,https://farbank.applicantpro.com/jobs/
Future Auto Sales,fas4cars,https://fas4cars.applicantpro.com/jobs/
Fathom Plumbing Solutions,fathomplumbingsolutions,https://fathomplumbingsolutions.applicantpro.com/jobs/
The Florence Crittenton Agency,fcaknox,https://fcaknox.applicantpro.com/jobs/
"First Continental Mortgage, Ltd",fcmchou,https://fcmchou.applicantpro.com/jobs/
Foundation for Defense of Democracies,fdd,https://fdd.applicantpro.com/jobs/
Fedtech,fedtech,https://fedtech.applicantpro.com/jobs/
Feline Veterinary Medical Center,felinevetmed,https://felinevetmed.applicantpro.com/jobs/
Fenton Family Dealerships,fentondealerships,https://fentondealerships.applicantpro.com/jobs/
FEUER-USA,feuerusa,https://feuerusa.applicantpro.com/jobs/
Firefighters Community Credit Union,ffcommunity,https://ffcommunity.applicantpro.com/jobs/
First Financial Credit Union,ffcujobs,https://ffcujobs.applicantpro.com/jobs/
FFP Management LLC,ffpmanagement,https://ffpmanagement.applicantpro.com/jobs/
Fight Negligence,fightnegligence,https://fightnegligence.applicantpro.com/jobs/
"Fiorilli Construction, Inc.",fiocon,https://fiocon.applicantpro.com/jobs/
Fir Lane Care,firlanecare,https://firlanecare.applicantpro.com/jobs/
First Chicago Insurance Company (FCIC),firstchicagoinsurance,https://firstchicagoinsurance.applicantpro.com/jobs/
First City Credit Union,firstcitycu,https://firstcitycu.applicantpro.com/jobs/
First Commerce Credit Union,firstcommercecu,https://firstcommercecu.applicantpro.com/jobs/
First Electric Cooperative,firstelectric,https://firstelectric.applicantpro.com/jobs/
First Northern Credit Union,firstnortherncu,https://firstnortherncu.applicantpro.com/jobs/
First Onsite - CA,firstonsiteca,https://firstonsiteca.applicantpro.com/jobs/
First Onsite - US,firstonsiteus,https://firstonsiteus.applicantpro.com/jobs/
First Step House,firststephouse,https://firststephouse.applicantpro.com/jobs/
Fisher Industries,fisher,https://fisher.applicantpro.com/jobs/
Fitzsimons Credit Union,fitzsimonscu,https://fitzsimonscu.applicantpro.com/jobs/
Five-S Group,fivesgroup,https://fivesgroup.applicantpro.com/jobs/
Flagstaff Collision Center,flagstaffcollision,https://flagstaffcollision.applicantpro.com/jobs/
Fleet Repair Solutions,fleetrepairsolutions,https://fleetrepairsolutions.applicantpro.com/jobs/
"Flight Services International, LLC",flightservicesint,https://flightservicesint.applicantpro.com/jobs/
Flint Logistics LLC,flintlogistics,https://flintlogistics.applicantpro.com/jobs/
"Flippo Construction Company, Inc",flippo,https://flippo.applicantpro.com/jobs/
Floorplan Xpress,floorplanxpress,https://floorplanxpress.applicantpro.com/jobs/
Florida Keys Electric Cooperative,floridakeyselectriccooperative,https://floridakeyselectriccooperative.applicantpro.com/jobs/
*Floyds 99 Barbershop,floyds99,https://floyds99.applicantpro.com/jobs/
Floyds 99 Barbershop - Alexandria - King Street,floyds99alexandriakingstreet,https://floyds99alexandriakingstreet.applicantpro.com/jobs/
Floyds 99 Barbershop - Annapolis,floyds99annapolis,https://floyds99annapolis.applicantpro.com/jobs/
Floyds 99 Barbershop - Ashburn - Belmont Chase,floyds99ashburnbelmontchase,https://floyds99ashburnbelmontchase.applicantpro.com/jobs/
Floyds 99 Barbershop - Aurora - Smoky Hill,floyds99aurorasmokyhill,https://floyds99aurorasmokyhill.applicantpro.com/jobs/
Floyds 99 Barbershop - Austin - Lamar,floyds99austinlamar,https://floyds99austinlamar.applicantpro.com/jobs/
Floyds 99 Barbershop - Austin - Mueller,floyds99austinmueller,https://floyds99austinmueller.applicantpro.com/jobs/
Floyds 99 Barbershop - Brewers Hill,floyds99brewershill,https://floyds99brewershill.applicantpro.com/jobs/
Floyds 99 Barbershop - Centennial - Southglenn,floyds99centennialsouthglenn,https://floyds99centennialsouthglenn.applicantpro.com/jobs/
Floyds 99 Barbershop - Chanhassen,floyds99chanhassen,https://floyds99chanhassen.applicantpro.com/jobs/
Floyds 99 Barbershop - Chicago - Lincoln Park,floyds99chicagolincolnpark,https://floyds99chicagolincolnpark.applicantpro.com/jobs/
Floyds 99 Barbershop - Colorado Springs - North Academy,floyds99coloradospringsnorthacademy,https://floyds99coloradospringsnorthacademy.applicantpro.com/jobs/
Floyds 99 Barbershop - Columbia,floyds99columbia,https://floyds99columbia.applicantpro.com/jobs/
Floyds 99 Barbershop - Dallas - Inwood,floyds99dallasinwood,https://floyds99dallasinwood.applicantpro.com/jobs/
Floyds 99 Barbershop - Dallas - Mockingbird,floyds99dallasmockingbird,https://floyds99dallasmockingbird.applicantpro.com/jobs/
Floyds 99 Barbershop - Denver - Broadway,floyds99denverbroadway,https://floyds99denverbroadway.applicantpro.com/jobs/
Floyds 99 Barbershop - Denver University,floyds99denveruniversity,https://floyds99denveruniversity.applicantpro.com/jobs/
Floyds 99 Barbershop - Evanston,floyds99evanston,https://floyds99evanston.applicantpro.com/jobs/
Floyds 99 Barbershop - Fairfax - Mosaic,floyds99fairfaxmosaic,https://floyds99fairfaxmosaic.applicantpro.com/jobs/
Floyds 99 Barbershop - Fort Worth - Alliance,floyds99fortworthalliance,https://floyds99fortworthalliance.applicantpro.com/jobs/
Floyds 99 Barbershop - Highlands Ranch  -Town Center,floyds99highlandsranchtowncenter,https://floyds99highlandsranchtowncenter.applicantpro.com/jobs/
Floyds 99 Barbershop - Irvine,floyds99irvine,https://floyds99irvine.applicantpro.com/jobs/
Floyds 99 Barbershop - Johnstown - Loveland,floyds99johnstonloveland,https://floyds99johnstonloveland.applicantpro.com/jobs/
Floyds 99 Barbershop - Kyle,floyds99kyle,https://floyds99kyle.applicantpro.com/jobs/
Floyds 99 Barbershop - Lakewood,floyds99lakewood,https://floyds99lakewood.applicantpro.com/jobs/
Floyds 99 Barbershop - Las Vegas - Rainbow Commons,floyds99lasvegasrainbowcommons,https://floyds99lasvegasrainbowcommons.applicantpro.com/jobs/
Floyds 99 Barbershop - Lexington- The Venue,floyds99lexingtonthevenue,https://floyds99lexingtonthevenue.applicantpro.com/jobs/
Floyds 99 Barbershop - Long Beach,floyds99longbeach,https://floyds99longbeach.applicantpro.com/jobs/
Floyds 99 Barbershop - McKinney,floyds99mckinney,https://floyds99mckinney.applicantpro.com/jobs/
Floyds 99 Barbershop - Mt. Pleasant,floyds99mtpleasant,https://floyds99mtpleasant.applicantpro.com/jobs/
Floyds 99 Barbershop - Orlando - Hourglass,floyds99orlandohourglass,https://floyds99orlandohourglass.applicantpro.com/jobs/
Floyds 99 Barbershop - Owasso,floyds99owasso,https://floyds99owasso.applicantpro.com/jobs/
Floyds 99 Barbershop - Parker - Stonegate Crossing,floyds99parkerstonegatecrossing,https://floyds99parkerstonegatecrossing.applicantpro.com/jobs/
Floyds 99 Barbershop - Richardson,floyds99richardson,https://floyds99richardson.applicantpro.com/jobs/
Floyds 99 Barbershop - Round Rock,floyds99roundrock,https://floyds99roundrock.applicantpro.com/jobs/
Floyds 99 Barbershop - Westminster,floyds99westminster,https://floyds99westminster.applicantpro.com/jobs/
Floyds 99 Barbershop - Winter Park,floyds99winterpark,https://floyds99winterpark.applicantpro.com/jobs/
Floyds 99 Barbershop - Woburn,floyds99woburn,https://floyds99woburn.applicantpro.com/jobs/
Floyds 99 Barbershop - Woodland Hills,floyds99woodlandhills,https://floyds99woodlandhills.applicantpro.com/jobs/
Port of Huntsville,flyhuntsville,https://flyhuntsville.applicantpro.com/jobs/
Flynn O'Hara Uniforms,flynnohara,https://flynnohara.applicantpro.com/jobs/
Roanoke Regional Airport Commission,flyroa,https://flyroa.applicantpro.com/jobs/
Fly Trampoline Park Anchorage,flytrampolineparkanchorage,https://flytrampolineparkanchorage.applicantpro.com/jobs/
Fly Trampoline Park Fairbanks,flytrampolineparkfairbanks,https://flytrampolineparkfairbanks.applicantpro.com/jobs/
Fly Trampoline Park Wasilla,flytrampolineparkwasilla,https://flytrampolineparkwasilla.applicantpro.com/jobs/
City of Farmington,fmtn,https://fmtn.applicantpro.com/jobs/
F&M Trust,fmtrust,https://fmtrust.applicantpro.com/jobs/
Folkston Park Care & Rehab,folkstonnh,https://folkstonnh.applicantpro.com/jobs/
Forefront Electric,forefrontelectricllc,https://forefrontelectricllc.applicantpro.com/jobs/
Fort Brands,fortbrands,https://fortbrands.applicantpro.com/jobs/
Fortuna BMC,fortunabmc,https://fortunabmc.applicantpro.com/jobs/
Forty2,forty2,https://forty2.applicantpro.com/jobs/
Fourth Street Clinic,fourthstreetclinic,https://fourthstreetclinic.applicantpro.com/jobs/
Fox Run Automotive,foxrunautomotive,https://foxrunautomotive.applicantpro.com/jobs/
FRANKLIN GENERAL HOSPITAL,franklingeneral,https://franklingeneral.applicantpro.com/jobs/
Fraser Shipyards,frasershipyards,https://frasershipyards.applicantpro.com/jobs/
Freedom Outdoors & Armory,freedomarmory,https://freedomarmory.applicantpro.com/jobs/
Freedom Outfitters,freedomoutfitters,https://freedomoutfitters.applicantpro.com/jobs/
"City of Freeport, Texas",freeporttx,https://freeporttx.applicantpro.com/jobs/
Fresh Express,freshexpress,https://freshexpress.applicantpro.com/jobs/
Friedman Vartolo LLP,friedmanvartolo,https://friedmanvartolo.applicantpro.com/jobs/
Friendship Village Retirement Community,friendshipvillageiowa,https://friendshipvillageiowa.applicantpro.com/jobs/
Frolic Pet Services,frolicpetservices,https://frolicpetservices.applicantpro.com/jobs/
Full Bloom Memory Care,fullbloommemorycare,https://fullbloommemorycare.applicantpro.com/jobs/
Fusion Inc,fusioninc,https://fusioninc.applicantpro.com/jobs/
Fort Valley State University,fvsu,https://fvsu.applicantpro.com/jobs/
First Western Bank,fwbank,https://fwbank.applicantpro.com/jobs/
"Gallant Knight Limousine, Inc.",gallantknightusa,https://gallantknightusa.applicantpro.com/jobs/
GALT,galtaero,https://galtaero.applicantpro.com/jobs/
Galveston Island Park Board of Trustees,galvestonparkboard,https://galvestonparkboard.applicantpro.com/jobs/
Garden of the Gods Resort and Club,gardenofthegodsclub,https://gardenofthegodsclub.applicantpro.com/jobs/
The Garrett Group,garrettgp,https://garrettgp.applicantpro.com/jobs/
Georgia System Operations Corporation,gasoc,https://gasoc.applicantpro.com/jobs/
Gates Albert,gatesalbert,https://gatesalbert.applicantpro.com/jobs/
Gator Dredging,gatordredging,https://gatordredging.applicantpro.com/jobs/
Gator Transport Group,gatortransportgroup,https://gatortransportgroup.applicantpro.com/jobs/
Georgia Transmission Corporation,gatrans,https://gatrans.applicantpro.com/jobs/
Green Bay Oncology,gboncology,https://gboncology.applicantpro.com/jobs/
GC Associates USA,gcassociatesusa,https://gcassociatesusa.applicantpro.com/jobs/
Gulf Coast Electric Cooperative,gcec,https://gcec.applicantpro.com/jobs/
"GC Realty & Development, LLC",gcrealtyinc,https://gcrealtyinc.applicantpro.com/jobs/
"Geater Machining & Manufacturing, Co.",geater,https://geater.applicantpro.com/jobs/
"Genesee County, MI",geneseecountymi,https://geneseecountymi.applicantpro.com/jobs/
Genesis of Golden,genesisofgolden,https://genesisofgolden.applicantpro.com/jobs/
George T. Weldon Construction LLC,georgetweldonconstruction,https://georgetweldonconstruction.applicantpro.com/jobs/
Gerald's Tires & Brakes,geraldstires,https://geraldstires.applicantpro.com/jobs/
Germantown Tool & Manufacturing,germantowntool,https://germantowntool.applicantpro.com/jobs/
GHG Corporation,ghgcorp,https://ghgcorp.applicantpro.com/jobs/
Granger-Hunter Improvement District,ghid,https://ghid.applicantpro.com/jobs/
Giant Landscaping,giantlandscaping,https://giantlandscaping.applicantpro.com/jobs/
GI Associates,giassoc,https://giassoc.applicantpro.com/jobs/
Gibson Electric Membership Corporation,gibsoncoops,https://gibsoncoops.applicantpro.com/jobs/
"General Infomatics, Inc.",gisdvob,https://gisdvob.applicantpro.com/jobs/
Gjelina Group,gjelinagroup,https://gjelinagroup.applicantpro.com/jobs/
Glass City Federal Credit Union,glasscityfcu,https://glasscityfcu.applicantpro.com/jobs/
Glenwild,glenwild,https://glenwild.applicantpro.com/jobs/
Global Security and Communication,global4security,https://global4security.applicantpro.com/jobs/
Global Arts Live,globalartslive,https://globalartslive.applicantpro.com/jobs/
Global 1st Flagship,globalfirstflagship,https://globalfirstflagship.applicantpro.com/jobs/
Global Information Technology,globalinformation,https://globalinformation.applicantpro.com/jobs/
Global World Technology,globalworldtechnology,https://globalworldtechnology.applicantpro.com/jobs/
Globe Machine Manufacturing,globemachine,https://globemachine.applicantpro.com/jobs/
GloryBee Foods,glorybeefoods,https://glorybeefoods.applicantpro.com/jobs/
Glosten,glosten,https://glosten.applicantpro.com/jobs/
Great Lakes Wine and Spirits,glwas,https://glwas.applicantpro.com/jobs/
Advanced Computer Learning Company,goaclc,https://goaclc.applicantpro.com/jobs/
Charlottesville Albemarle Airport,gocho,https://gocho.applicantpro.com/jobs/
Connect Chiropractic,goconnectchiro,https://goconnectchiro.applicantpro.com/jobs/
JCM Associates,gojcm,https://gojcm.applicantpro.com/jobs/
Gold-Eagle Cooperative,goldeaglecoop,https://goldeaglecoop.applicantpro.com/jobs/
Goldminers Daughter Lodge,goldminersdaughterlodge,https://goldminersdaughterlodge.applicantpro.com/jobs/
Goodfellow Corporation,goodfellowcorp,https://goodfellowcorp.applicantpro.com/jobs/
Good Shepherd Centres,goodshepherdcentres,https://goodshepherdcentres.applicantpro.com/jobs/
Goodwill Industries of Akron,goodwillakron,https://goodwillakron.applicantpro.com/jobs/
Goodwill Industries of Gr. Cleveland & East Central Ohio,goodwillgoodskills,https://goodwillgoodskills.applicantpro.com/jobs/
Goodwill Industries of Southwest Florida,goodwillswfl,https://goodwillswfl.applicantpro.com/jobs/
Gormat,gormat,https://gormat.applicantpro.com/jobs/
"Gossner Foods, Inc.",gossner,https://gossner.applicantpro.com/jobs/
Governors Club,governorsclub,https://governorsclub.applicantpro.com/jobs/
Graham Partners,grahampartners,https://grahampartners.applicantpro.com/jobs/
Grand Design RV,granddesignrv,https://granddesignrv.applicantpro.com/jobs/
Grand Tradition,grandtradition,https://grandtradition.applicantpro.com/jobs/
Granger Medical,grangermedical,https://grangermedical.applicantpro.com/jobs/
Granite Credit Union,granite,https://granite.applicantpro.com/jobs/
Granite County Medical Center,granitecountyhospital,https://granitecountyhospital.applicantpro.com/jobs/
Grayhill Inc.,grayhill,https://grayhill.applicantpro.com/jobs/
Great Canadian Roofing & Siding,greatcanadian,https://greatcanadian.applicantpro.com/jobs/
"Great Oaks Landscape Associates, Inc.",greatoakslandscape,https://greatoakslandscape.applicantpro.com/jobs/
Green Mountain Power,greenmountainpower,https://greenmountainpower.applicantpro.com/jobs/
Greensboro Country Club,greensborocc,https://greensborocc.applicantpro.com/jobs/
Greenville Water,greenvillewater,https://greenvillewater.applicantpro.com/jobs/
Greenwood Credit Union,greenwoodcu,https://greenwoodcu.applicantpro.com/jobs/
Greystone Properties,greystoneproperties,https://greystoneproperties.applicantpro.com/jobs/
GRI,gri,https://gri.applicantpro.com/jobs/
Griffon Aerospace,griffonaerospace,https://griffonaerospace.applicantpro.com/jobs/
GroundSystems,groundsystems,https://groundsystems.applicantpro.com/jobs/
Group One Trading,group1,https://group1.applicantpro.com/jobs/
"GRW Engineers, Inc.",grwinc,https://grwinc.applicantpro.com/jobs/
Girl Scouts of Southeast Florida,gssef,https://gssef.applicantpro.com/jobs/
"Good Shepherd Services, Ltd.",gssltd,https://gssltd.applicantpro.com/jobs/
"Greater Springfield Senior Services, Inc. (GSSSI)",gsssi,https://gsssi.applicantpro.com/jobs/
Greater Sacramento Urban League,gsul,https://gsul.applicantpro.com/jobs/
"General Technologies, Inc.",gtiusa,https://gtiusa.applicantpro.com/jobs/
Great Lakes Energy,gtlakes,https://gtlakes.applicantpro.com/jobs/
Golden Valley Electric Association,gvea,https://gvea.applicantpro.com/jobs/
Habitat America,habitatamerica,https://habitatamerica.applicantpro.com/jobs/
Housing Authority of The City of Austin,hacanet,https://hacanet.applicantpro.com/jobs/
Haltom City,haltomcitytx,https://haltomcitytx.applicantpro.com/jobs/
Hammock Dunes Club,hammockdunesclub,https://hammockdunesclub.applicantpro.com/jobs/
"Hanover Iron Works, Inc.",hanoveriron,https://hanoveriron.applicantpro.com/jobs/
Happy Tails Daycare & Pet Resort,happytailsdaycareandpetresort,https://happytailsdaycareandpetresort.applicantpro.com/jobs/
Harney District Hospital,harneydh,https://harneydh.applicantpro.com/jobs/
HARP Home Services,harpmech,https://harpmech.applicantpro.com/jobs/
Harrington Bottling Company,harringtonbottlingcompany,https://harringtonbottlingcompany.applicantpro.com/jobs/
Harvard Bioscience,harvardbioscience,https://harvardbioscience.applicantpro.com/jobs/
Hawley Senior Living,hawleyseniorliving,https://hawleyseniorliving.applicantpro.com/jobs/
Haywood EMC,haywoodemc,https://haywoodemc.applicantpro.com/jobs/
Hazlehurst Court Care & Rehab,hazlehurstnh,https://hazlehurstnh.applicantpro.com/jobs/
HBW Construction,hbwconstruction,https://hbwconstruction.applicantpro.com/jobs/
Hill Country Community Action Association,hccaa,https://hccaa.applicantpro.com/jobs/
Hillis-Carnes,hcea,https://hcea.applicantpro.com/jobs/
Harrison County Hospital,hchin,https://hchin.applicantpro.com/jobs/
Hamilton County Sheriff's Office,hcso,https://hcso.applicantpro.com/jobs/
Hamilton County Special Deputies,hcsospecialdeputies,https://hcsospecialdeputies.applicantpro.com/jobs/
Heartland Credit Union (Kansas),hcu,https://hcu.applicantpro.com/jobs/
HDL Engineering Consultants,hdlalaska,https://hdlalaska.applicantpro.com/jobs/
Youable Emotional Health,headway,https://headway.applicantpro.com/jobs/
Healthcare Network,healthcareswfl,https://healthcareswfl.applicantpro.com/jobs/
Healthcentric Advisors,healthcentricadvisors,https://healthcentricadvisors.applicantpro.com/jobs/
Heartland Credit Union IL,heartlandcu,https://heartlandcu.applicantpro.com/jobs/
Heber City,heberut,https://heberut.applicantpro.com/jobs/
Helget Gas Products,helgetgas,https://helgetgas.applicantpro.com/jobs/
Helget Home Care,helgetinc,https://helgetinc.applicantpro.com/jobs/
HemaSource,hemasource,https://hemasource.applicantpro.com/jobs/
Heritage Truck Equipment,heritagetruck,https://heritagetruck.applicantpro.com/jobs/
HERMLE USA,hermleusa,https://hermleusa.applicantpro.com/jobs/
HERTRICH Family of Automobile Dealerships,hertrichs,https://hertrichs.applicantpro.com/jobs/
Hope for Youth,hfyny,https://hfyny.applicantpro.com/jobs/
HHRI,hhri,https://hhri.applicantpro.com/jobs/
Hidden Valley Assisted Living and Memory Care,hiddenvalley,https://hiddenvalley.applicantpro.com/jobs/
Highland Roofing Company,highlandroofingcompany,https://highlandroofingcompany.applicantpro.com/jobs/
Highland City,highlandut,https://highlandut.applicantpro.com/jobs/
Hills Bank,hillsbank,https://hillsbank.applicantpro.com/jobs/
HJC Farms,hjcfarms,https://hjcfarms.applicantpro.com/jobs/
"Hampton, Lenzini and Renwick, Inc.",hlrengineering,https://hlrengineering.applicantpro.com/jobs/
Hampton-Newport News Community Services Board,hnncsb,https://hnncsb.applicantpro.com/jobs/
Hoffman Layout & Modeling,hoffmanlayoutmodeling,https://hoffmanlayoutmodeling.applicantpro.com/jobs/
"Leo A. Hoffmann Center, Inc",hoffmanncenter,https://hoffmanncenter.applicantpro.com/jobs/
Hoffman Specialty Contracting,hoffmanspecialty,https://hoffmanspecialty.applicantpro.com/jobs/
"Hoffman Steel Services, Inc.",hoffmansteel,https://hoffmansteel.applicantpro.com/jobs/
Hoffman Structures,hoffmanstructures,https://hoffmanstructures.applicantpro.com/jobs/
Hohl Industrial Services Inc,hohlind,https://hohlind.applicantpro.com/jobs/
Holiday Oil,holidayoil,https://holidayoil.applicantpro.com/jobs/
Holly Ridge Center,hollyridge,https://hollyridge.applicantpro.com/jobs/
"City of Holly Springs, Georgia",hollyspringsga,https://hollyspringsga.applicantpro.com/jobs/
"Congregation of Holy Cross, US Province",holycrossusa,https://holycrossusa.applicantpro.com/jobs/
Homeless Solutions,homelesssolutions,https://homelesssolutions.applicantpro.com/jobs/
Homer Electric Association,homerelectric,https://homerelectric.applicantpro.com/jobs/
Hooker Creek,hookercreek,https://hookercreek.applicantpro.com/jobs/
HopeLink Behavioral Health,hopelink,https://hopelink.applicantpro.com/jobs/
Horberg Industries Inc,horberg,https://horberg.applicantpro.com/jobs/
Horizon Investments,horizoninvestments,https://horizoninvestments.applicantpro.com/jobs/
Horizon Retail Construction,horizonretail,https://horizonretail.applicantpro.com/jobs/
Horizon Services,horizonservices,https://horizonservices.applicantpro.com/jobs/
Horry Electric,horryelectric,https://horryelectric.applicantpro.com/jobs/
Horst Group,horstgroup,https://horstgroup.applicantpro.com/jobs/
Horton Grand Hotel,hortongrand,https://hortongrand.applicantpro.com/jobs/
Hospice Buffalo,hospicebuffalojobs,https://hospicebuffalojobs.applicantpro.com/jobs/
Hospice of Santa Cruz County,hospicesantacruz,https://hospicesantacruz.applicantpro.com/jobs/
Hotze Health and Wellness Center,hotzehwc,https://hotzehwc.applicantpro.com/jobs/
Housley Communications,housleygroup,https://housleygroup.applicantpro.com/jobs/
HPM Building Supply,hpmhawaii,https://hpmhawaii.applicantpro.com/jobs/
The Henry & Rilla White Foundation,hrwhitejobs,https://hrwhitejobs.applicantpro.com/jobs/
Harrison Steel Castings Co.,hscast,https://hscast.applicantpro.com/jobs/
Humane Society Pikes Peak Region,hsppr,https://hsppr.applicantpro.com/jobs/
HudsonAlpha Institute for Biotechnology,hudsonalpha,https://hudsonalpha.applicantpro.com/jobs/
Huey Magoos,hueymagoos,https://hueymagoos.applicantpro.com/jobs/
Hughes Exterminators,hughesexterminators,https://hughesexterminators.applicantpro.com/jobs/
Hughes General Contractors,hughesgc,https://hughesgc.applicantpro.com/jobs/
Hughes Marino,hughesmarino,https://hughesmarino.applicantpro.com/jobs/
Human Capital Education,humancapital,https://humancapital.applicantpro.com/jobs/
Human Touch Home Health Care,humantouchhomecare,https://humantouchhomecare.applicantpro.com/jobs/
Hunter Wellness Center,huntercwc,https://huntercwc.applicantpro.com/jobs/
Hurley & David,hurleyanddavid,https://hurleyanddavid.applicantpro.com/jobs/
City of Hutchinson,hutchgov,https://hutchgov.applicantpro.com/jobs/
Hutchinson,hutchinson,https://hutchinson.applicantpro.com/jobs/
HVAC Company,hvaccompany,https://hvaccompany.applicantpro.com/jobs/
Haywood Vocational Opportunities Inc.,hvoinc,https://hvoinc.applicantpro.com/jobs/
Hyde Park Day School,hydeparkday,https://hydeparkday.applicantpro.com/jobs/
Hydromat,hydromat,https://hydromat.applicantpro.com/jobs/
Hyperion Biotechnology,hyperionbiotechnology,https://hyperionbiotechnology.applicantpro.com/jobs/
Hyrum City,hyrumcity,https://hyrumcity.applicantpro.com/jobs/
Peoples Bank,ibankpeoples,https://ibankpeoples.applicantpro.com/jobs/
The Institute for Basic Research,ibr,https://ibr.applicantpro.com/jobs/
I.C.E Contractors,icecontractors,https://icecontractors.applicantpro.com/jobs/
Iconic Construction LLC,iconicstl,https://iconicstl.applicantpro.com/jobs/
Illinois Credit Union League,iculeague,https://iculeague.applicantpro.com/jobs/
Ideal Restoration,idealsf,https://idealsf.applicantpro.com/jobs/
IEW Construction Group,iewconstructiongroup,https://iewconstructiongroup.applicantpro.com/jobs/
Intermountain Farmers Association (IFA),ifacoop,https://ifacoop.applicantpro.com/jobs/
"International Friendships, Inc.",ifipartners,https://ifipartners.applicantpro.com/jobs/
IHG Mechanical,ihgmechanical,https://ihgmechanical.applicantpro.com/jobs/
Dakota Slims - Slim Chickens,iloveslimchickens,https://iloveslimchickens.applicantpro.com/jobs/
Taco Johns - Preferred Restaurant Group,ilovetacojohns,https://ilovetacojohns.applicantpro.com/jobs/
Imperial Beverage,imperialbeverage,https://imperialbeverage.applicantpro.com/jobs/
Improvizations,improvizations,https://improvizations.applicantpro.com/jobs/
IMSAR,imsar,https://imsar.applicantpro.com/jobs/
Inclusive Development International,inclusivedevelopment,https://inclusivedevelopment.applicantpro.com/jobs/
Independence Painting Co.,independencepaintingco,https://independencepaintingco.applicantpro.com/jobs/
Independent Auto and Diesel Repair,independentautoanddieselrepair,https://independentautoanddieselrepair.applicantpro.com/jobs/
Independent Sector,independentsector,https://independentsector.applicantpro.com/jobs/
Indianapolis Zoo,indianapoliszoo,https://indianapoliszoo.applicantpro.com/jobs/
City of Indianola,indianolaiowa,https://indianolaiowa.applicantpro.com/jobs/
Indian Pueblo Cultural Center,indianpueblo,https://indianpueblo.applicantpro.com/jobs/
Individual Foodservice,individualfoodservice,https://individualfoodservice.applicantpro.com/jobs/
Independent Living Services,indliving,https://indliving.applicantpro.com/jobs/
Industrial Credit Union,industrialcu,https://industrialcu.applicantpro.com/jobs/
Indianapolis Christian School System,indycs,https://indycs.applicantpro.com/jobs/
Inn at the Presidio,innatthepresidio,https://innatthepresidio.applicantpro.com/jobs/
Innovative Construction,innovativeconstruction,https://innovativeconstruction.applicantpro.com/jobs/
Innvite Hospitality,innvitehospitality,https://innvitehospitality.applicantpro.com/jobs/
Inside Out Installation,insideoutinstallation,https://insideoutinstallation.applicantpro.com/jobs/
"Insource Services, Inc.",insourceservices,https://insourceservices.applicantpro.com/jobs/
Inspired Closets Pittsburgh LLC,inspiredclosetspittsburgh,https://inspiredclosetspittsburgh.applicantpro.com/jobs/
Inspired Living at Alpharetta,inspiredlivingalpharetta,https://inspiredlivingalpharetta.applicantpro.com/jobs/
Inspired Living at Bonita Springs,inspiredlivingbonitasprings,https://inspiredlivingbonitasprings.applicantpro.com/jobs/
Inspired Living at Hidden Lakes,inspiredlivinghiddenlakes,https://inspiredlivinghiddenlakes.applicantpro.com/jobs/
Inspired Living at Ivy Ridge,inspiredlivingivyridge,https://inspiredlivingivyridge.applicantpro.com/jobs/
Inspired Living at Kenner,inspiredlivingkenner,https://inspiredlivingkenner.applicantpro.com/jobs/
Inspired Living at Lakewood Ranch,inspiredlivinglakewoodranch,https://inspiredlivinglakewoodranch.applicantpro.com/jobs/
Inspired Living at Ocoee,inspiredlivingocoee,https://inspiredlivingocoee.applicantpro.com/jobs/
Inspired Living at Sun City Center,inspiredlivingsuncitycenter,https://inspiredlivingsuncitycenter.applicantpro.com/jobs/
Inspired Living at Tampa,inspiredlivingtampa,https://inspiredlivingtampa.applicantpro.com/jobs/
Inspire Rehabilitation and Health Center,inspirerhc,https://inspirerhc.applicantpro.com/jobs/
Inter-Lakes Community Action Partnership,interlakescap,https://interlakescap.applicantpro.com/jobs/
"Invictus International Consulting, LLC",invictusic,https://invictusic.applicantpro.com/jobs/
KRI,ionsources,https://ionsources.applicantpro.com/jobs/
Ion Storage Systems,ionstoragesystems,https://ionstoragesystems.applicantpro.com/jobs/
Iowa Community Action Association - West Central Community Action,iowacommunityaction,https://iowacommunityaction.applicantpro.com/jobs/
IRMI,irmicareers,https://irmicareers.applicantpro.com/jobs/
Iron County,ironcounty,https://ironcounty.applicantpro.com/jobs/
IRONWORKS WELDING INC.,ironworksweldinginc,https://ironworksweldinginc.applicantpro.com/jobs/
Irvin Simon Photographers,irvinsimon,https://irvinsimon.applicantpro.com/jobs/
"Isanti, LLC",isantillc,https://isantillc.applicantpro.com/jobs/
Isler CPA,islercpa,https://islercpa.applicantpro.com/jobs/
Industrial Technical Services,itssav,https://itssav.applicantpro.com/jobs/
Northwest Tri-county Intermediate Unit 5,iu5,https://iu5.applicantpro.com/jobs/
International Underwater Explorations,iuetech,https://iuetech.applicantpro.com/jobs/
Invest West Management,iwmrentals,https://iwmrentals.applicantpro.com/jobs/
Jackalope Jacks Plumbing,jackalopejacksplumbing,https://jackalopejacksplumbing.applicantpro.com/jobs/
JAGS Mechanical,jagsmechanical,https://jagsmechanical.applicantpro.com/jobs/
"JAT Restaurants, LLC - Taco Johns",jatrestaurants,https://jatrestaurants.applicantpro.com/jobs/
Jackson County Fire District 3,jcfd3,https://jcfd3.applicantpro.com/jobs/
JCREMC,jcremc,https://jcremc.applicantpro.com/jobs/
JD Machine,jdmachine,https://jdmachine.applicantpro.com/jobs/
Jefferson Healthcare,jeffersonhealthcare,https://jeffersonhealthcare.applicantpro.com/jobs/
Jeffrey Sand Company,jeffreysand,https://jeffreysand.applicantpro.com/jobs/
Jenkins Plumbing & Heating,jenkinsplumbingnh,https://jenkinsplumbingnh.applicantpro.com/jobs/
Jerry Seiner,jerryseiner,https://jerryseiner.applicantpro.com/jobs/
Jerry Seiner Casa Grande,jerryseinercasagrande,https://jerryseinercasagrande.applicantpro.com/jobs/
Jerry Seiner San Juan Capistrano,jerryseinerhonda,https://jerryseinerhonda.applicantpro.com/jobs/
Jerry Seiner Las Vegas,jerryseinerlasvegas,https://jerryseinerlasvegas.applicantpro.com/jobs/
Jerry Seiner North Salt Lake,jerryseinernorthsaltlake,https://jerryseinernorthsaltlake.applicantpro.com/jobs/
Jerry Seiner Salt Lake City,jerryseinerslc,https://jerryseinerslc.applicantpro.com/jobs/
Jerry Seiner South Jordan,jerryseinersouthjordan,https://jerryseinersouthjordan.applicantpro.com/jobs/
City of Jersey Village,jerseyvillagetx,https://jerseyvillagetx.applicantpro.com/jobs/
Jesse Engineering Co.,jesseengineering,https://jesseengineering.applicantpro.com/jobs/
JEWELS Therapy Clinic,jewelstherapy,https://jewelstherapy.applicantpro.com/jobs/
JGS Lifecare,jgslifecare,https://jgslifecare.applicantpro.com/jobs/
"Jiffy Lube - Mom N Pop Lube Shop, Inc.",jiffylubemnpl,https://jiffylubemnpl.applicantpro.com/jobs/
Johanson Technology,johansontechnology,https://johansontechnology.applicantpro.com/jobs/
John Knox Village of Florida,johnknoxvillage,https://johnknoxvillage.applicantpro.com/jobs/
City of Johns Creek,johnscreekga,https://johnscreekga.applicantpro.com/jobs/
Johnson College,johnson,https://johnson.applicantpro.com/jobs/
City of Johnson City,johnsoncitytn,https://johnsoncitytn.applicantpro.com/jobs/
Boulder Crest Foundation,joinbcr,https://joinbcr.applicantpro.com/jobs/
"Jonti-Craft, Inc.",jonticraft,https://jonticraft.applicantpro.com/jobs/
Joplin Concrete Company,joplinconcrete,https://joplinconcrete.applicantpro.com/jobs/
JPNDC Jamaica Plain Neighborhood Development Corporation,jpndc,https://jpndc.applicantpro.com/jobs/
JST,jstcorp,https://jstcorp.applicantpro.com/jobs/
"Just Solutions, Inc.",justinc,https://justinc.applicantpro.com/jobs/
Jordan Valley Water Conservancy District,jvwcd,https://jvwcd.applicantpro.com/jobs/
Kaiva Services,kaivaservices,https://kaivaservices.applicantpro.com/jobs/
Kaiva Tech,kaivatech,https://kaivatech.applicantpro.com/jobs/
Kaleidoscope,kaleidoscope4kids,https://kaleidoscope4kids.applicantpro.com/jobs/
Kamada,kamada,https://kamada.applicantpro.com/jobs/
Kanab City,kanabutah,https://kanabutah.applicantpro.com/jobs/
"Kansas Sand and Concrete, Inc.",kansassand,https://kansassand.applicantpro.com/jobs/
"Karmak, Inc.",karmak,https://karmak.applicantpro.com/jobs/
"Kasai North America, Inc",kasai,https://kasai.applicantpro.com/jobs/
Kaysville City,kaysvillecity,https://kaysvillecity.applicantpro.com/jobs/
Keeping Good Company,keepinggoodcompany,https://keepinggoodcompany.applicantpro.com/jobs/
Kenaitze Indian Tribe,kenaitze,https://kenaitze.applicantpro.com/jobs/
KERN HEATING & COOLING,kernheating,https://kernheating.applicantpro.com/jobs/
Keville Enterprises Inc.,keville,https://keville.applicantpro.com/jobs/
Kewadin Casinos,kewadin,https://kewadin.applicantpro.com/jobs/
Key Family of Companies,keybenefit,https://keybenefit.applicantpro.com/jobs/
Keys Dental Specialists,keysdentalspecialists,https://keysdentalspecialists.applicantpro.com/jobs/
Keys Federal Credit Union,keysfcu,https://keysfcu.applicantpro.com/jobs/
Keystone Shipping Co.,keyship,https://keyship.applicantpro.com/jobs/
KFC,kfcdesmond,https://kfcdesmond.applicantpro.com/jobs/
KHS&S Contractors,khss,https://khss.applicantpro.com/jobs/
Kids in Distress,kidinc,https://kidinc.applicantpro.com/jobs/
Kina'ole Foundation,kinaolefoundation,https://kinaolefoundation.applicantpro.com/jobs/
"King Machine, LLC",kingmachllc,https://kingmachllc.applicantpro.com/jobs/
Kinsey’s Inc,kinseysinc,https://kinseysinc.applicantpro.com/jobs/
Kinsley Properties,kinsleyproperties,https://kinsleyproperties.applicantpro.com/jobs/
Kirkhill Inc.,kirkhill,https://kirkhill.applicantpro.com/jobs/
Kleinschmidt Group,kleinschmidtgroup,https://kleinschmidtgroup.applicantpro.com/jobs/
Killdeer Mountain Manufacturing,kmmnet,https://kmmnet.applicantpro.com/jobs/
Kneaders,kneaders,https://kneaders.applicantpro.com/jobs/
"Knowledge, Education For Your Success",knowledgeandeducationforyoursuccess,https://knowledgeandeducationforyoursuccess.applicantpro.com/jobs/
KODA Technologies Inc.,kodatech,https://kodatech.applicantpro.com/jobs/
Kohler Credit Union,kohlercu,https://kohlercu.applicantpro.com/jobs/
Ko-Kwel Casino Resort Medford,kokwelresortmedford,https://kokwelresortmedford.applicantpro.com/jobs/
Ko-Kwel Casino Resort Coos Bay,kokwelresortscoosbay,https://kokwelresortscoosbay.applicantpro.com/jobs/
Kalihi Palama Health Center,kphc,https://kphc.applicantpro.com/jobs/
Kitsap Regional Library,krl,https://krl.applicantpro.com/jobs/
KS2 Technologies,ks2inc,https://ks2inc.applicantpro.com/jobs/
KTE Services,ktemedical,https://ktemedical.applicantpro.com/jobs/
KT Tape,kttape,https://kttape.applicantpro.com/jobs/
Kubat HealthCare,kubathealthcare,https://kubathealthcare.applicantpro.com/jobs/
Kuraray America,kuraray,https://kuraray.applicantpro.com/jobs/
Korean Women's Association,kwacares,https://kwacares.applicantpro.com/jobs/
"Kentucky College of Art and Design, Inc.",kycad,https://kycad.applicantpro.com/jobs/
LaCassa Plumbing,lacassaplumbing,https://lacassaplumbing.applicantpro.com/jobs/
"Lacks Enterprises, Inc.",lacksenterprises,https://lacksenterprises.applicantpro.com/jobs/
Louisiana Community Care,lacomcare,https://lacomcare.applicantpro.com/jobs/
LaCrosse Footwear,lacrossefootwear,https://lacrossefootwear.applicantpro.com/jobs/
Lake Assault Boats,lakeassault,https://lakeassault.applicantpro.com/jobs/
Lake Effect Chiropractic,lakeeffectchiro,https://lakeeffectchiro.applicantpro.com/jobs/
Lake Health District,lakehealthdistrict,https://lakehealthdistrict.applicantpro.com/jobs/
Lakeland University,lakeland,https://lakeland.applicantpro.com/jobs/
Lake County,lakemt,https://lakemt.applicantpro.com/jobs/
Lakeshirts,lakeshirts,https://lakeshirts.applicantpro.com/jobs/
Lakeview Rock,lakeviewproducts,https://lakeviewproducts.applicantpro.com/jobs/
Lavner Education,lavnercampsandprograms,https://lavnercampsandprograms.applicantpro.com/jobs/
Lawrence Lynch,lawrencelynch,https://lawrencelynch.applicantpro.com/jobs/
Layton City,laytoncity,https://laytoncity.applicantpro.com/jobs/
Tally In Home Care,lazarinhomecare,https://lazarinhomecare.applicantpro.com/jobs/
LBC Tank Terminals,lbctt,https://lbctt.applicantpro.com/jobs/
Lowell Community Charter Public School,lccps,https://lccps.applicantpro.com/jobs/
Lea County Electric Cooperative,lcecnet,https://lcecnet.applicantpro.com/jobs/
Lewis-Clark State College,lcsc,https://lcsc.applicantpro.com/jobs/
Legacy House of Centennial Hills,legacycentennialhills,https://legacycentennialhills.applicantpro.com/jobs/
Legacy Community Federal Credit Union,legacycreditunion,https://legacycreditunion.applicantpro.com/jobs/
Legacy Lifecare,legacylifecare,https://legacylifecare.applicantpro.com/jobs/
Legacy Retirement Residence of Mesa,legacymesa,https://legacymesa.applicantpro.com/jobs/
Legacy Village of Castle Pines,legacyvillageofcastlepines,https://legacyvillageofcastlepines.applicantpro.com/jobs/
Legacy Village of Provo,legacyvillageprovo,https://legacyvillageprovo.applicantpro.com/jobs/
Legacy Village of St. George,legacyvillagestgeorge,https://legacyvillagestgeorge.applicantpro.com/jobs/
Legal Intake Professionals,legalintake,https://legalintake.applicantpro.com/jobs/
Lehi City,lehiut,https://lehiut.applicantpro.com/jobs/
The Lemoine Company,lemoinecompany,https://lemoinecompany.applicantpro.com/jobs/
"Leo Tech, LLC",leotechusa,https://leotechusa.applicantpro.com/jobs/
Lesco Logistics,lescojobs,https://lescojobs.applicantpro.com/jobs/
Lexus of Nashville,lexusofnashville,https://lexusofnashville.applicantpro.com/jobs/
Lutheran Family Services Rocky Mountains,lfsrm,https://lfsrm.applicantpro.com/jobs/
Liberty ARC,libertyarc,https://libertyarc.applicantpro.com/jobs/
Liberty Food Service,libertyfoodservice,https://libertyfoodservice.applicantpro.com/jobs/
Liberty Moving & Storage Inc.,libertymoving,https://libertymoving.applicantpro.com/jobs/
Librium Group,libriumgroup,https://libriumgroup.applicantpro.com/jobs/
Life After Notre Dame,lifeafternotredame,https://lifeafternotredame.applicantpro.com/jobs/
Lift Bridge Brewery,liftbridgebrewery,https://liftbridgebrewery.applicantpro.com/jobs/
LightRx,lightrx,https://lightrx.applicantpro.com/jobs/
"Limitless Possibilities, LLC",limitlesspossibilitiesllc,https://limitlesspossibilitiesllc.applicantpro.com/jobs/
Premiere #1 Limousine Service,limojobsnow,https://limojobsnow.applicantpro.com/jobs/
Lindon City,lindoncity,https://lindoncity.applicantpro.com/jobs/
Sir-Lines-A-Lot – Line Striping Company,linesalot,https://linesalot.applicantpro.com/jobs/
Litehouse,litehouseinccareers,https://litehouseinccareers.applicantpro.com/jobs/
Literacy Coalition of Palm Beach County,literacypbc,https://literacypbc.applicantpro.com/jobs/
Live Star Home Care,livestarhomecare,https://livestarhomecare.applicantpro.com/jobs/
LJ Inc.,ljinc,https://ljinc.applicantpro.com/jobs/
LoanMart,loanmart,https://loanmart.applicantpro.com/jobs/
Lobel Financial,lobelfinancial,https://lobelfinancial.applicantpro.com/jobs/
LOC Credit Union,loccreditunion,https://loccreditunion.applicantpro.com/jobs/
The Lodge At Old Trail,lodgeatoldtrail,https://lodgeatoldtrail.applicantpro.com/jobs/
Lodging Dynamics,lodgingdynamics,https://lodgingdynamics.applicantpro.com/jobs/
City of Logan,loganutah,https://loganutah.applicantpro.com/jobs/
"LogZone, Inc.",logzoneinc,https://logzoneinc.applicantpro.com/jobs/
Preferred Professional Plumbing,lombardemergencyplumberservices,https://lombardemergencyplumberservices.applicantpro.com/jobs/
Lone Star Instrumentation & Electric Corporation,lonestarcorporation,https://lonestarcorporation.applicantpro.com/jobs/
Lone Star Materials,lonestarmaterials,https://lonestarmaterials.applicantpro.com/jobs/
Lone Star Paving,lonestarpavingtx,https://lonestarpavingtx.applicantpro.com/jobs/
Lords Chimney,lordschimney,https://lordschimney.applicantpro.com/jobs/
Lowe Plumbing Service,loweplumbingservice,https://loweplumbingservice.applicantpro.com/jobs/
Lucky's Iron Door Roadhouse,luckysirondoor,https://luckysirondoor.applicantpro.com/jobs/
Lumenis,lumenis,https://lumenis.applicantpro.com/jobs/
"LVATP, LLC.",lvatp,https://lvatp.applicantpro.com/jobs/
LVC Companies,lvcinc,https://lvcinc.applicantpro.com/jobs/
Leisure World of Maryland,lwmc,https://lwmc.applicantpro.com/jobs/
Learning Without Tears,lwtears,https://lwtears.applicantpro.com/jobs/
Lynn Electric,lynnelectric,https://lynnelectric.applicantpro.com/jobs/
"Lynntech, Inc.",lynntech,https://lynntech.applicantpro.com/jobs/
LYT,lyt,https://lyt.applicantpro.com/jobs/
Mach 1 Stores,mach1stores,https://mach1stores.applicantpro.com/jobs/
MacKay Manufacturing,mackaymfg,https://mackaymfg.applicantpro.com/jobs/
Macklyn Home Care,macklynhomecare,https://macklynhomecare.applicantpro.com/jobs/
Mack Studios,mackstudios,https://mackstudios.applicantpro.com/jobs/
Mactac North America,mactac,https://mactac.applicantpro.com/jobs/
Madison Regional Health System,madisonregionalhealth,https://madisonregionalhealth.applicantpro.com/jobs/
Magnolia Marine Transport,magnoliamarine,https://magnoliamarine.applicantpro.com/jobs/
Magnum Piering,magnumpiering,https://magnumpiering.applicantpro.com/jobs/
MAG USA Inc.,magusainc,https://magusainc.applicantpro.com/jobs/
Mahoney | CPAs and Advisors,mahoneycpa,https://mahoneycpa.applicantpro.com/jobs/
Mid America Health,mahweb,https://mahweb.applicantpro.com/jobs/
Main Industries,mainindustries,https://mainindustries.applicantpro.com/jobs/
Mainstream Engineering,mainstreamengr,https://mainstreamengr.applicantpro.com/jobs/
"Maney Gordon Zeller, PA",maneygordon,https://maneygordon.applicantpro.com/jobs/
MAP,mapcommunications,https://mapcommunications.applicantpro.com/jobs/
Maplewood Manor,maplewoodmanor,https://maplewoodmanor.applicantpro.com/jobs/
City of Marble Falls,marblefallstx,https://marblefallstx.applicantpro.com/jobs/
Marin Montessori School,marinmontessori,https://marinmontessori.applicantpro.com/jobs/
Marous Brothers Construction,marousbrothers,https://marousbrothers.applicantpro.com/jobs/
Martin Construction Inc.,martinconstructionnd,https://martinconstructionnd.applicantpro.com/jobs/
MartinFed,martinfed,https://martinfed.applicantpro.com/jobs/
Martin's Snacks,martinschips,https://martinschips.applicantpro.com/jobs/
Mash Mechanical Inc,mashmechanical,https://mashmechanical.applicantpro.com/jobs/
Massachusetts League of Community Health Centers,massleague,https://massleague.applicantpro.com/jobs/
Matern Professional Engineering,matern,https://matern.applicantpro.com/jobs/
Matric Limited,matric,https://matric.applicantpro.com/jobs/
"Matrix Research, Inc.",matrixresearch,https://matrixresearch.applicantpro.com/jobs/
Maui Humane Society,mauihumanesociety,https://mauihumanesociety.applicantpro.com/jobs/
Maxed Out Trucks,maxedouttrucks,https://maxedouttrucks.applicantpro.com/jobs/
Max Health,maxhealth,https://maxhealth.applicantpro.com/jobs/
Maxx Fitness Clubs,maxxfitnessclubs,https://maxxfitnessclubs.applicantpro.com/jobs/
MbSolutions Inc,mbsolutionsinc,https://mbsolutionsinc.applicantpro.com/jobs/
"City of McAllen, TX",mcallen,https://mcallen.applicantpro.com/jobs/
McHenry County Conservation District,mccdistrict,https://mccdistrict.applicantpro.com/jobs/
McDonald & Eudy Printers,mcdonaldeudy,https://mcdonaldeudy.applicantpro.com/jobs/
McGeorge Contracting,mcgeorgecontracting,https://mcgeorgecontracting.applicantpro.com/jobs/
Montgomery County Green Bank,mcgreenbank,https://mcgreenbank.applicantpro.com/jobs/
The McKee Group,mckeegroup,https://mckeegroup.applicantpro.com/jobs/
McKenzie Electric Cooperative,mckenzieelectric,https://mckenzieelectric.applicantpro.com/jobs/
McKinnon's Market & Super Butcher Shop,mckinnonsmarkets,https://mckinnonsmarkets.applicantpro.com/jobs/
"McManis & Monsalve Associates, Inc.",mcmanismonsalve,https://mcmanismonsalve.applicantpro.com/jobs/
McMaster Heating & Air,mcmasterair,https://mcmasterair.applicantpro.com/jobs/
W.J. McNabb Plumbing LLC,mcnabbplumbing,https://mcnabbplumbing.applicantpro.com/jobs/
Mitchell County Regional Health Center,mcrhc,https://mcrhc.applicantpro.com/jobs/
Medlink Georgia,medlinkga,https://medlinkga.applicantpro.com/jobs/
Melling Granite & More,mellinggranite,https://mellinggranite.applicantpro.com/jobs/
Memphis Zoo,memphiszoo,https://memphiszoo.applicantpro.com/jobs/
Mennonite Village,mennonitevillage,https://mennonitevillage.applicantpro.com/jobs/
Mercantile Bank,mercbank,https://mercbank.applicantpro.com/jobs/
Mercy Haven,mercyhaven,https://mercyhaven.applicantpro.com/jobs/
Merjent,merjent,https://merjent.applicantpro.com/jobs/
Mesa Contracting LLC,mesacontracting,https://mesacontracting.applicantpro.com/jobs/
Sac and Fox Tribe of Iowa,meskwaki,https://meskwaki.applicantpro.com/jobs/
"Met-Con, Inc.",metconinc,https://metconinc.applicantpro.com/jobs/
METCOR/LSI,metcor,https://metcor.applicantpro.com/jobs/
Metes & Bounds,metesnbounds,https://metesnbounds.applicantpro.com/jobs/
Metro Medical,metromedicalanswering,https://metromedicalanswering.applicantpro.com/jobs/
Meyers Printing,meyersprinting,https://meyersprinting.applicantpro.com/jobs/
MGC Contractors,mgccontractors,https://mgccontractors.applicantpro.com/jobs/
Mental Health Assn of Alameda County,mhaac,https://mhaac.applicantpro.com/jobs/
Michael Jordan Nissan,michaeljordannissan,https://michaeljordannissan.applicantpro.com/jobs/
"City of Fraser, MI",micityoffraser,https://micityoffraser.applicantpro.com/jobs/
Midas Hospitality,midashospitality,https://midashospitality.applicantpro.com/jobs/
Mid Atlantic Retina,midatlanticretina,https://midatlanticretina.applicantpro.com/jobs/
"Mid-City OB-GYN, P.C.",midcityobgyn,https://midcityobgyn.applicantpro.com/jobs/
Middlebury Natural Foods Co-op,middleburycoop,https://middleburycoop.applicantpro.com/jobs/
Mid-Ohio Food Collective,midohiofoodbank,https://midohiofoodbank.applicantpro.com/jobs/
Mid-South Care Services,midsouthcare,https://midsouthcare.applicantpro.com/jobs/
MidSouth Community Federal Credit Union,midsouthfcu,https://midsouthfcu.applicantpro.com/jobs/
Midtown Community Health,midtownchc,https://midtownchc.applicantpro.com/jobs/
Midvale City,midvalecity,https://midvalecity.applicantpro.com/jobs/
Midwest Kitchens,midwestkitchens,https://midwestkitchens.applicantpro.com/jobs/
Midwest Vision Partners,midwestvision,https://midwestvision.applicantpro.com/jobs/
Mile Bluff Medical Center,milebluff,https://milebluff.applicantpro.com/jobs/
Town of Milford,milfordnh,https://milfordnh.applicantpro.com/jobs/
Millennium Physician Group,millenniumphysician,https://millenniumphysician.applicantpro.com/jobs/
Miller & Miller Inc.,millermillerinc,https://millermillerinc.applicantpro.com/jobs/
Minnesota Urology P.A.,minnesotaurology,https://minnesotaurology.applicantpro.com/jobs/
Minster Bank,minsterbank,https://minsterbank.applicantpro.com/jobs/
Miracle Houses,miraclehouses,https://miraclehouses.applicantpro.com/jobs/
MIRATECH Corporation,miratechcorp,https://miratechcorp.applicantpro.com/jobs/
Mira Vie at Toms River,miravieseniorlivingtomsriver,https://miravieseniorlivingtomsriver.applicantpro.com/jobs/
Mission Intel,missionintel,https://missionintel.applicantpro.com/jobs/
Mission Multiplier,missionmultiplier,https://missionmultiplier.applicantpro.com/jobs/
Mission Valley Bank,missionvalleybank,https://missionvalleybank.applicantpro.com/jobs/
Mitchell Hamline School of Law,mitchellhamline,https://mitchellhamline.applicantpro.com/jobs/
ML Connect,mlconnect,https://mlconnect.applicantpro.com/jobs/
Mille Lacs Health System,mlhealth,https://mlhealth.applicantpro.com/jobs/
"MLSBC Cruises, Inc.",mlsbcc,https://mlsbcc.applicantpro.com/jobs/
MMI Tank,mmitank,https://mmitank.applicantpro.com/jobs/
Minnesota Masonic Home,mnmasonic,https://mnmasonic.applicantpro.com/jobs/
Redstone Inn Moab,moabredstone,https://moabredstone.applicantpro.com/jobs/
Modern Litho,modernlitho,https://modernlitho.applicantpro.com/jobs/
Momentum Employer Group,momentumemployergroup,https://momentumemployergroup.applicantpro.com/jobs/
Monroe Care,monroecare,https://monroecare.applicantpro.com/jobs/
Montrose Regional Health,montrosehospital,https://montrosehospital.applicantpro.com/jobs/
Morgan Community College,morgancc,https://morgancc.applicantpro.com/jobs/
Morgan County,morgancounty,https://morgancounty.applicantpro.com/jobs/
City of Morris,morrisil,https://morrisil.applicantpro.com/jobs/
Mountain Credit Union,mountaincu,https://mountaincu.applicantpro.com/jobs/
Moxtek,moxtek,https://moxtek.applicantpro.com/jobs/
Mozaic,mozaic,https://mozaic.applicantpro.com/jobs/
Marin Primary & Middle School,mpms,https://mpms.applicantpro.com/jobs/
Muscatine Power and Water,mpw,https://mpw.applicantpro.com/jobs/
MRI Technologies,mricompany,https://mricompany.applicantpro.com/jobs/
Mississippi Blood Services,msblood,https://msblood.applicantpro.com/jobs/
Mississippi Market Natural Foods Co-op,msmarket,https://msmarket.applicantpro.com/jobs/
"MST Insurance Solutions, Inc",mstis,https://mstis.applicantpro.com/jobs/
Michael Timothy's Dining Group,mtdininggroup,https://mtdininggroup.applicantpro.com/jobs/
MTI Ambulance,mtiambulance,https://mtiambulance.applicantpro.com/jobs/
Mount Mary University,mtmary,https://mtmary.applicantpro.com/jobs/
MV Advancements,mvadvancements,https://mvadvancements.applicantpro.com/jobs/
Mystic Valley Elder Services,mves,https://mves.applicantpro.com/jobs/
Miami Valley Gaming,mvgrllc,https://mvgrllc.applicantpro.com/jobs/
Massachusetts Water Resources Authority,mwra,https://mwra.applicantpro.com/jobs/
Mid-Willamette Valley Community Action Agency,mwvcaa,https://mwvcaa.applicantpro.com/jobs/
Montgomery Water Works,mwwssb,https://mwwssb.applicantpro.com/jobs/
Central Virginia Electric Cooperative,mycvec,https://mycvec.applicantpro.com/jobs/
My Honest Mechanic,myhonestmechanic,https://myhonestmechanic.applicantpro.com/jobs/
MAXhealth,mymaxdoc,https://mymaxdoc.applicantpro.com/jobs/
My Place Hotels,myplace,https://myplace.applicantpro.com/jobs/
"Beach Holidays, LLC",myrtlebeachresorts,https://myrtlebeachresorts.applicantpro.com/jobs/
SITEC Consulting,mysitec,https://mysitec.applicantpro.com/jobs/
City of Nacogdoches,nactx,https://nactx.applicantpro.com/jobs/
Nader's Pest Raiders,naderspestraiders,https://naderspestraiders.applicantpro.com/jobs/
NAEYC,naeyc,https://naeyc.applicantpro.com/jobs/
Namaste Solar,namastesolar,https://namastesolar.applicantpro.com/jobs/
"Batteries Plus - Namaste Ventures, LLC",namasteventures,https://namasteventures.applicantpro.com/jobs/
National Alliance on Mental Illness,nami,https://nami.applicantpro.com/jobs/
Nanobiosym,nanobiosym,https://nanobiosym.applicantpro.com/jobs/
NAPPR,nappr,https://nappr.applicantpro.com/jobs/
North American Refrigeration,narefrigeration,https://narefrigeration.applicantpro.com/jobs/
Nashville Toyota North,nashvilletoyotanorth,https://nashvilletoyotanorth.applicantpro.com/jobs/
National Wrecker Service,nationalwrecker,https://nationalwrecker.applicantpro.com/jobs/
Naturescape,naturescapelawncare,https://naturescapelawncare.applicantpro.com/jobs/
Nature's Sunshine Products,naturessunshine,https://naturessunshine.applicantpro.com/jobs/
Nature's Touch Inc.,naturestouch,https://naturestouch.applicantpro.com/jobs/
Nautilus Homes,nautilushomes,https://nautilushomes.applicantpro.com/jobs/
Navajo Preparatory School Inc,navajoprep,https://navajoprep.applicantpro.com/jobs/
Navigant Credit Union,navigantcu,https://navigantcu.applicantpro.com/jobs/
Navigate Realty,navigaterealty,https://navigaterealty.applicantpro.com/jobs/
Navistar Direct Marketing,navistardirect,https://navistardirect.applicantpro.com/jobs/
NavSav,navsav,https://navsav.applicantpro.com/jobs/
NBME,nbme,https://nbme.applicantpro.com/jobs/
ND Energy Services,ndenergyservices,https://ndenergyservices.applicantpro.com/jobs/
NDG Communications,ndgcommunications,https://ndgcommunications.applicantpro.com/jobs/
NDM Hospitality Services,ndmhospitality,https://ndmhospitality.applicantpro.com/jobs/
Nooter/Eriksen,ne,https://ne.applicantpro.com/jobs/
New England Aquarium,neaq,https://neaq.applicantpro.com/jobs/
Nearby Fleet Services,nearbyfleetservices,https://nearbyfleetservices.applicantpro.com/jobs/
Nebraska Wesleyan University,nebrwesleyan,https://nebrwesleyan.applicantpro.com/jobs/
Nehalem Valley Care Center Inc.,nehalemcarecenter,https://nehalemcarecenter.applicantpro.com/jobs/
xxxxxxDONOTUSExxxxxNeighborhood Villages,neighborhoodvillages,https://neighborhoodvillages.applicantpro.com/jobs/
Neil Huffman Auto Group,neilhuffman,https://neilhuffman.applicantpro.com/jobs/
Nelson's Auto Repair,nelsonsrepair,https://nelsonsrepair.applicantpro.com/jobs/
Isidore Newman School,newmanschool,https://newmanschool.applicantpro.com/jobs/
City of Newnan,newnanga,https://newnanga.applicantpro.com/jobs/
Newport Center Womens Health,newportcenterwomenshealth,https://newportcenterwomenshealth.applicantpro.com/jobs/
Nexa,nexa,https://nexa.applicantpro.com/jobs/
"NexOne, Inc.",nexone,https://nexone.applicantpro.com/jobs/
Niagara University,niagara,https://niagara.applicantpro.com/jobs/
"Nicholson Plumbing, Heating and Air Conditioning",nicholsonplumbing,https://nicholsonplumbing.applicantpro.com/jobs/
NikSoft Systems Corp.,niksoft,https://niksoft.applicantpro.com/jobs/
NINOS INC,ninosinc,https://ninosinc.applicantpro.com/jobs/
Nisqually Indian Tribe,nisquallyhr,https://nisquallyhr.applicantpro.com/jobs/
Northeastern Junior College,njc,https://njc.applicantpro.com/jobs/
NJ Pest Control,njpestcontrol,https://njpestcontrol.applicantpro.com/jobs/
Nathan S. Kline Institute,nki,https://nki.applicantpro.com/jobs/
New Orleans Restoration Properties,nolarp,https://nolarp.applicantpro.com/jobs/
Noo-Kayet Investments,noo-kayet,https://noo-kayet.applicantpro.com/jobs/
Nooter Construction,nooter,https://nooter.applicantpro.com/jobs/
Nordic Ware,nordicware,https://nordicware.applicantpro.com/jobs/
North Coast Container,northcoastcontainer,https://northcoastcontainer.applicantpro.com/jobs/
Northern AG,northernaginc,https://northernaginc.applicantpro.com/jobs/
Northern Air Plumbing & Heating,northernairplumbing,https://northernairplumbing.applicantpro.com/jobs/
Northern Clearing Inc.,northernclearing,https://northernclearing.applicantpro.com/jobs/
Northern HammerWorks,northernhammerworks,https://northernhammerworks.applicantpro.com/jobs/
Northern Louisiana Medical Center,northernlouisianamedicalcenter,https://northernlouisianamedicalcenter.applicantpro.com/jobs/
Northern Star (Pogo) LLC,northernstar,https://northernstar.applicantpro.com/jobs/
North Logan City,northlogancity,https://northlogancity.applicantpro.com/jobs/
North Star Trenchless,northstartrenchless,https://northstartrenchless.applicantpro.com/jobs/
North Valley Family Dentist,northvalleyfamilydentist,https://northvalleyfamilydentist.applicantpro.com/jobs/
Northwestern Energy,northwesternenergy,https://northwesternenergy.applicantpro.com/jobs/
Northwood Club,northwoodclub,https://northwoodclub.applicantpro.com/jobs/
*Not a Scam Repair**,notascam01testing,https://notascam01testing.applicantpro.com/jobs/
notifyMD,notifymd,https://notifymd.applicantpro.com/jobs/
Novi Public Library,novilibrary,https://novilibrary.applicantpro.com/jobs/
Northwest CT Public Safety Communication Center,nowestps,https://nowestps.applicantpro.com/jobs/
"National Railroad Safety Services, Inc. (NRSS)",nrssinc,https://nrssinc.applicantpro.com/jobs/
City of North Salt Lake,nslcity,https://nslcity.applicantpro.com/jobs/
Nth Generation,nth,https://nth.applicantpro.com/jobs/
Nucar Mid Atlantic,nucar,https://nucar.applicantpro.com/jobs/
Nucar Northern New England,nucarnne,https://nucarnne.applicantpro.com/jobs/
Nucar Southern New England,nucarsouthernne,https://nucarsouthernne.applicantpro.com/jobs/
Nuclear Innovation Alliance,nuclearinnovationalliance,https://nuclearinnovationalliance.applicantpro.com/jobs/
Nueces Electric Cooperative (NEC),nueceselectric,https://nueceselectric.applicantpro.com/jobs/
NuMark Credit Union,numarkcu,https://numarkcu.applicantpro.com/jobs/
NVE,nve,https://nve.applicantpro.com/jobs/
Northwest Arctic Borough,nwabor,https://nwabor.applicantpro.com/jobs/
Northwestern Health Sciences University,nwhealth,https://nwhealth.applicantpro.com/jobs/
Northwest Mosquito Abatement District,nwmadil,https://nwmadil.applicantpro.com/jobs/
The Northwest Regional Re-entry Center,nwrrc,https://nwrrc.applicantpro.com/jobs/
Nxt Property Management,nxtmgt,https://nxtmgt.applicantpro.com/jobs/
New York State Psychiatry Institute,nyspi,https://nyspi.applicantpro.com/jobs/
Oakland Ice Center,oaklandice,https://oaklandice.applicantpro.com/jobs/
City of Oak Park,oakparkmi,https://oakparkmi.applicantpro.com/jobs/
Oakton College,oaktonstudentemployee,https://oaktonstudentemployee.applicantpro.com/jobs/
Oakwood Veneer Company,oakwoodveneer,https://oakwoodveneer.applicantpro.com/jobs/
"OASYS, INC.",oasysincorporated,https://oasysincorporated.applicantpro.com/jobs/
Oklahoma Blood Institute,obicareers,https://obicareers.applicantpro.com/jobs/
City of Odessa,odessatx,https://odessatx.applicantpro.com/jobs/
ODRA Road Sweepers,odrasweeper,https://odrasweeper.applicantpro.com/jobs/
City of O'Fallon,ofallon,https://ofallon.applicantpro.com/jobs/
Office1,office1,https://office1.applicantpro.com/jobs/
Ogden City Corporation,ogdencity,https://ogdencity.applicantpro.com/jobs/
Volunteers Ohio History Connection,ohcvolunteers,https://ohcvolunteers.applicantpro.com/jobs/
Ohio Dominican University,ohiodominican,https://ohiodominican.applicantpro.com/jobs/
Ohio History Connection,ohiohistory,https://ohiohistory.applicantpro.com/jobs/
City of Ojai,ojaicity,https://ojaicity.applicantpro.com/jobs/
Oliver Inc.,oliverinc,https://oliverinc.applicantpro.com/jobs/
Olsen Beal,olsenbeal,https://olsenbeal.applicantpro.com/jobs/
Omaha Tribe of Nebraska,omahatribe,https://omahatribe.applicantpro.com/jobs/
"Omni Electric Group, LLC.",omnielectricgroupllc,https://omnielectricgroupllc.applicantpro.com/jobs/
Omni Glass & Paint,omnigp,https://omnigp.applicantpro.com/jobs/
School District of Onalaska,onalaskaschools,https://onalaskaschools.applicantpro.com/jobs/
Oneida Innovations Group,oneidainnovationsgroup,https://oneidainnovationsgroup.applicantpro.com/jobs/
Oneida Network Infrastructure,oneidanetworkinfrastructure,https://oneidanetworkinfrastructure.applicantpro.com/jobs/
Oneida Technical Solutions,oneidatechnicalsolutions,https://oneidatechnicalsolutions.applicantpro.com/jobs/
One Vision,onevision,https://onevision.applicantpro.com/jobs/
OneZero Solutions,onezerollc,https://onezerollc.applicantpro.com/jobs/
On Lok,onlok,https://onlok.applicantpro.com/jobs/
"Onset Financial, Inc.",onsetfinancial,https://onsetfinancial.applicantpro.com/jobs/
The Arc Ontario,ontarioarc,https://ontarioarc.applicantpro.com/jobs/
Oglethorpe Power Corporation,opc,https://opc.applicantpro.com/jobs/
Optimim,optimim,https://optimim.applicantpro.com/jobs/
Options Residential Inc,optionsres,https://optionsres.applicantpro.com/jobs/
Orders Construction,ordersconstruction,https://ordersconstruction.applicantpro.com/jobs/
Orem Mazda,oremmazda,https://oremmazda.applicantpro.com/jobs/
Orleans Parish District Attorney,orleansda,https://orleansda.applicantpro.com/jobs/
"ORTC, LLC",ortc,https://ortc.applicantpro.com/jobs/
Midwest Orthopaedic Consultants,orthoexperts,https://orthoexperts.applicantpro.com/jobs/
Sonia Shankman Orthogenic School,orthogenicschooluchicago,https://orthogenicschooluchicago.applicantpro.com/jobs/
Olympic Sports and Spine Residency Opportunities,ossresidency,https://ossresidency.applicantpro.com/jobs/
Olympic Sports & Spine,osstherapy,https://osstherapy.applicantpro.com/jobs/
Auxiliary Services State University College at Oswego,oswego,https://oswego.applicantpro.com/jobs/
Outlets at Traverse Mountain,outletsattraversemountain,https://outletsattraversemountain.applicantpro.com/jobs/
Ovivo,ovivoglobal,https://ovivoglobal.applicantpro.com/jobs/
Paddy's Beach Club,paddysbeach,https://paddysbeach.applicantpro.com/jobs/
"Padula Builders, Inc.",padulabuilders,https://padulabuilders.applicantpro.com/jobs/
PAI,paimn,https://paimn.applicantpro.com/jobs/
Paint of WNY,paintofwny,https://paintofwny.applicantpro.com/jobs/
Paisley Park,paisleypark,https://paisleypark.applicantpro.com/jobs/
Village of Palatine,palatineil,https://palatineil.applicantpro.com/jobs/
Palo Alto Orthodontics,paloaltoorthodontics,https://paloaltoorthodontics.applicantpro.com/jobs/
Panatrol,panatrol,https://panatrol.applicantpro.com/jobs/
Panther Brands,pantherbrands,https://pantherbrands.applicantpro.com/jobs/
Paratusec,paratusec,https://paratusec.applicantpro.com/jobs/
The PAR Group,pargroup,https://pargroup.applicantpro.com/jobs/
Park Aerospace Corp.,parkelectro,https://parkelectro.applicantpro.com/jobs/
Parker Jewish Institute for Health Care and Rehabilitation,parkerinstitute,https://parkerinstitute.applicantpro.com/jobs/
PathPoint,pathpoint,https://pathpoint.applicantpro.com/jobs/
"Pauline and Thomas Healthcare, Inc.",paulineandthomashealthcare,https://paulineandthomashealthcare.applicantpro.com/jobs/
Paul Mitchell Schools,paulmitchell,https://paulmitchell.applicantpro.com/jobs/
PAVIR,pavir,https://pavir.applicantpro.com/jobs/
Paws Awhile Pet Motel,pawsawhilepetmotel,https://pawsawhilepetmotel.applicantpro.com/jobs/
Taco John's - Paxton Keiser Enterprises,paxtonkeiser,https://paxtonkeiser.applicantpro.com/jobs/
Payson City,paysonut,https://paysonut.applicantpro.com/jobs/
"Perdue, Brandon, Fielder, Collins and Mott L.L.P.",pbfcm,https://pbfcm.applicantpro.com/jobs/
Prairie Band Potawatomi Nation,pbpnation,https://pbpnation.applicantpro.com/jobs/
Kentucky Aggregate - Cumberland River Quarry,pbsgcrq,https://pbsgcrq.applicantpro.com/jobs/
Powell Consulting Group,pcgconsults,https://pcgconsults.applicantpro.com/jobs/
PC Laptops,pclaptops,https://pclaptops.applicantpro.com/jobs/
Physicians Committee for Responsible Medicine,pcrm,https://pcrm.applicantpro.com/jobs/
PDM US,pdmus,https://pdmus.applicantpro.com/jobs/
Peak Living,peakliving,https://peakliving.applicantpro.com/jobs/
"City of Pearland, TX",pearland,https://pearland.applicantpro.com/jobs/
Pelicano Plumbing,pelicanoplumbing,https://pelicanoplumbing.applicantpro.com/jobs/
Peninsula Cleaning,peninsulacleaning,https://peninsulacleaning.applicantpro.com/jobs/
Penzone Salons,penzonesalons,https://penzonesalons.applicantpro.com/jobs/
People People,peoplepeopleus,https://peoplepeopleus.applicantpro.com/jobs/
Perfection Commercial Services Inc.,perfectioncommercialservicesinc,https://perfectioncommercialservicesinc.applicantpro.com/jobs/
Perfect Smile Dental Arts,perfectsmiledentalarts,https://perfectsmiledentalarts.applicantpro.com/jobs/
Perky Beans Coffee & PB Café,perkybeanscoffee,https://perkybeanscoffee.applicantpro.com/jobs/
Peachtree Pest Control,pestban,https://pestban.applicantpro.com/jobs/
Team Pest USA,pestusa,https://pestusa.applicantpro.com/jobs/
Pleasant Grove City,pgcityutah,https://pgcityutah.applicantpro.com/jobs/
Pascagoula-Gautier School District,pgsd,https://pgsd.applicantpro.com/jobs/
City of Pharr,pharrtx,https://pharrtx.applicantpro.com/jobs/
City of Philomath,philomath,https://philomath.applicantpro.com/jobs/
Physical Therapy NOW,physicaltherapynow,https://physicaltherapynow.applicantpro.com/jobs/
Pickens Sheriff's Office,pickensgasheriff,https://pickensgasheriff.applicantpro.com/jobs/
Pima Federal Credit Union,pimafederal,https://pimafederal.applicantpro.com/jobs/
Pinnacle Marketing Group,pinnaclemgp,https://pinnaclemgp.applicantpro.com/jobs/
"Pioneer Technical Services, Inc",pioneertechnical,https://pioneertechnical.applicantpro.com/jobs/
Pirate Ventures,pirateventures,https://pirateventures.applicantpro.com/jobs/
Planet Honda,planethonda,https://planethonda.applicantpro.com/jobs/
Planet Hyundai,planethyundai,https://planethyundai.applicantpro.com/jobs/
PlantTape,planttape,https://planttape.applicantpro.com/jobs/
Pleasantview Nursing Center,pleasantviewnh,https://pleasantviewnh.applicantpro.com/jobs/
Golderado Contracting Corp,pmeinc,https://pmeinc.applicantpro.com/jobs/
"Pavement Marking, LLC",pmiaz,https://pmiaz.applicantpro.com/jobs/
Point Park University,pointpark,https://pointpark.applicantpro.com/jobs/
Polar Bear PHA,polarbearpha,https://polarbearpha.applicantpro.com/jobs/
Garfield County Public Hospital District No.1,pomeroymd,https://pomeroymd.applicantpro.com/jobs/
Port City Nissan,portcitynissan,https://portcitynissan.applicantpro.com/jobs/
Porter-Gaud School,portergaud,https://portergaud.applicantpro.com/jobs/
Port of Anacortes,portofanacortes,https://portofanacortes.applicantpro.com/jobs/
POS Professional Office Services,poscorp,https://poscorp.applicantpro.com/jobs/
POSH,posh,https://posh.applicantpro.com/jobs/
Potash Markets,potashmarkets,https://potashmarkets.applicantpro.com/jobs/
"Potomac Plumbing & Gas, Inc",potomacplumbingandgasinc,https://potomacplumbingandgasinc.applicantpro.com/jobs/
Powerlink,powerlink,https://powerlink.applicantpro.com/jobs/
Power/mation,powermation,https://powermation.applicantpro.com/jobs/
PowerMyLearning,powermylearning,https://powermylearning.applicantpro.com/jobs/
PowerSouth Energy Cooperative,powersouth,https://powersouth.applicantpro.com/jobs/
The Project on Predatory Student Lending,ppsl,https://ppsl.applicantpro.com/jobs/
Precision Locating,precisionlocating,https://precisionlocating.applicantpro.com/jobs/
Precision Strip,precisionstrip,https://precisionstrip.applicantpro.com/jobs/
Predicate Logic Inc.,predicate,https://predicate.applicantpro.com/jobs/
Preferred Auto & Fleet Service,preferredauto,https://preferredauto.applicantpro.com/jobs/
Preferred CFO,preferredcfo,https://preferredcfo.applicantpro.com/jobs/
Preferred Paving,preferredpaving,https://preferredpaving.applicantpro.com/jobs/
Premier Plumbers,premierplumbers,https://premierplumbers.applicantpro.com/jobs/
Premier Urgent Care of Beaumont,premierurgentcare,https://premierurgentcare.applicantpro.com/jobs/
Preston Refrigeration,prestonrefrigeration,https://prestonrefrigeration.applicantpro.com/jobs/
Preferred Restaurant Group,prg,https://prg.applicantpro.com/jobs/
Pridgeon & Clay Inc,pridgeonandclay,https://pridgeonandclay.applicantpro.com/jobs/
"PrimeTech International, Inc.",primetechint,https://primetechint.applicantpro.com/jobs/
PRINT NW,printnw,https://printnw.applicantpro.com/jobs/
Pine Valley Plumbing,priorityplumbing,https://priorityplumbing.applicantpro.com/jobs/
Preferred Risk Insurance,priscorp,https://priscorp.applicantpro.com/jobs/
"Process Engineering Associates, LLC",processengr,https://processengr.applicantpro.com/jobs/
Progressive Eye Care,progressiveeyecare,https://progressiveeyecare.applicantpro.com/jobs/
Progressive HR Strategies Inc,progressivehrstrategies,https://progressivehrstrategies.applicantpro.com/jobs/
Providence Healthcare of Thomaston,providencenh,https://providencenh.applicantpro.com/jobs/
Providence Real Estate,provre,https://provre.applicantpro.com/jobs/
Prudent Pet,prudentpet,https://prudentpet.applicantpro.com/jobs/
Prudent Technology,prudenttechnology,https://prudenttechnology.applicantpro.com/jobs/
Professional Services Group,psgcip,https://psgcip.applicantpro.com/jobs/
Psomas,psomas,https://psomas.applicantpro.com/jobs/
"Pioneer Telephone Cooperative, Inc.",ptci,https://ptci.applicantpro.com/jobs/
Puget Sound Care,pugetsoundcare,https://pugetsoundcare.applicantpro.com/jobs/
"PumpTex, Inc",pumptex,https://pumptex.applicantpro.com/jobs/
Pure Plumbing Company,pureplumbing,https://pureplumbing.applicantpro.com/jobs/
Portland VA Research Foundation,pvarf,https://pvarf.applicantpro.com/jobs/
Palos Verdes Golf Club,pvgc,https://pvgc.applicantpro.com/jobs/
Pyramid Management Group,pyramidmg,https://pyramidmg.applicantpro.com/jobs/
ORA Orthopedics,qcora,https://qcora.applicantpro.com/jobs/
QEH2 Business Intelligence,qeh2,https://qeh2.applicantpro.com/jobs/
Queens-Long Island Renal Institute,qliri,https://qliri.applicantpro.com/jobs/
Quality Mobile Home Services,qmhs,https://qmhs.applicantpro.com/jobs/
"Quality Pork Processors, Inc.",qppinc,https://qppinc.applicantpro.com/jobs/
QTEC Aerospace,qtecinc,https://qtecinc.applicantpro.com/jobs/
Quality Touch Janitorial Service,qtjservice,https://qtjservice.applicantpro.com/jobs/
The Club at Quail Ridge,quailridgecc,https://quailridgecc.applicantpro.com/jobs/
Quaker Windows,quakercareers,https://quakercareers.applicantpro.com/jobs/
Quaker Eldon,quakereldon,https://quakereldon.applicantpro.com/jobs/
Qualstar Credit Union,qualstar,https://qualstar.applicantpro.com/jobs/
Quotes Willowbrook Mall,quoteswillowbrook,https://quoteswillowbrook.applicantpro.com/jobs/
R2C Incorporated,r2cinc,https://r2cinc.applicantpro.com/jobs/
"Radiate Hospitality, LLC",radiatehospitality,https://radiatehospitality.applicantpro.com/jobs/
Echo Canyon Rafting Expeditions,raftecho,https://raftecho.applicantpro.com/jobs/
Ramani Dentistry,ramanidentistry,https://ramanidentistry.applicantpro.com/jobs/
R&O Construction,randoco,https://randoco.applicantpro.com/jobs/
Rapport International,rapportintl,https://rapportintl.applicantpro.com/jobs/
Regina Coeli Child Development Center,rccdc,https://rccdc.applicantpro.com/jobs/
R-Chee Plumbing & Heating,rcheeplumbing,https://rcheeplumbing.applicantpro.com/jobs/
RDS Electric,rdselectric,https://rdselectric.applicantpro.com/jobs/
Read Better Be Better,readbetterbebetter,https://readbetterbebetter.applicantpro.com/jobs/
ReadyFlo,readyflo,https://readyflo.applicantpro.com/jobs/
Recovery Consultants of Atlanta,recoveryconsultantsofaltanta,https://recoveryconsultantsofaltanta.applicantpro.com/jobs/
"Redi Services, LLC",rediusa,https://rediusa.applicantpro.com/jobs/
Red Rock Auto Center,redrockautocenter,https://redrockautocenter.applicantpro.com/jobs/
Red Rocks Credit Union,redrocks,https://redrocks.applicantpro.com/jobs/
"Reeder Distributors, Inc.",reederdistributors,https://reederdistributors.applicantpro.com/jobs/
Reef Capital Partners,reefcp,https://reefcp.applicantpro.com/jobs/
"RefrigiWear, LLC",refrigiwear,https://refrigiwear.applicantpro.com/jobs/
Regal Car Sales and Credit,regalcars,https://regalcars.applicantpro.com/jobs/
Regency Management Inc.,regencymanagementinc,https://regencymanagementinc.applicantpro.com/jobs/
The Regional YMCA Of Western Connecticut,regionalymca,https://regionalymca.applicantpro.com/jobs/
REIC,reicorporation,https://reicorporation.applicantpro.com/jobs/
Reliable Parts,reliablepartscanada,https://reliablepartscanada.applicantpro.com/jobs/
Remove and Replace Solar,removeandreplacesolar,https://removeandreplacesolar.applicantpro.com/jobs/
Midwest Property Management,rentmidwest,https://rentmidwest.applicantpro.com/jobs/
REO Plastics,reoplastics,https://reoplastics.applicantpro.com/jobs/
"Retirement Education Partners, Inc.",rep403b,https://rep403b.applicantpro.com/jobs/
RS Technologies Inc.,resilient-structures-ca,https://resilient-structures-ca.applicantpro.com/jobs/
RS Utility Structures Inc,resilient-structures-usa,https://resilient-structures-usa.applicantpro.com/jobs/
Reston Limousine,restonlimo,https://restonlimo.applicantpro.com/jobs/
Retlif Testing Laboratories,retlif,https://retlif.applicantpro.com/jobs/
"Rexco Equipment, Inc",rexcoequipment,https://rexcoequipment.applicantpro.com/jobs/
"Research Foundation for Mental Hygiene, Inc.",rfmh,https://rfmh.applicantpro.com/jobs/
R.H. White Construction,rhwhite,https://rhwhite.applicantpro.com/jobs/
"City of Richmond Heights, MO",richmondheights,https://richmondheights.applicantpro.com/jobs/
"City of Richmond, Texas",richmondtx,https://richmondtx.applicantpro.com/jobs/
Riddle Village,riddlevillage,https://riddlevillage.applicantpro.com/jobs/
Rimports,rimports,https://rimports.applicantpro.com/jobs/
"Ring's End, Inc.",ringsend,https://ringsend.applicantpro.com/jobs/
Risse Brothers,rissebrothers,https://rissebrothers.applicantpro.com/jobs/
RIT Inn and Conference Center,ritinn,https://ritinn.applicantpro.com/jobs/
Riverhills Neuroscience,riverhillsneuro,https://riverhillsneuro.applicantpro.com/jobs/
River Street Dentistry,riverstreetdentistry,https://riverstreetdentistry.applicantpro.com/jobs/
Riverton City,rivertoncity,https://rivertoncity.applicantpro.com/jobs/
R&M High Speed Stampings,rmhss,https://rmhss.applicantpro.com/jobs/
R&M Manufacturing,rmmco,https://rmmco.applicantpro.com/jobs/
Road & Rail Services,roadandrail,https://roadandrail.applicantpro.com/jobs/
"Road Safety Services, Inc.",roadssinc,https://roadssinc.applicantpro.com/jobs/
Robinson Aviation,robinsonaviation,https://robinsonaviation.applicantpro.com/jobs/
Rocket City HR,rocketcityhr,https://rocketcityhr.applicantpro.com/jobs/
Rockforce,rockforce,https://rockforce.applicantpro.com/jobs/
Rockwell Care Services,rockwellcare,https://rockwellcare.applicantpro.com/jobs/
Rocky's Burgers Franks and Fries,rockys,https://rockys.applicantpro.com/jobs/
"Rogers & Sons, Inc.",rogershvac,https://rogershvac.applicantpro.com/jobs/
Rolan Services LLC,rolanservices,https://rolanservices.applicantpro.com/jobs/
IBC Roofing,roofingibc,https://roofingibc.applicantpro.com/jobs/
"Roosevelt City, Utah",rooseveltcityut,https://rooseveltcityut.applicantpro.com/jobs/
Rouse Trucking,rousetrucking,https://rousetrucking.applicantpro.com/jobs/
Rousselot,rousselot,https://rousselot.applicantpro.com/jobs/
Royal Fresh Cuts,royalfreshcuts,https://royalfreshcuts.applicantpro.com/jobs/
Royalty Plumbing,royaltyplumbing,https://royaltyplumbing.applicantpro.com/jobs/
RQ Construction,rqconstruction,https://rqconstruction.applicantpro.com/jobs/
RQ Construction TCN,rqconstructiontcn,https://rqconstructiontcn.applicantpro.com/jobs/
Rancho Simi Recreation and Park District,rsrpd,https://rsrpd.applicantpro.com/jobs/
RT Industries,rtindustries,https://rtindustries.applicantpro.com/jobs/
Ruby Receptionists,ruby,https://ruby.applicantpro.com/jobs/
Rumple,rumple,https://rumple.applicantpro.com/jobs/
Rural Psychiatry Associates,ruralpsychiatryassociates,https://ruralpsychiatryassociates.applicantpro.com/jobs/
S&S Worldwide Inc.,s-s,https://s-s.applicantpro.com/jobs/
Saddle Rock Legal Group,saddlerocklegalgroup,https://saddlerocklegalgroup.applicantpro.com/jobs/
Safari Pet Resort,safaripetresort,https://safaripetresort.applicantpro.com/jobs/
Safran Aerospace Composites,safranaero,https://safranaero.applicantpro.com/jobs/
Sage Surfaces,sagesurfacces,https://sagesurfacces.applicantpro.com/jobs/
Salal Credit Union,salalcu,https://salalcu.applicantpro.com/jobs/
"Salterra, a Luxury Collection Resort & Spa. Turks & Caicos",salterra,https://salterra.applicantpro.com/jobs/
Samaritans Inc.,samaritanshope,https://samaritanshope.applicantpro.com/jobs/
Strategic Association Management,samfirm,https://samfirm.applicantpro.com/jobs/
Sampson County,sampsoncountync,https://sampsoncountync.applicantpro.com/jobs/
S&S Mechanical,sandsmechanical,https://sandsmechanical.applicantpro.com/jobs/
Sandusky Yacht Club,sanduskyyachtclub,https://sanduskyyachtclub.applicantpro.com/jobs/
Sansone Air Conditioning,sansoneac,https://sansoneac.applicantpro.com/jobs/
City of Santaquin,santaquin,https://santaquin.applicantpro.com/jobs/
San Jose Arena Management,sapcenteratsanjose,https://sapcenteratsanjose.applicantpro.com/jobs/
City of Saratoga Springs,saratogaspringsut,https://saratogaspringsut.applicantpro.com/jobs/
"Shiprock Associated Schools, Inc.",sasischools,https://sasischools.applicantpro.com/jobs/
Saving-Sight,savingsight,https://savingsight.applicantpro.com/jobs/
Sayres Defense,sayresandassociates,https://sayresandassociates.applicantpro.com/jobs/
South Bay Sand Blasting & Tank Cleaning,sbsbtc,https://sbsbtc.applicantpro.com/jobs/
Summit County Public Health,schd,https://schd.applicantpro.com/jobs/
The Schebler Company,schebler,https://schebler.applicantpro.com/jobs/
Schiller Grounds Care,schillergc,https://schillergc.applicantpro.com/jobs/
Schreiter Concrete Co,schreiterconcrete,https://schreiterconcrete.applicantpro.com/jobs/
"Schwartz Farms, Inc.",schwartzfarms,https://schwartzfarms.applicantpro.com/jobs/
Schwieters Companies Inc.,schwieterscompanies,https://schwieterscompanies.applicantpro.com/jobs/
Southern California Pipe Trades Administrative Corporation,scptac,https://scptac.applicantpro.com/jobs/
Scroggins,scrogginsgrear,https://scrogginsgrear.applicantpro.com/jobs/
SC State Credit Union,scscu,https://scscu.applicantpro.com/jobs/
City of St. Clair Shores,scsmi,https://scsmi.applicantpro.com/jobs/
Supply Chain Solutions,scsolutionsinc,https://scsolutionsinc.applicantpro.com/jobs/
SCTCA,sctca,https://sctca.applicantpro.com/jobs/
City of Seabrook,seabrooktx,https://seabrooktx.applicantpro.com/jobs/
Sea Dragon Energy,seadragonenergy,https://seadragonenergy.applicantpro.com/jobs/
Seastar Senior Services,seastarseniorservices,https://seastarseniorservices.applicantpro.com/jobs/
Securitech Security Services,securitechguards,https://securitechguards.applicantpro.com/jobs/
Seniors Home Care,seniorshomecare,https://seniorshomecare.applicantpro.com/jobs/
Sentrillion,sentrillion,https://sentrillion.applicantpro.com/jobs/
Serenity Rehabilitation and Health Center,serenityrhc,https://serenityrhc.applicantpro.com/jobs/
Albemarle County Service Authority,serviceauthority,https://serviceauthority.applicantpro.com/jobs/
ServiceMASTER Restoration Services,servicemasterjobs,https://servicemasterjobs.applicantpro.com/jobs/
"Service Trucks International, Inc.",servicetrucks,https://servicetrucks.applicantpro.com/jobs/
SESLOC Credit Union,sesloc,https://sesloc.applicantpro.com/jobs/
Sidney Federal Credit Union,sfcuonline,https://sfcuonline.applicantpro.com/jobs/
"S. Groner Associates, Inc.",sga,https://sga.applicantpro.com/jobs/
"SGI Global, LLC",sgiglobal,https://sgiglobal.applicantpro.com/jobs/
Shalimare Inc,shalimare,https://shalimare.applicantpro.com/jobs/
Sharks Ice Fremont,sharksiceatfremont,https://sharksiceatfremont.applicantpro.com/jobs/
Sharks Ice San Jose,sharksiceatsanjose,https://sharksiceatsanjose.applicantpro.com/jobs/
Shelter Corporation,sheltercorp,https://sheltercorp.applicantpro.com/jobs/
Shelter Youth & Family Services,shelterinc,https://shelterinc.applicantpro.com/jobs/
Sherloq Solutions,sherloqsolutions,https://sherloqsolutions.applicantpro.com/jobs/
Shields at Home,shieldsathome,https://shieldsathome.applicantpro.com/jobs/
Shiloh Assisted Living,shilohassistedliving,https://shilohassistedliving.applicantpro.com/jobs/
"SHLD, Inc.",shld,https://shld.applicantpro.com/jobs/
Shook Heating & Cooling,shookhvac,https://shookhvac.applicantpro.com/jobs/
"Short Equipment, Inc.",shortequipmentinc,https://shortequipmentinc.applicantpro.com/jobs/
SHP,shp,https://shp.applicantpro.com/jobs/
"Southwest Health System, Inc.",shs,https://shs.applicantpro.com/jobs/
"Shulman Rogers, PA",shulmanrogers,https://shulmanrogers.applicantpro.com/jobs/
Sibanye Stillwater,sibanyestillwater,https://sibanyestillwater.applicantpro.com/jobs/
Signius,signiusmiami,https://signiusmiami.applicantpro.com/jobs/
SILAC Insurance Company,silacins,https://silacins.applicantpro.com/jobs/
SilencerCo,silencerco,https://silencerco.applicantpro.com/jobs/
SiloSmashers,silosmashers,https://silosmashers.applicantpro.com/jobs/
Silver Lining Home Healthcare,silverlining,https://silverlining.applicantpro.com/jobs/
"Silver Star Construction Co, Inc.",silverstarconst,https://silverstarconst.applicantpro.com/jobs/
Silver Star Service Center Inc,silverstarservicecenterinc,https://silverstarservicecenterinc.applicantpro.com/jobs/
SimonComputing,simoncomputing,https://simoncomputing.applicantpro.com/jobs/
"Simulation Technologies, Inc.",simtechinc,https://simtechinc.applicantpro.com/jobs/
SITECH Louisiana,sitechla,https://sitechla.applicantpro.com/jobs/
SIU Credit Union,siucu,https://siucu.applicantpro.com/jobs/
S.J. Louis,sjlouis,https://sjlouis.applicantpro.com/jobs/
Stone House Volunteer Fire and Rescue,sjvfd,https://sjvfd.applicantpro.com/jobs/
SkyOne Federal Credit Union,skyone,https://skyone.applicantpro.com/jobs/
Slumberland - Tollefson's Retail Group,slumberland,https://slumberland.applicantpro.com/jobs/
San Luis Valley Behavioral Health,slvbhg,https://slvbhg.applicantpro.com/jobs/
Southwest Missouri Bank,smbonline,https://smbonline.applicantpro.com/jobs/
ServiceMaster Commercial Systems,smcommercialsystems,https://smcommercialsystems.applicantpro.com/jobs/
"S&ME, Inc.",smeinc,https://smeinc.applicantpro.com/jobs/
"SMG Accountants, Bookkeepers and Advisors",smgaba,https://smgaba.applicantpro.com/jobs/
Superior Mobile Health,smhems,https://smhems.applicantpro.com/jobs/
"Smith & Company Painting, Inc.",smithandcompanypainting,https://smithandcompanypainting.applicantpro.com/jobs/
San Miguel Power Association,smpa,https://smpa.applicantpro.com/jobs/
SnugZ USA,snugzusa,https://snugzusa.applicantpro.com/jobs/
Society for Science,societyforscience,https://societyforscience.applicantpro.com/jobs/
Service One Credit Union,socu,https://socu.applicantpro.com/jobs/
Sodexo Live! (Hourly),sodexolive,https://sodexolive.applicantpro.com/jobs/
Sodexo Live! in Canada,sodexolivecanada,https://sodexolivecanada.applicantpro.com/jobs/
Sodexo Live! Internships,sodexoliveinternships,https://sodexoliveinternships.applicantpro.com/jobs/
Solterra Materials,solterramaterials,https://solterramaterials.applicantpro.com/jobs/
"Soltex, Inc.",soltexinc,https://soltexinc.applicantpro.com/jobs/
Sonac,sonac,https://sonac.applicantpro.com/jobs/
Sonatech,sonatech,https://sonatech.applicantpro.com/jobs/
Sonfarrel Aerospace,sonfarrelaerospace,https://sonfarrelaerospace.applicantpro.com/jobs/
The Sophia Way,sophiaway,https://sophiaway.applicantpro.com/jobs/
Missouri Secretary of State,sosmo,https://sosmo.applicantpro.com/jobs/
Spirit of the Heavens,sothsedona,https://sothsedona.applicantpro.com/jobs/
Sound Telecom,soundtelecom,https://soundtelecom.applicantpro.com/jobs/
South Alabama Electric Coop,southaec,https://southaec.applicantpro.com/jobs/
Town of South Hill,southhillva,https://southhillva.applicantpro.com/jobs/
South Jordan City,southjordancity,https://southjordancity.applicantpro.com/jobs/
Southlake Orthopaedics,southlakeorthopaedics,https://southlakeorthopaedics.applicantpro.com/jobs/
South Ogden City,southogdencity,https://southogdencity.applicantpro.com/jobs/
Sou'wester Lodge & Vintage Travel Trailer Resort,souwesterlodge,https://souwesterlodge.applicantpro.com/jobs/
Spectra Health,spectrahealth,https://spectrahealth.applicantpro.com/jobs/
Spectrum of Hope,spectrumofhope,https://spectrumofhope.applicantpro.com/jobs/
Spee-Dee Delivery Service,speedeedelivery,https://speedeedelivery.applicantpro.com/jobs/
Spinnaker,spinnaker,https://spinnaker.applicantpro.com/jobs/
SPIROL International Corporation,spirol,https://spirol.applicantpro.com/jobs/
SPIROL Shim Division,spiroloh,https://spiroloh.applicantpro.com/jobs/
Spokane Falls Care,spokanefallscare,https://spokanefallscare.applicantpro.com/jobs/
Spokane Valley ENT,spokanevalleyent,https://spokanevalleyent.applicantpro.com/jobs/
The Sports Facilities Companies,sportadvisory,https://sportadvisory.applicantpro.com/jobs/
Spot On Plumbing,spotonplumbingtulsa,https://spotonplumbingtulsa.applicantpro.com/jobs/
SRI Telecom,sritelecom,https://sritelecom.applicantpro.com/jobs/
"Satellite Services, Inc.",ssimain,https://ssimain.applicantpro.com/jobs/
"SSP Law Co., L.P.A.",sspfirm,https://sspfirm.applicantpro.com/jobs/
Stable Rock Solutions,stablerock,https://stablerock.applicantpro.com/jobs/
City of Stafford,staffordtx,https://staffordtx.applicantpro.com/jobs/
Stampede Culinary Partners,stampedeculinarypartners,https://stampedeculinarypartners.applicantpro.com/jobs/
Standard TV and Appliance,standardtvandappliance,https://standardtvandappliance.applicantpro.com/jobs/
St. Andrew's Parks & Playground,standrewsparks,https://standrewsparks.applicantpro.com/jobs/
Systems Technology & Research Inc.,starhq,https://starhq.applicantpro.com/jobs/
"STAR, Inc.",starincct,https://starincct.applicantpro.com/jobs/
Starkey Inc.,starkey,https://starkey.applicantpro.com/jobs/
Stark Parks,starkparks,https://starkparks.applicantpro.com/jobs/
Staybridge/EVEN Rochester,staybridgerochester,https://staybridgerochester.applicantpro.com/jobs/
"City of St. Charles, MO",stcharlescitymo,https://stcharlescitymo.applicantpro.com/jobs/
St Edwards University,stedwards,https://stedwards.applicantpro.com/jobs/
Steele Rubber Products,steelerubber,https://steelerubber.applicantpro.com/jobs/
Strategies to Empower People Inc.,stepagency,https://stepagency.applicantpro.com/jobs/
Stepping Out,steppingoutinc,https://steppingoutinc.applicantpro.com/jobs/
zzzzzzzDO NOT USEZZZZZSTERNO – A Sterno Group Company,sterno,https://sterno.applicantpro.com/jobs/
Stevens Construction Corp.,stevensconstruction,https://stevensconstruction.applicantpro.com/jobs/
Stewart Painting,stewartpainting,https://stewartpainting.applicantpro.com/jobs/
"City of St. Helens, Oregon",sthelensoregon,https://sthelensoregon.applicantpro.com/jobs/
"L & JG STICKLEY, INC.",stickley,https://stickley.applicantpro.com/jobs/
Stimson Center,stimson,https://stimson.applicantpro.com/jobs/
St. Louis Composting,stlcompost,https://stlcompost.applicantpro.com/jobs/
St. Mary's University,stmarytx,https://stmarytx.applicantpro.com/jobs/
Stone Creek Resorts,stonecreekresorts,https://stonecreekresorts.applicantpro.com/jobs/
Stone Rehab and Senior Living,stonerehabandseniorliving,https://stonerehabandseniorliving.applicantpro.com/jobs/
The Stony Brook School,stonybrookschool,https://stonybrookschool.applicantpro.com/jobs/
Storr Office Environments,storr,https://storr.applicantpro.com/jobs/
"Storr Logistic Services, Inc",storrls,https://storrls.applicantpro.com/jobs/
Storybook ABA,storybookaba,https://storybookaba.applicantpro.com/jobs/
City of St. Peters,stpetersmo,https://stpetersmo.applicantpro.com/jobs/
YMCA of Greater St. Petersburg,stpeteymca,https://stpeteymca.applicantpro.com/jobs/
"Strat Property Management, Inc.",stratprop,https://stratprop.applicantpro.com/jobs/
Straz Center for the Performing Arts,strazcenter,https://strazcenter.applicantpro.com/jobs/
Strides Therapy and Educational Services,stridesspeechtherapy,https://stridesspeechtherapy.applicantpro.com/jobs/
SWMG,strittmatterwealth,https://strittmatterwealth.applicantpro.com/jobs/
StructSure Projects,structsureprojects,https://structsureprojects.applicantpro.com/jobs/
University of St. Thomas,stthom,https://stthom.applicantpro.com/jobs/
Stuart Contractors LLC,stuartcontractors,https://stuartcontractors.applicantpro.com/jobs/
Stuteville Auto Group,stutevilleauto,https://stutevilleauto.applicantpro.com/jobs/
Suffolk Credit Union,suffolkcu,https://suffolkcu.applicantpro.com/jobs/
SugarHouse Industries,sugarhouseindustries,https://sugarhouseindustries.applicantpro.com/jobs/
Suite Living Hospice Care,suitelivinghospicecare,https://suitelivinghospicecare.applicantpro.com/jobs/
Suite Living Senior Care,suitelivingseniorcare,https://suitelivingseniorcare.applicantpro.com/jobs/
Suit-Kote Corporation,suitkote,https://suitkote.applicantpro.com/jobs/
Summit Golf Brands,summitgolfbrands,https://summitgolfbrands.applicantpro.com/jobs/
"Summit Management Group, Inc.",summithousinggroup,https://summithousinggroup.applicantpro.com/jobs/
SummitHR,summithr,https://summithr.applicantpro.com/jobs/
Suncoast Community Health Centers Inc.,suncoastchc,https://suncoastchc.applicantpro.com/jobs/
Sundance Mountain Resort,sundance,https://sundance.applicantpro.com/jobs/
Sun East Federal Credit Union,suneast,https://suneast.applicantpro.com/jobs/
Sun Health,sunhealth,https://sunhealth.applicantpro.com/jobs/
Sunland Asphalt,sunlandasphalt,https://sunlandasphalt.applicantpro.com/jobs/
Sunridge Hotel Group,sunridgehotels,https://sunridgehotels.applicantpro.com/jobs/
Sunset Auto Group,sunsetautogroup,https://sunsetautogroup.applicantpro.com/jobs/
Sunshine Terrace Foundation,sunshineterrace,https://sunshineterrace.applicantpro.com/jobs/
SuperSelby,superselby,https://superselby.applicantpro.com/jobs/
SURVICE Engineering Company,survice,https://survice.applicantpro.com/jobs/
Sutton Bank,suttonbank,https://suttonbank.applicantpro.com/jobs/
Sweetwater County,sweetwy,https://sweetwy.applicantpro.com/jobs/
SWI Wyoming,swiwyoming,https://swiwyoming.applicantpro.com/jobs/
Sydor Optics Inc.,sydor,https://sydor.applicantpro.com/jobs/
Syracuse City,syracuseut,https://syracuseut.applicantpro.com/jobs/
"Systems Integration, Inc.",sysintegration,https://sysintegration.applicantpro.com/jobs/
"T2 Contracting, Inc.",t2contracting,https://t2contracting.applicantpro.com/jobs/
Tactical Engineering & Analysis,taceng,https://taceng.applicantpro.com/jobs/
"Taco John's - Murray 5G, Inc.",tacojohnsmurray5g,https://tacojohnsmurray5g.applicantpro.com/jobs/
"Taco John's - Twin City T.J.s, Inc",tacojohnstc,https://tacojohnstc.applicantpro.com/jobs/
Tait North America,taitradio,https://taitradio.applicantpro.com/jobs/
Hill Country Transit District,takethehop,https://takethehop.applicantpro.com/jobs/
Talent Plus,talent,https://talent.applicantpro.com/jobs/
Talon Development,talon,https://talon.applicantpro.com/jobs/
Tama Benton Co-op,tamabentoncoop,https://tamabentoncoop.applicantpro.com/jobs/
Tamarack Foods,tamarackfoods,https://tamarackfoods.applicantpro.com/jobs/
Tanimura & Antle,taproduce,https://taproduce.applicantpro.com/jobs/
Tattnall Health Center,tattnallnh,https://tattnallnh.applicantpro.com/jobs/
Taylor Community,taylorcommunity,https://taylorcommunity.applicantpro.com/jobs/
City of Taylorsville,taylorsvilleut,https://taylorsvilleut.applicantpro.com/jobs/
"T Bailey, LLC",tbailey,https://tbailey.applicantpro.com/jobs/
TCA Architects,tcaarch,https://tcaarch.applicantpro.com/jobs/
"Treasure Coast Community Health, Inc.",tcchinc,https://tcchinc.applicantpro.com/jobs/
Tri-County Electric Cooperative,tcectexas,https://tcectexas.applicantpro.com/jobs/
CORNETT,teamcornett,https://teamcornett.applicantpro.com/jobs/
"Direct Marketing Solutions, Inc",teamdms,https://teamdms.applicantpro.com/jobs/
Team Ford Las Vegas,teamfordlasvegas,https://teamfordlasvegas.applicantpro.com/jobs/
Northcentral Telcom (NCT),teamnct,https://teamnct.applicantpro.com/jobs/
Team TSP,teamtsp,https://teamtsp.applicantpro.com/jobs/
Technology Plus,technologyplusonline,https://technologyplusonline.applicantpro.com/jobs/
TEN Credit Union,tencu,https://tencu.applicantpro.com/jobs/
Tentamus California,tentamuscalifornia,https://tentamuscalifornia.applicantpro.com/jobs/
Terrace Grove Assisted Living,terracegroveassistedliving,https://terracegroveassistedliving.applicantpro.com/jobs/
South Texas Renal Care Group,texaskidneycare,https://texaskidneycare.applicantpro.com/jobs/
Texas Quality Plumbing,texasqualityplumbing,https://texasqualityplumbing.applicantpro.com/jobs/
Texas Republic Bank,texasrepublicbank,https://texasrepublicbank.applicantpro.com/jobs/
Texas Tissue Converting,texastissue,https://texastissue.applicantpro.com/jobs/
TF Partners Inc.,tfpartnersinc,https://tfpartnersinc.applicantpro.com/jobs/
Thalhimer,thalhimer,https://thalhimer.applicantpro.com/jobs/
The League of Credit Unions & Affiliates,the-league,https://the-league.applicantpro.com/jobs/
The Alaska Club,thealaskaclub,https://thealaskaclub.applicantpro.com/jobs/
The Arc Lexington,thearclexington,https://thearclexington.applicantpro.com/jobs/
The Arc of Northeastern PA,thearcnepa,https://thearcnepa.applicantpro.com/jobs/
The Arc Oneida-Lewis,thearcolc,https://thearcolc.applicantpro.com/jobs/
The Arms Trucking Co.,thearmsgroup,https://thearmsgroup.applicantpro.com/jobs/
The Aussie Plumber,theaussieplumber,https://theaussieplumber.applicantpro.com/jobs/
Rocky Mountain Bagel Co.,thebagel,https://thebagel.applicantpro.com/jobs/
The Burks Companies,theburkscompanies,https://theburkscompanies.applicantpro.com/jobs/
San Diego LGBT Community Center,thecentersd,https://thecentersd.applicantpro.com/jobs/
The Chimney Guys,thechimneyguys,https://thechimneyguys.applicantpro.com/jobs/
The CJ Group (Formerly Cornwell Jackson),thecjgroup,https://thecjgroup.applicantpro.com/jobs/
xxxxxxxxxDONOTUSExxxxxThe Clubhouse Network,theclubhousenetwork,https://theclubhousenetwork.applicantpro.com/jobs/
The Cottage Senior Living,thecottage,https://thecottage.applicantpro.com/jobs/
City of The Dalles,thedalles,https://thedalles.applicantpro.com/jobs/
The HR Team,thehrteam,https://thehrteam.applicantpro.com/jobs/
The Kelly Group,thekellygroup,https://thekellygroup.applicantpro.com/jobs/
The Lake Estate,thelaskeestatenh,https://thelaskeestatenh.applicantpro.com/jobs/
The Metropolitan District Commission,themdc,https://themdc.applicantpro.com/jobs/
The Nest Family Center,thenestfamilycenternh,https://thenestfamilycenternh.applicantpro.com/jobs/
The Rock Academy,therockacademy,https://therockacademy.applicantpro.com/jobs/
The Shipping Store,theshippingstore,https://theshippingstore.applicantpro.com/jobs/
The Tongue & Groove Store,thetongueandgroovestore,https://thetongueandgroovestore.applicantpro.com/jobs/
The Village Family Service Center,thevillagefamily,https://thevillagefamily.applicantpro.com/jobs/
The Waters,thewaters,https://thewaters.applicantpro.com/jobs/
The Westerner,thewesterner,https://thewesterner.applicantpro.com/jobs/
The Worx: Outpatient Therapy and Fitness,theworx,https://theworx.applicantpro.com/jobs/
ForzaCare,thinkforza,https://thinkforza.applicantpro.com/jobs/
Thompson Gray Inc.,thompsongrayinc,https://thompsongrayinc.applicantpro.com/jobs/
Thorstad Companies,thorstadcompanies,https://thorstadcompanies.applicantpro.com/jobs/
TigerTel,tigertel,https://tigertel.applicantpro.com/jobs/
Tight Quarters Inc,tightquartersdemo,https://tightquartersdemo.applicantpro.com/jobs/
"Tindells, Inc.",tindells,https://tindells.applicantpro.com/jobs/
TitleEase,titleeasefranchise,https://titleeasefranchise.applicantpro.com/jobs/
Taco Johns of Minnesota,tjmn,https://tjmn.applicantpro.com/jobs/
Taco Johns of Wisconsin,tjwi,https://tjwi.applicantpro.com/jobs/
T K Group,tkgrouphearing,https://tkgrouphearing.applicantpro.com/jobs/
TLC Electronics,tlcelectronics,https://tlcelectronics.applicantpro.com/jobs/
The Millennium Group,tmgofficeservices,https://tmgofficeservices.applicantpro.com/jobs/
TN Distilling,tndistilling,https://tndistilling.applicantpro.com/jobs/
City of Tolleson,tollesonaz,https://tollesonaz.applicantpro.com/jobs/
Tomorrow's Technology Today,tomtechtoday,https://tomtechtoday.applicantpro.com/jobs/
Tooele City,tooelecity,https://tooelecity.applicantpro.com/jobs/
Tooele County,tooelecounty,https://tooelecounty.applicantpro.com/jobs/
Toole Design,tooledesign,https://tooledesign.applicantpro.com/jobs/
Toolworks,toolworks,https://toolworks.applicantpro.com/jobs/
Top of Mind PR,topofmindpr,https://topofmindpr.applicantpro.com/jobs/
Top of the Rock,topoftherock,https://topoftherock.applicantpro.com/jobs/
Top Rank Plumbing,toprankplumbing,https://toprankplumbing.applicantpro.com/jobs/
Topsarge Business Solutions,topsarge,https://topsarge.applicantpro.com/jobs/
Torden LLC,torden,https://torden.applicantpro.com/jobs/
Total Water Treatment Systems Inc.,totalwater,https://totalwater.applicantpro.com/jobs/
Town and Country Credit Union,townandcountryhiring,https://townandcountryhiring.applicantpro.com/jobs/
"Titan Protection and Consulting, Inc.",tpcsecurity,https://tpcsecurity.applicantpro.com/jobs/
Trailers Direct Express,trailersdirectexpress,https://trailersdirectexpress.applicantpro.com/jobs/
TrailWest Bank,trailwestbank,https://trailwestbank.applicantpro.com/jobs/
Transitions,transitions,https://transitions.applicantpro.com/jobs/
Tree Top,treetop,https://treetop.applicantpro.com/jobs/
Tremont Credit Union,tremontcu,https://tremontcu.applicantpro.com/jobs/
MEDC: Tribal One,tribalone,https://tribalone.applicantpro.com/jobs/
Tribute Baking Company,tributebaking,https://tributebaking.applicantpro.com/jobs/
Tri-Cities Monitoring Inc.,tricitiesmonitoring,https://tricitiesmonitoring.applicantpro.com/jobs/
Trident Marketing,tridentmarketing,https://tridentmarketing.applicantpro.com/jobs/
TRIGO Global Quality Solutions,trigogroup,https://trigogroup.applicantpro.com/jobs/
Trinity Investors,trinitypeg,https://trinitypeg.applicantpro.com/jobs/
"Triton Systems, Inc.",tritonsystems,https://tritonsystems.applicantpro.com/jobs/
Trocaire College,trocaire,https://trocaire.applicantpro.com/jobs/
Trout Haven Resorts,trouthavenresorts,https://trouthavenresorts.applicantpro.com/jobs/
TRUE Community Credit Union,truecommunitycreditunion,https://truecommunitycreditunion.applicantpro.com/jobs/
True North Health Center,truenorthhealthcenter,https://truenorthhealthcenter.applicantpro.com/jobs/
TruPartner Credit Union,trupartnercu,https://trupartnercu.applicantpro.com/jobs/
Hancock County Health System,trusthchs,https://trusthchs.applicantpro.com/jobs/
Trust Point Inc.,trustpointinc,https://trustpointinc.applicantpro.com/jobs/
"Terminix Service, Inc.",trustterminix,https://trustterminix.applicantpro.com/jobs/
TSC Subway Crew,tscsubwaycrew,https://tscsubwaycrew.applicantpro.com/jobs/
Tuacahn Center For The Arts,tuacahn,https://tuacahn.applicantpro.com/jobs/
Tulare Outlets,tulareoutlets,https://tulareoutlets.applicantpro.com/jobs/
Tunstall Engineering Group,tunstallengineering,https://tunstallengineering.applicantpro.com/jobs/
TURN Community Services,turncommunityservices,https://turncommunityservices.applicantpro.com/jobs/
Turner Industries,turnerindustries,https://turnerindustries.applicantpro.com/jobs/
Turner Pest Control,turnerpest,https://turnerpest.applicantpro.com/jobs/
Twinbrook Assisted Living,twinbrookassistedliving,https://twinbrookassistedliving.applicantpro.com/jobs/
Twin Valley Assisted Living,twinvalleyassistedliving,https://twinvalleyassistedliving.applicantpro.com/jobs/
Tyonek Native Corporation,tyonekjobs,https://tyonekjobs.applicantpro.com/jobs/
City of University City,ucitymo,https://ucitymo.applicantpro.com/jobs/
UCP Seguin of Greater Chicago,ucpseguin,https://ucpseguin.applicantpro.com/jobs/
United Hospital District,uhd,https://uhd.applicantpro.com/jobs/
"Ulrich Lifestyle Structures, LLC",ulrichlifestylestructures,https://ulrichlifestylestructures.applicantpro.com/jobs/
Umarex USA,umarexusa,https://umarexusa.applicantpro.com/jobs/
United Midwest Savings Bank,umwsb,https://umwsb.applicantpro.com/jobs/
Union Volunteer Emergency Squad,unionems,https://unionems.applicantpro.com/jobs/
Union Wireless,unionwireless,https://unionwireless.applicantpro.com/jobs/
Unique Movers,uniquemoversmn,https://uniquemoversmn.applicantpro.com/jobs/
Unique Rehabilitation and Health Center,uniquerhc,https://uniquerhc.applicantpro.com/jobs/
Unissant,unissant,https://unissant.applicantpro.com/jobs/
United Contractor Services,unitedcs,https://unitedcs.applicantpro.com/jobs/
United Fiber,unitedfiber,https://unitedfiber.applicantpro.com/jobs/
Mile High United Way,unitedwaydenver,https://unitedwaydenver.applicantpro.com/jobs/
United Way of Massachusetts Bay,unitedwaymassbay,https://unitedwaymassbay.applicantpro.com/jobs/
United Way for Southeastern Michigan,unitedwaysem,https://unitedwaysem.applicantpro.com/jobs/
"Unitemp, Inc",unitempinc,https://unitempinc.applicantpro.com/jobs/
Unity House of Cayuga County,unityhouse,https://unityhouse.applicantpro.com/jobs/
Unity Preparatory Charter School of Brooklyn,unityprep,https://unityprep.applicantpro.com/jobs/
Universal Presentation Concepts,upcdisplays,https://upcdisplays.applicantpro.com/jobs/
Urban Youth Impact,urbanyouthimpact,https://urbanyouthimpact.applicantpro.com/jobs/
USA Cyber,usacyber,https://usacyber.applicantpro.com/jobs/
Utility Supply and Construction Company,uscco,https://uscco.applicantpro.com/jobs/
"US Telecommunications, Inc.",ustci,https://ustci.applicantpro.com/jobs/
US Water Services Corporation,uswatercorp,https://uswatercorp.applicantpro.com/jobs/
Utah Community Action,utahca,https://utahca.applicantpro.com/jobs/
Utah First Credit Union,utahfirst,https://utahfirst.applicantpro.com/jobs/
Utah Housing Corporation,utahhousingcorp,https://utahhousingcorp.applicantpro.com/jobs/
Utah State Courts,utcourts,https://utcourts.applicantpro.com/jobs/
UT Federal Credit Union,utfcu,https://utfcu.applicantpro.com/jobs/
Jobs,vacancy,https://vacancy.applicantpro.com/jobs/
Valencia at Draper,valenciadraper,https://valenciadraper.applicantpro.com/jobs/
Vali Incorporated,valicorp,https://valicorp.applicantpro.com/jobs/
Value Vet,valuevet,https://valuevet.applicantpro.com/jobs/
"VAMAC, Inc.",vamac,https://vamac.applicantpro.com/jobs/
Van-Am Tool & Engineering,vanamtool,https://vanamtool.applicantpro.com/jobs/
"Vanir Installed Sales, LLC",vanirinstalledsales,https://vanirinstalledsales.applicantpro.com/jobs/
Vanzandt Controls,vanzandtcontrols,https://vanzandtcontrols.applicantpro.com/jobs/
"Velox, LLC",veloxuc,https://veloxuc.applicantpro.com/jobs/
Verde Clean,verdeclean,https://verdeclean.applicantpro.com/jobs/
Verity Integrated Systems,verityintsys,https://verityintsys.applicantpro.com/jobs/
Vermont Electric Cooperative,vermontelectriccoop,https://vermontelectriccoop.applicantpro.com/jobs/
Verona Collective,veronacollective,https://veronacollective.applicantpro.com/jobs/
VES LLC,ves,https://ves.applicantpro.com/jobs/
VIATechnik,viatechnik,https://viatechnik.applicantpro.com/jobs/
Vibe Credit Union,vibecreditunion,https://vibecreditunion.applicantpro.com/jobs/
Viking Coca-Cola,vikingcocacola,https://vikingcocacola.applicantpro.com/jobs/
Viking Pest,vikingpest,https://vikingpest.applicantpro.com/jobs/
Village Care,villagecare,https://villagecare.applicantpro.com/jobs/
Vineyard City,vineyardutah,https://vineyardutah.applicantpro.com/jobs/
VIP Taxi,viptaxi,https://viptaxi.applicantpro.com/jobs/
"Visioneering, Inc.",vistool,https://vistool.applicantpro.com/jobs/
Vital Health,vitalhcare,https://vitalhcare.applicantpro.com/jobs/
"Vita Nova, Inc",vitanovainc,https://vitanovainc.applicantpro.com/jobs/
Viterbo University,viterbo,https://viterbo.applicantpro.com/jobs/
Viviano Flower Shop,viviano,https://viviano.applicantpro.com/jobs/
Vivid Impact,vividimpact,https://vividimpact.applicantpro.com/jobs/
VLCM,vlcmtech,https://vlcmtech.applicantpro.com/jobs/
VLinc,vlinc,https://vlinc.applicantpro.com/jobs/
VNA of Florida,vnaflorida,https://vnaflorida.applicantpro.com/jobs/
Volunteer Corporate Credit Union,volcorp,https://volcorp.applicantpro.com/jobs/
Voss Auto Network,vossauto,https://vossauto.applicantpro.com/jobs/
VP Services,vpservices,https://vpservices.applicantpro.com/jobs/
Victory Solutions Inc.,vsinc,https://vsinc.applicantpro.com/jobs/
VSR Industries,vsrindustries,https://vsrindustries.applicantpro.com/jobs/
VTech Electronics,vtechtoys,https://vtechtoys.applicantpro.com/jobs/
Wagner Spray Tech,wagnerspraytech,https://wagnerspraytech.applicantpro.com/jobs/
Walashek,walashek,https://walashek.applicantpro.com/jobs/
WALCO Tool & Engineering,walcotool,https://walcotool.applicantpro.com/jobs/
"Walther Arms, Inc.",waltherarms,https://waltherarms.applicantpro.com/jobs/
Flex-O-Glass Inc,warps,https://warps.applicantpro.com/jobs/
Warrior Insurance Network,warriorinsurancenetwork,https://warriorinsurancenetwork.applicantpro.com/jobs/
Wasatch Behavioral Health,wasatch,https://wasatch.applicantpro.com/jobs/
Wasatch County,wasatchcounty,https://wasatchcounty.applicantpro.com/jobs/
Washington County,washcoutahjobs,https://washcoutahjobs.applicantpro.com/jobs/
Washington City,washingtoncity,https://washingtoncity.applicantpro.com/jobs/
Washington & Jefferson College,washjeff,https://washjeff.applicantpro.com/jobs/
Watson Civil Construction,watsoncivil,https://watsoncivil.applicantpro.com/jobs/
"Watts Dental - Apollo Beach, FL",wattsdentalapollobeach,https://wattsdentalapollobeach.applicantpro.com/jobs/
"Watts Dental - Lithia, FL",wattsdentalfl,https://wattsdentalfl.applicantpro.com/jobs/
Waychoff’s Air Conditioning,waychoffsairconditioning,https://waychoffsairconditioning.applicantpro.com/jobs/
The Arc Wayne,waynearc,https://waynearc.applicantpro.com/jobs/
Wayne County Government,waynecountygovernment,https://waynecountygovernment.applicantpro.com/jobs/
WC Health,wc-health,https://wc-health.applicantpro.com/jobs/
Wee Care Pediatrics,wcpeds,https://wcpeds.applicantpro.com/jobs/
btyDENTAL WA Group,wdg,https://wdg.applicantpro.com/jobs/
"World Data Products, Inc.",wdpicareers,https://wdpicareers.applicantpro.com/jobs/
MASS – Massachusetts Advocates Standing Strong,wearemass,https://wearemass.applicantpro.com/jobs/
Wearwell LLC,wearwell,https://wearwell.applicantpro.com/jobs/
Weber Human Services,weberhs,https://weberhs.applicantpro.com/jobs/
City of Webster,webstercity,https://webstercity.applicantpro.com/jobs/
Weeks Service Company,weeksservicecompany,https://weeksservicecompany.applicantpro.com/jobs/
ProComm,wegetthemessage,https://wegetthemessage.applicantpro.com/jobs/
Wegner CPAs,wegnercpas,https://wegnercpas.applicantpro.com/jobs/
"Weisgram Metal Fab, Inc.",weisgram,https://weisgram.applicantpro.com/jobs/
Wellan Montessori School,wellanmontessori,https://wellanmontessori.applicantpro.com/jobs/
Wendle Ford,wendle,https://wendle.applicantpro.com/jobs/
Wendy's,wendysdesmond,https://wendysdesmond.applicantpro.com/jobs/
West Bay RI,westbayri,https://westbayri.applicantpro.com/jobs/
Western Environmental Law Center,westernlaw,https://westernlaw.applicantpro.com/jobs/
West Florida Electric Cooperative,westfloridacoop,https://westfloridacoop.applicantpro.com/jobs/
Westland Resources,westlandresources,https://westlandresources.applicantpro.com/jobs/
City of West University Place,westutx,https://westutx.applicantpro.com/jobs/
Western Farmers Electric Cooperative,wfec,https://wfec.applicantpro.com/jobs/
Whiteford Kenworth,whitefordkenworth,https://whitefordkenworth.applicantpro.com/jobs/
"WhiteWater, Inc.",whitewater,https://whitewater.applicantpro.com/jobs/
Wiley|Wilson,wileywilson,https://wileywilson.applicantpro.com/jobs/
Wilkes University,wilkesuniversitycareers,https://wilkesuniversitycareers.applicantpro.com/jobs/
WillowWood,willowwoodco,https://willowwoodco.applicantpro.com/jobs/
Wilson Connectivity,wilsonconnectivity,https://wilsonconnectivity.applicantpro.com/jobs/
WinSouth Credit Union,winsouthcu,https://winsouthcu.applicantpro.com/jobs/
Wiser,wiser,https://wiser.applicantpro.com/jobs/
Wise Snacks,wisesnacks,https://wisesnacks.applicantpro.com/jobs/
Wisper ISP,wisperisp,https://wisperisp.applicantpro.com/jobs/
"Witco, Inc.",witco,https://witco.applicantpro.com/jobs/
Wolverine Fuels,wolverinefuels,https://wolverinefuels.applicantpro.com/jobs/
Wolverine Power Cooperative,wolverinepowercooperative,https://wolverinepowercooperative.applicantpro.com/jobs/
Wonders Early Learning + Extended Day,wonderslearning,https://wonderslearning.applicantpro.com/jobs/
Wonders of Wildlife National Museum & Aquarium,wondersofwildlife,https://wondersofwildlife.applicantpro.com/jobs/
Woodford Oil Company,woodfordoil,https://woodfordoil.applicantpro.com/jobs/
City of Woodstock Illinois,woodstockil,https://woodstockil.applicantpro.com/jobs/
World Learning,worldlearning,https://worldlearning.applicantpro.com/jobs/
Jack Flash Stores,wortmanstores,https://wortmanstores.applicantpro.com/jobs/
Warren RECC,wrecc,https://wrecc.applicantpro.com/jobs/
Wolverine Solutions Group,wsg,https://wsg.applicantpro.com/jobs/
WSI Trash & Recycling Valet,wsitrashvalet,https://wsitrashvalet.applicantpro.com/jobs/
WWC Engineering,wwcengineering,https://wwcengineering.applicantpro.com/jobs/
S&L Industrial,wysli,https://wysli.applicantpro.com/jobs/
X-Bow Systems,xbowsystems,https://xbowsystems.applicantpro.com/jobs/
Xcel Engineering,xceleng,https://xceleng.applicantpro.com/jobs/
Xidax,xidax,https://xidax.applicantpro.com/jobs/
XOTIC PC,xoticpc,https://xoticpc.applicantpro.com/jobs/
Xyngular,xyngular,https://xyngular.applicantpro.com/jobs/
YMCA of the Suncoast,ymca,https://ymca.applicantpro.com/jobs/
YMCA of Greater Erie,ymcaerie,https://ymcaerie.applicantpro.com/jobs/
YMCA of Lincoln,ymcalincoln,https://ymcalincoln.applicantpro.com/jobs/
YMCA of Greater Richmond,ymcarichmond,https://ymcarichmond.applicantpro.com/jobs/
YMCA of Central Stark County,ymcastark,https://ymcastark.applicantpro.com/jobs/
YMCA of Greater Toledo,ymcatoledo,https://ymcatoledo.applicantpro.com/jobs/
Youngs Home Health & Senior Center,youngshomehealth,https://youngshomehealth.applicantpro.com/jobs/
ASE Credit Union,yourasecu,https://yourasecu.applicantpro.com/jobs/
REDLIST,yourredlist,https://yourredlist.applicantpro.com/jobs/
Zeal Credit Union,zealcu,https://zealcu.applicantpro.com/jobs/
Zenner & Ritter,zennerandritter,https://zennerandritter.applicantpro.com/jobs/
Zielies Tree Service,zielies,https://zielies.applicantpro.com/jobs/
ZoeRVA Health,zoerva,https://zoerva.applicantpro.com/jobs/
