name,slug,url,country_iso
Ashtabula Area City School District,https://www.applitrack.com/aacs/onlineapp,https://www.applitrack.com/aacs/onlineapp,US
Allegan Area Schools Application Consortium,https://www.applitrack.com/aasac/onlineapp,https://www.applitrack.com/aasac/onlineapp,US
Appleton Area School District,https://www.applitrack.com/aasd/onlineapp,https://www.applitrack.com/aasd/onlineapp,US
Albuquerque School of Excellence,https://www.applitrack.com/abqse/onlineapp,https://www.applitrack.com/abqse/onlineapp,US
Acton-Boxborough Regional School District,https://www.applitrack.com/abrsd/onlineapp,https://www.applitrack.com/abrsd/onlineapp,US
Acadia Parish Schools,https://www.applitrack.com/acadiak12la/onlineapp,https://www.applitrack.com/acadiak12la/onlineapp,US
Atlantic City Public Schools,https://www.applitrack.com/acboe/onlineapp,https://www.applitrack.com/acboe/onlineapp,US
Achieve Language Academy,https://www.applitrack.com/achievemn/onlineapp,https://www.applitrack.com/achievemn/onlineapp,US
Atlantic County Vocational School District,https://www.applitrack.com/acitech/onlineapp,https://www.applitrack.com/acitech/onlineapp,US
Allendale County School District,https://www.applitrack.com/acs/onlineapp,https://www.applitrack.com/acs/onlineapp,US
Anderson Community School Corporation,https://www.applitrack.com/acsc/onlineapp,https://www.applitrack.com/acsc/onlineapp,US
Anderson School District 3,https://www.applitrack.com/acsd3/onlineapp,https://www.applitrack.com/acsd3/onlineapp,US
Abbeville County School District,https://www.applitrack.com/acsdsc/onlineapp,https://www.applitrack.com/acsdsc/onlineapp,US
Ada City Schools,https://www.applitrack.com/adacougars/onlineapp,https://www.applitrack.com/adacougars/onlineapp,US
Adams 12 Five Star Schools,https://www.applitrack.com/adams12/onlineapp,https://www.applitrack.com/adams12/onlineapp,US
Adams County School District 14,https://www.applitrack.com/adams14/onlineapp,https://www.applitrack.com/adams14/onlineapp,US
Westminster Public Schools,https://www.applitrack.com/adams50/onlineapp,https://www.applitrack.com/adams50/onlineapp,US
ADM Community School District,https://www.applitrack.com/admschools/onlineapp,https://www.applitrack.com/admschools/onlineapp,US
Adrian Public Schools,https://www.applitrack.com/adrianmaples/onlineapp,https://www.applitrack.com/adrianmaples/onlineapp,US
Mississippi Bend Area Education Agency,https://www.applitrack.com/aea9/onlineapp,https://www.applitrack.com/aea9/onlineapp,US
AERO Special Education Cooperative,https://www.applitrack.com/aero/onlineapp,https://www.applitrack.com/aero/onlineapp,US
Ash Grove R-IV School District,https://www.applitrack.com/ag/onlineapp,https://www.applitrack.com/ag/onlineapp,US
Avon Grove Charter School,https://www.applitrack.com/agcharter/onlineapp,https://www.applitrack.com/agcharter/onlineapp,US
Agua Fria High School District,https://www.applitrack.com/aguafria/onlineapp,https://www.applitrack.com/aguafria/onlineapp,US
Abington Heights School District,https://www.applitrack.com/ahsd/onlineapp,https://www.applitrack.com/ahsd/onlineapp,US
Appalachia Intermediate Unit 8,https://www.applitrack.com/aiu08/onlineapp,https://www.applitrack.com/aiu08/onlineapp,US
Apache Junction Unified School District,https://www.applitrack.com/ajusd/onlineapp,https://www.applitrack.com/ajusd/onlineapp,US
Akron Public Schools,https://www.applitrack.com/akron/onlineapp,https://www.applitrack.com/akron/onlineapp,US
Alamosa School District Re-11-J,https://www.applitrack.com/alamosak12/onlineapp,https://www.applitrack.com/alamosak12/onlineapp,US
Anchorage School District,https://www.applitrack.com/alaskateacher/onlineapp,https://www.applitrack.com/alaskateacher/onlineapp,US
Albert Lea Area Schools,https://www.applitrack.com/albertlea/onlineapp,https://www.applitrack.com/albertlea/onlineapp,US
Alcorn School District,https://www.applitrack.com/alcornschools/onlineapp,https://www.applitrack.com/alcornschools/onlineapp,US
Aldine ISD,https://www.applitrack.com/aldineisd/onlineapp,https://www.applitrack.com/aldineisd/onlineapp,US
Aledo ISD,https://www.applitrack.com/aledo/onlineapp,https://www.applitrack.com/aledo/onlineapp,US
Alexandria Township Public Schools,https://www.applitrack.com/alexandriaschools/onlineapp,https://www.applitrack.com/alexandriaschools/onlineapp,US
Alice Independent School District,https://www.applitrack.com/aliceisd/onlineapp,https://www.applitrack.com/aliceisd/onlineapp,US
Alisal Union School District,https://www.applitrack.com/alisal/onlineapp,https://www.applitrack.com/alisal/onlineapp,US
Allen County Schools,https://www.applitrack.com/allencounty/onlineapp,https://www.applitrack.com/allencounty/onlineapp,US
Allendale Public Schools,https://www.applitrack.com/allendale/onlineapp,https://www.applitrack.com/allendale/onlineapp,US
Allendale School District,https://www.applitrack.com/allendaleschoolsnj/onlineapp,https://www.applitrack.com/allendaleschoolsnj/onlineapp,US
Allen Parish School Board,https://www.applitrack.com/allenparish/onlineapp,https://www.applitrack.com/allenparish/onlineapp,US
Allentown City School District,https://www.applitrack.com/allentown/onlineapp,https://www.applitrack.com/allentown/onlineapp,US
Alpine School District,https://www.applitrack.com/alpineschools/onlineapp,https://www.applitrack.com/alpineschools/onlineapp,US
Alton School District School Administrative Unit 72,https://www.applitrack.com/altonk12/onlineapp,https://www.applitrack.com/altonk12/onlineapp,US
Alvin ISD,https://www.applitrack.com/alvinisd/onlineapp,https://www.applitrack.com/alvinisd/onlineapp,US
Ames Community School District,https://www.applitrack.com/amesk12/onlineapp,https://www.applitrack.com/amesk12/onlineapp,US
Amity Regional School District No. 5,https://www.applitrack.com/amityregion5/onlineapp,https://www.applitrack.com/amityregion5/onlineapp,US
Anaconda School District #10,https://www.applitrack.com/anacondaschools/onlineapp,https://www.applitrack.com/anacondaschools/onlineapp,US
Anderson School District 2,https://www.applitrack.com/anderson2/onlineapp,https://www.applitrack.com/anderson2/onlineapp,US
"Andover Public Schools, USD #385",https://www.applitrack.com/andover/onlineapp,https://www.applitrack.com/andover/onlineapp,US
Andover Central School District,https://www.applitrack.com/andovercsd/onlineapp,https://www.applitrack.com/andovercsd/onlineapp,US
Ansonia School District,https://www.applitrack.com/ansonia/onlineapp,https://www.applitrack.com/ansonia/onlineapp,US
Anthony Independent School District,https://www.applitrack.com/anthonyisd/onlineapp,https://www.applitrack.com/anthonyisd/onlineapp,US
Anthony Wayne Local Schools,https://www.applitrack.com/anthonywayne/onlineapp,https://www.applitrack.com/anthonywayne/onlineapp,US
Antioch School District 34,https://www.applitrack.com/antioch34/onlineapp,https://www.applitrack.com/antioch34/onlineapp,US
A+ Charter Schools,https://www.applitrack.com/apluscharterschools/onlineapp,https://www.applitrack.com/apluscharterschools/onlineapp,US
Appoquinimink School District,https://www.applitrack.com/apposchooldistrict/onlineapp,https://www.applitrack.com/apposchooldistrict/onlineapp,US
Alamogordo Public Schools,https://www.applitrack.com/aps4kids/onlineapp,https://www.applitrack.com/aps4kids/onlineapp,US
Archdiocese of Galveston-Houston,https://www.applitrack.com/archgh/onlineapp,https://www.applitrack.com/archgh/onlineapp,US
Ardmore City Schools,https://www.applitrack.com/ardmoreschools/onlineapp,https://www.applitrack.com/ardmoreschools/onlineapp,US
Argo Community High School,https://www.applitrack.com/argo217/onlineapp,https://www.applitrack.com/argo217/onlineapp,US
Argos Community Schools,https://www.applitrack.com/argos/onlineapp,https://www.applitrack.com/argos/onlineapp,US
Arp Independent School District,https://www.applitrack.com/arpisd/onlineapp,https://www.applitrack.com/arpisd/onlineapp,US
Asbury Park School District,https://www.applitrack.com/asburypark/onlineapp,https://www.applitrack.com/asburypark/onlineapp,US
Anderson-Shiro Consolidated Independent School District,https://www.applitrack.com/ascisd/onlineapp,https://www.applitrack.com/ascisd/onlineapp,US
Anchorage School District,https://www.applitrack.com/asd/onlineapp,https://www.applitrack.com/asd/onlineapp,US
AZ State School for the Deaf and Blind,https://www.applitrack.com/asdb/onlineapp,https://www.applitrack.com/asdb/onlineapp,US
Asheville City Schools,https://www.applitrack.com/asheville/onlineapp,https://www.applitrack.com/asheville/onlineapp,US
Ashford School District,https://www.applitrack.com/ashfordct/onlineapp,https://www.applitrack.com/ashfordct/onlineapp,US
School District of Ashland,https://www.applitrack.com/ashland/onlineapp,https://www.applitrack.com/ashland/onlineapp,US
Ashland School District 5,https://www.applitrack.com/ashland5/onlineapp,https://www.applitrack.com/ashland5/onlineapp,US
Ashland City School District,https://www.applitrack.com/ashlandcityschools/onlineapp,https://www.applitrack.com/ashlandcityschools/onlineapp,US
Astoria School District,https://www.applitrack.com/astoria/onlineapp,https://www.applitrack.com/astoria/onlineapp,US
Athens City Schools,https://www.applitrack.com/athenscityschools/onlineapp,https://www.applitrack.com/athenscityschools/onlineapp,US
Athens Independent School District,https://www.applitrack.com/athensisd/onlineapp,https://www.applitrack.com/athensisd/onlineapp,US
Atlanta Public Schools,https://www.applitrack.com/atlantapublicschools/onlineapp,https://www.applitrack.com/atlantapublicschools/onlineapp,US
Attala County School District,https://www.applitrack.com/attalak12/onlineapp,https://www.applitrack.com/attalak12/onlineapp,US
Auburn School District,https://www.applitrack.com/auburnsd/onlineapp,https://www.applitrack.com/auburnsd/onlineapp,US
Aurora City School District,https://www.applitrack.com/auroracity/onlineapp,https://www.applitrack.com/auroracity/onlineapp,US
Austin Independent School District,https://www.applitrack.com/austin/onlineapp,https://www.applitrack.com/austin/onlineapp,US
Austin Minnesota Public School District #492,https://www.applitrack.com/austink12/onlineapp,https://www.applitrack.com/austink12/onlineapp,US
Ava R-I School District,https://www.applitrack.com/avabears/onlineapp,https://www.applitrack.com/avabears/onlineapp,US
Altar Valley Elementary District,https://www.applitrack.com/aved/onlineapp,https://www.applitrack.com/aved/onlineapp,US
Avoca School District 37,https://www.applitrack.com/avoca/onlineapp,https://www.applitrack.com/avoca/onlineapp,US
Avondale Elementary School District,https://www.applitrack.com/avondale/onlineapp,https://www.applitrack.com/avondale/onlineapp,US
Avon Grove School District,https://www.applitrack.com/avongrove/onlineapp,https://www.applitrack.com/avongrove/onlineapp,US
Avon Lake City School District,https://www.applitrack.com/avonlake/onlineapp,https://www.applitrack.com/avonlake/onlineapp,US
Avon Local Schools,https://www.applitrack.com/avonlocal/onlineapp,https://www.applitrack.com/avonlocal/onlineapp,US
Avon Community School Corporation,https://www.applitrack.com/avonschools/onlineapp,https://www.applitrack.com/avonschools/onlineapp,US
Maricopa Association of Governments,https://www.applitrack.com/azmag/onlineapp,https://www.applitrack.com/azmag/onlineapp,US
Baker School District 5J,https://www.applitrack.com/baker5j/onlineapp,https://www.applitrack.com/baker5j/onlineapp,US
Baker Charter Schools,https://www.applitrack.com/bakercharters/onlineapp,https://www.applitrack.com/bakercharters/onlineapp,US
Bakersfield City School District,https://www.applitrack.com/bakersfield/onlineapp,https://www.applitrack.com/bakersfield/onlineapp,US
Ballard Community School District,https://www.applitrack.com/ballardcsd/onlineapp,https://www.applitrack.com/ballardcsd/onlineapp,US
Ballinger Independent School District,https://www.applitrack.com/ballinger/onlineapp,https://www.applitrack.com/ballinger/onlineapp,US
Balsz School District,https://www.applitrack.com/balsz/onlineapp,https://www.applitrack.com/balsz/onlineapp,US
Bandera Independent School District,https://www.applitrack.com/bandera/onlineapp,https://www.applitrack.com/bandera/onlineapp,US
Bandon School District,https://www.applitrack.com/bandon/onlineapp,https://www.applitrack.com/bandon/onlineapp,US
Bangor School Department,https://www.applitrack.com/bangorschools/onlineapp,https://www.applitrack.com/bangorschools/onlineapp,US
Banks School District,https://www.applitrack.com/banksschool/onlineapp,https://www.applitrack.com/banksschool/onlineapp,US
Barkhamsted School District,https://www.applitrack.com/barkhamstedschool/onlineapp,https://www.applitrack.com/barkhamstedschool/onlineapp,US
Barnegat Township School,https://www.applitrack.com/barnegat/onlineapp,https://www.applitrack.com/barnegat/onlineapp,US
Barnesville Public School District,https://www.applitrack.com/barnesville/onlineapp,https://www.applitrack.com/barnesville/onlineapp,US
Barnstead School District,https://www.applitrack.com/barnstead/onlineapp,https://www.applitrack.com/barnstead/onlineapp,US
Broken Arrow Public Schools,https://www.applitrack.com/baschools/onlineapp,https://www.applitrack.com/baschools/onlineapp,US
Bellefonte Area School District,https://www.applitrack.com/basd/onlineapp,https://www.applitrack.com/basd/onlineapp,US
Butler Area School District,https://www.applitrack.com/basdk12/onlineapp,https://www.applitrack.com/basdk12/onlineapp,US
Bethlehem Area School District,https://www.applitrack.com/basdschools/onlineapp,https://www.applitrack.com/basdschools/onlineapp,US
Bradley-Bourbonnais Community High School District 307,https://www.applitrack.com/bbchs/onlineapp,https://www.applitrack.com/bbchs/onlineapp,US
Brecksville-Broadview Heights City School District,https://www.applitrack.com/bbhcsd/onlineapp,https://www.applitrack.com/bbhcsd/onlineapp,US
Bayonne School District,https://www.applitrack.com/bboed/onlineapp,https://www.applitrack.com/bboed/onlineapp,US
Byron-Bergen Central School District,https://www.applitrack.com/bbschools/onlineapp,https://www.applitrack.com/bbschools/onlineapp,US
Butler County Area Application Consortium,https://www.applitrack.com/bcc/onlineapp,https://www.applitrack.com/bcc/onlineapp,US
Brooks County Independent School District,https://www.applitrack.com/bcisdistrict/onlineapp,https://www.applitrack.com/bcisdistrict/onlineapp,US
Burlington County Institute of Technology,https://www.applitrack.com/bcit/onlineapp,https://www.applitrack.com/bcit/onlineapp,US
Baltimore County Public Schools,https://www.applitrack.com/bcps/onlineapp,https://www.applitrack.com/bcps/onlineapp,US
Butler County Special Education Interlocal #638,https://www.applitrack.com/bcsbc/onlineapp,https://www.applitrack.com/bcsbc/onlineapp,US
Bay City School District,https://www.applitrack.com/bcschools/onlineapp,https://www.applitrack.com/bcschools/onlineapp,US
Bartholomew Consolidated School Corporation,https://www.applitrack.com/bcsck12/onlineapp,https://www.applitrack.com/bcsck12/onlineapp,US
Ball-Chatham School District 5,https://www.applitrack.com/bcsd/onlineapp,https://www.applitrack.com/bcsd/onlineapp,US
Burlington Community School District,https://www.applitrack.com/bcsds/onlineapp,https://www.applitrack.com/bcsds/onlineapp,US
Berkeley County School District,https://www.applitrack.com/bcsdschools/onlineapp,https://www.applitrack.com/bcsdschools/onlineapp,US
Bergen County Special Services School District,https://www.applitrack.com/bcss/onlineapp,https://www.applitrack.com/bcss/onlineapp,US
Burlington County Special Services School District,https://www.applitrack.com/bcsssd/onlineapp,https://www.applitrack.com/bcsssd/onlineapp,US
Bergen County Technical Schools,https://www.applitrack.com/bcts/onlineapp,https://www.applitrack.com/bcts/onlineapp,US
Beatrice Public Schools,https://www.applitrack.com/beatricepublicschools/onlineapp,https://www.applitrack.com/beatricepublicschools/onlineapp,US
Beaufort County School District,https://www.applitrack.com/beaufort/onlineapp,https://www.applitrack.com/beaufort/onlineapp,US
Becker Public Schools,https://www.applitrack.com/becker/onlineapp,https://www.applitrack.com/becker/onlineapp,US
Bedford City School District,https://www.applitrack.com/bedford/onlineapp,https://www.applitrack.com/bedford/onlineapp,US
Bedford Public Schools,https://www.applitrack.com/bedfordps/onlineapp,https://www.applitrack.com/bedfordps/onlineapp,US
Bedminster Township School District,https://www.applitrack.com/bedminsterschool/onlineapp,https://www.applitrack.com/bedminsterschool/onlineapp,US
Beeville Independent School District,https://www.applitrack.com/beevilleisd/onlineapp,https://www.applitrack.com/beevilleisd/onlineapp,US
Belfast Central School District,https://www.applitrack.com/belfastcsd/onlineapp,https://www.applitrack.com/belfastcsd/onlineapp,US
Belle Plaine Public Schools,https://www.applitrack.com/belleplaine/onlineapp,https://www.applitrack.com/belleplaine/onlineapp,US
Belleville Township Public Schools,https://www.applitrack.com/belleville/onlineapp,https://www.applitrack.com/belleville/onlineapp,US
Bemidji Area Schools,https://www.applitrack.com/bemidji/onlineapp,https://www.applitrack.com/bemidji/onlineapp,US
Benton Community School District,https://www.applitrack.com/benton/onlineapp,https://www.applitrack.com/benton/onlineapp,US
Benton Community School Corporation,https://www.applitrack.com/bentoncommunity/onlineapp,https://www.applitrack.com/bentoncommunity/onlineapp,US
Bentonville Schools,https://www.applitrack.com/bentonville/onlineapp,https://www.applitrack.com/bentonville/onlineapp,US
Berea City School District,https://www.applitrack.com/berea/onlineapp,https://www.applitrack.com/berea/onlineapp,US
Bergenfield Public Schools,https://www.applitrack.com/bergenfield/onlineapp,https://www.applitrack.com/bergenfield/onlineapp,US
Berkeley School District 87,https://www.applitrack.com/berkeley87/onlineapp,https://www.applitrack.com/berkeley87/onlineapp,US
Berks Career and Technology Center,https://www.applitrack.com/berkscareer/onlineapp,https://www.applitrack.com/berkscareer/onlineapp,US
Berks County Intermediate Unit,https://www.applitrack.com/berksiu/onlineapp,https://www.applitrack.com/berksiu/onlineapp,US
Berlin Public Schools,https://www.applitrack.com/berlin/onlineapp,https://www.applitrack.com/berlin/onlineapp,US
Bermudian Springs School District,https://www.applitrack.com/bermudian/onlineapp,https://www.applitrack.com/bermudian/onlineapp,US
Bertie County Schools,https://www.applitrack.com/bertie/onlineapp,https://www.applitrack.com/bertie/onlineapp,US
Berwick Area School District,https://www.applitrack.com/berwicksd/onlineapp,https://www.applitrack.com/berwicksd/onlineapp,US
Bourbonnais Elementary School District No. 53,https://www.applitrack.com/besd53/onlineapp,https://www.applitrack.com/besd53/onlineapp,US
Bethel Public Schools,https://www.applitrack.com/bethel/onlineapp,https://www.applitrack.com/bethel/onlineapp,US
Bethel School District 403,https://www.applitrack.com/bethelsd/onlineapp,https://www.applitrack.com/bethelsd/onlineapp,US
Big Horn County School District #2,https://www.applitrack.com/bgh2/onlineapp,https://www.applitrack.com/bgh2/onlineapp,US
Big Horn County School District # 4,https://www.applitrack.com/bgh4/onlineapp,https://www.applitrack.com/bgh4/onlineapp,US
City of Bowling Green,https://www.applitrack.com/bgky/onlineapp,https://www.applitrack.com/bgky/onlineapp,US
Brandywine Heights Area School District,https://www.applitrack.com/bhasd/onlineapp,https://www.applitrack.com/bhasd/onlineapp,US
Buffalo-Hanover-Montrose Schools,https://www.applitrack.com/bhmschools/onlineapp,https://www.applitrack.com/bhmschools/onlineapp,US
Black Horse Pike Regional School District,https://www.applitrack.com/bhprsd/onlineapp,https://www.applitrack.com/bhprsd/onlineapp,US
Berkeley Heights Public Schools,https://www.applitrack.com/bhpsnj/onlineapp,https://www.applitrack.com/bhpsnj/onlineapp,US
Black Hills Special Services Cooperative,https://www.applitrack.com/bhssc/onlineapp,https://www.applitrack.com/bhssc/onlineapp,US
Biddeford and Dayton Schools & Southern Maine Administrative Collaborative,https://www.applitrack.com/biddefordschools/onlineapp,https://www.applitrack.com/biddefordschools/onlineapp,US
Big Horn County School District 3,https://www.applitrack.com/bighorn/onlineapp,https://www.applitrack.com/bighorn/onlineapp,US
Big Horn County School District #1,https://www.applitrack.com/bighorn1/onlineapp,https://www.applitrack.com/bighorn1/onlineapp,US
Big Lake Public Schools #727,https://www.applitrack.com/biglake/onlineapp,https://www.applitrack.com/biglake/onlineapp,US
Billings Public Schools,https://www.applitrack.com/billings/onlineapp,https://www.applitrack.com/billings/onlineapp,US
Bismarck (MO) R-5 School District,https://www.applitrack.com/bismarckr5/onlineapp,https://www.applitrack.com/bismarckr5/onlineapp,US
Blackwater Community School,https://www.applitrack.com/blackwater/onlineapp,https://www.applitrack.com/blackwater/onlineapp,US
Bloomfield Public School District,https://www.applitrack.com/blmfld/onlineapp,https://www.applitrack.com/blmfld/onlineapp,US
Bloom-Carroll Local School District,https://www.applitrack.com/bloomcarroll/onlineapp,https://www.applitrack.com/bloomcarroll/onlineapp,US
Bloomfield School District,https://www.applitrack.com/bloomfield/onlineapp,https://www.applitrack.com/bloomfield/onlineapp,US
Bloomington Public Schools,https://www.applitrack.com/bloomington/onlineapp,https://www.applitrack.com/bloomington/onlineapp,US
Blount County Board of Education,https://www.applitrack.com/blountk12/onlineapp,https://www.applitrack.com/blountk12/onlineapp,US
Blue Valley School District,https://www.applitrack.com/bluevalleyk12/onlineapp,https://www.applitrack.com/bluevalleyk12/onlineapp,US
Beaumont ISD,https://www.applitrack.com/bmtisd/onlineapp,https://www.applitrack.com/bmtisd/onlineapp,US
Barack Obama Green Charter School,https://www.applitrack.com/bogcs/onlineapp,https://www.applitrack.com/bogcs/onlineapp,US
Bogota Public Schools,https://www.applitrack.com/bogotaboe/onlineapp,https://www.applitrack.com/bogotaboe/onlineapp,US
Bogalusa City Schools,https://www.applitrack.com/bogschools/onlineapp,https://www.applitrack.com/bogschools/onlineapp,US
Bonham Independent School District,https://www.applitrack.com/bohnamisd/onlineapp,https://www.applitrack.com/bohnamisd/onlineapp,US
BOLD ISD # 2354,https://www.applitrack.com/bold/onlineapp,https://www.applitrack.com/bold/onlineapp,US
Bolivar R-I School District,https://www.applitrack.com/bolivarschools/onlineapp,https://www.applitrack.com/bolivarschools/onlineapp,US
Bolton Public Schools,https://www.applitrack.com/bolton/onlineapp,https://www.applitrack.com/bolton/onlineapp,US
Bonneville Joint School District No. 93,https://www.applitrack.com/bonneville/onlineapp,https://www.applitrack.com/bonneville/onlineapp,US
Boone Community School District,https://www.applitrack.com/boone/onlineapp,https://www.applitrack.com/boone/onlineapp,US
Boone County Schools,https://www.applitrack.com/booneky/onlineapp,https://www.applitrack.com/booneky/onlineapp,US
Boonton Public Schools,https://www.applitrack.com/boonton/onlineapp,https://www.applitrack.com/boonton/onlineapp,US
Bordentown Regional School District,https://www.applitrack.com/bordentown/onlineapp,https://www.applitrack.com/bordentown/onlineapp,US
Bound Brook School District,https://www.applitrack.com/boundbrook/onlineapp,https://www.applitrack.com/boundbrook/onlineapp,US
Bethel Park School District,https://www.applitrack.com/bpsd/onlineapp,https://www.applitrack.com/bpsd/onlineapp,US
Browning Public Schools,https://www.applitrack.com/bpsk12/onlineapp,https://www.applitrack.com/bpsk12/onlineapp,US
Bartlesville Independent School District,https://www.applitrack.com/bpsok/onlineapp,https://www.applitrack.com/bpsok/onlineapp,US
Bradford Area School District,https://www.applitrack.com/bradford/onlineapp,https://www.applitrack.com/bradford/onlineapp,US
Bradley County Schools,https://www.applitrack.com/bradleyschools/onlineapp,https://www.applitrack.com/bradleyschools/onlineapp,US
Brainerd Public Schools,https://www.applitrack.com/brainerd/onlineapp,https://www.applitrack.com/brainerd/onlineapp,US
Branchburg Public Schools,https://www.applitrack.com/branchburg/onlineapp,https://www.applitrack.com/branchburg/onlineapp,US
Branch ISD,https://www.applitrack.com/branchisd/onlineapp,https://www.applitrack.com/branchisd/onlineapp,US
Brazos Independent School District,https://www.applitrack.com/brazosisd/onlineapp,https://www.applitrack.com/brazosisd/onlineapp,US
Brazosport Independent School District,https://www.applitrack.com/brazosportisd/onlineapp,https://www.applitrack.com/brazosportisd/onlineapp,US
Breathitt County Schools,https://www.applitrack.com/breathitt/onlineapp,https://www.applitrack.com/breathitt/onlineapp,US
Brenham Independent School District,https://www.applitrack.com/brenham/onlineapp,https://www.applitrack.com/brenham/onlineapp,US
Brentwood School District,https://www.applitrack.com/brentwood/onlineapp,https://www.applitrack.com/brentwood/onlineapp,US
Brentwood Union School District,https://www.applitrack.com/brentwoodusd/onlineapp,https://www.applitrack.com/brentwoodusd/onlineapp,US
Briarcliff Manor Union Free School District,https://www.applitrack.com/briarcliffschools/onlineapp,https://www.applitrack.com/briarcliffschools/onlineapp,US
Bridgeton School District,https://www.applitrack.com/bridgetonk12/onlineapp,https://www.applitrack.com/bridgetonk12/onlineapp,US
"27J Schools - Brighton, Thornton & Commerce City",https://www.applitrack.com/brighton/onlineapp,https://www.applitrack.com/brighton/onlineapp,US
Brighton Area Schools,https://www.applitrack.com/brightonk12/onlineapp,https://www.applitrack.com/brightonk12/onlineapp,US
Bristol Public Schools,https://www.applitrack.com/bristol/onlineapp,https://www.applitrack.com/bristol/onlineapp,US
City of Bristol,https://www.applitrack.com/bristolct/onlineapp,https://www.applitrack.com/bristolct/onlineapp,US
Brockport Central School District,https://www.applitrack.com/brockport/onlineapp,https://www.applitrack.com/brockport/onlineapp,US
Brookfield Public Schools,https://www.applitrack.com/brookfieldct/onlineapp,https://www.applitrack.com/brookfieldct/onlineapp,US
Brookings Harbor School District 17C,https://www.applitrack.com/brookings/onlineapp,https://www.applitrack.com/brookings/onlineapp,US
Brooklyn City School District,https://www.applitrack.com/brooklyn/onlineapp,https://www.applitrack.com/brooklyn/onlineapp,US
Brooklyn School District,https://www.applitrack.com/brooklynschools/onlineapp,https://www.applitrack.com/brooklynschools/onlineapp,US
Brown County Schools,https://www.applitrack.com/brownco/onlineapp,https://www.applitrack.com/brownco/onlineapp,US
Brownsburg Community School Corporation,https://www.applitrack.com/brownsburg/onlineapp,https://www.applitrack.com/brownsburg/onlineapp,US
Bridgewater-Raritan Regional School District,https://www.applitrack.com/brrsd/onlineapp,https://www.applitrack.com/brrsd/onlineapp,US
Brunswick City School District,https://www.applitrack.com/brunswick/onlineapp,https://www.applitrack.com/brunswick/onlineapp,US
Brush School District,https://www.applitrack.com/brush/onlineapp,https://www.applitrack.com/brush/onlineapp,US
Bryan City School District,https://www.applitrack.com/bryan/onlineapp,https://www.applitrack.com/bryan/onlineapp,US
Bryan Independent School District,https://www.applitrack.com/bryanisd/onlineapp,https://www.applitrack.com/bryanisd/onlineapp,US
Bryant Public Schools,https://www.applitrack.com/bryantschools/onlineapp,https://www.applitrack.com/bryantschools/onlineapp,US
Belton School District 124,https://www.applitrack.com/bsd124/onlineapp,https://www.applitrack.com/bsd124/onlineapp,US
Big Spring Independent School District,https://www.applitrack.com/bsisd/onlineapp,https://www.applitrack.com/bsisd/onlineapp,US
Berkeley Township Board of Education,https://www.applitrack.com/btboe/onlineapp,https://www.applitrack.com/btboe/onlineapp,US
Berlin Township School District,https://www.applitrack.com/btwpschools/onlineapp,https://www.applitrack.com/btwpschools/onlineapp,US
Buckeye Local Schools,https://www.applitrack.com/buckeyeschools/onlineapp,https://www.applitrack.com/buckeyeschools/onlineapp,US
Buckeye Local School District,https://www.applitrack.com/buckeyeschoolsoh/onlineapp,https://www.applitrack.com/buckeyeschoolsoh/onlineapp,US
Buna ISD,https://www.applitrack.com/bunaisd/onlineapp,https://www.applitrack.com/bunaisd/onlineapp,US
Buncombe County Schools,https://www.applitrack.com/buncombeschools/onlineapp,https://www.applitrack.com/buncombeschools/onlineapp,US
Burch Charter School of Excellence,https://www.applitrack.com/burchcharterschool/onlineapp,https://www.applitrack.com/burchcharterschool/onlineapp,US
Burnet CISD,https://www.applitrack.com/burnet/onlineapp,https://www.applitrack.com/burnet/onlineapp,US
Burnsville-Eagan-Savage School District,https://www.applitrack.com/burnsville/onlineapp,https://www.applitrack.com/burnsville/onlineapp,US
Baboquivari Unified School District,https://www.applitrack.com/busd40/onlineapp,https://www.applitrack.com/busd40/onlineapp,US
Butts County Schools,https://www.applitrack.com/butts/onlineapp,https://www.applitrack.com/butts/onlineapp,US
Buena Vista City Public Schools,https://www.applitrack.com/bvcps/onlineapp,https://www.applitrack.com/bvcps/onlineapp,US
Buena Vista School District R 31,https://www.applitrack.com/bvschools/onlineapp,https://www.applitrack.com/bvschools/onlineapp,US
Bay St. Louis - Waveland School District,https://www.applitrack.com/bwsd/onlineapp,https://www.applitrack.com/bwsd/onlineapp,US
Byron Public Schools,https://www.applitrack.com/byronmn/onlineapp,https://www.applitrack.com/byronmn/onlineapp,US
Cabot Public Schools,https://www.applitrack.com/cabot/onlineapp,https://www.applitrack.com/cabot/onlineapp,US
Calhoun County Independent School District,https://www.applitrack.com/calcoisd/onlineapp,https://www.applitrack.com/calcoisd/onlineapp,US
Calhan School District RJ-1,https://www.applitrack.com/calhan/onlineapp,https://www.applitrack.com/calhan/onlineapp,US
Calhoun County Public School District,https://www.applitrack.com/calhounsc/onlineapp,https://www.applitrack.com/calhounsc/onlineapp,US
Calhoun City Schools,https://www.applitrack.com/calhounschools/onlineapp,https://www.applitrack.com/calhounschools/onlineapp,US
Camas School District,https://www.applitrack.com/camas/onlineapp,https://www.applitrack.com/camas/onlineapp,US
Camden County Schools,https://www.applitrack.com/camdencounty/onlineapp,https://www.applitrack.com/camdencounty/onlineapp,US
Camden County Educational Commission,https://www.applitrack.com/camdenesc/onlineapp,https://www.applitrack.com/camdenesc/onlineapp,US
Camden City School District,https://www.applitrack.com/camdenk12nj/onlineapp,https://www.applitrack.com/camdenk12nj/onlineapp,US
Camdenton R-III School District,https://www.applitrack.com/camdenton/onlineapp,https://www.applitrack.com/camdenton/onlineapp,US
Canadian Independent School District,https://www.applitrack.com/canadianisd/onlineapp,https://www.applitrack.com/canadianisd/onlineapp,US
Cannon Falls Area Schools,https://www.applitrack.com/cannonfalls/onlineapp,https://www.applitrack.com/cannonfalls/onlineapp,US
Canon-Mcmillan School District,https://www.applitrack.com/canonmcmillansd/onlineapp,https://www.applitrack.com/canonmcmillansd/onlineapp,US
Canton Public Schools,https://www.applitrack.com/cantonschools/onlineapp,https://www.applitrack.com/cantonschools/onlineapp,US
Canton Public School District,https://www.applitrack.com/cantonschoolsms/onlineapp,https://www.applitrack.com/cantonschoolsms/onlineapp,US
Cape Elizabeth School Department,https://www.applitrack.com/cape/onlineapp,https://www.applitrack.com/cape/onlineapp,US
Cape Henlopen School District,https://www.applitrack.com/capehenlopenschools/onlineapp,https://www.applitrack.com/capehenlopenschools/onlineapp,US
Carbondale Community High School District 165,https://www.applitrack.com/carbondale/onlineapp,https://www.applitrack.com/carbondale/onlineapp,US
Carlisle Community School District,https://www.applitrack.com/carlislecsd/onlineapp,https://www.applitrack.com/carlislecsd/onlineapp,US
Carlsbad Municipal Schools,https://www.applitrack.com/carlsbad/onlineapp,https://www.applitrack.com/carlsbad/onlineapp,US
Carlstadt School District,https://www.applitrack.com/carlstadt/onlineapp,https://www.applitrack.com/carlstadt/onlineapp,US
Carlynton School District,https://www.applitrack.com/carlynton/onlineapp,https://www.applitrack.com/carlynton/onlineapp,US
Caroline County Public Schools,https://www.applitrack.com/carolinecounty/onlineapp,https://www.applitrack.com/carolinecounty/onlineapp,US
Carroll County Schools,https://www.applitrack.com/carrollcountyschools/onlineapp,https://www.applitrack.com/carrollcountyschools/onlineapp,US
Carroll ISD,https://www.applitrack.com/carrollisd/onlineapp,https://www.applitrack.com/carrollisd/onlineapp,US
"Carroll County, MD Public Schools",https://www.applitrack.com/carrollk12/onlineapp,https://www.applitrack.com/carrollk12/onlineapp,US
Carroll County Schools,https://www.applitrack.com/carrollkyschools/onlineapp,https://www.applitrack.com/carrollkyschools/onlineapp,US
Carteret Borough School District,https://www.applitrack.com/carteretschools/onlineapp,https://www.applitrack.com/carteretschools/onlineapp,US
Cartersville City Schools,https://www.applitrack.com/cartersville/onlineapp,https://www.applitrack.com/cartersville/onlineapp,US
Carthage Central School District,https://www.applitrack.com/carthagecsd/onlineapp,https://www.applitrack.com/carthagecsd/onlineapp,US
Carthage Independent School District,https://www.applitrack.com/carthageisd/onlineapp,https://www.applitrack.com/carthageisd/onlineapp,US
Cascade School District 3-B,https://www.applitrack.com/cascade3b/onlineapp,https://www.applitrack.com/cascade3b/onlineapp,US
Cascade School District 5,https://www.applitrack.com/cascade5/onlineapp,https://www.applitrack.com/cascade5/onlineapp,US
Cooperative Association for Special Education,https://www.applitrack.com/casedupage/onlineapp,https://www.applitrack.com/casedupage/onlineapp,US
Cass School District 63,https://www.applitrack.com/cassd63/onlineapp,https://www.applitrack.com/cassd63/onlineapp,US
Castle Rock School District 401,https://www.applitrack.com/castlerock/onlineapp,https://www.applitrack.com/castlerock/onlineapp,US
Cattaraugus-Allegany-Erie-Wyoming Boces,https://www.applitrack.com/cattaraugusalleganyeriewyomingboces/onlineapp,https://www.applitrack.com/cattaraugusalleganyeriewyomingboces/onlineapp,US
Casa Blanca Community School,https://www.applitrack.com/cbcschools/onlineapp,https://www.applitrack.com/cbcschools/onlineapp,US
Council Bluffs Community School District,https://www.applitrack.com/cbcsd/onlineapp,https://www.applitrack.com/cbcsd/onlineapp,US
Centennial BOCES Consortium,https://www.applitrack.com/cboces/onlineapp,https://www.applitrack.com/cboces/onlineapp,US
Central Bucks School District,https://www.applitrack.com/cbsd/onlineapp,https://www.applitrack.com/cbsd/onlineapp,US
Corpus Christi Independent School District,https://www.applitrack.com/ccisd/onlineapp,https://www.applitrack.com/ccisd/onlineapp,US
Chester County Intermediate Unit,https://www.applitrack.com/cciu/onlineapp,https://www.applitrack.com/cciu/onlineapp,US
Charles City County Public Schools,https://www.applitrack.com/ccps/onlineapp,https://www.applitrack.com/ccps/onlineapp,US
Carmel Clay Schools,https://www.applitrack.com/ccs/onlineapp,https://www.applitrack.com/ccs/onlineapp,US
College Community School District,https://www.applitrack.com/ccsd/onlineapp,https://www.applitrack.com/ccsd/onlineapp,US
Converse County School District #1,https://www.applitrack.com/ccsd1/onlineapp,https://www.applitrack.com/ccsd1/onlineapp,US
Community Consolidated School District 15,https://www.applitrack.com/ccsd15/onlineapp,https://www.applitrack.com/ccsd15/onlineapp,US
Burr Ridge CCSD 180,https://www.applitrack.com/ccsd180/onlineapp,https://www.applitrack.com/ccsd180/onlineapp,US
Community Consolidated School District 59,https://www.applitrack.com/ccsd59/onlineapp,https://www.applitrack.com/ccsd59/onlineapp,US
Clear Creek School District RE-1,https://www.applitrack.com/ccsdre1/onlineapp,https://www.applitrack.com/ccsdre1/onlineapp,US
Charleston County School District,https://www.applitrack.com/ccsdschools/onlineapp,https://www.applitrack.com/ccsdschools/onlineapp,US
Collinsville Community Unit School District,https://www.applitrack.com/ccusd10/onlineapp,https://www.applitrack.com/ccusd10/onlineapp,US
Cripple Creek-Victor SD R-1,https://www.applitrack.com/ccvschools/onlineapp,https://www.applitrack.com/ccvschools/onlineapp,US
Catholic Diocese of Peoria,https://www.applitrack.com/cdop/onlineapp,https://www.applitrack.com/cdop/onlineapp,US
Cecil County Public Schools,https://www.applitrack.com/cecil/onlineapp,https://www.applitrack.com/cecil/onlineapp,US
Centennial School District,https://www.applitrack.com/centennialsd/onlineapp,https://www.applitrack.com/centennialsd/onlineapp,US
Center Independent School District,https://www.applitrack.com/centerisd/onlineapp,https://www.applitrack.com/centerisd/onlineapp,US
Centinela Valley Union High School District,https://www.applitrack.com/centinelak12ca/onlineapp,https://www.applitrack.com/centinelak12ca/onlineapp,US
Central School District 51,https://www.applitrack.com/central51/onlineapp,https://www.applitrack.com/central51/onlineapp,US
Central Indiana AppliTrack Consortium,https://www.applitrack.com/centralindiana/onlineapp,https://www.applitrack.com/centralindiana/onlineapp,US
Central Islip Union Free School District,https://www.applitrack.com/centralislip/onlineapp,https://www.applitrack.com/centralislip/onlineapp,US
Central Regional School District,https://www.applitrack.com/centralreg/onlineapp,https://www.applitrack.com/centralreg/onlineapp,US
Cooperative Educational Services,https://www.applitrack.com/ces/onlineapp,https://www.applitrack.com/ces/onlineapp,US
Carbondale Elementary School District 95,https://www.applitrack.com/ces95/onlineapp,https://www.applitrack.com/ces95/onlineapp,US
Carrollton - Farmers Branch ISD,https://www.applitrack.com/cfbisd/onlineapp,https://www.applitrack.com/cfbisd/onlineapp,US
Catalina Foothills School District,https://www.applitrack.com/cfsd16/onlineapp,https://www.applitrack.com/cfsd16/onlineapp,US
Clare-Gladwin RESD,https://www.applitrack.com/cgresd/onlineapp,https://www.applitrack.com/cgresd/onlineapp,US
Chagrin Falls Exempted Village Schools,https://www.applitrack.com/chagrinschools/onlineapp,https://www.applitrack.com/chagrinschools/onlineapp,US
Chambersburg Area School District,https://www.applitrack.com/chambersburg/onlineapp,https://www.applitrack.com/chambersburg/onlineapp,US
Champaign County,https://www.applitrack.com/champaign/onlineapp,https://www.applitrack.com/champaign/onlineapp,US
Champaign Unit 4 School District,https://www.applitrack.com/champaignschools/onlineapp,https://www.applitrack.com/champaignschools/onlineapp,US
Channahon School District 17,https://www.applitrack.com/channahon/onlineapp,https://www.applitrack.com/channahon/onlineapp,US
Chappaqua Central School District,https://www.applitrack.com/chappaqua/onlineapp,https://www.applitrack.com/chappaqua/onlineapp,US
Charleston CUSD 1,https://www.applitrack.com/charleston/onlineapp,https://www.applitrack.com/charleston/onlineapp,US
City of Charleston,https://www.applitrack.com/charlestonil/onlineapp,https://www.applitrack.com/charlestonil/onlineapp,US
Chatfield Public Schools,https://www.applitrack.com/chatfieldschools/onlineapp,https://www.applitrack.com/chatfieldschools/onlineapp,US
Chatham County Public Schools,https://www.applitrack.com/chathamnc/onlineapp,https://www.applitrack.com/chathamnc/onlineapp,US
Chattahoochee County School District,https://www.applitrack.com/chattco/onlineapp,https://www.applitrack.com/chattco/onlineapp,US
Chapel Hill-Carrboro City Schools,https://www.applitrack.com/chccs/onlineapp,https://www.applitrack.com/chccs/onlineapp,US
Cherokee Central School,https://www.applitrack.com/cherokeecentral/onlineapp,https://www.applitrack.com/cherokeecentral/onlineapp,US
Cherokee County School District,https://www.applitrack.com/cherokeeone/onlineapp,https://www.applitrack.com/cherokeeone/onlineapp,US
Cherry Hill Public Schools,https://www.applitrack.com/cherryhill/onlineapp,https://www.applitrack.com/cherryhill/onlineapp,US
Cheshire Public Schools,https://www.applitrack.com/cheshire/onlineapp,https://www.applitrack.com/cheshire/onlineapp,US
Chesterfield County Public Schools,https://www.applitrack.com/chesterfield/onlineapp,https://www.applitrack.com/chesterfield/onlineapp,US
Chester School District,https://www.applitrack.com/chesternj/onlineapp,https://www.applitrack.com/chesternj/onlineapp,US
Chester-Upland School District,https://www.applitrack.com/chesteruplandsd/onlineapp,https://www.applitrack.com/chesteruplandsd/onlineapp,US
Chillicothe City School District,https://www.applitrack.com/chillicothe/onlineapp,https://www.applitrack.com/chillicothe/onlineapp,US
Chisago Lakes Schools,https://www.applitrack.com/chisagolakes/onlineapp,https://www.applitrack.com/chisagolakes/onlineapp,US
Chisholm Public School District,https://www.applitrack.com/chisholm/onlineapp,https://www.applitrack.com/chisholm/onlineapp,US
Choctaw County Schools,https://www.applitrack.com/choctaw/onlineapp,https://www.applitrack.com/choctaw/onlineapp,US
Christian County Schools,https://www.applitrack.com/christian/onlineapp,https://www.applitrack.com/christian/onlineapp,US
Cleveland Heights-University Heights City School District,https://www.applitrack.com/chuh/onlineapp,https://www.applitrack.com/chuh/onlineapp,US
Churchill County School District,https://www.applitrack.com/churchill/onlineapp,https://www.applitrack.com/churchill/onlineapp,US
Central Indiana Educational Service Center Consortium,https://www.applitrack.com/ciescconsortium/onlineapp,https://www.applitrack.com/ciescconsortium/onlineapp,US
Circleville City School District,https://www.applitrack.com/circleville/onlineapp,https://www.applitrack.com/circleville/onlineapp,US
City of Evanston,https://www.applitrack.com/cityofevanston/onlineapp,https://www.applitrack.com/cityofevanston/onlineapp,US
Central Jersey College Preparatory Charter School,https://www.applitrack.com/cjcollegeprep/onlineapp,https://www.applitrack.com/cjcollegeprep/onlineapp,US
Clackamas Education Service District,https://www.applitrack.com/clackesd/onlineapp,https://www.applitrack.com/clackesd/onlineapp,US
Clark Public Schools,https://www.applitrack.com/clark/onlineapp,https://www.applitrack.com/clark/onlineapp,US
Clarke Community School District,https://www.applitrack.com/clarkecsd/onlineapp,https://www.applitrack.com/clarkecsd/onlineapp,US
Clay County School System,https://www.applitrack.com/clay/onlineapp,https://www.applitrack.com/clay/onlineapp,US
Cambridge Lakes Learning Center,https://www.applitrack.com/clcs/onlineapp,https://www.applitrack.com/clcs/onlineapp,US
Cleburne Independent School District,https://www.applitrack.com/cleburneisd/onlineapp,https://www.applitrack.com/cleburneisd/onlineapp,US
Cleveland ISD,https://www.applitrack.com/clevelandisd/onlineapp,https://www.applitrack.com/clevelandisd/onlineapp,US
Cleveland Public Schools,https://www.applitrack.com/clevelandtigers/onlineapp,https://www.applitrack.com/clevelandtigers/onlineapp,US
Clifton Independent School District,https://www.applitrack.com/cliftonisd/onlineapp,https://www.applitrack.com/cliftonisd/onlineapp,US
Clifton Public Schools,https://www.applitrack.com/cliftonschools/onlineapp,https://www.applitrack.com/cliftonschools/onlineapp,US
Clinton Community School District,https://www.applitrack.com/clintonia/onlineapp,https://www.applitrack.com/clintonia/onlineapp,US
Clinton Township School District,https://www.applitrack.com/clintontwp/onlineapp,https://www.applitrack.com/clintontwp/onlineapp,US
Clint ISD,https://www.applitrack.com/clintweb/onlineapp,https://www.applitrack.com/clintweb/onlineapp,US
Carbon Lehigh Intermediate Unit,https://www.applitrack.com/cliu/onlineapp,https://www.applitrack.com/cliu/onlineapp,US
Clyde Consolidated Independent School District,https://www.applitrack.com/clydeisd/onlineapp,https://www.applitrack.com/clydeisd/onlineapp,US
Crete-Monee School District 201-U,https://www.applitrack.com/cm201u/onlineapp,https://www.applitrack.com/cm201u/onlineapp,US
Cheyenne Mountain School District 12,https://www.applitrack.com/cmsd12/onlineapp,https://www.applitrack.com/cmsd12/onlineapp,US
Columbia-Montour Area Vocational-Technical School,https://www.applitrack.com/cmvt/onlineapp,https://www.applitrack.com/cmvt/onlineapp,US
Coal City 1 Community School District,https://www.applitrack.com/coalcity/onlineapp,https://www.applitrack.com/coalcity/onlineapp,US
Cobre Consolidated Schools,https://www.applitrack.com/cobreschools/onlineapp,https://www.applitrack.com/cobreschools/onlineapp,US
Cocke County School District,https://www.applitrack.com/cockecountyschools/onlineapp,https://www.applitrack.com/cockecountyschools/onlineapp,US
Columbia Heights Public Schools,https://www.applitrack.com/colheights/onlineapp,https://www.applitrack.com/colheights/onlineapp,US
College Achieve Charter Schools,https://www.applitrack.com/collegeachievenj/onlineapp,https://www.applitrack.com/collegeachievenj/onlineapp,US
Colleton County School District,https://www.applitrack.com/colletonsd/onlineapp,https://www.applitrack.com/colletonsd/onlineapp,US
Collier County Public Schools,https://www.applitrack.com/collier/onlineapp,https://www.applitrack.com/collier/onlineapp,US
Collingswood/Oaklyn Public Schools,https://www.applitrack.com/collingswood/onlineapp,https://www.applitrack.com/collingswood/onlineapp,US
Collins-Maxwell Community School District,https://www.applitrack.com/collinsmaxwell/onlineapp,https://www.applitrack.com/collinsmaxwell/onlineapp,US
Cologne Academy,https://www.applitrack.com/cologne/onlineapp,https://www.applitrack.com/cologne/onlineapp,US
Colo-Nesco Community School District,https://www.applitrack.com/colonesco/onlineapp,https://www.applitrack.com/colonesco/onlineapp,US
Colonial School District,https://www.applitrack.com/colonial/onlineapp,https://www.applitrack.com/colonial/onlineapp,US
Colonial Heights Public Schools,https://www.applitrack.com/colonialhts/onlineapp,https://www.applitrack.com/colonialhts/onlineapp,US
Colquitt Co School District,https://www.applitrack.com/colquitt/onlineapp,https://www.applitrack.com/colquitt/onlineapp,US
Colstrip High School District,https://www.applitrack.com/colstrip/onlineapp,https://www.applitrack.com/colstrip/onlineapp,US
Columbus Independent School District,https://www.applitrack.com/columbusisd/onlineapp,https://www.applitrack.com/columbusisd/onlineapp,US
Community Christian School,https://www.applitrack.com/communitychristianschool/onlineapp,https://www.applitrack.com/communitychristianschool/onlineapp,US
Comstock Public Schools,https://www.applitrack.com/comstockps/onlineapp,https://www.applitrack.com/comstockps/onlineapp,US
Concept Schools,https://www.applitrack.com/conceptschoolschicago/onlineapp,https://www.applitrack.com/conceptschoolschicago/onlineapp,US
Conejo Valley Unified School District,https://www.applitrack.com/conejousd/onlineapp,https://www.applitrack.com/conejousd/onlineapp,US
Conewago Valley School District,https://www.applitrack.com/conewago/onlineapp,https://www.applitrack.com/conewago/onlineapp,US
Connally Independent School District,https://www.applitrack.com/connally/onlineapp,https://www.applitrack.com/connally/onlineapp,US
Converse Co School District 2,https://www.applitrack.com/converse2/onlineapp,https://www.applitrack.com/converse2/onlineapp,US
Conway Public Schools,https://www.applitrack.com/conway/onlineapp,https://www.applitrack.com/conway/onlineapp,US
Cook County ISD 166,https://www.applitrack.com/cookcountyschools/onlineapp,https://www.applitrack.com/cookcountyschools/onlineapp,US
Cooperstown Central School District,https://www.applitrack.com/cooperstowncs/onlineapp,https://www.applitrack.com/cooperstowncs/onlineapp,US
Copley-Fairlawn City Schools,https://www.applitrack.com/copleyfairlawn/onlineapp,https://www.applitrack.com/copleyfairlawn/onlineapp,US
Corvallis School District,https://www.applitrack.com/corvallis/onlineapp,https://www.applitrack.com/corvallis/onlineapp,US
Corvallis School District 1,https://www.applitrack.com/corvallisschools/onlineapp,https://www.applitrack.com/corvallisschools/onlineapp,US
Coupeville School District,https://www.applitrack.com/coupeville/onlineapp,https://www.applitrack.com/coupeville/onlineapp,US
Coventry School District,https://www.applitrack.com/coventry/onlineapp,https://www.applitrack.com/coventry/onlineapp,US
The Cove School,https://www.applitrack.com/coveschool/onlineapp,https://www.applitrack.com/coveschool/onlineapp,US
Covington Independent Public Schools,https://www.applitrack.com/covingtonky/onlineapp,https://www.applitrack.com/covingtonky/onlineapp,US
Coweta School District I-17,https://www.applitrack.com/cowetaps/onlineapp,https://www.applitrack.com/cowetaps/onlineapp,US
Community of Peace Academy,https://www.applitrack.com/cpa/onlineapp,https://www.applitrack.com/cpa/onlineapp,US
Clark-Pleasant Community School,https://www.applitrack.com/cpcsck12in/onlineapp,https://www.applitrack.com/cpcsck12in/onlineapp,US
Concordia Parish School Board,https://www.applitrack.com/cpsbla/onlineapp,https://www.applitrack.com/cpsbla/onlineapp,US
Cincinnati Public Schools,https://www.applitrack.com/cpsk12/onlineapp,https://www.applitrack.com/cpsk12/onlineapp,US
Cedar Rapids Community School District,https://www.applitrack.com/cr/onlineapp,https://www.applitrack.com/cr/onlineapp,US
Cranbury Township School District,https://www.applitrack.com/cranburyschool/onlineapp,https://www.applitrack.com/cranburyschool/onlineapp,US
Crandall Independent School District,https://www.applitrack.com/crandall/onlineapp,https://www.applitrack.com/crandall/onlineapp,US
Cranford Public Schools,https://www.applitrack.com/cranford/onlineapp,https://www.applitrack.com/cranford/onlineapp,US
Carbon County School District One,https://www.applitrack.com/crb1/onlineapp,https://www.applitrack.com/crb1/onlineapp,US
Carbon County School District #2,https://www.applitrack.com/crb2/onlineapp,https://www.applitrack.com/crb2/onlineapp,US
Capitol Region Education Council,https://www.applitrack.com/crec/onlineapp,https://www.applitrack.com/crec/onlineapp,US
Creighton School District,https://www.applitrack.com/creightonschools/onlineapp,https://www.applitrack.com/creightonschools/onlineapp,US
Cresthaven Academy Charter School,https://www.applitrack.com/cresthavenacademy/onlineapp,https://www.applitrack.com/cresthavenacademy/onlineapp,US
Crisp County School District,https://www.applitrack.com/crispschools/onlineapp,https://www.applitrack.com/crispschools/onlineapp,US
Crowley ISD,https://www.applitrack.com/crowley/onlineapp,https://www.applitrack.com/crowley/onlineapp,US
Crown Point Community School Corporation,https://www.applitrack.com/crownpoint/onlineapp,https://www.applitrack.com/crownpoint/onlineapp,US
Chicago Ridge School District 127.5,https://www.applitrack.com/crsd1275/onlineapp,https://www.applitrack.com/crsd1275/onlineapp,US
Caesar Rodney School District,https://www.applitrack.com/crsdk12/onlineapp,https://www.applitrack.com/crsdk12/onlineapp,US
Clatskanie School District 6J,https://www.applitrack.com/csd/onlineapp,https://www.applitrack.com/csd/onlineapp,US
Cartwright School District #83,https://www.applitrack.com/csd83/onlineapp,https://www.applitrack.com/csd83/onlineapp,US
City Schools Of Decatur,https://www.applitrack.com/csdecatur/onlineapp,https://www.applitrack.com/csdecatur/onlineapp,US
Consolidated School District of New Britain,https://www.applitrack.com/csdnb/onlineapp,https://www.applitrack.com/csdnb/onlineapp,US
SouthWest Metro Intermediate District 288,https://www.applitrack.com/cseced/onlineapp,https://www.applitrack.com/cseced/onlineapp,US
Sacred Heart Greenwich,https://www.applitrack.com/cshgreenwich/onlineapp,https://www.applitrack.com/cshgreenwich/onlineapp,US
Regional School District 14,https://www.applitrack.com/ctreg14/onlineapp,https://www.applitrack.com/ctreg14/onlineapp,US
Cuba Independent Schools,https://www.applitrack.com/cubanm/onlineapp,https://www.applitrack.com/cubanm/onlineapp,US
Cuba-Rushford Central School District,https://www.applitrack.com/cubarushford/onlineapp,https://www.applitrack.com/cubarushford/onlineapp,US
Campbell Union High School District,https://www.applitrack.com/cuhsd/onlineapp,https://www.applitrack.com/cuhsd/onlineapp,US
Cumberland Regional SD,https://www.applitrack.com/cumberland/onlineapp,https://www.applitrack.com/cumberland/onlineapp,US
Community Unit School District 201,https://www.applitrack.com/cusd201/onlineapp,https://www.applitrack.com/cusd201/onlineapp,US
Barrington Community Unit School District 220,https://www.applitrack.com/cusd220/onlineapp,https://www.applitrack.com/cusd220/onlineapp,US
Central Community Unit School District 4,https://www.applitrack.com/cusd4/onlineapp,https://www.applitrack.com/cusd4/onlineapp,US
Cuyahoga Heights Schools,https://www.applitrack.com/cuyhts/onlineapp,https://www.applitrack.com/cuyhts/onlineapp,US
Cuyahoga Valley Career Center,https://www.applitrack.com/cvcc/onlineapp,https://www.applitrack.com/cvcc/onlineapp,US
Coffeyville Unified SD 445,https://www.applitrack.com/cvilleschools/onlineapp,https://www.applitrack.com/cvilleschools/onlineapp,US
Channelview Independent School District,https://www.applitrack.com/cvisd/onlineapp,https://www.applitrack.com/cvisd/onlineapp,US
Cumberland Valley School District,https://www.applitrack.com/cvschools/onlineapp,https://www.applitrack.com/cvschools/onlineapp,US
Contoocook Valley School District,https://www.applitrack.com/cvsd/onlineapp,https://www.applitrack.com/cvsd/onlineapp,US
Summit ESC,https://www.applitrack.com/cybersummit/onlineapp,https://www.applitrack.com/cybersummit/onlineapp,US
Harlan Community School District,https://www.applitrack.com/cyclones/onlineapp,https://www.applitrack.com/cyclones/onlineapp,US
Central York School District,https://www.applitrack.com/cysd/onlineapp,https://www.applitrack.com/cysd/onlineapp,US
Batavia Public School District 101,https://www.applitrack.com/d101/onlineapp,https://www.applitrack.com/d101/onlineapp,US
Elementary School District 102,https://www.applitrack.com/d102/onlineapp,https://www.applitrack.com/d102/onlineapp,US
LaGrange School District 105,https://www.applitrack.com/d105/onlineapp,https://www.applitrack.com/d105/onlineapp,US
LaGrange Highlands School District 106,https://www.applitrack.com/d106/onlineapp,https://www.applitrack.com/d106/onlineapp,US
Pleasantdale School District #107,https://www.applitrack.com/d107/onlineapp,https://www.applitrack.com/d107/onlineapp,US
Community High School District 117,https://www.applitrack.com/d117/onlineapp,https://www.applitrack.com/d117/onlineapp,US
Evergreen Park School District 124,https://www.applitrack.com/d124/onlineapp,https://www.applitrack.com/d124/onlineapp,US
Zion-Benton Township High School District 126,https://www.applitrack.com/d126/onlineapp,https://www.applitrack.com/d126/onlineapp,US
Grayslake Community High School District 127,https://www.applitrack.com/d127/onlineapp,https://www.applitrack.com/d127/onlineapp,US
West Aurora School District 129,https://www.applitrack.com/d129/onlineapp,https://www.applitrack.com/d129/onlineapp,US
Aurora East District 131,https://www.applitrack.com/d131/onlineapp,https://www.applitrack.com/d131/onlineapp,US
Forest Ridge School District 142,https://www.applitrack.com/d142/onlineapp,https://www.applitrack.com/d142/onlineapp,US
Marquardt School District 15,https://www.applitrack.com/d15/onlineapp,https://www.applitrack.com/d15/onlineapp,US
Community Consolidated Schools District 168,https://www.applitrack.com/d168/onlineapp,https://www.applitrack.com/d168/onlineapp,US
Chicago Heights School District 170,https://www.applitrack.com/d170/onlineapp,https://www.applitrack.com/d170/onlineapp,US
Elementary School District 181,https://www.applitrack.com/d181/onlineapp,https://www.applitrack.com/d181/onlineapp,US
Marion Community Unit School District 2,https://www.applitrack.com/d2/onlineapp,https://www.applitrack.com/d2/onlineapp,US
J. Sterling Morton High School District 201,https://www.applitrack.com/d201/onlineapp,https://www.applitrack.com/d201/onlineapp,US
Evanston Township High School District 202,https://www.applitrack.com/d202/onlineapp,https://www.applitrack.com/d202/onlineapp,US
Naperville Community Unit School District 203,https://www.applitrack.com/d203/onlineapp,https://www.applitrack.com/d203/onlineapp,US
Lyons Township High School District 204,https://www.applitrack.com/d204/onlineapp,https://www.applitrack.com/d204/onlineapp,US
Lockport Township High School District 205,https://www.applitrack.com/d205/onlineapp,https://www.applitrack.com/d205/onlineapp,US
Maine Township High School District 207,https://www.applitrack.com/d207/onlineapp,https://www.applitrack.com/d207/onlineapp,US
Community Consolidated School District 21,https://www.applitrack.com/d21/onlineapp,https://www.applitrack.com/d21/onlineapp,US
Township High School District 211,https://www.applitrack.com/d211/onlineapp,https://www.applitrack.com/d211/onlineapp,US
Township High School District 214,https://www.applitrack.com/d214/onlineapp,https://www.applitrack.com/d214/onlineapp,US
Thornton Fractional Township High School District 215,https://www.applitrack.com/d215/onlineapp,https://www.applitrack.com/d215/onlineapp,US
Community High School District 218,https://www.applitrack.com/d218/onlineapp,https://www.applitrack.com/d218/onlineapp,US
Niles Township Community High School District 219,https://www.applitrack.com/d219/onlineapp,https://www.applitrack.com/d219/onlineapp,US
Bremen High School District 228,https://www.applitrack.com/d228/onlineapp,https://www.applitrack.com/d228/onlineapp,US
Prospect Heights School District 23,https://www.applitrack.com/d23/onlineapp,https://www.applitrack.com/d23/onlineapp,US
Homewood-Flossmoor High School District 233,https://www.applitrack.com/d233/onlineapp,https://www.applitrack.com/d233/onlineapp,US
Arlington Heights School District 25,https://www.applitrack.com/d25/onlineapp,https://www.applitrack.com/d25/onlineapp,US
Northbrook School District 27,https://www.applitrack.com/d27/onlineapp,https://www.applitrack.com/d27/onlineapp,US
Northbrook/Glenview School District 30,https://www.applitrack.com/d30/onlineapp,https://www.applitrack.com/d30/onlineapp,US
Community Unit School District 300,https://www.applitrack.com/d300/onlineapp,https://www.applitrack.com/d300/onlineapp,US
Kaneland Community Unit School District 302,https://www.applitrack.com/d302/onlineapp,https://www.applitrack.com/d302/onlineapp,US
St. Charles Community Unit School District 303,https://www.applitrack.com/d303/onlineapp,https://www.applitrack.com/d303/onlineapp,US
Geneva School District 304,https://www.applitrack.com/d304/onlineapp,https://www.applitrack.com/d304/onlineapp,US
Community Unit School District No. 308,https://www.applitrack.com/d308/onlineapp,https://www.applitrack.com/d308/onlineapp,US
Dunlap School District #323,https://www.applitrack.com/d323/onlineapp,https://www.applitrack.com/d323/onlineapp,US
Glenview Public School District #34,https://www.applitrack.com/d34/onlineapp,https://www.applitrack.com/d34/onlineapp,US
Valley View Community Unit School District 365U,https://www.applitrack.com/d365/onlineapp,https://www.applitrack.com/d365/onlineapp,US
Wilmette Public Schools District 39,https://www.applitrack.com/d39/onlineapp,https://www.applitrack.com/d39/onlineapp,US
Addison Elementary School District 4,https://www.applitrack.com/d4/onlineapp,https://www.applitrack.com/d4/onlineapp,US
Crystal Lake Community Consolidated School District #47,https://www.applitrack.com/d47/onlineapp,https://www.applitrack.com/d47/onlineapp,US
School District 49,https://www.applitrack.com/d49/onlineapp,https://www.applitrack.com/d49/onlineapp,US
Mesa County Valley School District 51,https://www.applitrack.com/d51schools/onlineapp,https://www.applitrack.com/d51schools/onlineapp,US
Washington Grade School District #52,https://www.applitrack.com/d52schools/onlineapp,https://www.applitrack.com/d52schools/onlineapp,US
Butler School District 53,https://www.applitrack.com/d53/onlineapp,https://www.applitrack.com/d53/onlineapp,US
Des Plaines School District 62,https://www.applitrack.com/d62/onlineapp,https://www.applitrack.com/d62/onlineapp,US
Des Plaines School District 62 Volunteer Program,https://www.applitrack.com/d62volunteer/onlineapp,https://www.applitrack.com/d62volunteer/onlineapp,US
East Maine School District 63,https://www.applitrack.com/d63/onlineapp,https://www.applitrack.com/d63/onlineapp,US
Community Consolidated School District 64,https://www.applitrack.com/d64/onlineapp,https://www.applitrack.com/d64/onlineapp,US
Evanston/Skokie School District 65,https://www.applitrack.com/d65/onlineapp,https://www.applitrack.com/d65/onlineapp,US
Skokie School District 68,https://www.applitrack.com/d68/onlineapp,https://www.applitrack.com/d68/onlineapp,US
Skokie School District 69,https://www.applitrack.com/d69/onlineapp,https://www.applitrack.com/d69/onlineapp,US
Lincolnwood School District 74,https://www.applitrack.com/d74/onlineapp,https://www.applitrack.com/d74/onlineapp,US
Mundelein Elementary School District #75,https://www.applitrack.com/d75/onlineapp,https://www.applitrack.com/d75/onlineapp,US
Mannheim School District #83,https://www.applitrack.com/d83/onlineapp,https://www.applitrack.com/d83/onlineapp,US
Franklin Park School District #84,https://www.applitrack.com/d84/onlineapp,https://www.applitrack.com/d84/onlineapp,US
Hinsdale Township High School District #86,https://www.applitrack.com/d86/onlineapp,https://www.applitrack.com/d86/onlineapp,US
Idaho Falls School District 91,https://www.applitrack.com/d91/onlineapp,https://www.applitrack.com/d91/onlineapp,US
Will County School District 92,https://www.applitrack.com/d92/onlineapp,https://www.applitrack.com/d92/onlineapp,US
Community Consolidated School District 93,https://www.applitrack.com/d93/onlineapp,https://www.applitrack.com/d93/onlineapp,US
Community High School District 94,https://www.applitrack.com/d94/onlineapp,https://www.applitrack.com/d94/onlineapp,US
Brookfield-LaGrange Park School District 95,https://www.applitrack.com/d95/onlineapp,https://www.applitrack.com/d95/onlineapp,US
Kildeer Countryside CCSD 96,https://www.applitrack.com/d96/onlineapp,https://www.applitrack.com/d96/onlineapp,US
Oak Park Elementary School District 97,https://www.applitrack.com/d97/onlineapp,https://www.applitrack.com/d97/onlineapp,US
Berwyn North School District 98,https://www.applitrack.com/d98/onlineapp,https://www.applitrack.com/d98/onlineapp,US
Dakota School District 201,https://www.applitrack.com/dakota201/onlineapp,https://www.applitrack.com/dakota201/onlineapp,US
Dallas County School District R1,https://www.applitrack.com/dallascounty/onlineapp,https://www.applitrack.com/dallascounty/onlineapp,US
Dallas School District,https://www.applitrack.com/dallassd/onlineapp,https://www.applitrack.com/dallassd/onlineapp,US
Dallastown Area School District,https://www.applitrack.com/dallastown/onlineapp,https://www.applitrack.com/dallastown/onlineapp,US
Danbury Public Schools,https://www.applitrack.com/danbury/onlineapp,https://www.applitrack.com/danbury/onlineapp,US
Danville Community School Corporation,https://www.applitrack.com/danvillek12/onlineapp,https://www.applitrack.com/danvillek12/onlineapp,US
The Technology Center of DuPage,https://www.applitrack.com/daoes/onlineapp,https://www.applitrack.com/daoes/onlineapp,US
Darien Public Schools District #61,https://www.applitrack.com/darien61/onlineapp,https://www.applitrack.com/darien61/onlineapp,US
Darien Public Schools,https://www.applitrack.com/darienps/onlineapp,https://www.applitrack.com/darienps/onlineapp,US
Darlington County School District,https://www.applitrack.com/darlington/onlineapp,https://www.applitrack.com/darlington/onlineapp,US
Downingtown Area School District,https://www.applitrack.com/dasd/onlineapp,https://www.applitrack.com/dasd/onlineapp,US
Davenport Community Schools,https://www.applitrack.com/davenportschools/onlineapp,https://www.applitrack.com/davenportschools/onlineapp,US
Dayton Area School Consortium,https://www.applitrack.com/dayton/onlineapp,https://www.applitrack.com/dayton/onlineapp,US
Daniel Boone Area School District,https://www.applitrack.com/dboone/onlineapp,https://www.applitrack.com/dboone/onlineapp,US
Dutchess County BOCES,https://www.applitrack.com/dcboces/onlineapp,https://www.applitrack.com/dcboces/onlineapp,US
Dallas Center-Grimes Community School District,https://www.applitrack.com/dcg/onlineapp,https://www.applitrack.com/dcg/onlineapp,US
Diocese of Gary,https://www.applitrack.com/dcgary/onlineapp,https://www.applitrack.com/dcgary/onlineapp,US
Dickenson County Schools,https://www.applitrack.com/dcps/onlineapp,https://www.applitrack.com/dcps/onlineapp,US
Douglas County School District,https://www.applitrack.com/dcsd/onlineapp,https://www.applitrack.com/dcsd/onlineapp,US
Dublin City Schools,https://www.applitrack.com/dcsirish/onlineapp,https://www.applitrack.com/dcsirish/onlineapp,US
DeSoto County Schools,https://www.applitrack.com/dcsms/onlineapp,https://www.applitrack.com/dcsms/onlineapp,US
Decatur Park District,https://www.applitrack.com/decparks/onlineapp,https://www.applitrack.com/decparks/onlineapp,US
Deer Creek School District,https://www.applitrack.com/deercreek/onlineapp,https://www.applitrack.com/deercreek/onlineapp,US
DeKalb County Regional Office of Education,https://www.applitrack.com/dekalb/onlineapp,https://www.applitrack.com/dekalb/onlineapp,US
DeKalb Community Unit School District 428,https://www.applitrack.com/dekalbdist428/onlineapp,https://www.applitrack.com/dekalbdist428/onlineapp,US
DeKalb County School District,https://www.applitrack.com/dekalbschoolsga/onlineapp,https://www.applitrack.com/dekalbschoolsga/onlineapp,US
"Delano Public Schools, ISD #879",https://www.applitrack.com/delano/onlineapp,https://www.applitrack.com/delano/onlineapp,US
Delphi Community School Corporation,https://www.applitrack.com/delphi/onlineapp,https://www.applitrack.com/delphi/onlineapp,US
Delran Township School District,https://www.applitrack.com/delran/onlineapp,https://www.applitrack.com/delran/onlineapp,US
Delta County School District 50J,https://www.applitrack.com/deltaschools/onlineapp,https://www.applitrack.com/deltaschools/onlineapp,US
Denison Community School District,https://www.applitrack.com/denison/onlineapp,https://www.applitrack.com/denison/onlineapp,US
Denison Independent School District,https://www.applitrack.com/denisonisd/onlineapp,https://www.applitrack.com/denisonisd/onlineapp,US
Dennis Township School District,https://www.applitrack.com/dennistwpschools/onlineapp,https://www.applitrack.com/dennistwpschools/onlineapp,US
Denver City ISD,https://www.applitrack.com/denvercityisd/onlineapp,https://www.applitrack.com/denvercityisd/onlineapp,US
Denville Township Schools,https://www.applitrack.com/denville/onlineapp,https://www.applitrack.com/denville/onlineapp,US
Derby Public Schools (KS) USD 260,https://www.applitrack.com/derbyks/onlineapp,https://www.applitrack.com/derbyks/onlineapp,US
Derby Public Schools,https://www.applitrack.com/derbyps/onlineapp,https://www.applitrack.com/derbyps/onlineapp,US
Derry Cooperative School District,https://www.applitrack.com/derry/onlineapp,https://www.applitrack.com/derry/onlineapp,US
Derry Area School District,https://www.applitrack.com/derryarea/onlineapp,https://www.applitrack.com/derryarea/onlineapp,US
Dover-Eyota Public Schools,https://www.applitrack.com/desch/onlineapp,https://www.applitrack.com/desch/onlineapp,US
Destination Science,https://www.applitrack.com/destinationscience/onlineapp,https://www.applitrack.com/destinationscience/onlineapp,US
Detroit Lakes Public Schools,https://www.applitrack.com/detlakes/onlineapp,https://www.applitrack.com/detlakes/onlineapp,US
Dobbs Ferry Union Free School District,https://www.applitrack.com/dfsd/onlineapp,https://www.applitrack.com/dfsd/onlineapp,US
Downers Grove Grade School District 58,https://www.applitrack.com/dg58/onlineapp,https://www.applitrack.com/dg58/onlineapp,US
Diboll Independent School District,https://www.applitrack.com/dibollisd/onlineapp,https://www.applitrack.com/dibollisd/onlineapp,US
Catholic Schools of Northeast Ohio,https://www.applitrack.com/dioceseofcleveland/onlineapp,https://www.applitrack.com/dioceseofcleveland/onlineapp,US
Diocese of Harrisburg,https://www.applitrack.com/dioceseofharrisburg/onlineapp,https://www.applitrack.com/dioceseofharrisburg/onlineapp,US
Diocese of Joliet,https://www.applitrack.com/dioceseofjoliet/onlineapp,https://www.applitrack.com/dioceseofjoliet/onlineapp,US
Diocese of Trenton,https://www.applitrack.com/dioceseoftrenton/onlineapp,https://www.applitrack.com/dioceseoftrenton/onlineapp,US
Diocese of Wichita,https://www.applitrack.com/dioceseofwichita/onlineapp,https://www.applitrack.com/dioceseofwichita/onlineapp,US
Grant Community CSD 110,https://www.applitrack.com/dist110/onlineapp,https://www.applitrack.com/dist110/onlineapp,US
School District 145 Waverly,https://www.applitrack.com/dist145/onlineapp,https://www.applitrack.com/dist145/onlineapp,US
Elementary School District  159,https://www.applitrack.com/dist159/onlineapp,https://www.applitrack.com/dist159/onlineapp,US
Fox River Grove Consolidated School District 3,https://www.applitrack.com/dist3/onlineapp,https://www.applitrack.com/dist3/onlineapp,US
Woodland School District 50,https://www.applitrack.com/dist50/onlineapp,https://www.applitrack.com/dist50/onlineapp,US
Belvidere Community Unit School District 100,https://www.applitrack.com/district100/onlineapp,https://www.applitrack.com/district100/onlineapp,US
Lincolnshire-Prairie View School District 103,https://www.applitrack.com/district103/onlineapp,https://www.applitrack.com/district103/onlineapp,US
Eastern Carver County Schools,https://www.applitrack.com/district112/onlineapp,https://www.applitrack.com/district112/onlineapp,US
Cook County School District 130,https://www.applitrack.com/district130/onlineapp,https://www.applitrack.com/district130/onlineapp,US
Community Consolidated School District 146,https://www.applitrack.com/district146/onlineapp,https://www.applitrack.com/district146/onlineapp,US
Spring Lake Park School District 16,https://www.applitrack.com/district16/onlineapp,https://www.applitrack.com/district16/onlineapp,US
Independent School District 196,https://www.applitrack.com/district196/onlineapp,https://www.applitrack.com/district196/onlineapp,US
Central Point School District 6,https://www.applitrack.com/district6/onlineapp,https://www.applitrack.com/district6/onlineapp,US
Bloomington Public Schools District 87,https://www.applitrack.com/district87/onlineapp,https://www.applitrack.com/district87/onlineapp,US
Dougherty County School System,https://www.applitrack.com/docoschools/onlineapp,https://www.applitrack.com/docoschools/onlineapp,US
Dolton School District 149,https://www.applitrack.com/dolton/onlineapp,https://www.applitrack.com/dolton/onlineapp,US
Donegal School District,https://www.applitrack.com/donegalsd/onlineapp,https://www.applitrack.com/donegalsd/onlineapp,US
Doniphan R-1,https://www.applitrack.com/doniphanr1/onlineapp,https://www.applitrack.com/doniphanr1/onlineapp,US
Dorchester School District 2,https://www.applitrack.com/dorchester/onlineapp,https://www.applitrack.com/dorchester/onlineapp,US
Dorchester County School District 04,https://www.applitrack.com/dorchester4k12/onlineapp,https://www.applitrack.com/dorchester4k12/onlineapp,US
Douglas County School System,https://www.applitrack.com/douglascounty/onlineapp,https://www.applitrack.com/douglascounty/onlineapp,US
Douglas Education Service District,https://www.applitrack.com/douglasesd/onlineapp,https://www.applitrack.com/douglasesd/onlineapp,US
Dover Public Schools,https://www.applitrack.com/dover/onlineapp,https://www.applitrack.com/dover/onlineapp,US
Decatur Public Schools District #61,https://www.applitrack.com/dps61/onlineapp,https://www.applitrack.com/dps61/onlineapp,US
Durham Public Schools,https://www.applitrack.com/dpsnc/onlineapp,https://www.applitrack.com/dpsnc/onlineapp,US
Delaware Township School District,https://www.applitrack.com/dtsk8/onlineapp,https://www.applitrack.com/dtsk8/onlineapp,US
Dublin City Schools,https://www.applitrack.com/dublin/onlineapp,https://www.applitrack.com/dublin/onlineapp,US
Dubuque Community Schools,https://www.applitrack.com/dubuque/onlineapp,https://www.applitrack.com/dubuque/onlineapp,US
Educational Service Center of Central Ohio,https://www.applitrack.com/duesc/onlineapp,https://www.applitrack.com/duesc/onlineapp,US
Duluth Public Schools,https://www.applitrack.com/duluth/onlineapp,https://www.applitrack.com/duluth/onlineapp,US
Dumas ISD,https://www.applitrack.com/dumasisd/onlineapp,https://www.applitrack.com/dumasisd/onlineapp,US
Dumont School District,https://www.applitrack.com/dumontnj/onlineapp,https://www.applitrack.com/dumontnj/onlineapp,US
Duncan Public Schools,https://www.applitrack.com/duncanps/onlineapp,https://www.applitrack.com/duncanps/onlineapp,US
Duneland School Corporation,https://www.applitrack.com/duneland/onlineapp,https://www.applitrack.com/duneland/onlineapp,US
Dunellen School District,https://www.applitrack.com/dunellenschools/onlineapp,https://www.applitrack.com/dunellenschools/onlineapp,US
Dunklin R-V School District,https://www.applitrack.com/dunklin/onlineapp,https://www.applitrack.com/dunklin/onlineapp,US
DuPage County ROE,https://www.applitrack.com/dupage/onlineapp,https://www.applitrack.com/dupage/onlineapp,US
Delaware Valley School District,https://www.applitrack.com/dvsd/onlineapp,https://www.applitrack.com/dvsd/onlineapp,US
Eagle Point School District 9,https://www.applitrack.com/eaglepnt/onlineapp,https://www.applitrack.com/eaglepnt/onlineapp,US
Eastampton Township School District,https://www.applitrack.com/eastampton/onlineapp,https://www.applitrack.com/eastampton/onlineapp,US
East Central ISD,https://www.applitrack.com/eastcentral/onlineapp,https://www.applitrack.com/eastcentral/onlineapp,US
East Chambers Independent School District,https://www.applitrack.com/eastchambers/onlineapp,https://www.applitrack.com/eastchambers/onlineapp,US
East Cleveland City Schools,https://www.applitrack.com/eastcleveland/onlineapp,https://www.applitrack.com/eastcleveland/onlineapp,US
East Greenwich Township School District,https://www.applitrack.com/eastgreenwich/onlineapp,https://www.applitrack.com/eastgreenwich/onlineapp,US
East Haddam Public Schools,https://www.applitrack.com/easthaddam/onlineapp,https://www.applitrack.com/easthaddam/onlineapp,US
East Hanover Township Schools,https://www.applitrack.com/easthanover/onlineapp,https://www.applitrack.com/easthanover/onlineapp,US
East Hartford Public Schools,https://www.applitrack.com/easthartford/onlineapp,https://www.applitrack.com/easthartford/onlineapp,US
East Haven Public Schools,https://www.applitrack.com/easthaven/onlineapp,https://www.applitrack.com/easthaven/onlineapp,US
Easton USD 449,https://www.applitrack.com/easton449/onlineapp,https://www.applitrack.com/easton449/onlineapp,US
East Penn School District,https://www.applitrack.com/eastpennsd/onlineapp,https://www.applitrack.com/eastpennsd/onlineapp,US
Eaton School District RE-2,https://www.applitrack.com/eatonco/onlineapp,https://www.applitrack.com/eatonco/onlineapp,US
East Baton Rouge Parish School System,https://www.applitrack.com/ebrschools/onlineapp,https://www.applitrack.com/ebrschools/onlineapp,US
Edinburg CISD,https://www.applitrack.com/ecisd/onlineapp,https://www.applitrack.com/ecisd/onlineapp,US
Edcouch-Elsa ISD,https://www.applitrack.com/edcouch/onlineapp,https://www.applitrack.com/edcouch/onlineapp,US
Eden Prairie Schools,https://www.applitrack.com/edenpr/onlineapp,https://www.applitrack.com/edenpr/onlineapp,US
Edgefield 01 Public Schools,https://www.applitrack.com/edgefield/onlineapp,https://www.applitrack.com/edgefield/onlineapp,US
Edgewater School District,https://www.applitrack.com/edgewaterschools/onlineapp,https://www.applitrack.com/edgewaterschools/onlineapp,US
Edina Public Schools,https://www.applitrack.com/edina/onlineapp,https://www.applitrack.com/edina/onlineapp,US
Edmonds School District,https://www.applitrack.com/edmonds/onlineapp,https://www.applitrack.com/edmonds/onlineapp,US
Edmond Public Schools,https://www.applitrack.com/edmondschools/onlineapp,https://www.applitrack.com/edmondschools/onlineapp,US
Edmonson County School District,https://www.applitrack.com/edmonson/onlineapp,https://www.applitrack.com/edmonson/onlineapp,US
EdAdvance,https://www.applitrack.com/educationconnectionct/onlineapp,https://www.applitrack.com/educationconnectionct/onlineapp,US
East Grand Forks Public Schools,https://www.applitrack.com/egfk12/onlineapp,https://www.applitrack.com/egfk12/onlineapp,US
Egg Harbor Township Schools,https://www.applitrack.com/eggharbor/onlineapp,https://www.applitrack.com/eggharbor/onlineapp,US
EHOVE Career Center,https://www.applitrack.com/ehove/onlineapp,https://www.applitrack.com/ehove/onlineapp,US
East Helena K-12 District,https://www.applitrack.com/ehps/onlineapp,https://www.applitrack.com/ehps/onlineapp,US
Eastern Illinois Area Special Education,https://www.applitrack.com/eiase/onlineapp,https://www.applitrack.com/eiase/onlineapp,US
Edgewood ISD,https://www.applitrack.com/eisd/onlineapp,https://www.applitrack.com/eisd/onlineapp,US
Eastern Lebanon County School District,https://www.applitrack.com/elcosd/onlineapp,https://www.applitrack.com/elcosd/onlineapp,US
El Dorado Public Schools USD 490,https://www.applitrack.com/eldorado/onlineapp,https://www.applitrack.com/eldorado/onlineapp,US
Elevate Academy,https://www.applitrack.com/elevate2c/onlineapp,https://www.applitrack.com/elevate2c/onlineapp,US
Elizabethtown Area School District,https://www.applitrack.com/elizabethtown/onlineapp,https://www.applitrack.com/elizabethtown/onlineapp,US
Elkhart County Government,https://www.applitrack.com/elkhart/onlineapp,https://www.applitrack.com/elkhart/onlineapp,US
Elkhart Community School District,https://www.applitrack.com/elkhartin/onlineapp,https://www.applitrack.com/elkhartin/onlineapp,US
Elkhart Independent School District,https://www.applitrack.com/elkhartisd/onlineapp,https://www.applitrack.com/elkhartisd/onlineapp,US
ISD 728,https://www.applitrack.com/elkrivermn/onlineapp,https://www.applitrack.com/elkrivermn/onlineapp,US
Ellicott School District 22,https://www.applitrack.com/ellicott/onlineapp,https://www.applitrack.com/ellicott/onlineapp,US
Ellicottville Central Schools,https://www.applitrack.com/ellicottvillecentral/onlineapp,https://www.applitrack.com/ellicottvillecentral/onlineapp,US
Ellington Public Schools,https://www.applitrack.com/ellington/onlineapp,https://www.applitrack.com/ellington/onlineapp,US
Elmhurst Community Unit School District 205,https://www.applitrack.com/elmhurst/onlineapp,https://www.applitrack.com/elmhurst/onlineapp,US
El Reno Public Schools,https://www.applitrack.com/elreno/onlineapp,https://www.applitrack.com/elreno/onlineapp,US
Elyria City Schools,https://www.applitrack.com/elyria/onlineapp,https://www.applitrack.com/elyria/onlineapp,US
Emanuel County Public Schools,https://www.applitrack.com/emanuel/onlineapp,https://www.applitrack.com/emanuel/onlineapp,US
Emerson School District,https://www.applitrack.com/emerson/onlineapp,https://www.applitrack.com/emerson/onlineapp,US
Emmons School District 33,https://www.applitrack.com/emmons/onlineapp,https://www.applitrack.com/emmons/onlineapp,US
Emporia Public Schools,https://www.applitrack.com/emporia/onlineapp,https://www.applitrack.com/emporia/onlineapp,US
East Moline School District 37,https://www.applitrack.com/emsd37/onlineapp,https://www.applitrack.com/emsd37/onlineapp,US
Englewood Public School District,https://www.applitrack.com/englewood/onlineapp,https://www.applitrack.com/englewood/onlineapp,US
Englewood Cliffs Public Schools,https://www.applitrack.com/englewoodcliffs/onlineapp,https://www.applitrack.com/englewoodcliffs/onlineapp,US
Englewood Schools,https://www.applitrack.com/englewoodk12/onlineapp,https://www.applitrack.com/englewoodk12/onlineapp,US
East Orange School District,https://www.applitrack.com/eosd/onlineapp,https://www.applitrack.com/eosd/onlineapp,US
Elmwood Park Community Unit School District #401,https://www.applitrack.com/epcusd401/onlineapp,https://www.applitrack.com/epcusd401/onlineapp,US
Elmwood Park Public Schools,https://www.applitrack.com/epps/onlineapp,https://www.applitrack.com/epps/onlineapp,US
Era ISD,https://www.applitrack.com/eraisd/onlineapp,https://www.applitrack.com/eraisd/onlineapp,US
Essex Regional Educational Services Commission,https://www.applitrack.com/eresc/onlineapp,https://www.applitrack.com/eresc/onlineapp,US
Erie City School District,https://www.applitrack.com/eriecitypa/onlineapp,https://www.applitrack.com/eriecitypa/onlineapp,US
Erlanger-Elsmere Independent Schools,https://www.applitrack.com/erlanger/onlineapp,https://www.applitrack.com/erlanger/onlineapp,US
East Stroudsburg Area School District,https://www.applitrack.com/esasd/onlineapp,https://www.applitrack.com/esasd/onlineapp,US
Region 17 Ed Service Center,https://www.applitrack.com/esc17/onlineapp,https://www.applitrack.com/esc17/onlineapp,US
Region 9 Education Service Center,https://www.applitrack.com/esc9/onlineapp,https://www.applitrack.com/esc9/onlineapp,US
Educational Service Center of Northeast Ohio,https://www.applitrack.com/esccc/onlineapp,https://www.applitrack.com/esccc/onlineapp,US
ESC of Lake Erie West,https://www.applitrack.com/esclakeeriewest/onlineapp,https://www.applitrack.com/esclakeeriewest/onlineapp,US
Educational Service Center of Lorain County,https://www.applitrack.com/esclc/onlineapp,https://www.applitrack.com/esclc/onlineapp,US
Educational Services Commission of New Jersey,https://www.applitrack.com/escnj/onlineapp,https://www.applitrack.com/escnj/onlineapp,US
Educational Service District 123,https://www.applitrack.com/esd123/onlineapp,https://www.applitrack.com/esd123/onlineapp,US
Excelsior Springs School District,https://www.applitrack.com/essd40/onlineapp,https://www.applitrack.com/essd40/onlineapp,US
Essex County Schools,https://www.applitrack.com/essexva/onlineapp,https://www.applitrack.com/essexva/onlineapp,US
Estes Park School District R-3,https://www.applitrack.com/estesschools/onlineapp,https://www.applitrack.com/estesschools/onlineapp,US
East St Louis School District 189,https://www.applitrack.com/estl/onlineapp,https://www.applitrack.com/estl/onlineapp,US
Educational Service Unit 6,https://www.applitrack.com/esu6/onlineapp,https://www.applitrack.com/esu6/onlineapp,US
Euclid City School District,https://www.applitrack.com/euclid/onlineapp,https://www.applitrack.com/euclid/onlineapp,US
Eastchester Union Free School District,https://www.applitrack.com/eufsdk12/onlineapp,https://www.applitrack.com/eufsdk12/onlineapp,US
Eastern Upper Peninsula AppliTrack Consortium,https://www.applitrack.com/eup/onlineapp,https://www.applitrack.com/eup/onlineapp,US
Everett Public Schools,https://www.applitrack.com/everettsd/onlineapp,https://www.applitrack.com/everettsd/onlineapp,US
Evergreen Park Community High School District 231,https://www.applitrack.com/evergreenpark/onlineapp,https://www.applitrack.com/evergreenpark/onlineapp,US
Everman ISD,https://www.applitrack.com/everman/onlineapp,https://www.applitrack.com/everman/onlineapp,US
Evesham Township School District,https://www.applitrack.com/evesham/onlineapp,https://www.applitrack.com/evesham/onlineapp,US
East Valley Institute of Technology,https://www.applitrack.com/evit/onlineapp,https://www.applitrack.com/evit/onlineapp,US
Evansville Vanderburgh School Corporation,https://www.applitrack.com/evsck12/onlineapp,https://www.applitrack.com/evsck12/onlineapp,US
East Windsor Regional School District,https://www.applitrack.com/ewrsd/onlineapp,https://www.applitrack.com/ewrsd/onlineapp,US
Exeter Township School District,https://www.applitrack.com/exetertownship/onlineapp,https://www.applitrack.com/exetertownship/onlineapp,US
Fairfax Elementary School District,https://www.applitrack.com/fairfax/onlineapp,https://www.applitrack.com/fairfax/onlineapp,US
Fairfield Public Schools,https://www.applitrack.com/fairfield/onlineapp,https://www.applitrack.com/fairfield/onlineapp,US
Fairfield County School District,https://www.applitrack.com/fairfieldsc/onlineapp,https://www.applitrack.com/fairfieldsc/onlineapp,US
Fair Haven School District,https://www.applitrack.com/fairhaven/onlineapp,https://www.applitrack.com/fairhaven/onlineapp,US
Fair Lawn Public School District,https://www.applitrack.com/fairlawnschools/onlineapp,https://www.applitrack.com/fairlawnschools/onlineapp,US
Fairview Park City Schools,https://www.applitrack.com/fairview/onlineapp,https://www.applitrack.com/fairview/onlineapp,US
Fall River Public Schools,https://www.applitrack.com/fallriverschools/onlineapp,https://www.applitrack.com/fallriverschools/onlineapp,US
Falls Church City Public Schools,https://www.applitrack.com/fallschurchcity/onlineapp,https://www.applitrack.com/fallschurchcity/onlineapp,US
Falmouth Public Schools,https://www.applitrack.com/falmouth/onlineapp,https://www.applitrack.com/falmouth/onlineapp,US
Fannin County School District,https://www.applitrack.com/fannink12/onlineapp,https://www.applitrack.com/fannink12/onlineapp,US
Fargo Public Schools,https://www.applitrack.com/fargo/onlineapp,https://www.applitrack.com/fargo/onlineapp,US
Faribault Independent School District 656,https://www.applitrack.com/faribault/onlineapp,https://www.applitrack.com/faribault/onlineapp,US
Farmington School District,https://www.applitrack.com/farmcards/onlineapp,https://www.applitrack.com/farmcards/onlineapp,US
Fayette County School Corporation,https://www.applitrack.com/fayettek12/onlineapp,https://www.applitrack.com/fayettek12/onlineapp,US
Franklin Borough School District,https://www.applitrack.com/fboe/onlineapp,https://www.applitrack.com/fboe/onlineapp,US
Fox Chapel Area School District,https://www.applitrack.com/fcasd/onlineapp,https://www.applitrack.com/fcasd/onlineapp,US
Frederick County Public Schools,https://www.applitrack.com/fcps/onlineapp,https://www.applitrack.com/fcps/onlineapp,US
Fort Dodge Community School District,https://www.applitrack.com/fdschools/onlineapp,https://www.applitrack.com/fdschools/onlineapp,US
Federal Way Public Schools,https://www.applitrack.com/federalway/onlineapp,https://www.applitrack.com/federalway/onlineapp,US
Fenton Community High School District 100,https://www.applitrack.com/fenton100/onlineapp,https://www.applitrack.com/fenton100/onlineapp,US
Ferguson-Florissant School District,https://www.applitrack.com/fergflor/onlineapp,https://www.applitrack.com/fergflor/onlineapp,US
Fergus Falls Public Schools,https://www.applitrack.com/fergusfalls/onlineapp,https://www.applitrack.com/fergusfalls/onlineapp,US
Fern Ridge School District 28J,https://www.applitrack.com/fernridge/onlineapp,https://www.applitrack.com/fernridge/onlineapp,US
Ferris Independent School District,https://www.applitrack.com/ferrisisd/onlineapp,https://www.applitrack.com/ferrisisd/onlineapp,US
Festus R-VI School District,https://www.applitrack.com/festus/onlineapp,https://www.applitrack.com/festus/onlineapp,US
Faith Family Academy Charters,https://www.applitrack.com/ffac/onlineapp,https://www.applitrack.com/ffac/onlineapp,US
Fountain-Fort Carson School District 8,https://www.applitrack.com/ffc8/onlineapp,https://www.applitrack.com/ffc8/onlineapp,US
Fort Huachuca Accommodation District,https://www.applitrack.com/fhasd/onlineapp,https://www.applitrack.com/fhasd/onlineapp,US
Francis Howell School District,https://www.applitrack.com/fhsd/onlineapp,https://www.applitrack.com/fhsd/onlineapp,US
Fieldcrest Community School District 6,https://www.applitrack.com/fieldcrest/onlineapp,https://www.applitrack.com/fieldcrest/onlineapp,US
Field Local School District,https://www.applitrack.com/fieldlocalschools/onlineapp,https://www.applitrack.com/fieldlocalschools/onlineapp,US
Five Town CSD & MSAD #28,https://www.applitrack.com/fivetowns/onlineapp,https://www.applitrack.com/fivetowns/onlineapp,US
Forest Lake Schools,https://www.applitrack.com/flaschools/onlineapp,https://www.applitrack.com/flaschools/onlineapp,US
Florence County School District 2,https://www.applitrack.com/florence2/onlineapp,https://www.applitrack.com/florence2/onlineapp,US
Florence Township School District,https://www.applitrack.com/florencek12/onlineapp,https://www.applitrack.com/florencek12/onlineapp,US
Florence Unified School District #1,https://www.applitrack.com/florenceusd/onlineapp,https://www.applitrack.com/florenceusd/onlineapp,US
Floyd County Schools,https://www.applitrack.com/floydboe/onlineapp,https://www.applitrack.com/floydboe/onlineapp,US
Farmington Municipal Schools,https://www.applitrack.com/fmsk12/onlineapp,https://www.applitrack.com/fmsk12/onlineapp,US
Foley Public School District,https://www.applitrack.com/foley/onlineapp,https://www.applitrack.com/foley/onlineapp,US
Forest Municipal School District,https://www.applitrack.com/forestk12ms/onlineapp,https://www.applitrack.com/forestk12ms/onlineapp,US
Forest Park School District 91,https://www.applitrack.com/forestpark/onlineapp,https://www.applitrack.com/forestpark/onlineapp,US
Forney Independent School District,https://www.applitrack.com/forneyisd/onlineapp,https://www.applitrack.com/forneyisd/onlineapp,US
Forrest County School District,https://www.applitrack.com/forrest/onlineapp,https://www.applitrack.com/forrest/onlineapp,US
Forsyth County School District,https://www.applitrack.com/forsyth/onlineapp,https://www.applitrack.com/forsyth/onlineapp,US
Fort Benton School District 1,https://www.applitrack.com/fortbenton/onlineapp,https://www.applitrack.com/fortbenton/onlineapp,US
Fort Lee Public Schools,https://www.applitrack.com/fortlee/onlineapp,https://www.applitrack.com/fortlee/onlineapp,US
Fort Thomas Independent Schools,https://www.applitrack.com/fortthomas/onlineapp,https://www.applitrack.com/fortthomas/onlineapp,US
Fremont County School District #21,https://www.applitrack.com/fortwashakieschool/onlineapp,https://www.applitrack.com/fortwashakieschool/onlineapp,US
Fort Worth ISD,https://www.applitrack.com/fortworth/onlineapp,https://www.applitrack.com/fortworth/onlineapp,US
Florham Park School District,https://www.applitrack.com/fpks/onlineapp,https://www.applitrack.com/fpks/onlineapp,US
Park District of Franklin Park,https://www.applitrack.com/fpparks/onlineapp,https://www.applitrack.com/fpparks/onlineapp,US
Farmington Public Schools,https://www.applitrack.com/fpsct/onlineapp,https://www.applitrack.com/fpsct/onlineapp,US
Francis Tuttle Technology Center,https://www.applitrack.com/francistuttle/onlineapp,https://www.applitrack.com/francistuttle/onlineapp,US
Frankford Township School District,https://www.applitrack.com/frankfordschool/onlineapp,https://www.applitrack.com/frankfordschool/onlineapp,US
Franklin Regional School District,https://www.applitrack.com/franklinregional/onlineapp,https://www.applitrack.com/franklinregional/onlineapp,US
Franklin Community Schools,https://www.applitrack.com/franklinschools/onlineapp,https://www.applitrack.com/franklinschools/onlineapp,US
Frazee-Vergas Public School District,https://www.applitrack.com/frazeek12/onlineapp,https://www.applitrack.com/frazeek12/onlineapp,US
Fremont Co School District 6,https://www.applitrack.com/fre6/onlineapp,https://www.applitrack.com/fre6/onlineapp,US
Fredericksburg City Public Schools,https://www.applitrack.com/fredericksburg/onlineapp,https://www.applitrack.com/fredericksburg/onlineapp,US
Fredericktown Local School District,https://www.applitrack.com/fredericktown/onlineapp,https://www.applitrack.com/fredericktown/onlineapp,US
Freehold Borough School District,https://www.applitrack.com/freeholdboro/onlineapp,https://www.applitrack.com/freeholdboro/onlineapp,US
Fremont School District 79,https://www.applitrack.com/fremont/onlineapp,https://www.applitrack.com/fremont/onlineapp,US
Fremont County School District 14,https://www.applitrack.com/fremont14/onlineapp,https://www.applitrack.com/fremont14/onlineapp,US
Fremont School District RE-2,https://www.applitrack.com/fremontre2/onlineapp,https://www.applitrack.com/fremontre2/onlineapp,US
Fremont County School District #1,https://www.applitrack.com/fremontwy/onlineapp,https://www.applitrack.com/fremontwy/onlineapp,US
Frenship Independent School District,https://www.applitrack.com/frenship/onlineapp,https://www.applitrack.com/frenship/onlineapp,US
Freehold Regional High School District,https://www.applitrack.com/frhsd/onlineapp,https://www.applitrack.com/frhsd/onlineapp,US
Friendship Central School District,https://www.applitrack.com/friendship/onlineapp,https://www.applitrack.com/friendship/onlineapp,US
Frontier Academy,https://www.applitrack.com/frontieracademy/onlineapp,https://www.applitrack.com/frontieracademy/onlineapp,US
Flemington-Raritan Regional School District,https://www.applitrack.com/frsd/onlineapp,https://www.applitrack.com/frsd/onlineapp,US
Freeport School District 145,https://www.applitrack.com/fsd145/onlineapp,https://www.applitrack.com/fsd145/onlineapp,US
Fairmont School District #89,https://www.applitrack.com/fsd89/onlineapp,https://www.applitrack.com/fsd89/onlineapp,US
Farmington R-VII School District,https://www.applitrack.com/fsdknights/onlineapp,https://www.applitrack.com/fsdknights/onlineapp,US
Franklin Special District,https://www.applitrack.com/fssd/onlineapp,https://www.applitrack.com/fssd/onlineapp,US
Franklin Township Community School Corporation,https://www.applitrack.com/ftcsc/onlineapp,https://www.applitrack.com/ftcsc/onlineapp,US
Weld County School District Re-8,https://www.applitrack.com/ftlupton/onlineapp,https://www.applitrack.com/ftlupton/onlineapp,US
Franklin Township School District,https://www.applitrack.com/ftschool/onlineapp,https://www.applitrack.com/ftschool/onlineapp,US
Gadsden School Dist 32,https://www.applitrack.com/gadsden/onlineapp,https://www.applitrack.com/gadsden/onlineapp,US
Gahanna Jefferson Public Schools,https://www.applitrack.com/gahannaschools/onlineapp,https://www.applitrack.com/gahannaschools/onlineapp,US
Gainesville Independent School District,https://www.applitrack.com/gainesvilleisd/onlineapp,https://www.applitrack.com/gainesvilleisd/onlineapp,US
Galena City School District,https://www.applitrack.com/galenacitysd/onlineapp,https://www.applitrack.com/galenacitysd/onlineapp,US
Community Unit School District #205,https://www.applitrack.com/galesburg205/onlineapp,https://www.applitrack.com/galesburg205/onlineapp,US
Gallatin County Schools,https://www.applitrack.com/gallatin/onlineapp,https://www.applitrack.com/gallatin/onlineapp,US
Gallatin R-V School District,https://www.applitrack.com/gallatinrv/onlineapp,https://www.applitrack.com/gallatinrv/onlineapp,US
Galveston Ind School Dist,https://www.applitrack.com/galveston/onlineapp,https://www.applitrack.com/galveston/onlineapp,US
Garfield County School District 16,https://www.applitrack.com/garco/onlineapp,https://www.applitrack.com/garco/onlineapp,US
Gardner Edgerton School District USD231,https://www.applitrack.com/gardneredgerton/onlineapp,https://www.applitrack.com/gardneredgerton/onlineapp,US
Garfield Heights City Schools,https://www.applitrack.com/garfield/onlineapp,https://www.applitrack.com/garfield/onlineapp,US
Garland Independent School District,https://www.applitrack.com/garlandisd/onlineapp,https://www.applitrack.com/garlandisd/onlineapp,US
Garrett County Public Schools,https://www.applitrack.com/garrettcountyschools/onlineapp,https://www.applitrack.com/garrettcountyschools/onlineapp,US
Gary Community School Corporation,https://www.applitrack.com/garycsc/onlineapp,https://www.applitrack.com/garycsc/onlineapp,US
Gateway Regional High School District,https://www.applitrack.com/gatewayhs/onlineapp,https://www.applitrack.com/gatewayhs/onlineapp,US
GBOE,https://www.applitrack.com/gboe/onlineapp,https://www.applitrack.com/gboe/onlineapp,US
Green Brook Township Public Schools,https://www.applitrack.com/gbtps/onlineapp,https://www.applitrack.com/gbtps/onlineapp,US
Gila Bend Unified School District,https://www.applitrack.com/gbusd/onlineapp,https://www.applitrack.com/gbusd/onlineapp,US
Mid-Michigan Area Public Schools Consortium,https://www.applitrack.com/gcaps/onlineapp,https://www.applitrack.com/gcaps/onlineapp,US
Greene County CSD,https://www.applitrack.com/gccsd/onlineapp,https://www.applitrack.com/gccsd/onlineapp,US
Gloucester County Institute of Technology,https://www.applitrack.com/gcit/onlineapp,https://www.applitrack.com/gcit/onlineapp,US
Greenfield-Central Cmty School District,https://www.applitrack.com/gcsc/onlineapp,https://www.applitrack.com/gcsc/onlineapp,US
Gloucester City School District,https://www.applitrack.com/gcsd/onlineapp,https://www.applitrack.com/gcsd/onlineapp,US
Guilford County Schools,https://www.applitrack.com/gcsnc/onlineapp,https://www.applitrack.com/gcsnc/onlineapp,US
Gainesville City School District,https://www.applitrack.com/gcssk12/onlineapp,https://www.applitrack.com/gcssk12/onlineapp,US
The Glenbard Elementary Consortium,https://www.applitrack.com/gec/onlineapp,https://www.applitrack.com/gec/onlineapp,US
Geneva Area City School District,https://www.applitrack.com/genevaschools/onlineapp,https://www.applitrack.com/genevaschools/onlineapp,US
Georgetown County School District,https://www.applitrack.com/georgetowncounty/onlineapp,https://www.applitrack.com/georgetowncounty/onlineapp,US
Georgia Cyber Academy,https://www.applitrack.com/georgiacyber/onlineapp,https://www.applitrack.com/georgiacyber/onlineapp,US
Glendale Elementary School District No. 40,https://www.applitrack.com/gesd40/onlineapp,https://www.applitrack.com/gesd40/onlineapp,US
Gettysburg Area School District,https://www.applitrack.com/gettysburgk12/onlineapp,https://www.applitrack.com/gettysburgk12/onlineapp,US
Granite Falls School District,https://www.applitrack.com/gfalls/onlineapp,https://www.applitrack.com/gfalls/onlineapp,US
Greenfield Union School District,https://www.applitrack.com/gfusd/onlineapp,https://www.applitrack.com/gfusd/onlineapp,US
Gibbon Fairfax Winthrop Public School District 2365,https://www.applitrack.com/gfwschools/onlineapp,https://www.applitrack.com/gfwschools/onlineapp,US
Grand Haven Area Public Schools,https://www.applitrack.com/ghaps/onlineapp,https://www.applitrack.com/ghaps/onlineapp,US
Giant Steps Illinois,https://www.applitrack.com/giantsteps/onlineapp,https://www.applitrack.com/giantsteps/onlineapp,US
Gilbert,https://www.applitrack.com/gilbert/onlineapp,https://www.applitrack.com/gilbert/onlineapp,US
The Gilbert School,https://www.applitrack.com/gilbertschool/onlineapp,https://www.applitrack.com/gilbertschool/onlineapp,US
Gilbert Unified School Dist 41,https://www.applitrack.com/gilbertschools/onlineapp,https://www.applitrack.com/gilbertschools/onlineapp,US
Grand Island Public Schools,https://www.applitrack.com/gips/onlineapp,https://www.applitrack.com/gips/onlineapp,US
Gratiot-Isabella RESD,https://www.applitrack.com/giresd/onlineapp,https://www.applitrack.com/giresd/onlineapp,US
Greater Johnstown School District,https://www.applitrack.com/gjsd/onlineapp,https://www.applitrack.com/gjsd/onlineapp,US
Glenbard Township High School District 87,https://www.applitrack.com/glenbard/onlineapp,https://www.applitrack.com/glenbard/onlineapp,US
Glendive Public Schools,https://www.applitrack.com/glendiveschools/onlineapp,https://www.applitrack.com/glendiveschools/onlineapp,US
Glen Ridge School District,https://www.applitrack.com/glenridge/onlineapp,https://www.applitrack.com/glenridge/onlineapp,US
Glen Rock Public Schools,https://www.applitrack.com/glenrock/onlineapp,https://www.applitrack.com/glenrock/onlineapp,US
Gloucester County Public Schools,https://www.applitrack.com/gloucester/onlineapp,https://www.applitrack.com/gloucester/onlineapp,US
Greater Latrobe School District,https://www.applitrack.com/glsd/onlineapp,https://www.applitrack.com/glsd/onlineapp,US
Glynn County School System,https://www.applitrack.com/glynnco/onlineapp,https://www.applitrack.com/glynnco/onlineapp,US
Gallup-Mckinley County Schools,https://www.applitrack.com/gmcsk12nm/onlineapp,https://www.applitrack.com/gmcsk12nm/onlineapp,US
Germantown BOE (TN),https://www.applitrack.com/gmsdk12/onlineapp,https://www.applitrack.com/gmsdk12/onlineapp,US
The Greater Nebraska Schools Hiring Consortium,https://www.applitrack.com/gns/onlineapp,https://www.applitrack.com/gns/onlineapp,US
Lafayette County School District,https://www.applitrack.com/gocommodores/onlineapp,https://www.applitrack.com/gocommodores/onlineapp,US
School Administrative Unit #19,https://www.applitrack.com/goffstown/onlineapp,https://www.applitrack.com/goffstown/onlineapp,US
Golf School District 67,https://www.applitrack.com/golf67/onlineapp,https://www.applitrack.com/golf67/onlineapp,US
Goliad Independent School District,https://www.applitrack.com/goliad/onlineapp,https://www.applitrack.com/goliad/onlineapp,US
Gorham School District,https://www.applitrack.com/gorham/onlineapp,https://www.applitrack.com/gorham/onlineapp,US
Gouverneur Central School District,https://www.applitrack.com/gouverneur/onlineapp,https://www.applitrack.com/gouverneur/onlineapp,US
GWRSD & Middleton School Districts,https://www.applitrack.com/govwentworth/onlineapp,https://www.applitrack.com/govwentworth/onlineapp,US
Gower District 62,https://www.applitrack.com/gower/onlineapp,https://www.applitrack.com/gower/onlineapp,US
The Grosse Pointe Public School System,https://www.applitrack.com/gpschools/onlineapp,https://www.applitrack.com/gpschools/onlineapp,US
Grand Canyon Unified School District No. 4,https://www.applitrack.com/grandcanyon4/onlineapp,https://www.applitrack.com/grandcanyon4/onlineapp,US
Grand County School District,https://www.applitrack.com/grandschools/onlineapp,https://www.applitrack.com/grandschools/onlineapp,US
Granite School District,https://www.applitrack.com/graniteschools/onlineapp,https://www.applitrack.com/graniteschools/onlineapp,US
Grant Community High School District 124,https://www.applitrack.com/grant124/onlineapp,https://www.applitrack.com/grant124/onlineapp,US
Greater Albany Public School District 8J,https://www.applitrack.com/greateralbany/onlineapp,https://www.applitrack.com/greateralbany/onlineapp,US
The Greater Cincinnati School Application Consortium,https://www.applitrack.com/greatercincinnati/onlineapp,https://www.applitrack.com/greatercincinnati/onlineapp,US
Great Falls Public Schools,https://www.applitrack.com/greatfalls/onlineapp,https://www.applitrack.com/greatfalls/onlineapp,US
Great Plains Technology Center,https://www.applitrack.com/greatplains/onlineapp,https://www.applitrack.com/greatplains/onlineapp,US
Greece Central School District,https://www.applitrack.com/greececsd/onlineapp,https://www.applitrack.com/greececsd/onlineapp,US
Greeley - Evans School District 6,https://www.applitrack.com/greeley/onlineapp,https://www.applitrack.com/greeley/onlineapp,US
Greencastle Community School Corporation,https://www.applitrack.com/greencastle/onlineapp,https://www.applitrack.com/greencastle/onlineapp,US
Greenville Independent School District,https://www.applitrack.com/greenvilleisd/onlineapp,https://www.applitrack.com/greenvilleisd/onlineapp,US
Greenwich Public Schools,https://www.applitrack.com/greenwich/onlineapp,https://www.applitrack.com/greenwich/onlineapp,US
Greenwood Community Schools,https://www.applitrack.com/greenwood/onlineapp,https://www.applitrack.com/greenwood/onlineapp,US
Greenwood School District 52,https://www.applitrack.com/greenwood52/onlineapp,https://www.applitrack.com/greenwood52/onlineapp,US
Greenwood School District 50,https://www.applitrack.com/greenwoodsd50/onlineapp,https://www.applitrack.com/greenwoodsd50/onlineapp,US
Gresham Barlow School District,https://www.applitrack.com/greshambarlow/onlineapp,https://www.applitrack.com/greshambarlow/onlineapp,US
Griffin-Spalding County School System,https://www.applitrack.com/griffin/onlineapp,https://www.applitrack.com/griffin/onlineapp,US
Griffith Public School District,https://www.applitrack.com/griffith/onlineapp,https://www.applitrack.com/griffith/onlineapp,US
Griswold Public Schools,https://www.applitrack.com/griswold/onlineapp,https://www.applitrack.com/griswold/onlineapp,US
Groton Public Schools,https://www.applitrack.com/groton/onlineapp,https://www.applitrack.com/groton/onlineapp,US
Grove City Area School District,https://www.applitrack.com/grovecityschools/onlineapp,https://www.applitrack.com/grovecityschools/onlineapp,US
Grundmeyer Leader Search,https://www.applitrack.com/grundmeyerleadersearch/onlineapp,https://www.applitrack.com/grundmeyerleadersearch/onlineapp,US
Greater Saskatoon Catholic Schools,https://www.applitrack.com/gscs/onlineapp,https://www.applitrack.com/gscs/onlineapp,CA
Grandview School District,https://www.applitrack.com/gsd200/onlineapp,https://www.applitrack.com/gsd200/onlineapp,US
Glencoe-Silver Lake Public Schools,https://www.applitrack.com/gsl/onlineapp,https://www.applitrack.com/gsl/onlineapp,US
Greenwich Township School District,https://www.applitrack.com/gtsdk8/onlineapp,https://www.applitrack.com/gtsdk8/onlineapp,US
Glendale Union High School District 205,https://www.applitrack.com/guhsdaz/onlineapp,https://www.applitrack.com/guhsdaz/onlineapp,US
Gulfport School District,https://www.applitrack.com/gulfportschools/onlineapp,https://www.applitrack.com/gulfportschools/onlineapp,US
Gunter ISD,https://www.applitrack.com/gunterisd/onlineapp,https://www.applitrack.com/gunterisd/onlineapp,US
Great Valley School District,https://www.applitrack.com/gvsd/onlineapp,https://www.applitrack.com/gvsd/onlineapp,US
Gwinnett County Public Schools,https://www.applitrack.com/gwinnett/onlineapp,https://www.applitrack.com/gwinnett/onlineapp,US
George West Independent School District,https://www.applitrack.com/gwisd/onlineapp,https://www.applitrack.com/gwisd/onlineapp,US
Habersham County Schools,https://www.applitrack.com/habershamschools/onlineapp,https://www.applitrack.com/habershamschools/onlineapp,US
Hackensack Public Schools,https://www.applitrack.com/hackensack/onlineapp,https://www.applitrack.com/hackensack/onlineapp,US
Haddonfield School District,https://www.applitrack.com/haddonfield/onlineapp,https://www.applitrack.com/haddonfield/onlineapp,US
Haledon Elementary School District,https://www.applitrack.com/haledon/onlineapp,https://www.applitrack.com/haledon/onlineapp,US
Halifax Area School District,https://www.applitrack.com/halifax/onlineapp,https://www.applitrack.com/halifax/onlineapp,US
Hall County Schools,https://www.applitrack.com/hallcounty/onlineapp,https://www.applitrack.com/hallcounty/onlineapp,US
Hallettsville ISD,https://www.applitrack.com/hallettsville/onlineapp,https://www.applitrack.com/hallettsville/onlineapp,US
Hamden Public Schools,https://www.applitrack.com/hamden/onlineapp,https://www.applitrack.com/hamden/onlineapp,US
Hamilton Township School District Mercer County,https://www.applitrack.com/hamilton/onlineapp,https://www.applitrack.com/hamilton/onlineapp,US
Hamilton Independent School District,https://www.applitrack.com/hamiltonisd/onlineapp,https://www.applitrack.com/hamiltonisd/onlineapp,US
Hammond Academy of Science and Technology,https://www.applitrack.com/hammondacademy/onlineapp,https://www.applitrack.com/hammondacademy/onlineapp,US
Hampstead School District,https://www.applitrack.com/hampsteadschools/onlineapp,https://www.applitrack.com/hampsteadschools/onlineapp,US
Hampton County School District,https://www.applitrack.com/hampton2/onlineapp,https://www.applitrack.com/hampton2/onlineapp,US
Hampton City Schools,https://www.applitrack.com/hamptonk12/onlineapp,https://www.applitrack.com/hamptonk12/onlineapp,US
"Hancock County School District - Kiln, MS",https://www.applitrack.com/hancock/onlineapp,https://www.applitrack.com/hancock/onlineapp,US
Hancock Place School District,https://www.applitrack.com/hancockk12/onlineapp,https://www.applitrack.com/hancockk12/onlineapp,US
Hanover Community School Corporation,https://www.applitrack.com/hanover/onlineapp,https://www.applitrack.com/hanover/onlineapp,US
Hanover Township School District,https://www.applitrack.com/hanovertwpschools/onlineapp,https://www.applitrack.com/hanovertwpschools/onlineapp,US
Harlem Unit School District 122,https://www.applitrack.com/harlem122/onlineapp,https://www.applitrack.com/harlem122/onlineapp,US
Harlem Public Schools,https://www.applitrack.com/harlemhs/onlineapp,https://www.applitrack.com/harlemhs/onlineapp,US
Harnett County Schools,https://www.applitrack.com/harnett/onlineapp,https://www.applitrack.com/harnett/onlineapp,US
Harris County School District,https://www.applitrack.com/harrisk12/onlineapp,https://www.applitrack.com/harrisk12/onlineapp,US
Harrison Hills School District,https://www.applitrack.com/harrisonhills/onlineapp,https://www.applitrack.com/harrisonhills/onlineapp,US
Harrisonville Schools,https://www.applitrack.com/harrisonvilleschools/onlineapp,https://www.applitrack.com/harrisonvilleschools/onlineapp,US
Hart County Schools,https://www.applitrack.com/hartkyschools/onlineapp,https://www.applitrack.com/hartkyschools/onlineapp,US
Harvey School District 152,https://www.applitrack.com/harvey/onlineapp,https://www.applitrack.com/harvey/onlineapp,US
Hamburg Area School District,https://www.applitrack.com/hasd/onlineapp,https://www.applitrack.com/hasd/onlineapp,US
Hastings ISD 200,https://www.applitrack.com/hastingsisd/onlineapp,https://www.applitrack.com/hastingsisd/onlineapp,US
Hattiesburg Public School District,https://www.applitrack.com/hattiesburg/onlineapp,https://www.applitrack.com/hattiesburg/onlineapp,US
Lake Havasu Unified School District #1,https://www.applitrack.com/havasu/onlineapp,https://www.applitrack.com/havasu/onlineapp,US
Havre Public Schools,https://www.applitrack.com/havre/onlineapp,https://www.applitrack.com/havre/onlineapp,US
Hawthorne Public Schools,https://www.applitrack.com/hawthorne/onlineapp,https://www.applitrack.com/hawthorne/onlineapp,US
Hayden School District,https://www.applitrack.com/haydenschools/onlineapp,https://www.applitrack.com/haydenschools/onlineapp,US
Hays CISD,https://www.applitrack.com/hayscisd/onlineapp,https://www.applitrack.com/hayscisd/onlineapp,US
Harrisburg School District,https://www.applitrack.com/hbgsd/onlineapp,https://www.applitrack.com/hbgsd/onlineapp,US
Hamblen County School District,https://www.applitrack.com/hcboe/onlineapp,https://www.applitrack.com/hcboe/onlineapp,US
Harlingen CISD,https://www.applitrack.com/hcisd/onlineapp,https://www.applitrack.com/hcisd/onlineapp,US
Elkhart and St. Joseph Counties Head Start Consortium,https://www.applitrack.com/headstartesj/onlineapp,https://www.applitrack.com/headstartesj/onlineapp,US
Helena Public Schools,https://www.applitrack.com/helena/onlineapp,https://www.applitrack.com/helena/onlineapp,US
Hempfield School District,https://www.applitrack.com/hempfieldsd/onlineapp,https://www.applitrack.com/hempfieldsd/onlineapp,US
Henderson Independent School District,https://www.applitrack.com/hendersonisd/onlineapp,https://www.applitrack.com/hendersonisd/onlineapp,US
Hendry County School Board,https://www.applitrack.com/hendry/onlineapp,https://www.applitrack.com/hendry/onlineapp,US
Herkimer-Fulton-Hamilton-Otsego BOCES,https://www.applitrack.com/herkimerboces/onlineapp,https://www.applitrack.com/herkimerboces/onlineapp,US
Hermantown ISD 700,https://www.applitrack.com/hermantown/onlineapp,https://www.applitrack.com/hermantown/onlineapp,US
Hertford County Schools,https://www.applitrack.com/hertford/onlineapp,https://www.applitrack.com/hertford/onlineapp,US
Henry Ford Academy,https://www.applitrack.com/hfa/onlineapp,https://www.applitrack.com/hfa/onlineapp,US
Hawthorne Foundation Inc,https://www.applitrack.com/hfadm/onlineapp,https://www.applitrack.com/hfadm/onlineapp,US
Holy Family Catholic Schools Dubuque,https://www.applitrack.com/hfdbq/onlineapp,https://www.applitrack.com/hfdbq/onlineapp,US
Half Hollow Hills Central School District,https://www.applitrack.com/hhhny/onlineapp,https://www.applitrack.com/hhhny/onlineapp,US
Hasbrouck Heights Public Schools,https://www.applitrack.com/hhschools/onlineapp,https://www.applitrack.com/hhschools/onlineapp,US
Hiawatha Valley Education District,https://www.applitrack.com/hiawatha/onlineapp,https://www.applitrack.com/hiawatha/onlineapp,US
Hiawatha Academies,https://www.applitrack.com/hiawathaacademies/onlineapp,https://www.applitrack.com/hiawathaacademies/onlineapp,US
Hiawatha Unified School District 415,https://www.applitrack.com/hiawathaschools/onlineapp,https://www.applitrack.com/hiawathaschools/onlineapp,US
Hickman Mills C-1 Public Schools,https://www.applitrack.com/hickmanmills/onlineapp,https://www.applitrack.com/hickmanmills/onlineapp,US
Highland Community Unit School District 5,https://www.applitrack.com/highlandcusd5/onlineapp,https://www.applitrack.com/highlandcusd5/onlineapp,US
Highlands School District,https://www.applitrack.com/highlands/onlineapp,https://www.applitrack.com/highlands/onlineapp,US
School Board of Highlands County,https://www.applitrack.com/highlandscounty/onlineapp,https://www.applitrack.com/highlandscounty/onlineapp,US
Highline Public Schools,https://www.applitrack.com/highlineschools/onlineapp,https://www.applitrack.com/highlineschools/onlineapp,US
Hilliard City School District,https://www.applitrack.com/hilliard/onlineapp,https://www.applitrack.com/hilliard/onlineapp,US
Hillsboro ISD,https://www.applitrack.com/hillsboroisd/onlineapp,https://www.applitrack.com/hillsboroisd/onlineapp,US
Hillsborough Township School District,https://www.applitrack.com/hillsborough/onlineapp,https://www.applitrack.com/hillsborough/onlineapp,US
Hillsdale Local School District,https://www.applitrack.com/hillsdalelocalschools/onlineapp,https://www.applitrack.com/hillsdalelocalschools/onlineapp,US
Hillside School District 93,https://www.applitrack.com/hillside/onlineapp,https://www.applitrack.com/hillside/onlineapp,US
Hillside Public Schools,https://www.applitrack.com/hillsidek12/onlineapp,https://www.applitrack.com/hillsidek12/onlineapp,US
Hinsdale Central School District,https://www.applitrack.com/hinsdale/onlineapp,https://www.applitrack.com/hinsdale/onlineapp,US
School City of Hobart,https://www.applitrack.com/hobart/onlineapp,https://www.applitrack.com/hobart/onlineapp,US
Hoboken Public Schools,https://www.applitrack.com/hoboken/onlineapp,https://www.applitrack.com/hoboken/onlineapp,US
Holland Christian Schools,https://www.applitrack.com/hollandchristian/onlineapp,https://www.applitrack.com/hollandchristian/onlineapp,US
Holland Public Schools,https://www.applitrack.com/hollandpublicschools/onlineapp,https://www.applitrack.com/hollandpublicschools/onlineapp,US
Holley Central School District,https://www.applitrack.com/holleycsd/onlineapp,https://www.applitrack.com/holleycsd/onlineapp,US
Holmdel Township Public Schools,https://www.applitrack.com/holmdel/onlineapp,https://www.applitrack.com/holmdel/onlineapp,US
Holmes County Consolidated School District,https://www.applitrack.com/holmesccsd/onlineapp,https://www.applitrack.com/holmesccsd/onlineapp,US
Homer School District 33C,https://www.applitrack.com/homerschools/onlineapp,https://www.applitrack.com/homerschools/onlineapp,US
Honeoye Falls-Lima Central School District,https://www.applitrack.com/honeoye/onlineapp,https://www.applitrack.com/honeoye/onlineapp,US
Hononegah Community High School,https://www.applitrack.com/hononegah/onlineapp,https://www.applitrack.com/hononegah/onlineapp,US
Hopkins Public School District,https://www.applitrack.com/hopkins/onlineapp,https://www.applitrack.com/hopkins/onlineapp,US
Horizon School Division,https://www.applitrack.com/horizonsd/onlineapp,https://www.applitrack.com/horizonsd/onlineapp,CA
Horry County Schools,https://www.applitrack.com/horry/onlineapp,https://www.applitrack.com/horry/onlineapp,US
Houston Public School District,https://www.applitrack.com/houstonmn/onlineapp,https://www.applitrack.com/houstonmn/onlineapp,US
Hanover Park Regional High School District,https://www.applitrack.com/hpreg/onlineapp,https://www.applitrack.com/hpreg/onlineapp,US
High Point Regional High School,https://www.applitrack.com/hpregional/onlineapp,https://www.applitrack.com/hpregional/onlineapp,US
Highland Park Public Schools,https://www.applitrack.com/hpschools/onlineapp,https://www.applitrack.com/hpschools/onlineapp,US
Hanover Public School District,https://www.applitrack.com/hpsd/onlineapp,https://www.applitrack.com/hpsd/onlineapp,US
Homewood School District #153,https://www.applitrack.com/hsd153/onlineapp,https://www.applitrack.com/hsd153/onlineapp,US
Hoover-Schrum School District 157,https://www.applitrack.com/hsd157/onlineapp,https://www.applitrack.com/hsd157/onlineapp,US
Harrison School District 2,https://www.applitrack.com/hsd2/onlineapp,https://www.applitrack.com/hsd2/onlineapp,US
Hawthorn School District 73,https://www.applitrack.com/hsd73/onlineapp,https://www.applitrack.com/hsd73/onlineapp,US
Hillsboro R-III School District,https://www.applitrack.com/hsdr3/onlineapp,https://www.applitrack.com/hsdr3/onlineapp,US
Howard-Suamico School District,https://www.applitrack.com/hssd/onlineapp,https://www.applitrack.com/hssd/onlineapp,US
Hot Springs School District,https://www.applitrack.com/hssdar/onlineapp,https://www.applitrack.com/hssdar/onlineapp,US
Hampton Township School District,https://www.applitrack.com/htsd/onlineapp,https://www.applitrack.com/htsd/onlineapp,US
Hudson City School District,https://www.applitrack.com/hudson/onlineapp,https://www.applitrack.com/hudson/onlineapp,US
Huffman Independent School District,https://www.applitrack.com/huffmanisd/onlineapp,https://www.applitrack.com/huffmanisd/onlineapp,US
Hugoton USD 210,https://www.applitrack.com/hugoton/onlineapp,https://www.applitrack.com/hugoton/onlineapp,US
Humble Independent School District,https://www.applitrack.com/humbleisd/onlineapp,https://www.applitrack.com/humbleisd/onlineapp,US
Humboldt City Schools,https://www.applitrack.com/humboldtschools/onlineapp,https://www.applitrack.com/humboldtschools/onlineapp,US
Hunterdon Central Regional High School,https://www.applitrack.com/hunterdon/onlineapp,https://www.applitrack.com/hunterdon/onlineapp,US
Huntingdon Area School District,https://www.applitrack.com/huntsd/onlineapp,https://www.applitrack.com/huntsd/onlineapp,US
Huntsville ISD,https://www.applitrack.com/huntsvilleisd/onlineapp,https://www.applitrack.com/huntsvilleisd/onlineapp,US
Heyworth Community Unit School District,https://www.applitrack.com/husd4/onlineapp,https://www.applitrack.com/husd4/onlineapp,US
Hutchinson Public Schools,https://www.applitrack.com/hutch/onlineapp,https://www.applitrack.com/hutch/onlineapp,US
Hutto Independent School District,https://www.applitrack.com/huttoisd/onlineapp,https://www.applitrack.com/huttoisd/onlineapp,US
Hopewell Valley Regional School District,https://www.applitrack.com/hvrsd/onlineapp,https://www.applitrack.com/hvrsd/onlineapp,US
Columbia District & Horace W. Porter School,https://www.applitrack.com/hwporter/onlineapp,https://www.applitrack.com/hwporter/onlineapp,US
I3 Academy,https://www.applitrack.com/i3academy/onlineapp,https://www.applitrack.com/i3academy/onlineapp,US
Itasca Area Schools Collaborative,https://www.applitrack.com/iasc/onlineapp,https://www.applitrack.com/iasc/onlineapp,US
Ingham Area Schools Employment Consortium,https://www.applitrack.com/iasec/onlineapp,https://www.applitrack.com/iasec/onlineapp,US
Iberia Parish School District,https://www.applitrack.com/iberiaschools/onlineapp,https://www.applitrack.com/iberiaschools/onlineapp,US
Indian Capital Technology Center,https://www.applitrack.com/ictctech/onlineapp,https://www.applitrack.com/ictctech/onlineapp,US
Intensive Education Academy,https://www.applitrack.com/ieacademy/onlineapp,https://www.applitrack.com/ieacademy/onlineapp,US
Saint Ignatius College Prep,https://www.applitrack.com/ignatius/onlineapp,https://www.applitrack.com/ignatius/onlineapp,US
Saint Ignatius,https://www.applitrack.com/ignatiusoh/onlineapp,https://www.applitrack.com/ignatiusoh/onlineapp,US
I-KAN Area Schools Application Consortium,https://www.applitrack.com/ikan/onlineapp,https://www.applitrack.com/ikan/onlineapp,US
iLearn Schools,https://www.applitrack.com/ilearnschools/onlineapp,https://www.applitrack.com/ilearnschools/onlineapp,US
Illini Bluffs Community Unit School District 327,https://www.applitrack.com/illinibluffs/onlineapp,https://www.applitrack.com/illinibluffs/onlineapp,US
InterMountain Education Service District,https://www.applitrack.com/imesd/onlineapp,https://www.applitrack.com/imesd/onlineapp,US
School District of Indian River County,https://www.applitrack.com/indianriver/onlineapp,https://www.applitrack.com/indianriver/onlineapp,US
Ingram Independent School District,https://www.applitrack.com/ingramisd/onlineapp,https://www.applitrack.com/ingramisd/onlineapp,US
Inola School District 5,https://www.applitrack.com/inolak12/onlineapp,https://www.applitrack.com/inolak12/onlineapp,US
Insight PA Cyber Charter School,https://www.applitrack.com/insightpa/onlineapp,https://www.applitrack.com/insightpa/onlineapp,US
Ionia County Application Consortium,https://www.applitrack.com/ioniacountyisd/onlineapp,https://www.applitrack.com/ioniacountyisd/onlineapp,US
Indian Prairie School District 204,https://www.applitrack.com/ip204/onlineapp,https://www.applitrack.com/ip204/onlineapp,US
Iberville Parish School Board,https://www.applitrack.com/ipsb/onlineapp,https://www.applitrack.com/ipsb/onlineapp,US
Iron County School District,https://www.applitrack.com/irondistrict/onlineapp,https://www.applitrack.com/irondistrict/onlineapp,US
Irvington Public Schools,https://www.applitrack.com/irvington/onlineapp,https://www.applitrack.com/irvington/onlineapp,US
Isaac School District,https://www.applitrack.com/isaac/onlineapp,https://www.applitrack.com/isaac/onlineapp,US
Interdistrict School For Arts And Communication,https://www.applitrack.com/isaacschool/onlineapp,https://www.applitrack.com/isaacschool/onlineapp,US
Idaho Falls School District 91,https://www.applitrack.com/isba/onlineapp,https://www.applitrack.com/isba/onlineapp,US
Pillager School District #116,https://www.applitrack.com/isd116/onlineapp,https://www.applitrack.com/isd116/onlineapp,US
Centennial School District 12,https://www.applitrack.com/isd12/onlineapp,https://www.applitrack.com/isd12/onlineapp,US
Windom School District 177,https://www.applitrack.com/isd177/onlineapp,https://www.applitrack.com/isd177/onlineapp,US
Farmington Public Schools,https://www.applitrack.com/isd192/onlineapp,https://www.applitrack.com/isd192/onlineapp,US
Lakeville Area Schools,https://www.applitrack.com/isd194/onlineapp,https://www.applitrack.com/isd194/onlineapp,US
Independent School District 197,https://www.applitrack.com/isd197/onlineapp,https://www.applitrack.com/isd197/onlineapp,US
St Louis Co ISD 2142,https://www.applitrack.com/isd2142/onlineapp,https://www.applitrack.com/isd2142/onlineapp,US
Emmett Independent School District 221,https://www.applitrack.com/isd221/onlineapp,https://www.applitrack.com/isd221/onlineapp,US
ISD 300 LaCrescent-Hokah Public Schools,https://www.applitrack.com/isd300/onlineapp,https://www.applitrack.com/isd300/onlineapp,US
Crookston,https://www.applitrack.com/isd593/onlineapp,https://www.applitrack.com/isd593/onlineapp,US
School District 622 - North St. Paul-Maplewood-Oakdale,https://www.applitrack.com/isd622/onlineapp,https://www.applitrack.com/isd622/onlineapp,US
Roseville Area Schools,https://www.applitrack.com/isd623/onlineapp,https://www.applitrack.com/isd623/onlineapp,US
Jordan Public Schools,https://www.applitrack.com/isd717/onlineapp,https://www.applitrack.com/isd717/onlineapp,US
St. Cloud Area School District 742,https://www.applitrack.com/isd742/onlineapp,https://www.applitrack.com/isd742/onlineapp,US
Mankato Area Public Schools,https://www.applitrack.com/isd77/onlineapp,https://www.applitrack.com/isd77/onlineapp,US
St James School District 840,https://www.applitrack.com/isd840/onlineapp,https://www.applitrack.com/isd840/onlineapp,US
Intermediate School District 917,https://www.applitrack.com/isd917/onlineapp,https://www.applitrack.com/isd917/onlineapp,US
Cloquet Public School District,https://www.applitrack.com/isd94/onlineapp,https://www.applitrack.com/isd94/onlineapp,US
Independence School District,https://www.applitrack.com/isdschools/onlineapp,https://www.applitrack.com/isdschools/onlineapp,US
Iredell-Statesville School District,https://www.applitrack.com/issk12/onlineapp,https://www.applitrack.com/issk12/onlineapp,US
Intermediate Unit 1,https://www.applitrack.com/iu1/onlineapp,https://www.applitrack.com/iu1/onlineapp,US
Lancaster-Lebanon Intermediate Unit 13,https://www.applitrack.com/iu13/onlineapp,https://www.applitrack.com/iu13/onlineapp,US
Illinois Valley Community College,https://www.applitrack.com/ivcc/onlineapp,https://www.applitrack.com/ivcc/onlineapp,US
Jackson County Public Schools,https://www.applitrack.com/jacksoncounty/onlineapp,https://www.applitrack.com/jacksoncounty/onlineapp,US
Jackson School District,https://www.applitrack.com/jacksonsd/onlineapp,https://www.applitrack.com/jacksonsd/onlineapp,US
Jamesburg School District,https://www.applitrack.com/jamesburg/onlineapp,https://www.applitrack.com/jamesburg/onlineapp,US
Jarrell Independent School District,https://www.applitrack.com/jarrellisd/onlineapp,https://www.applitrack.com/jarrellisd/onlineapp,US
Jasper County School District,https://www.applitrack.com/jaspercsd/onlineapp,https://www.applitrack.com/jaspercsd/onlineapp,US
Jackson County Central Schools,https://www.applitrack.com/jccschools/onlineapp,https://www.applitrack.com/jccschools/onlineapp,US
Jersey City Public Schools,https://www.applitrack.com/jcps/onlineapp,https://www.applitrack.com/jcps/onlineapp,US
Jennings County School District,https://www.applitrack.com/jcsc/onlineapp,https://www.applitrack.com/jcsc/onlineapp,US
Jackson County School District,https://www.applitrack.com/jcsd/onlineapp,https://www.applitrack.com/jcsd/onlineapp,US
Jefferson County Public Schools,https://www.applitrack.com/jefferson/onlineapp,https://www.applitrack.com/jefferson/onlineapp,US
Jefferson Davis Parish Schools,https://www.applitrack.com/jeffersondavis/onlineapp,https://www.applitrack.com/jeffersondavis/onlineapp,US
Jefferson Township Public Schools,https://www.applitrack.com/jefftwp/onlineapp,https://www.applitrack.com/jefftwp/onlineapp,US
Jennings School District,https://www.applitrack.com/jenningsk12/onlineapp,https://www.applitrack.com/jenningsk12/onlineapp,US
Jackson-Madison County,https://www.applitrack.com/jmcss/onlineapp,https://www.applitrack.com/jmcss/onlineapp,US
J.O. Combs Unified School District,https://www.applitrack.com/jocombs/onlineapp,https://www.applitrack.com/jocombs/onlineapp,US
Join Delaware Schools Consortium,https://www.applitrack.com/joindelawareschools/onlineapp,https://www.applitrack.com/joindelawareschools/onlineapp,US
Joppa - Maple Grove Unit District # 38,https://www.applitrack.com/joppa38/onlineapp,https://www.applitrack.com/joppa38/onlineapp,US
Jordan School District,https://www.applitrack.com/jordandistrict/onlineapp,https://www.applitrack.com/jordandistrict/onlineapp,US
Joshua ISD,https://www.applitrack.com/joshuaisd/onlineapp,https://www.applitrack.com/joshuaisd/onlineapp,US
Jefferson Parish Schools,https://www.applitrack.com/jppss/onlineapp,https://www.applitrack.com/jppss/onlineapp,US
Jenison Public Schools,https://www.applitrack.com/jps/onlineapp,https://www.applitrack.com/jps/onlineapp,US
Juneau School District,https://www.applitrack.com/jsd/onlineapp,https://www.applitrack.com/jsd/onlineapp,US
Jacksonville School District  117,https://www.applitrack.com/jsd117/onlineapp,https://www.applitrack.com/jsd117/onlineapp,US
Jim Thorpe Area School District,https://www.applitrack.com/jtasd/onlineapp,https://www.applitrack.com/jtasd/onlineapp,US
Joliet Township High School District,https://www.applitrack.com/jths/onlineapp,https://www.applitrack.com/jths/onlineapp,US
Jubilee Academies,https://www.applitrack.com/jubilee/onlineapp,https://www.applitrack.com/jubilee/onlineapp,US
Jumoke Academy,https://www.applitrack.com/jumoke/onlineapp,https://www.applitrack.com/jumoke/onlineapp,US
Janesville Waldorf Pemberton School District,https://www.applitrack.com/jwp/onlineapp,https://www.applitrack.com/jwp/onlineapp,US
Kalama School District 402,https://www.applitrack.com/kalama/onlineapp,https://www.applitrack.com/kalama/onlineapp,US
Kalamazoo County Area Schools Employment Consortium,https://www.applitrack.com/kalamazoo/onlineapp,https://www.applitrack.com/kalamazoo/onlineapp,US
Kanawha County Public Schools,https://www.applitrack.com/kanawha/onlineapp,https://www.applitrack.com/kanawha/onlineapp,US
The Kane County Human Resources Consortium,https://www.applitrack.com/kane/onlineapp,https://www.applitrack.com/kane/onlineapp,US
Kannapolis City Schools,https://www.applitrack.com/kannapolis/onlineapp,https://www.applitrack.com/kannapolis/onlineapp,US
Kane Area School District,https://www.applitrack.com/kasd/onlineapp,https://www.applitrack.com/kasd/onlineapp,US
Kaufman Independent School District,https://www.applitrack.com/kaufmanisd/onlineapp,https://www.applitrack.com/kaufmanisd/onlineapp,US
Keystone Central School District,https://www.applitrack.com/kcsd/onlineapp,https://www.applitrack.com/kcsd/onlineapp,US
Kearney School District,https://www.applitrack.com/kearney/onlineapp,https://www.applitrack.com/kearney/onlineapp,US
Kelso School District,https://www.applitrack.com/kelso/onlineapp,https://www.applitrack.com/kelso/onlineapp,US
Kemper County School District,https://www.applitrack.com/kemper/onlineapp,https://www.applitrack.com/kemper/onlineapp,US
Kenilworth Public Schools,https://www.applitrack.com/kenilworthschools/onlineapp,https://www.applitrack.com/kenilworthschools/onlineapp,US
Kenston Local Schools,https://www.applitrack.com/kenston/onlineapp,https://www.applitrack.com/kenston/onlineapp,US
Kent Consortium,https://www.applitrack.com/kent/onlineapp,https://www.applitrack.com/kent/onlineapp,US
Kenton County School District,https://www.applitrack.com/kenton/onlineapp,https://www.applitrack.com/kenton/onlineapp,US
Kent School District,https://www.applitrack.com/kentsd/onlineapp,https://www.applitrack.com/kentsd/onlineapp,US
Kentwood Public School District,https://www.applitrack.com/kentwood/onlineapp,https://www.applitrack.com/kentwood/onlineapp,US
Kerrville Independent School District,https://www.applitrack.com/kerrvilleisd/onlineapp,https://www.applitrack.com/kerrvilleisd/onlineapp,US
Kershaw County School District,https://www.applitrack.com/kershaw/onlineapp,https://www.applitrack.com/kershaw/onlineapp,US
Monroe County School District FL,https://www.applitrack.com/keysschools/onlineapp,https://www.applitrack.com/keysschools/onlineapp,US
Keystone Learning Services,https://www.applitrack.com/keystonelearning/onlineapp,https://www.applitrack.com/keystonelearning/onlineapp,US
Kern High School District,https://www.applitrack.com/khsd/onlineapp,https://www.applitrack.com/khsd/onlineapp,US
Killeen ISD,https://www.applitrack.com/killeenisd/onlineapp,https://www.applitrack.com/killeenisd/onlineapp,US
Killingly Public Schools,https://www.applitrack.com/killingly/onlineapp,https://www.applitrack.com/killingly/onlineapp,US
Kingsley Area Schools,https://www.applitrack.com/kingsley/onlineapp,https://www.applitrack.com/kingsley/onlineapp,US
Kinnelon Public Schools,https://www.applitrack.com/kinnelon/onlineapp,https://www.applitrack.com/kinnelon/onlineapp,US
Kirkwood School District,https://www.applitrack.com/kirkwoodschools/onlineapp,https://www.applitrack.com/kirkwoodschools/onlineapp,US
Kittery Schools,https://www.applitrack.com/kittery/onlineapp,https://www.applitrack.com/kittery/onlineapp,US
Klein Independent School District,https://www.applitrack.com/kleinisd/onlineapp,https://www.applitrack.com/kleinisd/onlineapp,US
Knoxville  Zoo,https://www.applitrack.com/knoxzoo/onlineapp,https://www.applitrack.com/knoxzoo/onlineapp,US
Kodiak Island Borough School District,https://www.applitrack.com/kodiakschools/onlineapp,https://www.applitrack.com/kodiakschools/onlineapp,US
Komarek School District 94,https://www.applitrack.com/komarek94/onlineapp,https://www.applitrack.com/komarek94/onlineapp,US
Kenai Peninsula Borough School District,https://www.applitrack.com/kpbsd/onlineapp,https://www.applitrack.com/kpbsd/onlineapp,US
King And Queen County Public Schools,https://www.applitrack.com/kqps/onlineapp,https://www.applitrack.com/kqps/onlineapp,US
Kingsway Regional School District,https://www.applitrack.com/krsd/onlineapp,https://www.applitrack.com/krsd/onlineapp,US
Krum ISD,https://www.applitrack.com/krum/onlineapp,https://www.applitrack.com/krum/onlineapp,US
Kankakee School District 111,https://www.applitrack.com/ksd111/onlineapp,https://www.applitrack.com/ksd111/onlineapp,US
Kosciusko School District,https://www.applitrack.com/ksdk12/onlineapp,https://www.applitrack.com/ksdk12/onlineapp,US
Kenyon-Wanamingo Schools,https://www.applitrack.com/kw/onlineapp,https://www.applitrack.com/kw/onlineapp,US
Kyrene Elementary School District No. 28,https://www.applitrack.com/kyrene/onlineapp,https://www.applitrack.com/kyrene/onlineapp,US
La Center School District,https://www.applitrack.com/lacenterschools/onlineapp,https://www.applitrack.com/lacenterschools/onlineapp,US
Lacey Township School District,https://www.applitrack.com/lacey/onlineapp,https://www.applitrack.com/lacey/onlineapp,US
Lackland Independent School District,https://www.applitrack.com/lacklandisd/onlineapp,https://www.applitrack.com/lacklandisd/onlineapp,US
The LaGrange Area Department of Special Education,https://www.applitrack.com/ladse/onlineapp,https://www.applitrack.com/ladse/onlineapp,US
Ladue School District,https://www.applitrack.com/ladue/onlineapp,https://www.applitrack.com/ladue/onlineapp,US
Lafayette Parish School System,https://www.applitrack.com/lafayette/onlineapp,https://www.applitrack.com/lafayette/onlineapp,US
La Grande School District,https://www.applitrack.com/lagrande/onlineapp,https://www.applitrack.com/lagrande/onlineapp,US
Lake County Schools Consortium,https://www.applitrack.com/lake/onlineapp,https://www.applitrack.com/lake/onlineapp,US
Lakeland Regional School District,https://www.applitrack.com/lakeland/onlineapp,https://www.applitrack.com/lakeland/onlineapp,US
Lakeland Joint School District #272,https://www.applitrack.com/lakeland272/onlineapp,https://www.applitrack.com/lakeland272/onlineapp,US
Lakeland School Corporation,https://www.applitrack.com/lakelandlakers/onlineapp,https://www.applitrack.com/lakelandlakers/onlineapp,US
Lake Ridge Schools,https://www.applitrack.com/lakeridge/onlineapp,https://www.applitrack.com/lakeridge/onlineapp,US
Lake Local School District,https://www.applitrack.com/lakeschools/onlineapp,https://www.applitrack.com/lakeschools/onlineapp,US
Lake Travis Independent School District,https://www.applitrack.com/laketravis/onlineapp,https://www.applitrack.com/laketravis/onlineapp,US
Lakeview Public Schools,https://www.applitrack.com/lakeview/onlineapp,https://www.applitrack.com/lakeview/onlineapp,US
Lakeview Public Schools,https://www.applitrack.com/lakeview2167/onlineapp,https://www.applitrack.com/lakeview2167/onlineapp,US
Lake Washington School District,https://www.applitrack.com/lakewashington/onlineapp,https://www.applitrack.com/lakewashington/onlineapp,US
Lakewood City Schools,https://www.applitrack.com/lakewood/onlineapp,https://www.applitrack.com/lakewood/onlineapp,US
Lakewood Township School District,https://www.applitrack.com/lakewoodpiners/onlineapp,https://www.applitrack.com/lakewoodpiners/onlineapp,US
Lamar County Schools,https://www.applitrack.com/lamar/onlineapp,https://www.applitrack.com/lamar/onlineapp,US
Lamar County School District,https://www.applitrack.com/lamarcountyschools/onlineapp,https://www.applitrack.com/lamarcountyschools/onlineapp,US
Lamar R-I,https://www.applitrack.com/lamarmo/onlineapp,https://www.applitrack.com/lamarmo/onlineapp,US
Lancaster City Schools,https://www.applitrack.com/lancaster/onlineapp,https://www.applitrack.com/lancaster/onlineapp,US
Lancaster Independent School District,https://www.applitrack.com/lancasterisd/onlineapp,https://www.applitrack.com/lancasterisd/onlineapp,US
Lansing School District 158,https://www.applitrack.com/lansing/onlineapp,https://www.applitrack.com/lansing/onlineapp,US
Lapeer Community Schools,https://www.applitrack.com/lapeercms/onlineapp,https://www.applitrack.com/lapeercms/onlineapp,US
LaSalle ROE Online Application Consortium,https://www.applitrack.com/lasalle/onlineapp,https://www.applitrack.com/lasalle/onlineapp,US
Las Cruces Public Schools,https://www.applitrack.com/lascruces/onlineapp,https://www.applitrack.com/lascruces/onlineapp,US
Lathrop R-II Schools,https://www.applitrack.com/lathrop/onlineapp,https://www.applitrack.com/lathrop/onlineapp,US
Lawrence Township Public Schools,https://www.applitrack.com/lawrence/onlineapp,https://www.applitrack.com/lawrence/onlineapp,US
Lawrence County School District,https://www.applitrack.com/lawrencek12ms/onlineapp,https://www.applitrack.com/lawrencek12ms/onlineapp,US
Lawton Public Schools,https://www.applitrack.com/lawtonps/onlineapp,https://www.applitrack.com/lawtonps/onlineapp,US
Plainfield Community Consolidated School District 202,https://www.applitrack.com/lc202/onlineapp,https://www.applitrack.com/lc202/onlineapp,US
Learning Community Charter School,https://www.applitrack.com/lccsnj/onlineapp,https://www.applitrack.com/lccsnj/onlineapp,US
Educational Service Center of the Western Reserve,https://www.applitrack.com/lcesc/onlineapp,https://www.applitrack.com/lcesc/onlineapp,US
Lubbock-Cooper ISD,https://www.applitrack.com/lcisd/onlineapp,https://www.applitrack.com/lcisd/onlineapp,US
Lake Central School Corporation,https://www.applitrack.com/lcsc/onlineapp,https://www.applitrack.com/lcsc/onlineapp,US
Lancaster County School District,https://www.applitrack.com/lcsd/onlineapp,https://www.applitrack.com/lcsd/onlineapp,US
Lakeland Christian School,https://www.applitrack.com/lcsonline/onlineapp,https://www.applitrack.com/lcsonline/onlineapp,US
"School Leadership, LLC",https://www.applitrack.com/leadschools/onlineapp,https://www.applitrack.com/leadschools/onlineapp,US
Leander Independent School District,https://www.applitrack.com/leander/onlineapp,https://www.applitrack.com/leander/onlineapp,US
Leap Academy University Charter School,https://www.applitrack.com/leap/onlineapp,https://www.applitrack.com/leap/onlineapp,US
LEARN RESC,https://www.applitrack.com/learn/onlineapp,https://www.applitrack.com/learn/onlineapp,US
Lebanon Public Schools,https://www.applitrack.com/lebanonct/onlineapp,https://www.applitrack.com/lebanonct/onlineapp,US
Lebanon Township School District,https://www.applitrack.com/lebtwpk8/onlineapp,https://www.applitrack.com/lebtwpk8/onlineapp,US
Lee County School System,https://www.applitrack.com/leecountysd/onlineapp,https://www.applitrack.com/leecountysd/onlineapp,US
Lemont High School District 210,https://www.applitrack.com/lemont/onlineapp,https://www.applitrack.com/lemont/onlineapp,US
Lenoir City School District,https://www.applitrack.com/lenoircity/onlineapp,https://www.applitrack.com/lenoircity/onlineapp,US
Litchfield Elementary School District #79,https://www.applitrack.com/lesd79/onlineapp,https://www.applitrack.com/lesd79/onlineapp,US
Lane Education Service District,https://www.applitrack.com/lesdk12or/onlineapp,https://www.applitrack.com/lesdk12or/onlineapp,US
Levelland Independent School District,https://www.applitrack.com/levellandisd/onlineapp,https://www.applitrack.com/levellandisd/onlineapp,US
Lewiston-Altura ISD 857,https://www.applitrack.com/lewalt/onlineapp,https://www.applitrack.com/lewalt/onlineapp,US
Lewis-Palmer School District 38,https://www.applitrack.com/lewispalmer/onlineapp,https://www.applitrack.com/lewispalmer/onlineapp,US
Lewisville ISD,https://www.applitrack.com/lewisvilleisd/onlineapp,https://www.applitrack.com/lewisvilleisd/onlineapp,US
Lexington School District Two,https://www.applitrack.com/lex2k12/onlineapp,https://www.applitrack.com/lex2k12/onlineapp,US
Lexington School District 4,https://www.applitrack.com/lex4/onlineapp,https://www.applitrack.com/lex4/onlineapp,US
School District Five of Lexington and Richland Counties,https://www.applitrack.com/lex5/onlineapp,https://www.applitrack.com/lex5/onlineapp,US
Lexington County School District One,https://www.applitrack.com/lexington1/onlineapp,https://www.applitrack.com/lexington1/onlineapp,US
Lexington Three Schools,https://www.applitrack.com/lexington3/onlineapp,https://www.applitrack.com/lexington3/onlineapp,US
Leyden High School District 212,https://www.applitrack.com/leyden212/onlineapp,https://www.applitrack.com/leyden212/onlineapp,US
Lake Forest School District,https://www.applitrack.com/lf/onlineapp,https://www.applitrack.com/lf/onlineapp,US
Lake Forest School Districts 67 & 115,https://www.applitrack.com/lfsd/onlineapp,https://www.applitrack.com/lfsd/onlineapp,US
Liberty Elementary School District 25,https://www.applitrack.com/liberty25/onlineapp,https://www.applitrack.com/liberty25/onlineapp,US
Liberty Hill ISD,https://www.applitrack.com/libertyhill/onlineapp,https://www.applitrack.com/libertyhill/onlineapp,US
Liberty Union-Thurston Local School District,https://www.applitrack.com/libertyunion/onlineapp,https://www.applitrack.com/libertyunion/onlineapp,US
Lima City School District,https://www.applitrack.com/limacityschools/onlineapp,https://www.applitrack.com/limacityschools/onlineapp,US
Lincoln Intermediate Unit 12,https://www.applitrack.com/lincoln12/onlineapp,https://www.applitrack.com/lincoln12/onlineapp,US
Lincoln Elementary School District 156,https://www.applitrack.com/lincoln156/onlineapp,https://www.applitrack.com/lincoln156/onlineapp,US
Lincoln County School District,https://www.applitrack.com/lincolnk12/onlineapp,https://www.applitrack.com/lincolnk12/onlineapp,US
Lincoln-Way Area Special Education,https://www.applitrack.com/lincolnway/onlineapp,https://www.applitrack.com/lincolnway/onlineapp,US
Lindale ISD,https://www.applitrack.com/lindale/onlineapp,https://www.applitrack.com/lindale/onlineapp,US
Linden Public Schools,https://www.applitrack.com/linden/onlineapp,https://www.applitrack.com/linden/onlineapp,US
Lindop School District 92,https://www.applitrack.com/lindop92/onlineapp,https://www.applitrack.com/lindop92/onlineapp,US
Laredo Independent School District,https://www.applitrack.com/lisd/onlineapp,https://www.applitrack.com/lisd/onlineapp,US
Lisle Community Unit School District #202,https://www.applitrack.com/lisle202/onlineapp,https://www.applitrack.com/lisle202/onlineapp,US
Litchfield Independent School District,https://www.applitrack.com/litchfield/onlineapp,https://www.applitrack.com/litchfield/onlineapp,US
Littlestown Area School District,https://www.applitrack.com/littlestown/onlineapp,https://www.applitrack.com/littlestown/onlineapp,US
Littleton Public Schools,https://www.applitrack.com/littleton/onlineapp,https://www.applitrack.com/littleton/onlineapp,US
Littleton Elementary School District #65,https://www.applitrack.com/littletonaz/onlineapp,https://www.applitrack.com/littletonaz/onlineapp,US
Livermore Valley Joint Unified School District,https://www.applitrack.com/livermoreschools/onlineapp,https://www.applitrack.com/livermoreschools/onlineapp,US
Livonia Public Schools,https://www.applitrack.com/livoniapublicschools/onlineapp,https://www.applitrack.com/livoniapublicschools/onlineapp,US
Louisa-Muscatine Community School District,https://www.applitrack.com/lmcsd/onlineapp,https://www.applitrack.com/lmcsd/onlineapp,US
Lucia Mar Unified School District,https://www.applitrack.com/lmusd/onlineapp,https://www.applitrack.com/lmusd/onlineapp,US
Lodi School District,https://www.applitrack.com/lodik12nj/onlineapp,https://www.applitrack.com/lodik12nj/onlineapp,US
London City School District,https://www.applitrack.com/londoncitysd/onlineapp,https://www.applitrack.com/londoncitysd/onlineapp,US
Long Branch Public Schools,https://www.applitrack.com/longbranch/onlineapp,https://www.applitrack.com/longbranch/onlineapp,US
Long Hill Township School District,https://www.applitrack.com/longhill/onlineapp,https://www.applitrack.com/longhill/onlineapp,US
Longview Independent School District,https://www.applitrack.com/longviewisd/onlineapp,https://www.applitrack.com/longviewisd/onlineapp,US
Lorain City Schools,https://www.applitrack.com/lorain/onlineapp,https://www.applitrack.com/lorain/onlineapp,US
Lake Oswego School District,https://www.applitrack.com/loswego/onlineapp,https://www.applitrack.com/loswego/onlineapp,US
Lovejoy ISD,https://www.applitrack.com/lovejoy/onlineapp,https://www.applitrack.com/lovejoy/onlineapp,US
Loyola Academy,https://www.applitrack.com/loyola/onlineapp,https://www.applitrack.com/loyola/onlineapp,US
LaSalle-Peru Township High School,https://www.applitrack.com/lphs/onlineapp,https://www.applitrack.com/lphs/onlineapp,US
Livingston Parish School Dist,https://www.applitrack.com/lpsb/onlineapp,https://www.applitrack.com/lpsb/onlineapp,US
Lenape Regional High School District,https://www.applitrack.com/lrhsd/onlineapp,https://www.applitrack.com/lrhsd/onlineapp,US
Lafayette School Corporation,https://www.applitrack.com/lsc/onlineapp,https://www.applitrack.com/lsc/onlineapp,US
Lampeter-Strasburg School District,https://www.applitrack.com/lssdpa/onlineapp,https://www.applitrack.com/lssdpa/onlineapp,US
Lubbock Independent School District,https://www.applitrack.com/lubbockisd/onlineapp,https://www.applitrack.com/lubbockisd/onlineapp,US
Lufkin ISD,https://www.applitrack.com/lufkinisd/onlineapp,https://www.applitrack.com/lufkinisd/onlineapp,US
Lyon County School District,https://www.applitrack.com/lyoncsd/onlineapp,https://www.applitrack.com/lyoncsd/onlineapp,US
Lake Zurich Community Unit School District 95,https://www.applitrack.com/lz95/onlineapp,https://www.applitrack.com/lz95/onlineapp,US
Madison Public Schools,https://www.applitrack.com/madison/onlineapp,https://www.applitrack.com/madison/onlineapp,US
Madison County Schools,https://www.applitrack.com/madisoncounty/onlineapp,https://www.applitrack.com/madisoncounty/onlineapp,US
Madison County School District,https://www.applitrack.com/madisoncountysd/onlineapp,https://www.applitrack.com/madisoncountysd/onlineapp,US
Madison Public Schools,https://www.applitrack.com/madisonpublicschools/onlineapp,https://www.applitrack.com/madisonpublicschools/onlineapp,US
Madison County Schools,https://www.applitrack.com/madisonva/onlineapp,https://www.applitrack.com/madisonva/onlineapp,US
Maercker School District 60,https://www.applitrack.com/maercker/onlineapp,https://www.applitrack.com/maercker/onlineapp,US
Magnolia ISD,https://www.applitrack.com/magnoliaisd/onlineapp,https://www.applitrack.com/magnoliaisd/onlineapp,US
ESC of Eastern Ohio Consortium,https://www.applitrack.com/mahoningesc/onlineapp,https://www.applitrack.com/mahoningesc/onlineapp,US
Mahtomedi Public Schools,https://www.applitrack.com/mahtomedi/onlineapp,https://www.applitrack.com/mahtomedi/onlineapp,US
Mahwah Public Schools,https://www.applitrack.com/mahwah/onlineapp,https://www.applitrack.com/mahwah/onlineapp,US
Montcalm Area Intermediate School District,https://www.applitrack.com/maisd/onlineapp,https://www.applitrack.com/maisd/onlineapp,US
Manchester Public Schools,https://www.applitrack.com/manchester/onlineapp,https://www.applitrack.com/manchester/onlineapp,US
Manitou Springs School District No. 14,https://www.applitrack.com/manitousprings14/onlineapp,https://www.applitrack.com/manitousprings14/onlineapp,US
"Town of Mansfield/Mansfield Board of Education, CT",https://www.applitrack.com/mansfieldct/onlineapp,https://www.applitrack.com/mansfieldct/onlineapp,US
Mansfield City Schools,https://www.applitrack.com/mansfieldoh/onlineapp,https://www.applitrack.com/mansfieldoh/onlineapp,US
Mansfield Township School District,https://www.applitrack.com/mansfieldschool/onlineapp,https://www.applitrack.com/mansfieldschool/onlineapp,US
Mansfield Elementary Schools,https://www.applitrack.com/mansfieldtsd/onlineapp,https://www.applitrack.com/mansfieldtsd/onlineapp,US
Manville School District,https://www.applitrack.com/manville/onlineapp,https://www.applitrack.com/manville/onlineapp,US
Maple Heights City Schools,https://www.applitrack.com/mapleschools/onlineapp,https://www.applitrack.com/mapleschools/onlineapp,US
Maple Shade Township Public Schools,https://www.applitrack.com/mapleshade/onlineapp,https://www.applitrack.com/mapleshade/onlineapp,US
Mapleton Public Schools,https://www.applitrack.com/mapleton/onlineapp,https://www.applitrack.com/mapleton/onlineapp,US
Marathon Central School District,https://www.applitrack.com/marathonschools/onlineapp,https://www.applitrack.com/marathonschools/onlineapp,US
Marian Catholic High School,https://www.applitrack.com/marianchs/onlineapp,https://www.applitrack.com/marianchs/onlineapp,US
Marion County School District,https://www.applitrack.com/marion/onlineapp,https://www.applitrack.com/marion/onlineapp,US
Marion Independent School District,https://www.applitrack.com/marionia/onlineapp,https://www.applitrack.com/marionia/onlineapp,US
Marion Independent School District,https://www.applitrack.com/marionisd/onlineapp,https://www.applitrack.com/marionisd/onlineapp,US
Marion County Public Schools,https://www.applitrack.com/marionky/onlineapp,https://www.applitrack.com/marionky/onlineapp,US
Marlboro Township K-8 Public Schools,https://www.applitrack.com/marlboro/onlineapp,https://www.applitrack.com/marlboro/onlineapp,US
Marlboro County Schools,https://www.applitrack.com/marlborocounty/onlineapp,https://www.applitrack.com/marlborocounty/onlineapp,US
Matawan-Aberdeen Regional School District,https://www.applitrack.com/marsd/onlineapp,https://www.applitrack.com/marsd/onlineapp,US
Marshall Public School,https://www.applitrack.com/marshallpublicschool/onlineapp,https://www.applitrack.com/marshallpublicschool/onlineapp,US
Mars Area School District,https://www.applitrack.com/marsk12/onlineapp,https://www.applitrack.com/marsk12/onlineapp,US
Martin County West School District,https://www.applitrack.com/martin/onlineapp,https://www.applitrack.com/martin/onlineapp,US
Marysville Schools,https://www.applitrack.com/marysville/onlineapp,https://www.applitrack.com/marysville/onlineapp,US
Mascenic Regional School Administrative Unit,https://www.applitrack.com/mascenic/onlineapp,https://www.applitrack.com/mascenic/onlineapp,US
Mason County Schools,https://www.applitrack.com/masoncoschools/onlineapp,https://www.applitrack.com/masoncoschools/onlineapp,US
Matanuska-Susitna Borough School District,https://www.applitrack.com/matsu/onlineapp,https://www.applitrack.com/matsu/onlineapp,US
Mattoon Community Unit School District #2,https://www.applitrack.com/mattoon/onlineapp,https://www.applitrack.com/mattoon/onlineapp,US
Mayfield City School District,https://www.applitrack.com/mayfield/onlineapp,https://www.applitrack.com/mayfield/onlineapp,US
Maypearl Independent School District,https://www.applitrack.com/maypearlisd/onlineapp,https://www.applitrack.com/maypearlisd/onlineapp,US
McCormick County School District,https://www.applitrack.com/mccormick/onlineapp,https://www.applitrack.com/mccormick/onlineapp,US
The McHenry County ROE Application Consortium,https://www.applitrack.com/mchenry/onlineapp,https://www.applitrack.com/mchenry/onlineapp,US
Mission Consolidated Independent School District,https://www.applitrack.com/mcisd/onlineapp,https://www.applitrack.com/mcisd/onlineapp,US
Montgomery County Intermediate Unit 23,https://www.applitrack.com/mciu/onlineapp,https://www.applitrack.com/mciu/onlineapp,US
McKenzie County 1 School District,https://www.applitrack.com/mckenzie/onlineapp,https://www.applitrack.com/mckenzie/onlineapp,US
McMinn County School District,https://www.applitrack.com/mcminnk12/onlineapp,https://www.applitrack.com/mcminnk12/onlineapp,US
McMinnville School District,https://www.applitrack.com/mcminnville/onlineapp,https://www.applitrack.com/mcminnville/onlineapp,US
Missoula County Public Schools,https://www.applitrack.com/mcpsmt/onlineapp,https://www.applitrack.com/mcpsmt/onlineapp,US
City of Monroe School Board,https://www.applitrack.com/mcschools/onlineapp,https://www.applitrack.com/mcschools/onlineapp,US
Montrose County School District RE-1J,https://www.applitrack.com/mcsd/onlineapp,https://www.applitrack.com/mcsd/onlineapp,US
Mifflin County Schools,https://www.applitrack.com/mcsdk12/onlineapp,https://www.applitrack.com/mcsdk12/onlineapp,US
Monmouth County Vocational School District,https://www.applitrack.com/mcvsd/onlineapp,https://www.applitrack.com/mcvsd/onlineapp,US
Morris County Vocational School District,https://www.applitrack.com/mcvts/onlineapp,https://www.applitrack.com/mcvts/onlineapp,US
Montgomery County R-II,https://www.applitrack.com/mcwildcats/onlineapp,https://www.applitrack.com/mcwildcats/onlineapp,US
Meade School District 46-1,https://www.applitrack.com/meade/onlineapp,https://www.applitrack.com/meade/onlineapp,US
Mechanicsburg Area School District,https://www.applitrack.com/mechanicsburg/onlineapp,https://www.applitrack.com/mechanicsburg/onlineapp,US
Medford Public Schools,https://www.applitrack.com/medfordps/onlineapp,https://www.applitrack.com/medfordps/onlineapp,US
Medina City Schools,https://www.applitrack.com/medinacity/onlineapp,https://www.applitrack.com/medinacity/onlineapp,US
Melissa ISD,https://www.applitrack.com/melissaisd/onlineapp,https://www.applitrack.com/melissaisd/onlineapp,US
Mendham Township Schools,https://www.applitrack.com/mendhamtwp/onlineapp,https://www.applitrack.com/mendhamtwp/onlineapp,US
Mentor Exempted Village Schools,https://www.applitrack.com/mentorschools/onlineapp,https://www.applitrack.com/mentorschools/onlineapp,US
Meriwether Public Schools,https://www.applitrack.com/meriwether/onlineapp,https://www.applitrack.com/meriwether/onlineapp,US
Merrimack School District,https://www.applitrack.com/merrimack/onlineapp,https://www.applitrack.com/merrimack/onlineapp,US
Manalapan-Englishtown Regional Schools,https://www.applitrack.com/mers/onlineapp,https://www.applitrack.com/mers/onlineapp,US
Mesquite ISD,https://www.applitrack.com/mesquiteisd/onlineapp,https://www.applitrack.com/mesquiteisd/onlineapp,US
Methacton School District,https://www.applitrack.com/methacton/onlineapp,https://www.applitrack.com/methacton/onlineapp,US
Methuen Public School District,https://www.applitrack.com/methuenk12/onlineapp,https://www.applitrack.com/methuenk12/onlineapp,US
Metuchen School District,https://www.applitrack.com/metuchen/onlineapp,https://www.applitrack.com/metuchen/onlineapp,US
Mexia Independent School District,https://www.applitrack.com/mexiaisd/onlineapp,https://www.applitrack.com/mexiaisd/onlineapp,US
Monroe-Gregg School District,https://www.applitrack.com/mgsd/onlineapp,https://www.applitrack.com/mgsd/onlineapp,US
Mundelein Consolidated High School District 120,https://www.applitrack.com/mhs/onlineapp,https://www.applitrack.com/mhs/onlineapp,US
Miami-Yoder Sch Dist 60-Jt,https://www.applitrack.com/miamiyoder/onlineapp,https://www.applitrack.com/miamiyoder/onlineapp,US
Mountain Iron-Buhl School District,https://www.applitrack.com/mibk12mn/onlineapp,https://www.applitrack.com/mibk12mn/onlineapp,US
Middlesex County Magnet Schools,https://www.applitrack.com/middlesexcvts/onlineapp,https://www.applitrack.com/middlesexcvts/onlineapp,US
Middlesex Borough School District,https://www.applitrack.com/middlesexk12nj/onlineapp,https://www.applitrack.com/middlesexk12nj/onlineapp,US
Middletown Township Public Schools,https://www.applitrack.com/middletownk12/onlineapp,https://www.applitrack.com/middletownk12/onlineapp,US
Middle Township Public Schools,https://www.applitrack.com/middletownship/onlineapp,https://www.applitrack.com/middletownship/onlineapp,US
Michigan Leadership Institute,https://www.applitrack.com/mileader/onlineapp,https://www.applitrack.com/mileader/onlineapp,US
Milford School District NH,https://www.applitrack.com/milford/onlineapp,https://www.applitrack.com/milford/onlineapp,US
Millburn Township Public Schools,https://www.applitrack.com/millburnnj/onlineapp,https://www.applitrack.com/millburnnj/onlineapp,US
Millville Public Schools,https://www.applitrack.com/millville/onlineapp,https://www.applitrack.com/millville/onlineapp,US
Millwood Public Schools,https://www.applitrack.com/millwoodsps/onlineapp,https://www.applitrack.com/millwoodsps/onlineapp,US
Minnetonka Public School District,https://www.applitrack.com/minnetonka/onlineapp,https://www.applitrack.com/minnetonka/onlineapp,US
School City of Mishawaka,https://www.applitrack.com/mishawaka/onlineapp,https://www.applitrack.com/mishawaka/onlineapp,US
Mountain Lakes School District,https://www.applitrack.com/mlschools/onlineapp,https://www.applitrack.com/mlschools/onlineapp,US
Moore Norman Technology Center,https://www.applitrack.com/mntc/onlineapp,https://www.applitrack.com/mntc/onlineapp,US
Monmouth-Ocean Educational School District,https://www.applitrack.com/moescnj/onlineapp,https://www.applitrack.com/moescnj/onlineapp,US
Moffat County School District,https://www.applitrack.com/moffat/onlineapp,https://www.applitrack.com/moffat/onlineapp,US
Moline-Coal Valley School District,https://www.applitrack.com/moline/onlineapp,https://www.applitrack.com/moline/onlineapp,US
Monmouth Regional High School,https://www.applitrack.com/monmouthregional/onlineapp,https://www.applitrack.com/monmouthregional/onlineapp,US
Monroe Township School District,https://www.applitrack.com/monroe/onlineapp,https://www.applitrack.com/monroe/onlineapp,US
Monroe County Consortium,https://www.applitrack.com/monroecounty/onlineapp,https://www.applitrack.com/monroecounty/onlineapp,US
Monroe Public Schools,https://www.applitrack.com/monroect/onlineapp,https://www.applitrack.com/monroect/onlineapp,US
Monroe County Schools,https://www.applitrack.com/monroega/onlineapp,https://www.applitrack.com/monroega/onlineapp,US
Monroe One BOCES,https://www.applitrack.com/monroeone/onlineapp,https://www.applitrack.com/monroeone/onlineapp,US
Monroe Township School District,https://www.applitrack.com/monroetwp/onlineapp,https://www.applitrack.com/monroetwp/onlineapp,US
Montgomery ISD,https://www.applitrack.com/montgomeryisd/onlineapp,https://www.applitrack.com/montgomeryisd/onlineapp,US
Monticello Community School District,https://www.applitrack.com/monticello/onlineapp,https://www.applitrack.com/monticello/onlineapp,US
Monticello Public Schools,https://www.applitrack.com/monticellomn/onlineapp,https://www.applitrack.com/monticellomn/onlineapp,US
Montvale Public Schools,https://www.applitrack.com/montvale/onlineapp,https://www.applitrack.com/montvale/onlineapp,US
Montville Public Schools,https://www.applitrack.com/montvillenj/onlineapp,https://www.applitrack.com/montvillenj/onlineapp,US
Montville Public Schools,https://www.applitrack.com/montvilleschools/onlineapp,https://www.applitrack.com/montvilleschools/onlineapp,US
Monument Academy,https://www.applitrack.com/monumentacademy/onlineapp,https://www.applitrack.com/monumentacademy/onlineapp,US
Moon Area School District,https://www.applitrack.com/moonarea/onlineapp,https://www.applitrack.com/moonarea/onlineapp,US
Morton Community Unit School District 709,https://www.applitrack.com/morton709/onlineapp,https://www.applitrack.com/morton709/onlineapp,US
Moss Point School District,https://www.applitrack.com/mosspointschools/onlineapp,https://www.applitrack.com/mosspointschools/onlineapp,US
Mother McAuley Liberal Arts H S,https://www.applitrack.com/mothermcauley/onlineapp,https://www.applitrack.com/mothermcauley/onlineapp,US
Mounds View Public Schools,https://www.applitrack.com/moundsview/onlineapp,https://www.applitrack.com/moundsview/onlineapp,US
Mountain Lake Public Schools,https://www.applitrack.com/mountainlake/onlineapp,https://www.applitrack.com/mountainlake/onlineapp,US
Manassas Park City Schools,https://www.applitrack.com/mpark/onlineapp,https://www.applitrack.com/mpark/onlineapp,US
Mid-Prairie Community School District,https://www.applitrack.com/mphawks/onlineapp,https://www.applitrack.com/mphawks/onlineapp,US
Middletown Public Schools,https://www.applitrack.com/mps1/onlineapp,https://www.applitrack.com/mps1/onlineapp,US
Muskogee Public Schools,https://www.applitrack.com/mpsi20/onlineapp,https://www.applitrack.com/mpsi20/onlineapp,US
Manchester Regional High School,https://www.applitrack.com/mrhs/onlineapp,https://www.applitrack.com/mrhs/onlineapp,US
Monadnock Regional School District,https://www.applitrack.com/mrsd/onlineapp,https://www.applitrack.com/mrsd/onlineapp,US
MSAD #11,https://www.applitrack.com/msad11/onlineapp,https://www.applitrack.com/msad11/onlineapp,US
Minnesota Service Cooperatives,https://www.applitrack.com/msc/onlineapp,https://www.applitrack.com/msc/onlineapp,US
Manhattan School District 114,https://www.applitrack.com/msd114/onlineapp,https://www.applitrack.com/msd114/onlineapp,US
Morris School District,https://www.applitrack.com/msdk12/onlineapp,https://www.applitrack.com/msdk12/onlineapp,US
MSD of Lawrence Township,https://www.applitrack.com/msdlt/onlineapp,https://www.applitrack.com/msdlt/onlineapp,US
Metropolitan School District of Pike Township,https://www.applitrack.com/msdpike/onlineapp,https://www.applitrack.com/msdpike/onlineapp,US
Metropolitan School District of Washington Township,https://www.applitrack.com/msdwt/onlineapp,https://www.applitrack.com/msdwt/onlineapp,US
Mammoth-San Manuel Unified School District,https://www.applitrack.com/msmusd/onlineapp,https://www.applitrack.com/msmusd/onlineapp,US
Minnesota Transitions Charter School,https://www.applitrack.com/mtcs/onlineapp,https://www.applitrack.com/mtcs/onlineapp,US
Mount Laurel Schools,https://www.applitrack.com/mtlaurel/onlineapp,https://www.applitrack.com/mtlaurel/onlineapp,US
Mt. Lebanon School District,https://www.applitrack.com/mtlsd/onlineapp,https://www.applitrack.com/mtlsd/onlineapp,US
Mount Olive Township School District,https://www.applitrack.com/mtoliveboe/onlineapp,https://www.applitrack.com/mtoliveboe/onlineapp,US
Moorestown Township Public Schools,https://www.applitrack.com/mtps/onlineapp,https://www.applitrack.com/mtps/onlineapp,US
Manchester Township School District,https://www.applitrack.com/mtschools/onlineapp,https://www.applitrack.com/mtschools/onlineapp,US
Montgomery Township Board of Education,https://www.applitrack.com/mtsdk12/onlineapp,https://www.applitrack.com/mtsdk12/onlineapp,US
Muhlenberg School District,https://www.applitrack.com/muhlsdk12/onlineapp,https://www.applitrack.com/muhlsdk12/onlineapp,US
Mingus Union High School District 4,https://www.applitrack.com/muhs/onlineapp,https://www.applitrack.com/muhs/onlineapp,US
Morris-Union Jointure Commission,https://www.applitrack.com/mujc/onlineapp,https://www.applitrack.com/mujc/onlineapp,US
School Town of Munster,https://www.applitrack.com/munster/onlineapp,https://www.applitrack.com/munster/onlineapp,US
Murray County Central - ISD 2169,https://www.applitrack.com/murray/onlineapp,https://www.applitrack.com/murray/onlineapp,US
Mount Vernon City Schools,https://www.applitrack.com/mvcsd/onlineapp,https://www.applitrack.com/mvcsd/onlineapp,US
Minnesota Valley Education District,https://www.applitrack.com/mved/onlineapp,https://www.applitrack.com/mved/onlineapp,US
Meramec Valley R-III School District,https://www.applitrack.com/mvr3/onlineapp,https://www.applitrack.com/mvr3/onlineapp,US
Mount Vernon Township High School District 201,https://www.applitrack.com/mvths/onlineapp,https://www.applitrack.com/mvths/onlineapp,US
Michigan Virtual,https://www.applitrack.com/mvu/onlineapp,https://www.applitrack.com/mvu/onlineapp,US
Mountain View Whisman School District,https://www.applitrack.com/mvwsd/onlineapp,https://www.applitrack.com/mvwsd/onlineapp,US
Monroe-Woodbury Central School District,https://www.applitrack.com/mwk12/onlineapp,https://www.applitrack.com/mwk12/onlineapp,US
Maplewood Career Center,https://www.applitrack.com/mwood/onlineapp,https://www.applitrack.com/mwood/onlineapp,US
Lakes International Language Academy,https://www.applitrack.com/mylila/onlineapp,https://www.applitrack.com/mylila/onlineapp,US
Mountain Education High School,https://www.applitrack.com/mymec/onlineapp,https://www.applitrack.com/mymec/onlineapp,US
Nacogdoches Independent School District,https://www.applitrack.com/nacisd/onlineapp,https://www.applitrack.com/nacisd/onlineapp,US
Northwest Allen County Schools,https://www.applitrack.com/nacs/onlineapp,https://www.applitrack.com/nacs/onlineapp,US
North Adams Community Schools,https://www.applitrack.com/nadams/onlineapp,https://www.applitrack.com/nadams/onlineapp,US
New Albany-Plain Local Schools,https://www.applitrack.com/napls/onlineapp,https://www.applitrack.com/napls/onlineapp,US
North Arlington School District,https://www.applitrack.com/narlington/onlineapp,https://www.applitrack.com/narlington/onlineapp,US
City of Nashua,https://www.applitrack.com/nashua/onlineapp,https://www.applitrack.com/nashua/onlineapp,US
Nashua School District,https://www.applitrack.com/nashuasd/onlineapp,https://www.applitrack.com/nashuasd/onlineapp,US
"Nassau County School District, Florida",https://www.applitrack.com/nassau/onlineapp,https://www.applitrack.com/nassau/onlineapp,US
Nassau BOCES,https://www.applitrack.com/nassauboces/onlineapp,https://www.applitrack.com/nassauboces/onlineapp,US
Natchitoches Parish School Board,https://www.applitrack.com/natchitoches/onlineapp,https://www.applitrack.com/natchitoches/onlineapp,US
Naugatuck Public Schools,https://www.applitrack.com/naugatuck/onlineapp,https://www.applitrack.com/naugatuck/onlineapp,US
Nazareth Academy,https://www.applitrack.com/nazarethacademy/onlineapp,https://www.applitrack.com/nazarethacademy/onlineapp,US
Nazareth Area School District,https://www.applitrack.com/nazarethasd/onlineapp,https://www.applitrack.com/nazarethasd/onlineapp,US
North Boone Community Unit School District 200,https://www.applitrack.com/nbcusd/onlineapp,https://www.applitrack.com/nbcusd/onlineapp,US
North Bend School District 13,https://www.applitrack.com/nbend/onlineapp,https://www.applitrack.com/nbend/onlineapp,US
New Beginnings Family Academy,https://www.applitrack.com/nbfacademy/onlineapp,https://www.applitrack.com/nbfacademy/onlineapp,US
New Brunswick Public Schools,https://www.applitrack.com/nbps/onlineapp,https://www.applitrack.com/nbps/onlineapp,US
North Brunswick Township Public Schools,https://www.applitrack.com/nbtschools/onlineapp,https://www.applitrack.com/nbtschools/onlineapp,US
North Coast Council Application Consortium,https://www.applitrack.com/nccohio/onlineapp,https://www.applitrack.com/nccohio/onlineapp,US
North Carolina Jobs,https://www.applitrack.com/ncjobs/onlineapp,https://www.applitrack.com/ncjobs/onlineapp,US
North Clackamas Schools,https://www.applitrack.com/nclack/onlineapp,https://www.applitrack.com/nclack/onlineapp,US
Ohio Substitute Teacher Services,https://www.applitrack.com/ncssap/onlineapp,https://www.applitrack.com/ncssap/onlineapp,US
Medinah School District 11,https://www.applitrack.com/ndep/onlineapp,https://www.applitrack.com/ndep/onlineapp,US
New Diana ISD,https://www.applitrack.com/ndisd/onlineapp,https://www.applitrack.com/ndisd/onlineapp,US
North DuPage Special Education Cooperative,https://www.applitrack.com/ndsec/onlineapp,https://www.applitrack.com/ndsec/onlineapp,US
South East Education Cooperative Consortium,https://www.applitrack.com/ndseec/onlineapp,https://www.applitrack.com/ndseec/onlineapp,US
Neptune Township School District,https://www.applitrack.com/neptune/onlineapp,https://www.applitrack.com/neptune/onlineapp,US
North East School Division,https://www.applitrack.com/nesd/onlineapp,https://www.applitrack.com/nesd/onlineapp,CA
NESDEC,https://www.applitrack.com/nesdec/onlineapp,https://www.applitrack.com/nesdec/onlineapp,US
Nevada School District,https://www.applitrack.com/nevada/onlineapp,https://www.applitrack.com/nevada/onlineapp,US
School District of Newberry County,https://www.applitrack.com/newberryk12/onlineapp,https://www.applitrack.com/newberryk12/onlineapp,US
New Canaan Public Schools,https://www.applitrack.com/newcanaan/onlineapp,https://www.applitrack.com/newcanaan/onlineapp,US
New Caney Independent School District,https://www.applitrack.com/newcaneyisd/onlineapp,https://www.applitrack.com/newcaneyisd/onlineapp,US
Town of New Fairfield,https://www.applitrack.com/newfairfield/onlineapp,https://www.applitrack.com/newfairfield/onlineapp,US
New Fairfield Public Schools,https://www.applitrack.com/newfairfieldschools/onlineapp,https://www.applitrack.com/newfairfieldschools/onlineapp,US
New Horizon Center,https://www.applitrack.com/newhorizoncenter/onlineapp,https://www.applitrack.com/newhorizoncenter/onlineapp,US
New Kent County Schools,https://www.applitrack.com/newkent/onlineapp,https://www.applitrack.com/newkent/onlineapp,US
New Lenox Community Park District,https://www.applitrack.com/newlenoxparks/onlineapp,https://www.applitrack.com/newlenoxparks/onlineapp,US
New London Public Schools,https://www.applitrack.com/newlondon/onlineapp,https://www.applitrack.com/newlondon/onlineapp,US
Newmark Education,https://www.applitrack.com/newmarkeducation/onlineapp,https://www.applitrack.com/newmarkeducation/onlineapp,US
New Milford Public Schools,https://www.applitrack.com/newmilfordps/onlineapp,https://www.applitrack.com/newmilfordps/onlineapp,US
Newport Independent Schools,https://www.applitrack.com/newport/onlineapp,https://www.applitrack.com/newport/onlineapp,US
Newton Community School District,https://www.applitrack.com/newtoncsd/onlineapp,https://www.applitrack.com/newtoncsd/onlineapp,US
Newton Unified School District 373,https://www.applitrack.com/newtonk12/onlineapp,https://www.applitrack.com/newtonk12/onlineapp,US
Newtown Public Schools,https://www.applitrack.com/newtown/onlineapp,https://www.applitrack.com/newtown/onlineapp,US
New Ulm Public Schools,https://www.applitrack.com/newulm/onlineapp,https://www.applitrack.com/newulm/onlineapp,US
Northeastern York School District,https://www.applitrack.com/neyorksd/onlineapp,https://www.applitrack.com/neyorksd/onlineapp,US
New Foundations Charter School,https://www.applitrack.com/nfcs/onlineapp,https://www.applitrack.com/nfcs/onlineapp,US
Northfield Public Schools,https://www.applitrack.com/nfld/onlineapp,https://www.applitrack.com/nfld/onlineapp,US
New Hanover County Schools,https://www.applitrack.com/nhcs/onlineapp,https://www.applitrack.com/nhcs/onlineapp,US
New Haven Public Schools,https://www.applitrack.com/nhps/onlineapp,https://www.applitrack.com/nhps/onlineapp,US
North Hills School District,https://www.applitrack.com/nhsd/onlineapp,https://www.applitrack.com/nhsd/onlineapp,US
North Hunterdon-Voorhees Regional High School District,https://www.applitrack.com/nhv/onlineapp,https://www.applitrack.com/nhv/onlineapp,US
Navarro ISD,https://www.applitrack.com/nisd/onlineapp,https://www.applitrack.com/nisd/onlineapp,US
Nixa Public Schools,https://www.applitrack.com/nixa/onlineapp,https://www.applitrack.com/nixa/onlineapp,US
Sourcewell,https://www.applitrack.com/njpa/onlineapp,https://www.applitrack.com/njpa/onlineapp,US
South Bergen Jointure Commission,https://www.applitrack.com/njsbjc/onlineapp,https://www.applitrack.com/njsbjc/onlineapp,US
New London-Spicer School District 345,https://www.applitrack.com/nls345/onlineapp,https://www.applitrack.com/nls345/onlineapp,US
Northern Lights School Division No. 113,https://www.applitrack.com/nlsd113/onlineapp,https://www.applitrack.com/nlsd113/onlineapp,CA
North Montgomery Community School Corporation,https://www.applitrack.com/nmk12/onlineapp,https://www.applitrack.com/nmk12/onlineapp,US
New Milford School District,https://www.applitrack.com/nmpsd/onlineapp,https://www.applitrack.com/nmpsd/onlineapp,US
Noble Academy,https://www.applitrack.com/nobleacademy/onlineapp,https://www.applitrack.com/nobleacademy/onlineapp,US
Noble Independent School District 40,https://www.applitrack.com/nobleps/onlineapp,https://www.applitrack.com/nobleps/onlineapp,US
North Olmsted City Schools,https://www.applitrack.com/nolmsted/onlineapp,https://www.applitrack.com/nolmsted/onlineapp,US
Nome Public Schools,https://www.applitrack.com/nomeschools/onlineapp,https://www.applitrack.com/nomeschools/onlineapp,US
Norman Public Schools,https://www.applitrack.com/normanpublicschools/onlineapp,https://www.applitrack.com/normanpublicschools/onlineapp,US
North Allegheny School District,https://www.applitrack.com/northallegheny/onlineapp,https://www.applitrack.com/northallegheny/onlineapp,US
Northampton County Public Schools,https://www.applitrack.com/northampton/onlineapp,https://www.applitrack.com/northampton/onlineapp,US
North Babylon Schools,https://www.applitrack.com/northbabylonschools/onlineapp,https://www.applitrack.com/northbabylonschools/onlineapp,US
North Callaway R-1 Schools,https://www.applitrack.com/northcallaway/onlineapp,https://www.applitrack.com/northcallaway/onlineapp,US
North Chicago Community Unit School District #187,https://www.applitrack.com/northchicago/onlineapp,https://www.applitrack.com/northchicago/onlineapp,US
Northeast College Prep,https://www.applitrack.com/northeastcollegeprep/onlineapp,https://www.applitrack.com/northeastcollegeprep/onlineapp,US
Northeast Metropolitan Regional Vocational High School,https://www.applitrack.com/northeastmetrotech/onlineapp,https://www.applitrack.com/northeastmetrotech/onlineapp,US
Northern Highlands Regional High School,https://www.applitrack.com/northernhighlands/onlineapp,https://www.applitrack.com/northernhighlands/onlineapp,US
Northern Valley Online Application Consortium,https://www.applitrack.com/northernvalley/onlineapp,https://www.applitrack.com/northernvalley/onlineapp,US
North Fork Local School District,https://www.applitrack.com/northforklocal/onlineapp,https://www.applitrack.com/northforklocal/onlineapp,US
North Greene Unit District #3,https://www.applitrack.com/northgreene/onlineapp,https://www.applitrack.com/northgreene/onlineapp,US
North Lamar Independent School District,https://www.applitrack.com/northlamar/onlineapp,https://www.applitrack.com/northlamar/onlineapp,US
Northland Preparatory Academy,https://www.applitrack.com/northlandprep/onlineapp,https://www.applitrack.com/northlandprep/onlineapp,US
North Polk Community School District,https://www.applitrack.com/northpolk/onlineapp,https://www.applitrack.com/northpolk/onlineapp,US
Metropolitan School District of North Posey County,https://www.applitrack.com/northposey/onlineapp,https://www.applitrack.com/northposey/onlineapp,US
North Ridgeville City School District,https://www.applitrack.com/northridgeville/onlineapp,https://www.applitrack.com/northridgeville/onlineapp,US
North Rockland,https://www.applitrack.com/northrockland/onlineapp,https://www.applitrack.com/northrockland/onlineapp,US
Fairbanks North Star Borough School District,https://www.applitrack.com/northstar/onlineapp,https://www.applitrack.com/northstar/onlineapp,US
North Stonington Public Schools,https://www.applitrack.com/northstoningtonk12/onlineapp,https://www.applitrack.com/northstoningtonk12/onlineapp,US
Norton City School District,https://www.applitrack.com/nortonk12/onlineapp,https://www.applitrack.com/nortonk12/onlineapp,US
Norwalk Public Schools,https://www.applitrack.com/norwalk/onlineapp,https://www.applitrack.com/norwalk/onlineapp,US
Norwalk Community School District,https://www.applitrack.com/norwalkcsd/onlineapp,https://www.applitrack.com/norwalkcsd/onlineapp,US
Norwell Public Schools,https://www.applitrack.com/norwellschools/onlineapp,https://www.applitrack.com/norwellschools/onlineapp,US
Norwich Free Academy,https://www.applitrack.com/norwich/onlineapp,https://www.applitrack.com/norwich/onlineapp,US
Nova Classical Academy,https://www.applitrack.com/novaclassical/onlineapp,https://www.applitrack.com/novaclassical/onlineapp,US
North Palos School District 117,https://www.applitrack.com/npd117/onlineapp,https://www.applitrack.com/npd117/onlineapp,US
North Penn School District,https://www.applitrack.com/npenn/onlineapp,https://www.applitrack.com/npenn/onlineapp,US
North Plainfield School District,https://www.applitrack.com/nplainfield/onlineapp,https://www.applitrack.com/nplainfield/onlineapp,US
New Philadelphia City School District,https://www.applitrack.com/npschools/onlineapp,https://www.applitrack.com/npschools/onlineapp,US
Newington SD,https://www.applitrack.com/npsct/onlineapp,https://www.applitrack.com/npsct/onlineapp,US
New Providence Board of Ed,https://www.applitrack.com/npsd/onlineapp,https://www.applitrack.com/npsd/onlineapp,US
Newark Board of Education,https://www.applitrack.com/npsnj/onlineapp,https://www.applitrack.com/npsnj/onlineapp,US
New Prairie United School Corporation,https://www.applitrack.com/npusc/onlineapp,https://www.applitrack.com/npusc/onlineapp,US
North Royalton City Schools,https://www.applitrack.com/nrcs/onlineapp,https://www.applitrack.com/nrcs/onlineapp,US
North Rose-Wolcott Central School District,https://www.applitrack.com/nrwcs/onlineapp,https://www.applitrack.com/nrwcs/onlineapp,US
North Slope Borough School District,https://www.applitrack.com/nsbsd/onlineapp,https://www.applitrack.com/nsbsd/onlineapp,US
North Shore High School,https://www.applitrack.com/nshighschool/onlineapp,https://www.applitrack.com/nshighschool/onlineapp,US
North Shore School District 112,https://www.applitrack.com/nssd112/onlineapp,https://www.applitrack.com/nssd112/onlineapp,US
TrueNorth Educational Cooperative 804,https://www.applitrack.com/nssed/onlineapp,https://www.applitrack.com/nssed/onlineapp,US
Northwest Suburban Special Education Organization,https://www.applitrack.com/nsseo/onlineapp,https://www.applitrack.com/nsseo/onlineapp,US
Niles Township District for Special Education,https://www.applitrack.com/ntdse/onlineapp,https://www.applitrack.com/ntdse/onlineapp,US
Nutley Board of Education,https://www.applitrack.com/nutleyschools/onlineapp,https://www.applitrack.com/nutleyschools/onlineapp,US
Mineral County School District,https://www.applitrack.com/nvmcsd/onlineapp,https://www.applitrack.com/nvmcsd/onlineapp,US
Northern Valley Regional High School District,https://www.applitrack.com/nvnet/onlineapp,https://www.applitrack.com/nvnet/onlineapp,US
Northwestern Local School District,https://www.applitrack.com/nwlsw/onlineapp,https://www.applitrack.com/nwlsw/onlineapp,US
Regional School District 7,https://www.applitrack.com/nwr7/onlineapp,https://www.applitrack.com/nwr7/onlineapp,US
Northwest Regional ESD,https://www.applitrack.com/nwresd/onlineapp,https://www.applitrack.com/nwresd/onlineapp,US
Northwest Service Cooperative,https://www.applitrack.com/nwscschools/onlineapp,https://www.applitrack.com/nwscschools/onlineapp,US
Northwest School Division 203,https://www.applitrack.com/nwsd/onlineapp,https://www.applitrack.com/nwsd/onlineapp,CA
Nyack Public Schools,https://www.applitrack.com/nyackschools/onlineapp,https://www.applitrack.com/nyackschools/onlineapp,US
NYE County School District,https://www.applitrack.com/nye/onlineapp,https://www.applitrack.com/nye/onlineapp,US
Nyssa School District,https://www.applitrack.com/nyssa/onlineapp,https://www.applitrack.com/nyssa/onlineapp,US
Owego-Apalachin Central School District,https://www.applitrack.com/oacsd/onlineapp,https://www.applitrack.com/oacsd/onlineapp,US
Oak Grove R-VI School District,https://www.applitrack.com/oakgrove/onlineapp,https://www.applitrack.com/oakgrove/onlineapp,US
Oak Harbor School District,https://www.applitrack.com/oakharbor/onlineapp,https://www.applitrack.com/oakharbor/onlineapp,US
Oakland Schools,https://www.applitrack.com/oaklandschools/onlineapp,https://www.applitrack.com/oaklandschools/onlineapp,US
Oakland Public Schools,https://www.applitrack.com/oaklandschoolsnj/onlineapp,https://www.applitrack.com/oaklandschoolsnj/onlineapp,US
Oberlin City School District,https://www.applitrack.com/oberlinschools/onlineapp,https://www.applitrack.com/oberlinschools/onlineapp,US
Township of Ocean School District,https://www.applitrack.com/ocean/onlineapp,https://www.applitrack.com/ocean/onlineapp,US
Oceanport School District,https://www.applitrack.com/oceanport/onlineapp,https://www.applitrack.com/oceanport/onlineapp,US
Lake Oconee Academy,https://www.applitrack.com/oconee/onlineapp,https://www.applitrack.com/oconee/onlineapp,US
Oconee County Schools,https://www.applitrack.com/ocpsga/onlineapp,https://www.applitrack.com/ocpsga/onlineapp,US
Oregon City School District 62,https://www.applitrack.com/ocsd62/onlineapp,https://www.applitrack.com/ocsd62/onlineapp,US
Octorara Area School District,https://www.applitrack.com/octorara/onlineapp,https://www.applitrack.com/octorara/onlineapp,US
Odessa R-VII School District,https://www.applitrack.com/odessa/onlineapp,https://www.applitrack.com/odessa/onlineapp,US
Odyssey Charter School,https://www.applitrack.com/odysseyschools/onlineapp,https://www.applitrack.com/odysseyschools/onlineapp,US
"Orange, CT Public Schools",https://www.applitrack.com/oess/onlineapp,https://www.applitrack.com/oess/onlineapp,US
Ogallala Public School District,https://www.applitrack.com/ogallala/onlineapp,https://www.applitrack.com/ogallala/onlineapp,US
Oklahoma City Public Schools,https://www.applitrack.com/okcps/onlineapp,https://www.applitrack.com/okcps/onlineapp,US
Old Bridge Township Public Schools,https://www.applitrack.com/oldbridge/onlineapp,https://www.applitrack.com/oldbridge/onlineapp,US
Oldham County Schools,https://www.applitrack.com/oldham/onlineapp,https://www.applitrack.com/oldham/onlineapp,US
Old Saybrook Public Schools,https://www.applitrack.com/oldsaybrook/onlineapp,https://www.applitrack.com/oldsaybrook/onlineapp,US
Olean City School District,https://www.applitrack.com/oleanschools/onlineapp,https://www.applitrack.com/oleanschools/onlineapp,US
Orleans-Niagara BOCES,https://www.applitrack.com/onboces/onlineapp,https://www.applitrack.com/onboces/onlineapp,US
Onslow County Public Schools,https://www.applitrack.com/onslow/onlineapp,https://www.applitrack.com/onslow/onlineapp,US
Ontario Local Schools,https://www.applitrack.com/ontarioschools/onlineapp,https://www.applitrack.com/ontarioschools/onlineapp,US
Orangeburg County Schools,https://www.applitrack.com/orangeburgcounty/onlineapp,https://www.applitrack.com/orangeburgcounty/onlineapp,US
Orange Schools,https://www.applitrack.com/orangenj/onlineapp,https://www.applitrack.com/orangenj/onlineapp,US
Orange City Schools,https://www.applitrack.com/orangeschools/onlineapp,https://www.applitrack.com/orangeschools/onlineapp,US
Orcas Island School District,https://www.applitrack.com/orcasislandschools/onlineapp,https://www.applitrack.com/orcasislandschools/onlineapp,US
Oyster River Cooperative School District SAU 5,https://www.applitrack.com/orcsd/onlineapp,https://www.applitrack.com/orcsd/onlineapp,US
Oregon City Schools,https://www.applitrack.com/oregon/onlineapp,https://www.applitrack.com/oregon/onlineapp,US
Oregon-Davis School Corporation,https://www.applitrack.com/oregondavis/onlineapp,https://www.applitrack.com/oregondavis/onlineapp,US
Oregon Trail School District #46,https://www.applitrack.com/oregontrailschools/onlineapp,https://www.applitrack.com/oregontrailschools/onlineapp,US
Orenda Charter School,https://www.applitrack.com/orendaeducation/onlineapp,https://www.applitrack.com/orendaeducation/onlineapp,US
Orono Public Schools,https://www.applitrack.com/orono/onlineapp,https://www.applitrack.com/orono/onlineapp,US
Orting School District,https://www.applitrack.com/ortingschools/onlineapp,https://www.applitrack.com/ortingschools/onlineapp,US
Osceola School District,https://www.applitrack.com/osd1/onlineapp,https://www.applitrack.com/osd1/onlineapp,US
Ocean Springs School District,https://www.applitrack.com/ossdms/onlineapp,https://www.applitrack.com/ossdms/onlineapp,US
Osseo Area Schools - ISD 279,https://www.applitrack.com/osseo/onlineapp,https://www.applitrack.com/osseo/onlineapp,US
Oswayo Valley School District,https://www.applitrack.com/oswayo/onlineapp,https://www.applitrack.com/oswayo/onlineapp,US
O'Fallon Township High School,https://www.applitrack.com/oths/onlineapp,https://www.applitrack.com/oths/onlineapp,US
Ottawa Hills Local Schools,https://www.applitrack.com/ottawahills/onlineapp,https://www.applitrack.com/ottawahills/onlineapp,US
Owasso Public Schools,https://www.applitrack.com/owasso/onlineapp,https://www.applitrack.com/owasso/onlineapp,US
Owen Co School District,https://www.applitrack.com/owen/onlineapp,https://www.applitrack.com/owen/onlineapp,US
Owen J Roberts School District,https://www.applitrack.com/owenjroberts/onlineapp,https://www.applitrack.com/owenjroberts/onlineapp,US
Oxford School District,https://www.applitrack.com/oxfordk12/onlineapp,https://www.applitrack.com/oxfordk12/onlineapp,US
Ozark R-VI School District,https://www.applitrack.com/ozark/onlineapp,https://www.applitrack.com/ozark/onlineapp,US
PACT Charter School,https://www.applitrack.com/pactcharter/onlineapp,https://www.applitrack.com/pactcharter/onlineapp,US
Jackson County School Board,https://www.applitrack.com/paec/onlineapp,https://www.applitrack.com/paec/onlineapp,US
Proviso Area for Exceptional Children,https://www.applitrack.com/paec803/onlineapp,https://www.applitrack.com/paec803/onlineapp,US
Page Unified School District #8,https://www.applitrack.com/pageusd/onlineapp,https://www.applitrack.com/pageusd/onlineapp,US
Palmerton Area School District,https://www.applitrack.com/palmerton/onlineapp,https://www.applitrack.com/palmerton/onlineapp,US
Palmyra Area School District,https://www.applitrack.com/palmyra/onlineapp,https://www.applitrack.com/palmyra/onlineapp,US
Palos School District 118,https://www.applitrack.com/palos118/onlineapp,https://www.applitrack.com/palos118/onlineapp,US
Palos Heights School District 128,https://www.applitrack.com/palos128/onlineapp,https://www.applitrack.com/palos128/onlineapp,US
Palisades Park School District,https://www.applitrack.com/palpkschools/onlineapp,https://www.applitrack.com/palpkschools/onlineapp,US
Perth Amboy Public Schools,https://www.applitrack.com/paps/onlineapp,https://www.applitrack.com/paps/onlineapp,US
Paradise Schools,https://www.applitrack.com/paradiseschools/onlineapp,https://www.applitrack.com/paradiseschools/onlineapp,US
Paramus Public Schools,https://www.applitrack.com/paramus/onlineapp,https://www.applitrack.com/paramus/onlineapp,US
Park County School District #1,https://www.applitrack.com/park1/onlineapp,https://www.applitrack.com/park1/onlineapp,US
Park County School District 6,https://www.applitrack.com/park6/onlineapp,https://www.applitrack.com/park6/onlineapp,US
Parkland Preparatory Academy,https://www.applitrack.com/parklandsd/onlineapp,https://www.applitrack.com/parklandsd/onlineapp,US
Park Ridge School District,https://www.applitrack.com/parkridgeschools/onlineapp,https://www.applitrack.com/parkridgeschools/onlineapp,US
Morton Grove School District 70,https://www.applitrack.com/parkview70/onlineapp,https://www.applitrack.com/parkview70/onlineapp,US
Parma City School District,https://www.applitrack.com/parma/onlineapp,https://www.applitrack.com/parma/onlineapp,US
Pasadena Independent School District,https://www.applitrack.com/pasadenaisd/onlineapp,https://www.applitrack.com/pasadenaisd/onlineapp,US
Pascack Valley Regional High School District,https://www.applitrack.com/pascack/onlineapp,https://www.applitrack.com/pascack/onlineapp,US
Phoenixville Area School District,https://www.applitrack.com/pasd/onlineapp,https://www.applitrack.com/pasd/onlineapp,US
Passaic County Technical -  Vocational Schools,https://www.applitrack.com/passaic/onlineapp,https://www.applitrack.com/passaic/onlineapp,US
Diocese of Paterson,https://www.applitrack.com/patersondiocese/onlineapp,https://www.applitrack.com/patersondiocese/onlineapp,US
Pattonville School District,https://www.applitrack.com/pattonville/onlineapp,https://www.applitrack.com/pattonville/onlineapp,US
Plum Borough School District,https://www.applitrack.com/pbsd/onlineapp,https://www.applitrack.com/pbsd/onlineapp,US
Pecos-Barstow-Toyah Independent School District,https://www.applitrack.com/pbtisd/onlineapp,https://www.applitrack.com/pbtisd/onlineapp,US
Phillipsburg School District,https://www.applitrack.com/pburgsd/onlineapp,https://www.applitrack.com/pburgsd/onlineapp,US
Panama-Buena Vista Union School District,https://www.applitrack.com/pbvusd/onlineapp,https://www.applitrack.com/pbvusd/onlineapp,US
Pineywoods Community Academy,https://www.applitrack.com/pcacharter/onlineapp,https://www.applitrack.com/pcacharter/onlineapp,US
Prairie Crossing Charter School,https://www.applitrack.com/pccharterschool/onlineapp,https://www.applitrack.com/pccharterschool/onlineapp,US
Plymouth-Canton Community Schools,https://www.applitrack.com/pccsk12/onlineapp,https://www.applitrack.com/pccsk12/onlineapp,US
Porter County Educational Services,https://www.applitrack.com/pces/onlineapp,https://www.applitrack.com/pces/onlineapp,US
Pass Christian Public School District,https://www.applitrack.com/pck12/onlineapp,https://www.applitrack.com/pck12/onlineapp,US
Prairie City Monroe Community School District,https://www.applitrack.com/pcmonroe/onlineapp,https://www.applitrack.com/pcmonroe/onlineapp,US
Paterson Charter School for Science and Technology,https://www.applitrack.com/pcsst/onlineapp,https://www.applitrack.com/pcsst/onlineapp,US
Pulaski County Schools,https://www.applitrack.com/pcva/onlineapp,https://www.applitrack.com/pcva/onlineapp,US
Pike-Delta-York,https://www.applitrack.com/pdy/onlineapp,https://www.applitrack.com/pdy/onlineapp,US
Pearland ISD,https://www.applitrack.com/pearlandisd/onlineapp,https://www.applitrack.com/pearlandisd/onlineapp,US
Prince Edward County Public Schools,https://www.applitrack.com/pecps/onlineapp,https://www.applitrack.com/pecps/onlineapp,US
Pekin Community School District 303,https://www.applitrack.com/pekinhigh/onlineapp,https://www.applitrack.com/pekinhigh/onlineapp,US
Pemberton Township Schools,https://www.applitrack.com/pemberton/onlineapp,https://www.applitrack.com/pemberton/onlineapp,US
The Pembroke Hill School,https://www.applitrack.com/pembroke/onlineapp,https://www.applitrack.com/pembroke/onlineapp,US
Penfield Central School District,https://www.applitrack.com/penfield/onlineapp,https://www.applitrack.com/penfield/onlineapp,US
Pennsauken Public Schools,https://www.applitrack.com/pennsauken/onlineapp,https://www.applitrack.com/pennsauken/onlineapp,US
Penns Valley Area School District,https://www.applitrack.com/pennsvalley/onlineapp,https://www.applitrack.com/pennsvalley/onlineapp,US
Peoria Unified School District,https://www.applitrack.com/peoriaud/onlineapp,https://www.applitrack.com/peoriaud/onlineapp,US
Pequannock Township School District,https://www.applitrack.com/pequannock/onlineapp,https://www.applitrack.com/pequannock/onlineapp,US
Perkins Local School District,https://www.applitrack.com/perkinsschools/onlineapp,https://www.applitrack.com/perkinsschools/onlineapp,US
Perry Local Schools,https://www.applitrack.com/perry/onlineapp,https://www.applitrack.com/perry/onlineapp,US
Perrysburg School District,https://www.applitrack.com/perrysburg/onlineapp,https://www.applitrack.com/perrysburg/onlineapp,US
Perry Township School District,https://www.applitrack.com/perryschools/onlineapp,https://www.applitrack.com/perryschools/onlineapp,US
Pflugerville ISD,https://www.applitrack.com/pflugerville/onlineapp,https://www.applitrack.com/pflugerville/onlineapp,US
Prince George's County Public Schools,https://www.applitrack.com/pgcps/onlineapp,https://www.applitrack.com/pgcps/onlineapp,US
Prince George County Public Schools,https://www.applitrack.com/pgsk12va/onlineapp,https://www.applitrack.com/pgsk12va/onlineapp,US
Philadelphia Public School District,https://www.applitrack.com/philms/onlineapp,https://www.applitrack.com/philms/onlineapp,US
Penn-Harris-Madison School Corporation,https://www.applitrack.com/phm/onlineapp,https://www.applitrack.com/phm/onlineapp,US
The Phoenix Center,https://www.applitrack.com/phoenixcenter/onlineapp,https://www.applitrack.com/phoenixcenter/onlineapp,US
Phoenix-Talent Schools,https://www.applitrack.com/phoenixtalent/onlineapp,https://www.applitrack.com/phoenixtalent/onlineapp,US
Prairie-Hills Elementary School District 144,https://www.applitrack.com/phsd144/onlineapp,https://www.applitrack.com/phsd144/onlineapp,US
Phoenix Union High School District 210,https://www.applitrack.com/phxhs/onlineapp,https://www.applitrack.com/phxhs/onlineapp,US
Pickerington Local School District,https://www.applitrack.com/pickerington/onlineapp,https://www.applitrack.com/pickerington/onlineapp,US
Pierce County Public Schools,https://www.applitrack.com/piercecounty/onlineapp,https://www.applitrack.com/piercecounty/onlineapp,US
Pike County Public Schools,https://www.applitrack.com/pikecountyps/onlineapp,https://www.applitrack.com/pikecountyps/onlineapp,US
Pilot Point Independent School District,https://www.applitrack.com/pilotpoint/onlineapp,https://www.applitrack.com/pilotpoint/onlineapp,US
Pima County Schools Reserve Fund,https://www.applitrack.com/pimagov/onlineapp,https://www.applitrack.com/pimagov/onlineapp,US
Pima County JTED #11,https://www.applitrack.com/pimajted/onlineapp,https://www.applitrack.com/pimajted/onlineapp,US
Pine City Public Schools,https://www.applitrack.com/pinecity/onlineapp,https://www.applitrack.com/pinecity/onlineapp,US
ISD 255 - Pine Island,https://www.applitrack.com/pineisland/onlineapp,https://www.applitrack.com/pineisland/onlineapp,US
Pine-Richland School District,https://www.applitrack.com/pinerichland/onlineapp,https://www.applitrack.com/pinerichland/onlineapp,US
Pipestone Area Schools,https://www.applitrack.com/pipestone/onlineapp,https://www.applitrack.com/pipestone/onlineapp,US
Piscataway Township School District,https://www.applitrack.com/piscataway/onlineapp,https://www.applitrack.com/piscataway/onlineapp,US
Plano ISD,https://www.applitrack.com/pisd/onlineapp,https://www.applitrack.com/pisd/onlineapp,US
Pitt County Schools,https://www.applitrack.com/pitt/onlineapp,https://www.applitrack.com/pitt/onlineapp,US
Parkway School District,https://www.applitrack.com/pkwyk12/onlineapp,https://www.applitrack.com/pkwyk12/onlineapp,US
Plainfield Community School Corporation,https://www.applitrack.com/plainfield/onlineapp,https://www.applitrack.com/plainfield/onlineapp,US
Plainfield School District,https://www.applitrack.com/plainfieldnj/onlineapp,https://www.applitrack.com/plainfieldnj/onlineapp,US
Plainville Community Schools,https://www.applitrack.com/plainville/onlineapp,https://www.applitrack.com/plainville/onlineapp,US
Pleasant Hill R-III School District,https://www.applitrack.com/pleasanthill/onlineapp,https://www.applitrack.com/pleasanthill/onlineapp,US
Pompton Lakes School District,https://www.applitrack.com/plpsk12/onlineapp,https://www.applitrack.com/plpsk12/onlineapp,US
Plymouth Community School Corporation,https://www.applitrack.com/plymouthcsc/onlineapp,https://www.applitrack.com/plymouthcsc/onlineapp,US
Prospect Mountain JMA,https://www.applitrack.com/pmhschool/onlineapp,https://www.applitrack.com/pmhschool/onlineapp,US
Pocatello/Chubbuck School District No. 25,https://www.applitrack.com/pocatello/onlineapp,https://www.applitrack.com/pocatello/onlineapp,US
Pontotoc City School District,https://www.applitrack.com/pontotoc/onlineapp,https://www.applitrack.com/pontotoc/onlineapp,US
Poplar Public School District,https://www.applitrack.com/poplar/onlineapp,https://www.applitrack.com/poplar/onlineapp,US
Poplar Bluff Schools,https://www.applitrack.com/poplarbluff/onlineapp,https://www.applitrack.com/poplarbluff/onlineapp,US
Poplarville Separate School District,https://www.applitrack.com/poplarville/onlineapp,https://www.applitrack.com/poplarville/onlineapp,US
Poquoson City Public Schools,https://www.applitrack.com/poquoson/onlineapp,https://www.applitrack.com/poquoson/onlineapp,US
Crestwood Local School District,https://www.applitrack.com/portageesc/onlineapp,https://www.applitrack.com/portageesc/onlineapp,US
Port Angeles School District,https://www.applitrack.com/portangelesschools/onlineapp,https://www.applitrack.com/portangelesschools/onlineapp,US
Portland Public School District CT,https://www.applitrack.com/portlandct/onlineapp,https://www.applitrack.com/portlandct/onlineapp,US
Portland Public Schools,https://www.applitrack.com/portlandschools/onlineapp,https://www.applitrack.com/portlandschools/onlineapp,US
Portsmouth School District,https://www.applitrack.com/portsmouth/onlineapp,https://www.applitrack.com/portsmouth/onlineapp,US
Poughkeepsie City School District,https://www.applitrack.com/poughkeepsieschools/onlineapp,https://www.applitrack.com/poughkeepsieschools/onlineapp,US
Pikes Peak BOCES,https://www.applitrack.com/ppboces/onlineapp,https://www.applitrack.com/ppboces/onlineapp,US
Pleasantville Public Schools,https://www.applitrack.com/ppsnj/onlineapp,https://www.applitrack.com/ppsnj/onlineapp,US
Prescott Unified School District,https://www.applitrack.com/prescottschools/onlineapp,https://www.applitrack.com/prescottschools/onlineapp,US
Princeton Public Schools,https://www.applitrack.com/princeton/onlineapp,https://www.applitrack.com/princeton/onlineapp,US
Prior Lake-Savage Area Schools,https://www.applitrack.com/priorlake/onlineapp,https://www.applitrack.com/priorlake/onlineapp,US
Prospect Ridge Academy,https://www.applitrack.com/prospectridgeacademy/onlineapp,https://www.applitrack.com/prospectridgeacademy/onlineapp,US
Posen-Robbins School District 143.5,https://www.applitrack.com/prsd1435/onlineapp,https://www.applitrack.com/prsd1435/onlineapp,US
Pawtucket Public Schools,https://www.applitrack.com/psdri/onlineapp,https://www.applitrack.com/psdri/onlineapp,US
Proviso Township High Schools,https://www.applitrack.com/pths209/onlineapp,https://www.applitrack.com/pths209/onlineapp,US
Parsippany-Troy Hills Township School District,https://www.applitrack.com/pthsd/onlineapp,https://www.applitrack.com/pthsd/onlineapp,US
Pueblo School District 70,https://www.applitrack.com/pueblo/onlineapp,https://www.applitrack.com/pueblo/onlineapp,US
Pueblo School District 60,https://www.applitrack.com/pueblocity/onlineapp,https://www.applitrack.com/pueblocity/onlineapp,US
Purdy R-II School District,https://www.applitrack.com/purdy/onlineapp,https://www.applitrack.com/purdy/onlineapp,US
Putnam Public Schools,https://www.applitrack.com/putnam/onlineapp,https://www.applitrack.com/putnam/onlineapp,US
Putnam County Charter School System,https://www.applitrack.com/putnamga/onlineapp,https://www.applitrack.com/putnamga/onlineapp,US
Puyallup School District,https://www.applitrack.com/puyallupk12/onlineapp,https://www.applitrack.com/puyallupk12/onlineapp,US
Pleasant Valley School District,https://www.applitrack.com/pvbears/onlineapp,https://www.applitrack.com/pvbears/onlineapp,US
Platte Valley Schools,https://www.applitrack.com/pvs/onlineapp,https://www.applitrack.com/pvs/onlineapp,US
Prairie Valley School Division,https://www.applitrack.com/pvsd/onlineapp,https://www.applitrack.com/pvsd/onlineapp,CA
Queen Creek Unified District,https://www.applitrack.com/qcusd/onlineapp,https://www.applitrack.com/qcusd/onlineapp,US
"Queen Bee Schools, District 16",https://www.applitrack.com/queenbee16/onlineapp,https://www.applitrack.com/queenbee16/onlineapp,US
Quincy Community Schools,https://www.applitrack.com/quincyschools/onlineapp,https://www.applitrack.com/quincyschools/onlineapp,US
Region 8 Education Service Center,https://www.applitrack.com/r8esc/onlineapp,https://www.applitrack.com/r8esc/onlineapp,US
Rahway School District,https://www.applitrack.com/rahway/onlineapp,https://www.applitrack.com/rahway/onlineapp,US
Ramsey Schools,https://www.applitrack.com/ramsey/onlineapp,https://www.applitrack.com/ramsey/onlineapp,US
Randolph Central School District,https://www.applitrack.com/randolphcsd/onlineapp,https://www.applitrack.com/randolphcsd/onlineapp,US
Ravenna City Schools,https://www.applitrack.com/ravennaschools/onlineapp,https://www.applitrack.com/ravennaschools/onlineapp,US
Raymore-Peculiar School District,https://www.applitrack.com/raypec/onlineapp,https://www.applitrack.com/raypec/onlineapp,US
Raytown School District C2,https://www.applitrack.com/raytownschools/onlineapp,https://www.applitrack.com/raytownschools/onlineapp,US
Red Bank Borough Public Schools,https://www.applitrack.com/rbb/onlineapp,https://www.applitrack.com/rbb/onlineapp,US
Riverside Brookfield High School,https://www.applitrack.com/rbhs/onlineapp,https://www.applitrack.com/rbhs/onlineapp,US
Red Bank Regional High School,https://www.applitrack.com/rbrhs/onlineapp,https://www.applitrack.com/rbrhs/onlineapp,US
Reed-Custer CUSD 255,https://www.applitrack.com/rc255/onlineapp,https://www.applitrack.com/rc255/onlineapp,US
Royse City ISD,https://www.applitrack.com/rcisd/onlineapp,https://www.applitrack.com/rcisd/onlineapp,US
Rankin County School District,https://www.applitrack.com/rcsd/onlineapp,https://www.applitrack.com/rcsd/onlineapp,US
Robbinsdale Area Schools,https://www.applitrack.com/rdale/onlineapp,https://www.applitrack.com/rdale/onlineapp,US
Regina Dominican High School,https://www.applitrack.com/rdpanthers/onlineapp,https://www.applitrack.com/rdpanthers/onlineapp,US
RE-1 Valley Schools,https://www.applitrack.com/re1valley/onlineapp,https://www.applitrack.com/re1valley/onlineapp,US
Weld County School District Re3J,https://www.applitrack.com/re3j/onlineapp,https://www.applitrack.com/re3j/onlineapp,US
Reading School District,https://www.applitrack.com/readingsd/onlineapp,https://www.applitrack.com/readingsd/onlineapp,US
Readington Township Public Schools,https://www.applitrack.com/readington/onlineapp,https://www.applitrack.com/readington/onlineapp,US
READS Collaborative,https://www.applitrack.com/readscollab/onlineapp,https://www.applitrack.com/readscollab/onlineapp,US
Red Lion Area School District,https://www.applitrack.com/redlion/onlineapp,https://www.applitrack.com/redlion/onlineapp,US
Red Wing Public Schools,https://www.applitrack.com/redwing/onlineapp,https://www.applitrack.com/redwing/onlineapp,US
Reese Public School District,https://www.applitrack.com/reese/onlineapp,https://www.applitrack.com/reese/onlineapp,US
Refugio Independent School District,https://www.applitrack.com/refugioisd/onlineapp,https://www.applitrack.com/refugioisd/onlineapp,US
Region 4 Schools,https://www.applitrack.com/reg4/onlineapp,https://www.applitrack.com/reg4/onlineapp,US
Region One School District,https://www.applitrack.com/region1/onlineapp,https://www.applitrack.com/region1/onlineapp,US
Regional School District No. 10,https://www.applitrack.com/region10ct/onlineapp,https://www.applitrack.com/region10ct/onlineapp,US
DFW Area Application Consortium,https://www.applitrack.com/region11/onlineapp,https://www.applitrack.com/region11/onlineapp,US
Education Service Center Region 13,https://www.applitrack.com/region13/onlineapp,https://www.applitrack.com/region13/onlineapp,US
Pomperaug Regional School District 15,https://www.applitrack.com/region15/onlineapp,https://www.applitrack.com/region15/onlineapp,US
Regional School District #16,https://www.applitrack.com/region16ct/onlineapp,https://www.applitrack.com/region16ct/onlineapp,US
Region 17 Education Service Center,https://www.applitrack.com/region17/onlineapp,https://www.applitrack.com/region17/onlineapp,US
Region 18 Public Schools,https://www.applitrack.com/region18/onlineapp,https://www.applitrack.com/region18/onlineapp,US
The Region 9 HR Services Cooperative,https://www.applitrack.com/region9/onlineapp,https://www.applitrack.com/region9/onlineapp,US
Renton School District 403,https://www.applitrack.com/rentonschools/onlineapp,https://www.applitrack.com/rentonschools/onlineapp,US
Republic R-III Schools,https://www.applitrack.com/republic/onlineapp,https://www.applitrack.com/republic/onlineapp,US
Wayne County Schools Employment Network,https://www.applitrack.com/resa/onlineapp,https://www.applitrack.com/resa/onlineapp,US
Revere Local Schools,https://www.applitrack.com/revere/onlineapp,https://www.applitrack.com/revere/onlineapp,US
Roaring Fork School District,https://www.applitrack.com/rfsd/onlineapp,https://www.applitrack.com/rfsd/onlineapp,US
Rush Henrietta Central SD,https://www.applitrack.com/rhcsd/onlineapp,https://www.applitrack.com/rhcsd/onlineapp,US
Rhodes School District 84.5,https://www.applitrack.com/rhodes/onlineapp,https://www.applitrack.com/rhodes/onlineapp,US
Rich Township High School District 227,https://www.applitrack.com/rich227/onlineapp,https://www.applitrack.com/rich227/onlineapp,US
Richfield Public Schools,https://www.applitrack.com/richfieldmn/onlineapp,https://www.applitrack.com/richfieldmn/onlineapp,US
Richland School District,https://www.applitrack.com/richland/onlineapp,https://www.applitrack.com/richland/onlineapp,US
Richland County School District Two,https://www.applitrack.com/richland2/onlineapp,https://www.applitrack.com/richland2/onlineapp,US
Richland County School District One,https://www.applitrack.com/richlandone/onlineapp,https://www.applitrack.com/richlandone/onlineapp,US
Richmond County Public Schools,https://www.applitrack.com/richmondcountyk12va/onlineapp,https://www.applitrack.com/richmondcountyk12va/onlineapp,US
Ridgefield Public Schools,https://www.applitrack.com/ridgefield/onlineapp,https://www.applitrack.com/ridgefield/onlineapp,US
Ridgefield Public Schools,https://www.applitrack.com/ridgeschools/onlineapp,https://www.applitrack.com/ridgeschools/onlineapp,US
Ridgewood High School,https://www.applitrack.com/ridgewood/onlineapp,https://www.applitrack.com/ridgewood/onlineapp,US
Ramapo Indian Hills Regional High School District,https://www.applitrack.com/rih/onlineapp,https://www.applitrack.com/rih/onlineapp,US
Ringwood Public Schools,https://www.applitrack.com/ringwood/onlineapp,https://www.applitrack.com/ringwood/onlineapp,US
Rio Hondo Independent School District,https://www.applitrack.com/riohondo/onlineapp,https://www.applitrack.com/riohondo/onlineapp,US
Richardson Independent School District,https://www.applitrack.com/risd/onlineapp,https://www.applitrack.com/risd/onlineapp,US
Rock Island/Milan School District  #41,https://www.applitrack.com/risd41/onlineapp,https://www.applitrack.com/risd41/onlineapp,US
River Dell Regional School District,https://www.applitrack.com/riverdell/onlineapp,https://www.applitrack.com/riverdell/onlineapp,US
River Edge School District,https://www.applitrack.com/riveredgeschools/onlineapp,https://www.applitrack.com/riveredgeschools/onlineapp,US
Richard Mckenna Charter High School,https://www.applitrack.com/rmckenna/onlineapp,https://www.applitrack.com/rmckenna/onlineapp,US
Robbinsville Public School District,https://www.applitrack.com/robbinsville/onlineapp,https://www.applitrack.com/robbinsville/onlineapp,US
Rochester School Department,https://www.applitrack.com/rochesterschools/onlineapp,https://www.applitrack.com/rochesterschools/onlineapp,US
Rockdale County Public Schools,https://www.applitrack.com/rockdale/onlineapp,https://www.applitrack.com/rockdale/onlineapp,US
Rockford Area Schools,https://www.applitrack.com/rockfordmn/onlineapp,https://www.applitrack.com/rockfordmn/onlineapp,US
Rockaway Township Schools NJ,https://www.applitrack.com/rocktwp/onlineapp,https://www.applitrack.com/rocktwp/onlineapp,US
Rocky Boy School Dist 87-J,https://www.applitrack.com/rockyboy/onlineapp,https://www.applitrack.com/rockyboy/onlineapp,US
Rocky Hill Public Schools,https://www.applitrack.com/rockyhillps/onlineapp,https://www.applitrack.com/rockyhillps/onlineapp,US
Rocky River City Schools,https://www.applitrack.com/rockyriver/onlineapp,https://www.applitrack.com/rockyriver/onlineapp,US
Rocori Public School District,https://www.applitrack.com/rocori/onlineapp,https://www.applitrack.com/rocori/onlineapp,US
Grundy/Kendall HR Consortium,https://www.applitrack.com/roe24/onlineapp,https://www.applitrack.com/roe24/onlineapp,US
Regional Office of Education #43,https://www.applitrack.com/roe43/onlineapp,https://www.applitrack.com/roe43/onlineapp,US
Lee/Ogle/Whiteside Regional Office of Education #47,https://www.applitrack.com/roe47/onlineapp,https://www.applitrack.com/roe47/onlineapp,US
Sangamon ROE Online Application Consortium,https://www.applitrack.com/roe51/onlineapp,https://www.applitrack.com/roe51/onlineapp,US
Vermilion County Application Consortium,https://www.applitrack.com/roe54/onlineapp,https://www.applitrack.com/roe54/onlineapp,US
ROE #9 Champaign-Ford County School Districts,https://www.applitrack.com/roe9/onlineapp,https://www.applitrack.com/roe9/onlineapp,US
Romeo Community Schools,https://www.applitrack.com/romeo/onlineapp,https://www.applitrack.com/romeo/onlineapp,US
Roosevelt School District 66,https://www.applitrack.com/roosevelt/onlineapp,https://www.applitrack.com/roosevelt/onlineapp,US
Roseburg - Douglas County School District 4,https://www.applitrack.com/roseburg/onlineapp,https://www.applitrack.com/roseburg/onlineapp,US
Roselle Board of Education,https://www.applitrack.com/roselle/onlineapp,https://www.applitrack.com/roselle/onlineapp,US
Rosemont School District 78,https://www.applitrack.com/rosemont/onlineapp,https://www.applitrack.com/rosemont/onlineapp,US
Roseville Community Charter School,https://www.applitrack.com/rosevillecharter/onlineapp,https://www.applitrack.com/rosevillecharter/onlineapp,US
Rowe Elementary School,https://www.applitrack.com/roweelementary/onlineapp,https://www.applitrack.com/roweelementary/onlineapp,US
Roxbury Public Schools,https://www.applitrack.com/roxbury/onlineapp,https://www.applitrack.com/roxbury/onlineapp,US
Roselle Park District,https://www.applitrack.com/rparks/onlineapp,https://www.applitrack.com/rparks/onlineapp,US
Ridgefield Park School District,https://www.applitrack.com/rpps/onlineapp,https://www.applitrack.com/rpps/onlineapp,US
Rockford Public School District #205,https://www.applitrack.com/rps205/onlineapp,https://www.applitrack.com/rps205/onlineapp,US
Roselle Park School District,https://www.applitrack.com/rpsd/onlineapp,https://www.applitrack.com/rpsd/onlineapp,US
Regional School District 12,https://www.applitrack.com/rsd12/onlineapp,https://www.applitrack.com/rsd12/onlineapp,US
Regional School District 13,https://www.applitrack.com/rsd13/onlineapp,https://www.applitrack.com/rsd13/onlineapp,US
Regional School District 17,https://www.applitrack.com/rsd17/onlineapp,https://www.applitrack.com/rsd17/onlineapp,US
"Regional School District 6, CT",https://www.applitrack.com/rsd6/onlineapp,https://www.applitrack.com/rsd6/onlineapp,US
Russellville School District,https://www.applitrack.com/rsdk12/onlineapp,https://www.applitrack.com/rsdk12/onlineapp,US
RSU 18,https://www.applitrack.com/rsu18/onlineapp,https://www.applitrack.com/rsu18/onlineapp,US
Regional School Unit 23,https://www.applitrack.com/rsu23/onlineapp,https://www.applitrack.com/rsu23/onlineapp,US
Regional School Unit 24,https://www.applitrack.com/rsu24/onlineapp,https://www.applitrack.com/rsu24/onlineapp,US
Regional School Unit #3,https://www.applitrack.com/rsu3/onlineapp,https://www.applitrack.com/rsu3/onlineapp,US
Regional School Unit 40,https://www.applitrack.com/rsu40/onlineapp,https://www.applitrack.com/rsu40/onlineapp,US
Regional School Unit 05,https://www.applitrack.com/rsu5/onlineapp,https://www.applitrack.com/rsu5/onlineapp,US
Regional School Unit 57,https://www.applitrack.com/rsu57/onlineapp,https://www.applitrack.com/rsu57/onlineapp,US
Randolph Township Schools,https://www.applitrack.com/rtnj/onlineapp,https://www.applitrack.com/rtnj/onlineapp,US
River Trails School District 26,https://www.applitrack.com/rtsd26/onlineapp,https://www.applitrack.com/rtsd26/onlineapp,US
Rumson-Fair Haven Regional School District,https://www.applitrack.com/rumsonfairhaven/onlineapp,https://www.applitrack.com/rumsonfairhaven/onlineapp,US
Rush City Public Schools,https://www.applitrack.com/rushcity/onlineapp,https://www.applitrack.com/rushcity/onlineapp,US
Rush County Schools,https://www.applitrack.com/rushville/onlineapp,https://www.applitrack.com/rushville/onlineapp,US
Russell County Public Schools,https://www.applitrack.com/russellk12va/onlineapp,https://www.applitrack.com/russellk12va/onlineapp,US
"Rutherford, NJ Public Schools",https://www.applitrack.com/rutherfordschools/onlineapp,https://www.applitrack.com/rutherfordschools/onlineapp,US
Rock Valley College,https://www.applitrack.com/rvc/onlineapp,https://www.applitrack.com/rvc/onlineapp,US
Rancocas Valley Regional High School District,https://www.applitrack.com/rvrhs/onlineapp,https://www.applitrack.com/rvrhs/onlineapp,US
Saco School Department,https://www.applitrack.com/sacoschools/onlineapp,https://www.applitrack.com/sacoschools/onlineapp,US
Southwest Allen County Metropolitan School District,https://www.applitrack.com/sacsk12in/onlineapp,https://www.applitrack.com/sacsk12in/onlineapp,US
Saddle Brook School District,https://www.applitrack.com/saddlebrook/onlineapp,https://www.applitrack.com/saddlebrook/onlineapp,US
Sahuarita Unified School District,https://www.applitrack.com/sahuarita/onlineapp,https://www.applitrack.com/sahuarita/onlineapp,US
St. Martin Parish School District,https://www.applitrack.com/saintmartin/onlineapp,https://www.applitrack.com/saintmartin/onlineapp,US
San Antonio Independent School District,https://www.applitrack.com/saisd/onlineapp,https://www.applitrack.com/saisd/onlineapp,US
Salado Ind School District,https://www.applitrack.com/salado/onlineapp,https://www.applitrack.com/salado/onlineapp,US
Salem City School District,https://www.applitrack.com/salemnj/onlineapp,https://www.applitrack.com/salemnj/onlineapp,US
Salem School District,https://www.applitrack.com/salemschoolsct/onlineapp,https://www.applitrack.com/salemschoolsct/onlineapp,US
Salida Del Sol Academy,https://www.applitrack.com/salidadelsolacademy/onlineapp,https://www.applitrack.com/salidadelsolacademy/onlineapp,US
Salem-Keizer Public Schools,https://www.applitrack.com/salkeizk12/onlineapp,https://www.applitrack.com/salkeizk12/onlineapp,US
Salmon River Central School District,https://www.applitrack.com/salmonriver/onlineapp,https://www.applitrack.com/salmonriver/onlineapp,US
Salt Creek School District 48,https://www.applitrack.com/saltcreek48/onlineapp,https://www.applitrack.com/saltcreek48/onlineapp,US
Saluda County School District,https://www.applitrack.com/saludaschools/onlineapp,https://www.applitrack.com/saludaschools/onlineapp,US
Sanborn Regional School District,https://www.applitrack.com/sanborn/onlineapp,https://www.applitrack.com/sanborn/onlineapp,US
Sanford School Department,https://www.applitrack.com/sanford/onlineapp,https://www.applitrack.com/sanford/onlineapp,US
Sanger Independent School District,https://www.applitrack.com/sangerisd/onlineapp,https://www.applitrack.com/sangerisd/onlineapp,US
San Juan Unified,https://www.applitrack.com/sanjuan/onlineapp,https://www.applitrack.com/sanjuan/onlineapp,US
South Amboy Public Schools,https://www.applitrack.com/sapublicschools/onlineapp,https://www.applitrack.com/sapublicschools/onlineapp,US
Sartell-St. Stephen School District,https://www.applitrack.com/sartell/onlineapp,https://www.applitrack.com/sartell/onlineapp,US
The School Association for Special Education in DuPage County,https://www.applitrack.com/sased/onlineapp,https://www.applitrack.com/sased/onlineapp,US
Saskatoon Public Schools,https://www.applitrack.com/saskatoon/onlineapp,https://www.applitrack.com/saskatoon/onlineapp,CA
SAU #13,https://www.applitrack.com/sau13/onlineapp,https://www.applitrack.com/sau13/onlineapp,US
"SAU 15, Auburn, Candia and Hooksett School Districts",https://www.applitrack.com/sau15/onlineapp,https://www.applitrack.com/sau15/onlineapp,US
Exeter SAU 16,https://www.applitrack.com/sau16/onlineapp,https://www.applitrack.com/sau16/onlineapp,US
School Administrative Unit 21,https://www.applitrack.com/sau21/onlineapp,https://www.applitrack.com/sau21/onlineapp,US
School Administrative Unit 24,https://www.applitrack.com/sau24/onlineapp,https://www.applitrack.com/sau24/onlineapp,US
"Bedford, New Hampshire School District",https://www.applitrack.com/sau25/onlineapp,https://www.applitrack.com/sau25/onlineapp,US
School Administrative Unit No. 29,https://www.applitrack.com/sau29/onlineapp,https://www.applitrack.com/sau29/onlineapp,US
"SAU #41 - Hollis, Brookline, & Hollis-Brookline Cooperative School Districts",https://www.applitrack.com/sau41/onlineapp,https://www.applitrack.com/sau41/onlineapp,US
Newport School District,https://www.applitrack.com/sau43/onlineapp,https://www.applitrack.com/sau43/onlineapp,US
SAU 6 Public Schools,https://www.applitrack.com/sau6/onlineapp,https://www.applitrack.com/sau6/onlineapp,US
Fall Mountain Regional School District,https://www.applitrack.com/sau60/onlineapp,https://www.applitrack.com/sau60/onlineapp,US
School Administrative Unit 61 Farmington,https://www.applitrack.com/sau61/onlineapp,https://www.applitrack.com/sau61/onlineapp,US
Milton School District,https://www.applitrack.com/sau64/onlineapp,https://www.applitrack.com/sau64/onlineapp,US
Concord School District,https://www.applitrack.com/sau8/onlineapp,https://www.applitrack.com/sau8/onlineapp,US
Hudson School District SAU 81,https://www.applitrack.com/sau81/onlineapp,https://www.applitrack.com/sau81/onlineapp,US
Chester School District,https://www.applitrack.com/sau82/onlineapp,https://www.applitrack.com/sau82/onlineapp,US
Fremont School Administrative Unit Office 83,https://www.applitrack.com/sau83/onlineapp,https://www.applitrack.com/sau83/onlineapp,US
Hampton School District,https://www.applitrack.com/sau90/onlineapp,https://www.applitrack.com/sau90/onlineapp,US
Saugatuck Public Schools,https://www.applitrack.com/saugatuck/onlineapp,https://www.applitrack.com/saugatuck/onlineapp,US
Sauk Rapids-Rice Public Schools,https://www.applitrack.com/saukrapids/onlineapp,https://www.applitrack.com/saukrapids/onlineapp,US
Saunemin Community Consolidated School District #438,https://www.applitrack.com/saunemin/onlineapp,https://www.applitrack.com/saunemin/onlineapp,US
Saydel Community School District,https://www.applitrack.com/saydelk12ia/onlineapp,https://www.applitrack.com/saydelk12ia/onlineapp,US
Sayreville Public Schools,https://www.applitrack.com/sayreville/onlineapp,https://www.applitrack.com/sayreville/onlineapp,US
San Benito CISD,https://www.applitrack.com/sbcisd/onlineapp,https://www.applitrack.com/sbcisd/onlineapp,US
Secaucus Public Schools,https://www.applitrack.com/sboe/onlineapp,https://www.applitrack.com/sboe/onlineapp,US
South Brunswick Public Schools,https://www.applitrack.com/sbschools/onlineapp,https://www.applitrack.com/sbschools/onlineapp,US
South Bay Union School District,https://www.applitrack.com/sbusd/onlineapp,https://www.applitrack.com/sbusd/onlineapp,US
Scarborough Public Schools,https://www.applitrack.com/scarborough/onlineapp,https://www.applitrack.com/scarborough/onlineapp,US
Scarsdale Public Schools,https://www.applitrack.com/scarsdale/onlineapp,https://www.applitrack.com/scarsdale/onlineapp,US
South Central BOCES,https://www.applitrack.com/scboces/onlineapp,https://www.applitrack.com/scboces/onlineapp,US
South Coast Education Service District,https://www.applitrack.com/scesd/onlineapp,https://www.applitrack.com/scesd/onlineapp,US
Berwyn South School District 100,https://www.applitrack.com/schooldistrict100/onlineapp,https://www.applitrack.com/schooldistrict100/onlineapp,US
Saint Charles Independent School District 858,https://www.applitrack.com/schsdk12/onlineapp,https://www.applitrack.com/schsdk12/onlineapp,US
Schulenburg ISD,https://www.applitrack.com/schulenburg/onlineapp,https://www.applitrack.com/schulenburg/onlineapp,US
Schuylkill Valley School District,https://www.applitrack.com/schuylkill/onlineapp,https://www.applitrack.com/schuylkill/onlineapp,US
Scio Central School District,https://www.applitrack.com/scio/onlineapp,https://www.applitrack.com/scio/onlineapp,US
South Central Kansas Special Education Cooperative,https://www.applitrack.com/scksec/onlineapp,https://www.applitrack.com/scksec/onlineapp,US
Suburban Cook County Online Application Consortium,https://www.applitrack.com/scook/onlineapp,https://www.applitrack.com/scook/onlineapp,US
Southland College Prep Charter School,https://www.applitrack.com/scphs/onlineapp,https://www.applitrack.com/scphs/onlineapp,US
Seymour Community Schools,https://www.applitrack.com/scsc/onlineapp,https://www.applitrack.com/scsc/onlineapp,US
Sheridan County School District #2,https://www.applitrack.com/scsd2/onlineapp,https://www.applitrack.com/scsd2/onlineapp,US
Lemont-Bromberek Combined School District 113A,https://www.applitrack.com/sd113a/onlineapp,https://www.applitrack.com/sd113a/onlineapp,US
Calumet Public School District 132,https://www.applitrack.com/sd132/onlineapp,https://www.applitrack.com/sd132/onlineapp,US
South Holland School District 150,https://www.applitrack.com/sd150/onlineapp,https://www.applitrack.com/sd150/onlineapp,US
Hazel Crest School District 152.5,https://www.applitrack.com/sd1525/onlineapp,https://www.applitrack.com/sd1525/onlineapp,US
Calumet City School District 155,https://www.applitrack.com/sd155/onlineapp,https://www.applitrack.com/sd155/onlineapp,US
Flossmoor School District 161,https://www.applitrack.com/sd161/onlineapp,https://www.applitrack.com/sd161/onlineapp,US
Matteson School District 162,https://www.applitrack.com/sd162/onlineapp,https://www.applitrack.com/sd162/onlineapp,US
Sunnybrook School District 171,https://www.applitrack.com/sd171/onlineapp,https://www.applitrack.com/sd171/onlineapp,US
Jefferson School District 251,https://www.applitrack.com/sd251/onlineapp,https://www.applitrack.com/sd251/onlineapp,US
Schiller Park School District 81,https://www.applitrack.com/sd81/onlineapp,https://www.applitrack.com/sd81/onlineapp,US
Bellwood School District #88,https://www.applitrack.com/sd88/onlineapp,https://www.applitrack.com/sd88/onlineapp,US
Westchester Public Schools 92 1/2,https://www.applitrack.com/sd925/onlineapp,https://www.applitrack.com/sd925/onlineapp,US
Seaford School District,https://www.applitrack.com/seaford/onlineapp,https://www.applitrack.com/seaford/onlineapp,US
Sealy ISD,https://www.applitrack.com/sealyisd/onlineapp,https://www.applitrack.com/sealyisd/onlineapp,US
Archdiocese of Seattle Catholic Schools,https://www.applitrack.com/seattlearch/onlineapp,https://www.applitrack.com/seattlearch/onlineapp,US
School Exec Connect,https://www.applitrack.com/sec/onlineapp,https://www.applitrack.com/sec/onlineapp,US
Sedalia 200 School District,https://www.applitrack.com/sedalia200/onlineapp,https://www.applitrack.com/sedalia200/onlineapp,US
Special Education District of Lake County,https://www.applitrack.com/sedol/onlineapp,https://www.applitrack.com/sedol/onlineapp,US
Southeast Dubois County School Corporation,https://www.applitrack.com/sedubois/onlineapp,https://www.applitrack.com/sedubois/onlineapp,US
Seguin Independent School District,https://www.applitrack.com/seguinisd/onlineapp,https://www.applitrack.com/seguinisd/onlineapp,US
City of Seguin,https://www.applitrack.com/seguintexas/onlineapp,https://www.applitrack.com/seguintexas/onlineapp,US
South Euclid-Lyndhurst School District,https://www.applitrack.com/sel/onlineapp,https://www.applitrack.com/sel/onlineapp,US
South Eastern School District,https://www.applitrack.com/sesd/onlineapp,https://www.applitrack.com/sesd/onlineapp,US
Seymour Public Schools,https://www.applitrack.com/seymourschools/onlineapp,https://www.applitrack.com/seymourschools/onlineapp,US
San Felipe Del Rio CISD,https://www.applitrack.com/sfdr/onlineapp,https://www.applitrack.com/sfdr/onlineapp,US
Shakopee School District,https://www.applitrack.com/shakopee/onlineapp,https://www.applitrack.com/shakopee/onlineapp,US
Shawano School District,https://www.applitrack.com/shawanoschools/onlineapp,https://www.applitrack.com/shawanoschools/onlineapp,US
Sheffield-Sheffield Lake CSD,https://www.applitrack.com/sheffieldlake/onlineapp,https://www.applitrack.com/sheffieldlake/onlineapp,US
Sheldon ISD,https://www.applitrack.com/sheldonisd/onlineapp,https://www.applitrack.com/sheldonisd/onlineapp,US
Shelley Joint School District 60,https://www.applitrack.com/shelleyschools/onlineapp,https://www.applitrack.com/shelleyschools/onlineapp,US
Shelton Public Schools,https://www.applitrack.com/shelton/onlineapp,https://www.applitrack.com/shelton/onlineapp,US
Shenandoah Community School District,https://www.applitrack.com/shencsd/onlineapp,https://www.applitrack.com/shencsd/onlineapp,US
Sheridan County School District 1,https://www.applitrack.com/sheridanwy/onlineapp,https://www.applitrack.com/sheridanwy/onlineapp,US
Sherman Independent School District,https://www.applitrack.com/shermanisd/onlineapp,https://www.applitrack.com/shermanisd/onlineapp,US
Sherrard CUSD #200,https://www.applitrack.com/sherrard/onlineapp,https://www.applitrack.com/sherrard/onlineapp,US
Shippensburg Area School District,https://www.applitrack.com/ship/onlineapp,https://www.applitrack.com/ship/onlineapp,US
Show Low Unified School District,https://www.applitrack.com/showlow/onlineapp,https://www.applitrack.com/showlow/onlineapp,US
South Hunterdon Regional School District,https://www.applitrack.com/shrsd/onlineapp,https://www.applitrack.com/shrsd/onlineapp,US
Somerset Hills School District,https://www.applitrack.com/shsd/onlineapp,https://www.applitrack.com/shsd/onlineapp,US
Sibley East Public Schools,https://www.applitrack.com/sibleyeast/onlineapp,https://www.applitrack.com/sibleyeast/onlineapp,US
Sidney Central School District,https://www.applitrack.com/sidney/onlineapp,https://www.applitrack.com/sidney/onlineapp,US
Siletz Valley School,https://www.applitrack.com/siletzschools/onlineapp,https://www.applitrack.com/siletzschools/onlineapp,US
Silver Creek School Corporation,https://www.applitrack.com/silvercreeksc/onlineapp,https://www.applitrack.com/silvercreeksc/onlineapp,US
Simsbury Public Schools,https://www.applitrack.com/simsbury/onlineapp,https://www.applitrack.com/simsbury/onlineapp,US
Saginaw Area Consortium,https://www.applitrack.com/sisdcc/onlineapp,https://www.applitrack.com/sisdcc/onlineapp,US
San Juan School District,https://www.applitrack.com/sjsd/onlineapp,https://www.applitrack.com/sjsd/onlineapp,US
Southern Lehigh School District,https://www.applitrack.com/slsd/onlineapp,https://www.applitrack.com/slsd/onlineapp,US
Santa Maria Joint Union High School District,https://www.applitrack.com/smjuhsd/onlineapp,https://www.applitrack.com/smjuhsd/onlineapp,US
Shawnee Mission School District,https://www.applitrack.com/smsd/onlineapp,https://www.applitrack.com/smsd/onlineapp,US
Saddle Mountain Unified School District 90,https://www.applitrack.com/smusd90/onlineapp,https://www.applitrack.com/smusd90/onlineapp,US
Smyth County School District,https://www.applitrack.com/smythcounty/onlineapp,https://www.applitrack.com/smythcounty/onlineapp,US
Snohomish School District,https://www.applitrack.com/snohomish/onlineapp,https://www.applitrack.com/snohomish/onlineapp,US
Spencer-Owen Community Schools,https://www.applitrack.com/socs/onlineapp,https://www.applitrack.com/socs/onlineapp,US
Southern Oregon Education Service District,https://www.applitrack.com/soesd/onlineapp,https://www.applitrack.com/soesd/onlineapp,US
Solanco School District,https://www.applitrack.com/solanco/onlineapp,https://www.applitrack.com/solanco/onlineapp,US
Solon City School District,https://www.applitrack.com/solon/onlineapp,https://www.applitrack.com/solon/onlineapp,US
Somers Public Schools,https://www.applitrack.com/somers/onlineapp,https://www.applitrack.com/somers/onlineapp,US
Somerville Public School District,https://www.applitrack.com/somervillenjk12/onlineapp,https://www.applitrack.com/somervillenjk12/onlineapp,US
South Orange - Maplewood Public Schools,https://www.applitrack.com/somsd/onlineapp,https://www.applitrack.com/somsd/onlineapp,US
Southampton County Schools,https://www.applitrack.com/southampton/onlineapp,https://www.applitrack.com/southampton/onlineapp,US
South Beloit CUSD,https://www.applitrack.com/southbeloit/onlineapp,https://www.applitrack.com/southbeloit/onlineapp,US
Southeast Polk Community School District,https://www.applitrack.com/southeastpolk/onlineapp,https://www.applitrack.com/southeastpolk/onlineapp,US
Southington Public Schools,https://www.applitrack.com/southingtonschools/onlineapp,https://www.applitrack.com/southingtonschools/onlineapp,US
South Middleton School District,https://www.applitrack.com/southmiddleton/onlineapp,https://www.applitrack.com/southmiddleton/onlineapp,US
South Montgomery Community School Corporation,https://www.applitrack.com/southmontschools/onlineapp,https://www.applitrack.com/southmontschools/onlineapp,US
South Redford School District,https://www.applitrack.com/southredford/onlineapp,https://www.applitrack.com/southredford/onlineapp,US
South Routt School District RE-3,https://www.applitrack.com/southroutt/onlineapp,https://www.applitrack.com/southroutt/onlineapp,US
South Windsor Public Schools,https://www.applitrack.com/southwindsor/onlineapp,https://www.applitrack.com/southwindsor/onlineapp,US
South Washington County Schools,https://www.applitrack.com/sowashco/onlineapp,https://www.applitrack.com/sowashco/onlineapp,US
Southern Will County Cooperative for Special Education,https://www.applitrack.com/sowic/onlineapp,https://www.applitrack.com/sowic/onlineapp,US
Sparta Township Public Schools,https://www.applitrack.com/sparta/onlineapp,https://www.applitrack.com/sparta/onlineapp,US
Sparta Community Unit School District 140,https://www.applitrack.com/spartak12il/onlineapp,https://www.applitrack.com/spartak12il/onlineapp,US
Spectrum High School,https://www.applitrack.com/spectrumhighschool/onlineapp,https://www.applitrack.com/spectrumhighschool/onlineapp,US
SPEED S.E.J.A. #802,https://www.applitrack.com/speed/onlineapp,https://www.applitrack.com/speed/onlineapp,US
Spencer Community School District,https://www.applitrack.com/spencer/onlineapp,https://www.applitrack.com/spencer/onlineapp,US
Spencerport Central School District,https://www.applitrack.com/spencerportschools/onlineapp,https://www.applitrack.com/spencerportschools/onlineapp,US
Scotch Plains - Fanwood Public Schools,https://www.applitrack.com/spfk12/onlineapp,https://www.applitrack.com/spfk12/onlineapp,US
Prairie Spirit School Division No. 206,https://www.applitrack.com/spiritsd/onlineapp,https://www.applitrack.com/spiritsd/onlineapp,CA
Splendora Independent School District,https://www.applitrack.com/splendoraisd/onlineapp,https://www.applitrack.com/splendoraisd/onlineapp,US
Spotswood New Jersey Public Schools,https://www.applitrack.com/spotswood/onlineapp,https://www.applitrack.com/spotswood/onlineapp,US
"Springfield, New Jersey Public Schools",https://www.applitrack.com/springfield/onlineapp,https://www.applitrack.com/springfield/onlineapp,US
Springfield City Schools,https://www.applitrack.com/springfieldcity/onlineapp,https://www.applitrack.com/springfieldcity/onlineapp,US
Spring-Ford Area School District,https://www.applitrack.com/springford/onlineapp,https://www.applitrack.com/springford/onlineapp,US
Spring Lake Public Schools,https://www.applitrack.com/springlake/onlineapp,https://www.applitrack.com/springlake/onlineapp,US
SAU 39,https://www.applitrack.com/sprise/onlineapp,https://www.applitrack.com/sprise/onlineapp,US
South Portland School Department,https://www.applitrack.com/spsdme/onlineapp,https://www.applitrack.com/spsdme/onlineapp,US
Sikeston R-6 School District,https://www.applitrack.com/spsr6/onlineapp,https://www.applitrack.com/spsr6/onlineapp,US
Sparta R-III School District,https://www.applitrack.com/sr3sd/onlineapp,https://www.applitrack.com/sr3sd/onlineapp,US
San Rafael City School District,https://www.applitrack.com/srcs/onlineapp,https://www.applitrack.com/srcs/onlineapp,US
South River School District,https://www.applitrack.com/srivernj/onlineapp,https://www.applitrack.com/srivernj/onlineapp,US
Southeast Application Consortium,https://www.applitrack.com/sscschools/onlineapp,https://www.applitrack.com/sscschools/onlineapp,US
South Spencer County School Corporation,https://www.applitrack.com/sspencerk12in/onlineapp,https://www.applitrack.com/sspencerk12in/onlineapp,US
South St. Paul Public Schools,https://www.applitrack.com/sspps/onlineapp,https://www.applitrack.com/sspps/onlineapp,US
Steamboat Springs School District RE-2,https://www.applitrack.com/sssd/onlineapp,https://www.applitrack.com/sssd/onlineapp,US
Stafford Municipal School District,https://www.applitrack.com/staffordmsd/onlineapp,https://www.applitrack.com/staffordmsd/onlineapp,US
Standard School District,https://www.applitrack.com/standardschools/onlineapp,https://www.applitrack.com/standardschools/onlineapp,US
St. Anthony-New Brighton Schools,https://www.applitrack.com/stanthony/onlineapp,https://www.applitrack.com/stanthony/onlineapp,US
Stanton Independent School District,https://www.applitrack.com/stanton/onlineapp,https://www.applitrack.com/stanton/onlineapp,US
St. Charles Parish Public Schools,https://www.applitrack.com/stcharles/onlineapp,https://www.applitrack.com/stcharles/onlineapp,US
City of St. Charles School District,https://www.applitrack.com/stcharlesmo/onlineapp,https://www.applitrack.com/stcharlesmo/onlineapp,US
The St. Clair County Application Consortium,https://www.applitrack.com/stclair/onlineapp,https://www.applitrack.com/stclair/onlineapp,US
St. Clair R-XIII School District,https://www.applitrack.com/stclairmo/onlineapp,https://www.applitrack.com/stclairmo/onlineapp,US
St. Croix Preparatory Academy,https://www.applitrack.com/stcroixprep/onlineapp,https://www.applitrack.com/stcroixprep/onlineapp,US
Steilacoom Historical School District,https://www.applitrack.com/steilacoom/onlineapp,https://www.applitrack.com/steilacoom/onlineapp,US
Sterling High School District,https://www.applitrack.com/sterlingk12/onlineapp,https://www.applitrack.com/sterlingk12/onlineapp,US
Sterling Park District,https://www.applitrack.com/sterlingparks/onlineapp,https://www.applitrack.com/sterlingparks/onlineapp,US
Independent School District 15,https://www.applitrack.com/stfrancis/onlineapp,https://www.applitrack.com/stfrancis/onlineapp,US
Stillwater Area Public Schools,https://www.applitrack.com/stillwater/onlineapp,https://www.applitrack.com/stillwater/onlineapp,US
St. Johns County School District,https://www.applitrack.com/stjohns/onlineapp,https://www.applitrack.com/stjohns/onlineapp,US
St. Joseph School District,https://www.applitrack.com/stjoseph/onlineapp,https://www.applitrack.com/stjoseph/onlineapp,US
St Laurence High School,https://www.applitrack.com/stlaurence/onlineapp,https://www.applitrack.com/stlaurence/onlineapp,US
St. Mary Parish Schools,https://www.applitrack.com/stmaryk12/onlineapp,https://www.applitrack.com/stmaryk12/onlineapp,US
Stonington Public Schools,https://www.applitrack.com/stonington/onlineapp,https://www.applitrack.com/stonington/onlineapp,US
Storm Lake Community School District,https://www.applitrack.com/stormlakek12/onlineapp,https://www.applitrack.com/stormlakek12/onlineapp,US
Streamwood Park District,https://www.applitrack.com/streamwood/onlineapp,https://www.applitrack.com/streamwood/onlineapp,US
St. Vrain Valley School District,https://www.applitrack.com/stvrain/onlineapp,https://www.applitrack.com/stvrain/onlineapp,US
Suffield Public Schools,https://www.applitrack.com/suffield/onlineapp,https://www.applitrack.com/suffield/onlineapp,US
Summerfield Schools,https://www.applitrack.com/summerfield/onlineapp,https://www.applitrack.com/summerfield/onlineapp,US
Summit Public Schools,https://www.applitrack.com/summit/onlineapp,https://www.applitrack.com/summit/onlineapp,US
Summit Hill School District 161,https://www.applitrack.com/summithill/onlineapp,https://www.applitrack.com/summithill/onlineapp,US
Sumter County Schools,https://www.applitrack.com/sumtercounty/onlineapp,https://www.applitrack.com/sumtercounty/onlineapp,US
Sumter School District,https://www.applitrack.com/sumterschools/onlineapp,https://www.applitrack.com/sumterschools/onlineapp,US
Sunnyvale Independent School District,https://www.applitrack.com/sunnyvaleisd/onlineapp,https://www.applitrack.com/sunnyvaleisd/onlineapp,US
Sun Prairie Area School District,https://www.applitrack.com/sunprairieschools/onlineapp,https://www.applitrack.com/sunprairieschools/onlineapp,US
Sun West School Division,https://www.applitrack.com/sunwestsd/onlineapp,https://www.applitrack.com/sunwestsd/onlineapp,CA
Sunnyside Unified School District,https://www.applitrack.com/susd12/onlineapp,https://www.applitrack.com/susd12/onlineapp,US
Suwannee County Schools,https://www.applitrack.com/suwannee/onlineapp,https://www.applitrack.com/suwannee/onlineapp,US
South Vermillion Community School Corporation,https://www.applitrack.com/svcsk12in/onlineapp,https://www.applitrack.com/svcsk12in/onlineapp,US
Snoqualmie Valley School District 410,https://www.applitrack.com/svsd/onlineapp,https://www.applitrack.com/svsd/onlineapp,US
Sierra Vista Unified School District,https://www.applitrack.com/svusd/onlineapp,https://www.applitrack.com/svusd/onlineapp,US
Southwest Cook County Cooperative Association for Special Education,https://www.applitrack.com/swcccase/onlineapp,https://www.applitrack.com/swcccase/onlineapp,US
Sweetwater County School District 2,https://www.applitrack.com/swcsd2/onlineapp,https://www.applitrack.com/swcsd2/onlineapp,US
The Southwest DuPage School Recruitment Consortium,https://www.applitrack.com/swdp/onlineapp,https://www.applitrack.com/swdp/onlineapp,US
Southwest Dubois County School Corporation,https://www.applitrack.com/swdubois/onlineapp,https://www.applitrack.com/swdubois/onlineapp,US
Sweetwater County School District #1,https://www.applitrack.com/sweetwater/onlineapp,https://www.applitrack.com/sweetwater/onlineapp,US
Sweetwater Independent School District,https://www.applitrack.com/sweetwaterisd/onlineapp,https://www.applitrack.com/sweetwaterisd/onlineapp,US
Southwest ISD,https://www.applitrack.com/swisd/onlineapp,https://www.applitrack.com/swisd/onlineapp,US
Sussex-Wantage Regional School District,https://www.applitrack.com/swregional/onlineapp,https://www.applitrack.com/swregional/onlineapp,US
Southwest West Central Service Cooperative,https://www.applitrack.com/swsc/onlineapp,https://www.applitrack.com/swsc/onlineapp,US
Southern York County School District,https://www.applitrack.com/syck12/onlineapp,https://www.applitrack.com/syck12/onlineapp,US
Tangipahoa Parish School System,https://www.applitrack.com/tangischools/onlineapp,https://www.applitrack.com/tangischools/onlineapp,US
Tanque Verde Unified School District,https://www.applitrack.com/tanqueverdeschools/onlineapp,https://www.applitrack.com/tanqueverdeschools/onlineapp,US
Taylor Independent School District,https://www.applitrack.com/taylorisd/onlineapp,https://www.applitrack.com/taylorisd/onlineapp,US
Franklinville Central School District,https://www.applitrack.com/tbafcs/onlineapp,https://www.applitrack.com/tbafcs/onlineapp,US
The Classical Academy,https://www.applitrack.com/tcad20/onlineapp,https://www.applitrack.com/tcad20/onlineapp,US
Thomas County School District,https://www.applitrack.com/tcjackets/onlineapp,https://www.applitrack.com/tcjackets/onlineapp,US
Teton County School District #1,https://www.applitrack.com/tcsd/onlineapp,https://www.applitrack.com/tcsd/onlineapp,US
Tri-County Special Education Joint Agreement,https://www.applitrack.com/tcse/onlineapp,https://www.applitrack.com/tcse/onlineapp,US
TRECA Digital Academy,https://www.applitrack.com/tdaonline/onlineapp,https://www.applitrack.com/tdaonline/onlineapp,US
Teaneck Public Schools,https://www.applitrack.com/teaneck/onlineapp,https://www.applitrack.com/teaneck/onlineapp,US
RYSS Texas Public Schools,https://www.applitrack.com/tejanocenter/onlineapp,https://www.applitrack.com/tejanocenter/onlineapp,US
Telluride School District R-1,https://www.applitrack.com/tellurideschool/onlineapp,https://www.applitrack.com/tellurideschool/onlineapp,US
Tempe Union High School District 213,https://www.applitrack.com/tempe/onlineapp,https://www.applitrack.com/tempe/onlineapp,US
Tenafly School District,https://www.applitrack.com/tenafly/onlineapp,https://www.applitrack.com/tenafly/onlineapp,US
Terrell Independent School District,https://www.applitrack.com/terrellisd/onlineapp,https://www.applitrack.com/terrellisd/onlineapp,US
Three Forks High School District,https://www.applitrack.com/tfschools/onlineapp,https://www.applitrack.com/tfschools/onlineapp,US
Thatcher Unified School District #4,https://www.applitrack.com/thatcherud/onlineapp,https://www.applitrack.com/thatcherud/onlineapp,US
The Shore Center / Bayshore Jointure Commission,https://www.applitrack.com/theshorecenter/onlineapp,https://www.applitrack.com/theshorecenter/onlineapp,US
Thompson School District R2-J,https://www.applitrack.com/thompson/onlineapp,https://www.applitrack.com/thompson/onlineapp,US
Hollidaysburg Area School District,https://www.applitrack.com/tigerwires/onlineapp,https://www.applitrack.com/tigerwires/onlineapp,US
SAU 106 Timberlane Regional School District,https://www.applitrack.com/timberlane/onlineapp,https://www.applitrack.com/timberlane/onlineapp,US
Tipton Community School District,https://www.applitrack.com/tipton/onlineapp,https://www.applitrack.com/tipton/onlineapp,US
Tuscarora Intermediate Unit 11,https://www.applitrack.com/tiu11/onlineapp,https://www.applitrack.com/tiu11/onlineapp,US
Tolland Public Schools,https://www.applitrack.com/tolland/onlineapp,https://www.applitrack.com/tolland/onlineapp,US
Tonganoxie USD 464,https://www.applitrack.com/tong464/onlineapp,https://www.applitrack.com/tong464/onlineapp,US
Tooele County School District,https://www.applitrack.com/tooele/onlineapp,https://www.applitrack.com/tooele/onlineapp,US
Torrington Public School District,https://www.applitrack.com/torrington/onlineapp,https://www.applitrack.com/torrington/onlineapp,US
Town of Scarborough,https://www.applitrack.com/townofscarborough/onlineapp,https://www.applitrack.com/townofscarborough/onlineapp,US
Trenton Public Schools,https://www.applitrack.com/trenton/onlineapp,https://www.applitrack.com/trenton/onlineapp,US
Thief River Falls SD 564,https://www.applitrack.com/trfk12/onlineapp,https://www.applitrack.com/trfk12/onlineapp,US
Triad Community Unit School District #2,https://www.applitrack.com/triad/onlineapp,https://www.applitrack.com/triad/onlineapp,US
Tri-Creek School Corporation,https://www.applitrack.com/tricreek/onlineapp,https://www.applitrack.com/tricreek/onlineapp,US
Triton Community School Corporation,https://www.applitrack.com/triton/onlineapp,https://www.applitrack.com/triton/onlineapp,US
Tri-Town School Union,https://www.applitrack.com/tritownschoolunion/onlineapp,https://www.applitrack.com/tritownschoolunion/onlineapp,US
Troy School District,https://www.applitrack.com/troy/onlineapp,https://www.applitrack.com/troy/onlineapp,US
Troy School District 30-C,https://www.applitrack.com/troy30c/onlineapp,https://www.applitrack.com/troy30c/onlineapp,US
Toms River Regional Schools,https://www.applitrack.com/trschools/onlineapp,https://www.applitrack.com/trschools/onlineapp,US
Trumbull Public Schools,https://www.applitrack.com/trumbull/onlineapp,https://www.applitrack.com/trumbull/onlineapp,US
Trumbull County Educational Service Center,https://www.applitrack.com/trumbullcoesc/onlineapp,https://www.applitrack.com/trumbullcoesc/onlineapp,US
Teton School District,https://www.applitrack.com/tsd401/onlineapp,https://www.applitrack.com/tsd401/onlineapp,US
Thornton Township High School District 205,https://www.applitrack.com/tthsd205/onlineapp,https://www.applitrack.com/tthsd205/onlineapp,US
Tolleson Union High School District # 214,https://www.applitrack.com/tuhsd/onlineapp,https://www.applitrack.com/tuhsd/onlineapp,US
Tulsa Technology Center,https://www.applitrack.com/tulsatech/onlineapp,https://www.applitrack.com/tulsatech/onlineapp,US
Tunica County School District,https://www.applitrack.com/tunica/onlineapp,https://www.applitrack.com/tunica/onlineapp,US
Turner Unified School District 202,https://www.applitrack.com/turnerusd202/onlineapp,https://www.applitrack.com/turnerusd202/onlineapp,US
Twin Cities International Schools,https://www.applitrack.com/twincitiesinternationalschool/onlineapp,https://www.applitrack.com/twincitiesinternationalschool/onlineapp,US
Twinsburg City School District,https://www.applitrack.com/twinsburg/onlineapp,https://www.applitrack.com/twinsburg/onlineapp,US
Township of Union Public Schools,https://www.applitrack.com/twpunionschools/onlineapp,https://www.applitrack.com/twpunionschools/onlineapp,US
Illinois School District U-46,https://www.applitrack.com/u46/onlineapp,https://www.applitrack.com/u46/onlineapp,US
University Academy Charter High School District,https://www.applitrack.com/uachs/onlineapp,https://www.applitrack.com/uachs/onlineapp,US
Upper Arlington Schools,https://www.applitrack.com/uaschools/onlineapp,https://www.applitrack.com/uaschools/onlineapp,US
Union County Educational Services Commission,https://www.applitrack.com/ucesc/onlineapp,https://www.applitrack.com/ucesc/onlineapp,US
Union County Public Schools,https://www.applitrack.com/ucps/onlineapp,https://www.applitrack.com/ucps/onlineapp,US
Union County Vocational-Technical Schools,https://www.applitrack.com/ucvts/onlineapp,https://www.applitrack.com/ucvts/onlineapp,US
Union Elementary School District (AZ),https://www.applitrack.com/uesd/onlineapp,https://www.applitrack.com/uesd/onlineapp,US
Upper Freehold Regional School District,https://www.applitrack.com/ufrsd/onlineapp,https://www.applitrack.com/ufrsd/onlineapp,US
Uinta County School District Number One,https://www.applitrack.com/uinta/onlineapp,https://www.applitrack.com/uinta/onlineapp,US
Uintah School District,https://www.applitrack.com/uintah/onlineapp,https://www.applitrack.com/uintah/onlineapp,US
Upper Moreland Township School District,https://www.applitrack.com/umtsd/onlineapp,https://www.applitrack.com/umtsd/onlineapp,US
Union Academy,https://www.applitrack.com/unionacademy/onlineapp,https://www.applitrack.com/unionacademy/onlineapp,US
Union Colony Schools,https://www.applitrack.com/unioncolonyschools/onlineapp,https://www.applitrack.com/unioncolonyschools/onlineapp,US
Union Township School Corporation,https://www.applitrack.com/uniontownship/onlineapp,https://www.applitrack.com/uniontownship/onlineapp,US
McLean County Unit District No. 5,https://www.applitrack.com/unit5/onlineapp,https://www.applitrack.com/unit5/onlineapp,US
United Community School District,https://www.applitrack.com/unitedcomets/onlineapp,https://www.applitrack.com/unitedcomets/onlineapp,US
University Schools,https://www.applitrack.com/universityschools/onlineapp,https://www.applitrack.com/universityschools/onlineapp,US
Union - North United School Corporation,https://www.applitrack.com/unorth/onlineapp,https://www.applitrack.com/unorth/onlineapp,US
Uplift Education,https://www.applitrack.com/uplifteducation/onlineapp,https://www.applitrack.com/uplifteducation/onlineapp,US
Upper Adams School District,https://www.applitrack.com/upperadams/onlineapp,https://www.applitrack.com/upperadams/onlineapp,US
City of Urbana & The Urbana Free Library,https://www.applitrack.com/urbanaillinois/onlineapp,https://www.applitrack.com/urbanaillinois/onlineapp,US
Urbana Park District,https://www.applitrack.com/urbanaparks/onlineapp,https://www.applitrack.com/urbanaparks/onlineapp,US
Unionville-Sebewaing Area School District,https://www.applitrack.com/usasd/onlineapp,https://www.applitrack.com/usasd/onlineapp,US
Ulysses USD 214,https://www.applitrack.com/usd214/onlineapp,https://www.applitrack.com/usd214/onlineapp,US
Spring Hill Unified School District 230,https://www.applitrack.com/usd230/onlineapp,https://www.applitrack.com/usd230/onlineapp,US
Unified School District No. 232,https://www.applitrack.com/usd232/onlineapp,https://www.applitrack.com/usd232/onlineapp,US
Renwick Unified School District 267,https://www.applitrack.com/usd267/onlineapp,https://www.applitrack.com/usd267/onlineapp,US
USD 305 Salina Public Schools,https://www.applitrack.com/usd305/onlineapp,https://www.applitrack.com/usd305/onlineapp,US
Hutchinson USD #308,https://www.applitrack.com/usd308/onlineapp,https://www.applitrack.com/usd308/onlineapp,US
Rose Hill USD 394,https://www.applitrack.com/usd394/onlineapp,https://www.applitrack.com/usd394/onlineapp,US
Lyons USD 405,https://www.applitrack.com/usd405/onlineapp,https://www.applitrack.com/usd405/onlineapp,US
Morris County USD 417,https://www.applitrack.com/usd417/onlineapp,https://www.applitrack.com/usd417/onlineapp,US
Great Bend Unified School District 428,https://www.applitrack.com/usd428/onlineapp,https://www.applitrack.com/usd428/onlineapp,US
Dodge City Unified School District 443,https://www.applitrack.com/usd443/onlineapp,https://www.applitrack.com/usd443/onlineapp,US
Arkansas City Public Schools USD 470,https://www.applitrack.com/usd470/onlineapp,https://www.applitrack.com/usd470/onlineapp,US
Geary County USD 475,https://www.applitrack.com/usd475/onlineapp,https://www.applitrack.com/usd475/onlineapp,US
United Twp High Sch Dist 30,https://www.applitrack.com/uths/onlineapp,https://www.applitrack.com/uths/onlineapp,US
Union Township School District,https://www.applitrack.com/utsd/onlineapp,https://www.applitrack.com/utsd/onlineapp,US
Valdez City Schools,https://www.applitrack.com/valdezcityschools/onlineapp,https://www.applitrack.com/valdezcityschools/onlineapp,US
Vallivue School District,https://www.applitrack.com/vallivue/onlineapp,https://www.applitrack.com/vallivue/onlineapp,US
Valparaiso Community School District,https://www.applitrack.com/valpo/onlineapp,https://www.applitrack.com/valpo/onlineapp,US
Vassar Public Schools,https://www.applitrack.com/vassar/onlineapp,https://www.applitrack.com/vassar/onlineapp,US
Van Buren Area Online Application Consortium,https://www.applitrack.com/vbc/onlineapp,https://www.applitrack.com/vbc/onlineapp,US
Vermilion Local Schools,https://www.applitrack.com/vermilion/onlineapp,https://www.applitrack.com/vermilion/onlineapp,US
Vernon Public Schools,https://www.applitrack.com/vernon/onlineapp,https://www.applitrack.com/vernon/onlineapp,US
Town of Vernon,https://www.applitrack.com/vernonct/onlineapp,https://www.applitrack.com/vernonct/onlineapp,US
Valley Forge Educational Services,https://www.applitrack.com/vfes/onlineapp,https://www.applitrack.com/vfes/onlineapp,US
Victor Central School District,https://www.applitrack.com/victorschools/onlineapp,https://www.applitrack.com/victorschools/onlineapp,US
Vineland School District,https://www.applitrack.com/vineland/onlineapp,https://www.applitrack.com/vineland/onlineapp,US
Virtual Virginia,https://www.applitrack.com/virtualvirginia/onlineapp,https://www.applitrack.com/virtualvirginia/onlineapp,US
Rock Ridge Public Schools,https://www.applitrack.com/vmps/onlineapp,https://www.applitrack.com/vmps/onlineapp,US
Voorhees Township School District,https://www.applitrack.com/voorhees/onlineapp,https://www.applitrack.com/voorhees/onlineapp,US
Vermilion Parish Schools,https://www.applitrack.com/vrml/onlineapp,https://www.applitrack.com/vrml/onlineapp,US
Vinton-Shellsburg Community School District,https://www.applitrack.com/vscsd/onlineapp,https://www.applitrack.com/vscsd/onlineapp,US
Vernon Township School District,https://www.applitrack.com/vtsd/onlineapp,https://www.applitrack.com/vtsd/onlineapp,US
Valley Unified Education Service Center,https://www.applitrack.com/vuesc/onlineapp,https://www.applitrack.com/vuesc/onlineapp,US
Wabash Valley Online Application Consortium,https://www.applitrack.com/wabash/onlineapp,https://www.applitrack.com/wabash/onlineapp,US
Waco ISD,https://www.applitrack.com/wacoisd/onlineapp,https://www.applitrack.com/wacoisd/onlineapp,US
Waconia Public Schools,https://www.applitrack.com/waconia/onlineapp,https://www.applitrack.com/waconia/onlineapp,US
Wadsworth City Schools,https://www.applitrack.com/wadsworth/onlineapp,https://www.applitrack.com/wadsworth/onlineapp,US
Wall Township Public Schools,https://www.applitrack.com/wall/onlineapp,https://www.applitrack.com/wall/onlineapp,US
Wallingford Public Schools,https://www.applitrack.com/wallingford/onlineapp,https://www.applitrack.com/wallingford/onlineapp,US
Wanaque Borough Public Schools,https://www.applitrack.com/wanaque/onlineapp,https://www.applitrack.com/wanaque/onlineapp,US
"Warren County Public Schools, KY",https://www.applitrack.com/warren/onlineapp,https://www.applitrack.com/warren/onlineapp,US
Warren County R-III Schools,https://www.applitrack.com/warrencor3/onlineapp,https://www.applitrack.com/warrencor3/onlineapp,US
Warren County Consortium,https://www.applitrack.com/warrencounty/onlineapp,https://www.applitrack.com/warrencounty/onlineapp,US
Warren Hills Regional School District,https://www.applitrack.com/warrenhills/onlineapp,https://www.applitrack.com/warrenhills/onlineapp,US
Warrensburg R-VI School District,https://www.applitrack.com/warrensburg/onlineapp,https://www.applitrack.com/warrensburg/onlineapp,US
Warren City Schools,https://www.applitrack.com/warrenschools/onlineapp,https://www.applitrack.com/warrenschools/onlineapp,US
Warrensville Heights City Schools,https://www.applitrack.com/warrensville/onlineapp,https://www.applitrack.com/warrensville/onlineapp,US
Warren Township Schools,https://www.applitrack.com/warrentboe/onlineapp,https://www.applitrack.com/warrentboe/onlineapp,US
Metropolitan School District of Warren Township,https://www.applitrack.com/warrentmsd/onlineapp,https://www.applitrack.com/warrentmsd/onlineapp,US
Waynesboro Area School District,https://www.applitrack.com/wasd/onlineapp,https://www.applitrack.com/wasd/onlineapp,US
Waseca ISD #829,https://www.applitrack.com/waseca/onlineapp,https://www.applitrack.com/waseca/onlineapp,US
Washakie Co School District 1,https://www.applitrack.com/washakie1/onlineapp,https://www.applitrack.com/washakie1/onlineapp,US
Washington County School District,https://www.applitrack.com/washingtonco/onlineapp,https://www.applitrack.com/washingtonco/onlineapp,US
Washington County School District,https://www.applitrack.com/washk12/onlineapp,https://www.applitrack.com/washk12/onlineapp,US
Washington Township School District,https://www.applitrack.com/washtwpsd/onlineapp,https://www.applitrack.com/washtwpsd/onlineapp,US
Watchung Borough School District,https://www.applitrack.com/watchungschools/onlineapp,https://www.applitrack.com/watchungschools/onlineapp,US
Waterbury Public Schools,https://www.applitrack.com/waterbury/onlineapp,https://www.applitrack.com/waterbury/onlineapp,US
Watertown Public Schools,https://www.applitrack.com/watertown/onlineapp,https://www.applitrack.com/watertown/onlineapp,US
Watertown-Mayer Public Schools,https://www.applitrack.com/watertownmayer/onlineapp,https://www.applitrack.com/watertownmayer/onlineapp,US
Waukegan Community Unit District 60,https://www.applitrack.com/waukeganschools/onlineapp,https://www.applitrack.com/waukeganschools/onlineapp,US
Wayne County Schools Consortium,https://www.applitrack.com/wayne/onlineapp,https://www.applitrack.com/wayne/onlineapp,US
Wayne County Public Schools,https://www.applitrack.com/waynecountyschools/onlineapp,https://www.applitrack.com/waynecountyschools/onlineapp,US
Wayne Central School District,https://www.applitrack.com/waynecsd/onlineapp,https://www.applitrack.com/waynecsd/onlineapp,US
Wayne Township Public Schools,https://www.applitrack.com/wayneschools/onlineapp,https://www.applitrack.com/wayneschools/onlineapp,US
Waynesville R-VI School District,https://www.applitrack.com/waynesville/onlineapp,https://www.applitrack.com/waynesville/onlineapp,US
Centric Learning,https://www.applitrack.com/wayprogram/onlineapp,https://www.applitrack.com/wayprogram/onlineapp,US
Wayzata Public Schools ISD 284,https://www.applitrack.com/wayzata/onlineapp,https://www.applitrack.com/wayzata/onlineapp,US
West Burlington Independent School District,https://www.applitrack.com/wbschools/onlineapp,https://www.applitrack.com/wbschools/onlineapp,US
Washington County Public Schools,https://www.applitrack.com/wcps/onlineapp,https://www.applitrack.com/wcps/onlineapp,US
Westerville City School District,https://www.applitrack.com/wcsoh/onlineapp,https://www.applitrack.com/wcsoh/onlineapp,US
West Central Valley CSD,https://www.applitrack.com/wcvcsd/onlineapp,https://www.applitrack.com/wcvcsd/onlineapp,US
Wood Dale School District #7,https://www.applitrack.com/wd7/onlineapp,https://www.applitrack.com/wd7/onlineapp,US
Western Dubuque Community Schools,https://www.applitrack.com/wdbqschools/onlineapp,https://www.applitrack.com/wdbqschools/onlineapp,US
Western Boone County Community School Corporation,https://www.applitrack.com/webo/onlineapp,https://www.applitrack.com/webo/onlineapp,US
Webster City Community School District,https://www.applitrack.com/webstercity/onlineapp,https://www.applitrack.com/webstercity/onlineapp,US
Webster Central School District,https://www.applitrack.com/websterschools/onlineapp,https://www.applitrack.com/websterschools/onlineapp,US
West Chicago Elementary School District 33,https://www.applitrack.com/wego33/onlineapp,https://www.applitrack.com/wego33/onlineapp,US
Weld County School District RE-1,https://www.applitrack.com/weldcounty/onlineapp,https://www.applitrack.com/weldcounty/onlineapp,US
Wellington Exempted Village School District,https://www.applitrack.com/wellingtonvillageschools/onlineapp,https://www.applitrack.com/wellingtonvillageschools/onlineapp,US
Waterville-Elysian-Morristown School District,https://www.applitrack.com/wem/onlineapp,https://www.applitrack.com/wem/onlineapp,US
West Bonner County School District,https://www.applitrack.com/westbonner/onlineapp,https://www.applitrack.com/westbonner/onlineapp,US
West Essex Regional School District,https://www.applitrack.com/westex/onlineapp,https://www.applitrack.com/westex/onlineapp,US
West Fargo Public Schools,https://www.applitrack.com/westfargo/onlineapp,https://www.applitrack.com/westfargo/onlineapp,US
West Grand School District,https://www.applitrack.com/westgrand/onlineapp,https://www.applitrack.com/westgrand/onlineapp,US
the Town of West Hartford,https://www.applitrack.com/westhartford/onlineapp,https://www.applitrack.com/westhartford/onlineapp,US
West Irondequoit Central School District,https://www.applitrack.com/westirondequoit/onlineapp,https://www.applitrack.com/westirondequoit/onlineapp,US
Westlake City Schools,https://www.applitrack.com/westlake/onlineapp,https://www.applitrack.com/westlake/onlineapp,US
West Liberty Community School District,https://www.applitrack.com/westlibertycsd/onlineapp,https://www.applitrack.com/westlibertycsd/onlineapp,US
Western Maricopa Education Center,https://www.applitrack.com/westmec/onlineapp,https://www.applitrack.com/westmec/onlineapp,US
Weston Public Schools,https://www.applitrack.com/weston/onlineapp,https://www.applitrack.com/weston/onlineapp,US
Westonka Public Schools,https://www.applitrack.com/westonka/onlineapp,https://www.applitrack.com/westonka/onlineapp,US
West Ottawa Public Schools,https://www.applitrack.com/westottawa/onlineapp,https://www.applitrack.com/westottawa/onlineapp,US
West Point Public Schools,https://www.applitrack.com/westpointschools/onlineapp,https://www.applitrack.com/westpointschools/onlineapp,US
Westport Public Schools,https://www.applitrack.com/westport/onlineapp,https://www.applitrack.com/westport/onlineapp,US
West Feliciana Parish Schools,https://www.applitrack.com/wfpsb/onlineapp,https://www.applitrack.com/wfpsb/onlineapp,US
Wharton Independent School District,https://www.applitrack.com/whartonisd/onlineapp,https://www.applitrack.com/whartonisd/onlineapp,US
Wheatland-Chili Central School District,https://www.applitrack.com/wheatlandchili/onlineapp,https://www.applitrack.com/wheatlandchili/onlineapp,US
White Bear Lake Area Schools #624,https://www.applitrack.com/whitebear/onlineapp,https://www.applitrack.com/whitebear/onlineapp,US
Whitehall-Coplay School District,https://www.applitrack.com/whitehallcoplay/onlineapp,https://www.applitrack.com/whitehallcoplay/onlineapp,US
White Hall School District,https://www.applitrack.com/whitehallsd/onlineapp,https://www.applitrack.com/whitehallsd/onlineapp,US
White River School District 416,https://www.applitrack.com/whiteriver/onlineapp,https://www.applitrack.com/whiteriver/onlineapp,US
Whitfield County Schools,https://www.applitrack.com/whitfield/onlineapp,https://www.applitrack.com/whitfield/onlineapp,US
Whitko Community School Corporation,https://www.applitrack.com/whitko/onlineapp,https://www.applitrack.com/whitko/onlineapp,US
Whitney Independent School District,https://www.applitrack.com/whitney/onlineapp,https://www.applitrack.com/whitney/onlineapp,US
West Hartford Public Schools,https://www.applitrack.com/whps/onlineapp,https://www.applitrack.com/whps/onlineapp,US
Woodland Hills School District,https://www.applitrack.com/whsd/onlineapp,https://www.applitrack.com/whsd/onlineapp,US
Winthrop Harbor School District 1,https://www.applitrack.com/whsd1/onlineapp,https://www.applitrack.com/whsd1/onlineapp,US
Wickliffe City Schools,https://www.applitrack.com/wickliffe/onlineapp,https://www.applitrack.com/wickliffe/onlineapp,US
Willard R-2 School District,https://www.applitrack.com/wico/onlineapp,https://www.applitrack.com/wico/onlineapp,US
Wiggins School Dist Re-50-J,https://www.applitrack.com/wiggins50/onlineapp,https://www.applitrack.com/wiggins50/onlineapp,US
Wilco Area Career Center,https://www.applitrack.com/wilco/onlineapp,https://www.applitrack.com/wilco/onlineapp,US
Wilkinsburg Borough School District,https://www.applitrack.com/wilkinsburgschools/onlineapp,https://www.applitrack.com/wilkinsburgschools/onlineapp,US
Wilkinson County School District,https://www.applitrack.com/wilkinson/onlineapp,https://www.applitrack.com/wilkinson/onlineapp,US
Will County ROE,https://www.applitrack.com/willcounty/onlineapp,https://www.applitrack.com/willcounty/onlineapp,US
Willingboro Township Public Schools,https://www.applitrack.com/willingboro/onlineapp,https://www.applitrack.com/willingboro/onlineapp,US
Williston Basin School District #7,https://www.applitrack.com/willistonschools/onlineapp,https://www.applitrack.com/willistonschools/onlineapp,US
Willow Springs School District 108,https://www.applitrack.com/willowspringsschool/onlineapp,https://www.applitrack.com/willowspringsschool/onlineapp,US
Wilmington Christian Academy,https://www.applitrack.com/wilmingtonchristiank12/onlineapp,https://www.applitrack.com/wilmingtonchristiank12/onlineapp,US
Winchester Public Schools,https://www.applitrack.com/winchesterschools/onlineapp,https://www.applitrack.com/winchesterschools/onlineapp,US
Winchester Thurston School,https://www.applitrack.com/winchesterthurston/onlineapp,https://www.applitrack.com/winchesterthurston/onlineapp,US
Windham Public Schools,https://www.applitrack.com/windham/onlineapp,https://www.applitrack.com/windham/onlineapp,US
Windsor Public Schools,https://www.applitrack.com/windsor/onlineapp,https://www.applitrack.com/windsor/onlineapp,US
Windsor Central School District,https://www.applitrack.com/windsorcsd/onlineapp,https://www.applitrack.com/windsorcsd/onlineapp,US
Windsor Locks Public Schools,https://www.applitrack.com/windsorlocks/onlineapp,https://www.applitrack.com/windsorlocks/onlineapp,US
Wingspan Care Group,https://www.applitrack.com/wingspancg/onlineapp,https://www.applitrack.com/wingspancg/onlineapp,US
Winnetka Public Schools,https://www.applitrack.com/winnetka36/onlineapp,https://www.applitrack.com/winnetka36/onlineapp,US
Winona Area Public Schools,https://www.applitrack.com/winona/onlineapp,https://www.applitrack.com/winona/onlineapp,US
Washington International School,https://www.applitrack.com/wis/onlineapp,https://www.applitrack.com/wis/onlineapp,US
Washtenaw Area Schools Application Consortium,https://www.applitrack.com/wisd/onlineapp,https://www.applitrack.com/wisd/onlineapp,US
Westmoreland Intermediate Unit,https://www.applitrack.com/wiu7/onlineapp,https://www.applitrack.com/wiu7/onlineapp,US
Dedicated School Staffing,https://www.applitrack.com/wixey/onlineapp,https://www.applitrack.com/wixey/onlineapp,US
West Jefferson Hills School District,https://www.applitrack.com/wjhsd/onlineapp,https://www.applitrack.com/wjhsd/onlineapp,US
West Milford Township Board of Education,https://www.applitrack.com/wmtps/onlineapp,https://www.applitrack.com/wmtps/onlineapp,US
West New York School District,https://www.applitrack.com/wnyschools/onlineapp,https://www.applitrack.com/wnyschools/onlineapp,US
West Orange Public Schools,https://www.applitrack.com/woboe/onlineapp,https://www.applitrack.com/woboe/onlineapp,US
West Orange Cove CISD,https://www.applitrack.com/woccisd/onlineapp,https://www.applitrack.com/woccisd/onlineapp,US
Reeds Spring R-IV School District,https://www.applitrack.com/wolves/onlineapp,https://www.applitrack.com/wolves/onlineapp,US
Woodbridge Township School District,https://www.applitrack.com/woodbridge/onlineapp,https://www.applitrack.com/woodbridge/onlineapp,US
Woodland School District 404,https://www.applitrack.com/woodland/onlineapp,https://www.applitrack.com/woodland/onlineapp,US
Woodland Park School District,https://www.applitrack.com/woodlandparkschools/onlineapp,https://www.applitrack.com/woodlandparkschools/onlineapp,US
Woodridge Local School District,https://www.applitrack.com/woodridgelocal/onlineapp,https://www.applitrack.com/woodridgelocal/onlineapp,US
Woodstock Public Schools,https://www.applitrack.com/woodstockschools/onlineapp,https://www.applitrack.com/woodstockschools/onlineapp,US
Wooster City Schools,https://www.applitrack.com/wooster/onlineapp,https://www.applitrack.com/wooster/onlineapp,US
Worthington City Schools,https://www.applitrack.com/worthington/onlineapp,https://www.applitrack.com/worthington/onlineapp,US
Worth County School District,https://www.applitrack.com/worthschools/onlineapp,https://www.applitrack.com/worthschools/onlineapp,US
West Platte County R-II School District,https://www.applitrack.com/wpsd/onlineapp,https://www.applitrack.com/wpsd/onlineapp,US
Woodridge Elementary School District 68,https://www.applitrack.com/wr68/onlineapp,https://www.applitrack.com/wr68/onlineapp,US
Wray School Dist R-D-2,https://www.applitrack.com/wrayschools/onlineapp,https://www.applitrack.com/wrayschools/onlineapp,US
Warrior Run School District,https://www.applitrack.com/wrsd/onlineapp,https://www.applitrack.com/wrsd/onlineapp,US
Western Springs School District 101,https://www.applitrack.com/ws101/onlineapp,https://www.applitrack.com/ws101/onlineapp,US
Waverly-Shell Rock Community School District,https://www.applitrack.com/wsr/onlineapp,https://www.applitrack.com/wsr/onlineapp,US
West Shore School District,https://www.applitrack.com/wssdk12/onlineapp,https://www.applitrack.com/wssdk12/onlineapp,US
Washington Township School District,https://www.applitrack.com/wtps/onlineapp,https://www.applitrack.com/wtps/onlineapp,US
Washington Township (Morris County) School District (K-8),https://www.applitrack.com/wtschools/onlineapp,https://www.applitrack.com/wtschools/onlineapp,US
Waterford Township School District,https://www.applitrack.com/wtsd/onlineapp,https://www.applitrack.com/wtsd/onlineapp,US
Whiteriver Unified School District #20,https://www.applitrack.com/wusd/onlineapp,https://www.applitrack.com/wusd/onlineapp,US
Willcox Unified School District,https://www.applitrack.com/wusd13/onlineapp,https://www.applitrack.com/wusd13/onlineapp,US
West Virginia K-12 Jobs,https://www.applitrack.com/wvde/onlineapp,https://www.applitrack.com/wvde/onlineapp,US
Wyoming Valley West School District,https://www.applitrack.com/wvwsd/onlineapp,https://www.applitrack.com/wvwsd/onlineapp,US
Wayne-Westland Community School District,https://www.applitrack.com/wwcsd/onlineapp,https://www.applitrack.com/wwcsd/onlineapp,US
Westfield Washington School District,https://www.applitrack.com/wws/onlineapp,https://www.applitrack.com/wws/onlineapp,US
Wyalusing Area School District,https://www.applitrack.com/wyalusingrams/onlineapp,https://www.applitrack.com/wyalusingrams/onlineapp,US
Wyckoff Public Schools,https://www.applitrack.com/wyckoff/onlineapp,https://www.applitrack.com/wyckoff/onlineapp,US
Wyomissing Area School District,https://www.applitrack.com/wyoarea/onlineapp,https://www.applitrack.com/wyoarea/onlineapp,US
Wentzville R-IV School District,https://www.applitrack.com/wzco/onlineapp,https://www.applitrack.com/wzco/onlineapp,US
Xavier Charter School,https://www.applitrack.com/xaviercharter/onlineapp,https://www.applitrack.com/xaviercharter/onlineapp,US
Diocese of Yakima,https://www.applitrack.com/yakimadiocese/onlineapp,https://www.applitrack.com/yakimadiocese/onlineapp,US
Yarmouth School Department,https://www.applitrack.com/yarmouthschools/onlineapp,https://www.applitrack.com/yarmouthschools/onlineapp,US
Yamhill Carlton School District,https://www.applitrack.com/ycsd/onlineapp,https://www.applitrack.com/ycsd/onlineapp,US
York City School District,https://www.applitrack.com/ycsk12/onlineapp,https://www.applitrack.com/ycsk12/onlineapp,US
Yuba City Unified School District,https://www.applitrack.com/ycusd/onlineapp,https://www.applitrack.com/ycusd/onlineapp,US
Ysleta Independent School District,https://www.applitrack.com/yisd/onlineapp,https://www.applitrack.com/yisd/onlineapp,US
York County School Division,https://www.applitrack.com/yorkcountyschools/onlineapp,https://www.applitrack.com/yorkcountyschools/onlineapp,US
Yorktown Central School Dist,https://www.applitrack.com/yorktown/onlineapp,https://www.applitrack.com/yorktown/onlineapp,US
Youngstown City Schools,https://www.applitrack.com/youngstown/onlineapp,https://www.applitrack.com/youngstown/onlineapp,US
Yankton School District 63-3,https://www.applitrack.com/ysd/onlineapp,https://www.applitrack.com/ysd/onlineapp,US
York Suburban School District,https://www.applitrack.com/yssd/onlineapp,https://www.applitrack.com/yssd/onlineapp,US
Yuma Elementary School District ONE,https://www.applitrack.com/yumaelementary/onlineapp,https://www.applitrack.com/yumaelementary/onlineapp,US
Zanesville City School Dist,https://www.applitrack.com/zanesville/onlineapp,https://www.applitrack.com/zanesville/onlineapp,US
Rochester Community School Corporation,https://www.applitrack.com/zebras/onlineapp,https://www.applitrack.com/zebras/onlineapp,US
Zion Elementary School District 6,https://www.applitrack.com/zion6/onlineapp,https://www.applitrack.com/zion6/onlineapp,US
Zionsville Community Schools,https://www.applitrack.com/zionsville/onlineapp,https://www.applitrack.com/zionsville/onlineapp,US
Zumbrota-Mazeppa ISD 2805,https://www.applitrack.com/zmsch/onlineapp,https://www.applitrack.com/zmsch/onlineapp,US
Zeeland Public Schools,https://www.applitrack.com/zps/onlineapp,https://www.applitrack.com/zps/onlineapp,US
Zuni Public School District,https://www.applitrack.com/zpsd/onlineapp,https://www.applitrack.com/zpsd/onlineapp,US
Zumbro Education District,https://www.applitrack.com/zumbroed/onlineapp,https://www.applitrack.com/zumbroed/onlineapp,US
