name,slug,url
0g Labs,0g,https://jobs.ashbyhq.com/0g
0x,0x,https://jobs.ashbyhq.com/0x
10x Team,10xteam,https://jobs.ashbyhq.com/10xteam
115 Ventures LLC,115ventures,https://jobs.ashbyhq.com/115ventures
1bios,1bios,https://jobs.ashbyhq.com/1bios
1mind,1mind,https://jobs.ashbyhq.com/1mind
1Password,1password,https://jobs.ashbyhq.com/1password
1X,1x,https://jobs.ashbyhq.com/1x
30 Minutes to President's Club,30mpc,https://jobs.ashbyhq.com/30mpc
3Commas,3commas,https://jobs.ashbyhq.com/3commas
3E,3e,https://jobs.ashbyhq.com/3e
3i Members,3imembers,https://jobs.ashbyhq.com/3imembers
3Y Health,3y-health,https://jobs.ashbyhq.com/3y-health
42dot,42dot,https://jobs.ashbyhq.com/42dot
5Blue Software,5bluesoftware,https://jobs.ashbyhq.com/5bluesoftware
"80,000 Hours",80000hours,https://jobs.ashbyhq.com/80000hours
805Title,805title,https://jobs.ashbyhq.com/805title
829 Studios,829studios,https://jobs.ashbyhq.com/829studios
8Fleet Inc.,8fleet-inc,https://jobs.ashbyhq.com/8fleet-inc
8returns GmbH,8returns,https://jobs.ashbyhq.com/8returns
8VC,8vc,https://jobs.ashbyhq.com/8vc
9 Mothers,9-mothers,https://jobs.ashbyhq.com/9-mothers
9amHealth,join9am,https://jobs.ashbyhq.com/join9am
9fin,9fin,https://jobs.ashbyhq.com/9fin
A Place for Mom,a-place-for-mom,https://jobs.ashbyhq.com/a-place-for-mom
A.Team,a-team,https://jobs.ashbyhq.com/a-team
A1 Garage Door Service,a1 garage door service,https://jobs.ashbyhq.com/A1%20Garage%20Door%20Service
a16z,a16z,https://jobs.ashbyhq.com/a16z
a16z New Media,a16z-new-media,https://jobs.ashbyhq.com/a16z-new-media
"AACI Group, Inc.",aacigroup,https://jobs.ashbyhq.com/aacigroup
Aaron School,aaron-school,https://jobs.ashbyhq.com/aaron-school
Aaru,aaru,https://jobs.ashbyhq.com/aaru
Abacum,abacum,https://jobs.ashbyhq.com/abacum
Abby Care,abby-care,https://jobs.ashbyhq.com/abby-care
Abe,abe,https://jobs.ashbyhq.com/abe
Abound,abound,https://jobs.ashbyhq.com/abound
Abridge,abridge,https://jobs.ashbyhq.com/abridge
Absorb,absorblms,https://jobs.ashbyhq.com/absorblms
Abundant,abundant,https://jobs.ashbyhq.com/abundant
Abusix,abusix,https://jobs.ashbyhq.com/abusix
Academia.edu,academia,https://jobs.ashbyhq.com/academia
Accelevents,accelevents,https://jobs.ashbyhq.com/accelevents
Access Destination Services,access,https://jobs.ashbyhq.com/access
Accord,accord,https://jobs.ashbyhq.com/accord
Accurx,accurx,https://jobs.ashbyhq.com/accurx
Ace 1 Media,ace-1-media,https://jobs.ashbyhq.com/ace-1-media
Aceve,aceve,https://jobs.ashbyhq.com/aceve
Achilles,achilleshr,https://jobs.ashbyhq.com/achilleshr
Achira,achira,https://jobs.ashbyhq.com/achira
Acorns,acorns,https://jobs.ashbyhq.com/acorns
Acquird.io,acquird,https://jobs.ashbyhq.com/acquird
Acquisition.com,acquisition,https://jobs.ashbyhq.com/acquisition
Active Site,activesite,https://jobs.ashbyhq.com/activesite
Adapt API,adapt,https://jobs.ashbyhq.com/adapt
adaption,adaption,https://jobs.ashbyhq.com/adaption
Adaptive,adaptive,https://jobs.ashbyhq.com/adaptive
Adaptive Home Health,fira-health,https://jobs.ashbyhq.com/fira-health
Adaptive Innovations,adaptive-innovations,https://jobs.ashbyhq.com/adaptive-innovations
Adaptive ML,adaptive-ml,https://jobs.ashbyhq.com/adaptive-ml
Adaptive Security,adaptivesecurity,https://jobs.ashbyhq.com/adaptivesecurity
Adaptyv,adaptyv,https://jobs.ashbyhq.com/adaptyv
Addi,addi,https://jobs.ashbyhq.com/addi
Additive AI,additiveai,https://jobs.ashbyhq.com/additiveai
Adelphi,adelphi-ai,https://jobs.ashbyhq.com/adelphi-ai
Aditude,aditude,https://jobs.ashbyhq.com/aditude
adjoe,adjoe,https://jobs.ashbyhq.com/adjoe
Adonis,adonis,https://jobs.ashbyhq.com/adonis
Adthena,adthena,https://jobs.ashbyhq.com/adthena
Aduro Advisors,aduro-advisors,https://jobs.ashbyhq.com/aduro-advisors
Aegis AI,aegis-ai,https://jobs.ashbyhq.com/aegis-ai
Aerotime,aerotime,https://jobs.ashbyhq.com/aerotime
AeroVect,aerovect,https://jobs.ashbyhq.com/aerovect
Aerovy,aerovy,https://jobs.ashbyhq.com/aerovy
Aescape,aescape,https://jobs.ashbyhq.com/aescape
Afference Inc,afference,https://jobs.ashbyhq.com/afference
Affinity Analytics,affinity,https://jobs.ashbyhq.com/affinity
Afresh,afresh,https://jobs.ashbyhq.com/afresh
AfterQuery,afterquery,https://jobs.ashbyhq.com/afterquery
Agen,agen,https://jobs.ashbyhq.com/agen
Agent,agent,https://jobs.ashbyhq.com/agent
Agentio,agentio,https://jobs.ashbyhq.com/agentio
Agentis Capital Advisors,agentis-capital-advisors,https://jobs.ashbyhq.com/agentis-capital-advisors
AgentMail,agentmail,https://jobs.ashbyhq.com/agentmail
Aghanim,aghanim,https://jobs.ashbyhq.com/aghanim
"AGI, Inc.",agi-inc,https://jobs.ashbyhq.com/agi-inc
Agreena,agreena,https://jobs.ashbyhq.com/agreena
"Agresta, Storms & O’Leary, PC",aso-careers,https://jobs.ashbyhq.com/aso-careers
AgZen,agzen,https://jobs.ashbyhq.com/agzen
AIA Contract Documents,acd,https://jobs.ashbyhq.com/acd
Aida,aida,https://jobs.ashbyhq.com/aida
AidKit,aidkit,https://jobs.ashbyhq.com/aidkit
AIM,aim,https://jobs.ashbyhq.com/aim
Aim4Hire,aim4hire,https://jobs.ashbyhq.com/aim4hire
AIOS (YC W20/S21),aios,https://jobs.ashbyhq.com/aios
AiPrise,aiprise,https://jobs.ashbyhq.com/aiprise
AIR,air,https://jobs.ashbyhq.com/air
Air Apps,airapps,https://jobs.ashbyhq.com/airapps
Air Space Intelligence,airspace-intelligence.com,https://jobs.ashbyhq.com/airspace-intelligence.com
Airbyte,airbyte,https://jobs.ashbyhq.com/airbyte
AirGarage,airgarage,https://jobs.ashbyhq.com/airgarage
Airgoods,airgoods,https://jobs.ashbyhq.com/airgoods
AirOps,airops,https://jobs.ashbyhq.com/airops
Airtable,airtable,https://jobs.ashbyhq.com/airtable
Airtasker,airtasker,https://jobs.ashbyhq.com/airtasker
Airwallex,airwallex,https://jobs.ashbyhq.com/airwallex
Aisle,aisle,https://jobs.ashbyhq.com/aisle
Aiwyn,aiwyn,https://jobs.ashbyhq.com/aiwyn
Ajax,ajax,https://jobs.ashbyhq.com/ajax
aka (fka mem protocol),aka,https://jobs.ashbyhq.com/aka
AKASA,akasa,https://jobs.ashbyhq.com/akasa
Akur8,akur8,https://jobs.ashbyhq.com/akur8
Alan,alan,https://jobs.ashbyhq.com/alan
Alaro,alaro,https://jobs.ashbyhq.com/alaro
Alcazar Energy,alcazar-energy,https://jobs.ashbyhq.com/alcazar-energy
Alchemy,alchemy,https://jobs.ashbyhq.com/alchemy
Alden Labs,alden,https://jobs.ashbyhq.com/alden
Alembic,alembic,https://jobs.ashbyhq.com/alembic
Aleph,aleph,https://jobs.ashbyhq.com/aleph
Aleph Alpha,alephalpha,https://jobs.ashbyhq.com/alephalpha
Alex AI,alexai,https://jobs.ashbyhq.com/alexai
algo1,algo1,https://jobs.ashbyhq.com/algo1
All in Bits,allinbits,https://jobs.ashbyhq.com/allinbits
Allara,allarahealth,https://jobs.ashbyhq.com/allarahealth
Allen Control Systems,allen-control-systems,https://jobs.ashbyhq.com/allen-control-systems
Alleviate Health,alleviatehealth,https://jobs.ashbyhq.com/alleviatehealth
Allica Bank,allica-bank,https://jobs.ashbyhq.com/allica-bank
Allium,allium,https://jobs.ashbyhq.com/allium
Alljoined,alljoined,https://jobs.ashbyhq.com/alljoined
Allminds,allminds,https://jobs.ashbyhq.com/allminds
Allocate,allocate,https://jobs.ashbyhq.com/allocate
Alloy Enterprises,alloyenterprises,https://jobs.ashbyhq.com/alloyenterprises
Alloy River,alloyriver,https://jobs.ashbyhq.com/alloyriver
AllSpice,allspice,https://jobs.ashbyhq.com/allspice
Alma,tryalma,https://jobs.ashbyhq.com/tryalma
Almabase,almabase,https://jobs.ashbyhq.com/almabase
Almedia,almedia,https://jobs.ashbyhq.com/almedia
Almetra,almetra,https://jobs.ashbyhq.com/almetra
Alohi SA,alohi,https://jobs.ashbyhq.com/alohi
Alpaca Health,alpacahealth,https://jobs.ashbyhq.com/alpacahealth
Alpen Labs,alpenlabs,https://jobs.ashbyhq.com/alpenlabs
Alpha,alpha,https://jobs.ashbyhq.com/alpha
Alpha Life Sciences,alphalifesci,https://jobs.ashbyhq.com/alphalifesci
Alpic,alpic,https://jobs.ashbyhq.com/alpic
ALSO,ridealso,https://jobs.ashbyhq.com/ridealso
Alta Ares,alta-ares,https://jobs.ashbyhq.com/alta-ares
Alternative Payments,alternativepayments,https://jobs.ashbyhq.com/alternativepayments
Altimate.ai,altimate,https://jobs.ashbyhq.com/altimate
Altis,altis,https://jobs.ashbyhq.com/altis
Altura,altura,https://jobs.ashbyhq.com/altura
Alurion Talent Group,aluriontalentgroup,https://jobs.ashbyhq.com/aluriontalentgroup
"Alva Energy, Inc",alva-energy,https://jobs.ashbyhq.com/alva-energy
amber,amber,https://jobs.ashbyhq.com/amber
Ambience Healthcare,ambiencehealthcare,https://jobs.ashbyhq.com/ambiencehealthcare
Ambient.ai,ambient.ai,https://jobs.ashbyhq.com/ambient.ai
AMBOSS,amboss,https://jobs.ashbyhq.com/amboss
Ambral,ambral,https://jobs.ashbyhq.com/Ambral
Ambrook,ambrook,https://jobs.ashbyhq.com/ambrook
Ambrosia Energy,ambrosia-energy,https://jobs.ashbyhq.com/ambrosia-energy
Ameba,ameba,https://jobs.ashbyhq.com/ameba
Amenitiz Solutions,amenitiz,https://jobs.ashbyhq.com/amenitiz
American Operator,americanoperator,https://jobs.ashbyhq.com/americanoperator
AMI,ami,https://jobs.ashbyhq.com/ami
Amma Inc.,amma,https://jobs.ashbyhq.com/amma
amo,amo,https://jobs.ashbyhq.com/amo
Amperos,amperos,https://jobs.ashbyhq.com/amperos
Ampersand,ampersand,https://jobs.ashbyhq.com/Ampersand
Amplify,amplify,https://jobs.ashbyhq.com/amplify
Amplitude,amplitude,https://jobs.ashbyhq.com/amplitude
Amplo,amplo,https://jobs.ashbyhq.com/amplo
Anagram,anagram,https://jobs.ashbyhq.com/anagram
Anagram,goanagram,https://jobs.ashbyhq.com/goanagram
Anam AI,anam,https://jobs.ashbyhq.com/anam
Anara,anara,https://jobs.ashbyhq.com/anara
Andela,andela,https://jobs.ashbyhq.com/andela
Andercore,andercore,https://jobs.ashbyhq.com/andercore
Ando,ando,https://jobs.ashbyhq.com/ando
"Ando Technologies, Inc",andotechnologies,https://jobs.ashbyhq.com/andotechnologies
Andromeda Cluster,andromeda,https://jobs.ashbyhq.com/andromeda
Angi,angi,https://jobs.ashbyhq.com/angi
Angle Health,anglehealth,https://jobs.ashbyhq.com/anglehealth
Anima,anima,https://jobs.ashbyhq.com/anima
Ankar,ankar,https://jobs.ashbyhq.com/ankar
Ankorstore,ankorstore,https://jobs.ashbyhq.com/ankorstore
Anna Autism Care,annaautismcare,https://jobs.ashbyhq.com/annaautismcare
Anomalo,anomalo,https://jobs.ashbyhq.com/anomalo
Anomaly,findanomaly,https://jobs.ashbyhq.com/findanomaly
Anon,anon,https://jobs.ashbyhq.com/anon
Anrok,anrok,https://jobs.ashbyhq.com/anrok
AnsibleHealth Inc.,ansiblehealth,https://jobs.ashbyhq.com/ansiblehealth
AnswersNow Inc,answersnow,https://jobs.ashbyhq.com/answersnow
Antai Ventures,antaiventures,https://jobs.ashbyhq.com/antaiventures
Antares,antares,https://jobs.ashbyhq.com/antares
Anterior,anterior,https://jobs.ashbyhq.com/anterior
Antimetal,antimetal,https://jobs.ashbyhq.com/antimetal
Antioch,antioch,https://jobs.ashbyhq.com/antioch
Antithesis,antithesis,https://jobs.ashbyhq.com/antithesis
Anuvaya Labs,anuvaya,https://jobs.ashbyhq.com/anuvaya
Anyone AI,anyone-ai,https://jobs.ashbyhq.com/anyone-ai
Anyscale,anyscale,https://jobs.ashbyhq.com/anyscale
AnySignal,anysignal,https://jobs.ashbyhq.com/anysignal
Anything,anything,https://jobs.ashbyhq.com/anything
AnyVan,anyvan,https://jobs.ashbyhq.com/anyvan
Apella,apella,https://jobs.ashbyhq.com/apella
"Apex Technology, Inc.",apex-technology-inc,https://jobs.ashbyhq.com/apex-technology-inc
APEXX Global,apexx,https://jobs.ashbyhq.com/apexx
Aphex,aphex,https://jobs.ashbyhq.com/aphex
Apify Technologies s.r.o.,apify,https://jobs.ashbyhq.com/apify
Apiphany,apiphany,https://jobs.ashbyhq.com/apiphany
Aplazo,aplazo,https://jobs.ashbyhq.com/aplazo
Apolink Communcations,apolink,https://jobs.ashbyhq.com/apolink
Apollo GraphQL,apollo-graphql,https://jobs.ashbyhq.com/apollo-graphql
Apollo Information Systems,apollo-information-systems,https://jobs.ashbyhq.com/apollo-information-systems
Apple Roofing,apple-roofing,https://jobs.ashbyhq.com/apple-roofing
Applied Behavioral Services,applied-behavioral-services,https://jobs.ashbyhq.com/applied-behavioral-services
Applied Compute,applied compute,https://jobs.ashbyhq.com/Applied%20Compute
Applied Intuition,applied,https://jobs.ashbyhq.com/applied
Applied Labs,appliedlabs,https://jobs.ashbyhq.com/appliedlabs
applike group,applike-group,https://jobs.ashbyhq.com/applike-group
AppSumo,appsumo,https://jobs.ashbyhq.com/appsumo
april,april,https://jobs.ashbyhq.com/april
Apron,apron,https://jobs.ashbyhq.com/apron
Aptible,aptible,https://jobs.ashbyhq.com/aptible
Aptos Foundation,aptosfoundation,https://jobs.ashbyhq.com/aptosfoundation
Aptura,aptura,https://jobs.ashbyhq.com/aptura
Aquant,aquant,https://jobs.ashbyhq.com/aquant
Aquarian,aquarianlp,https://jobs.ashbyhq.com/aquarianlp
Aquatic,aquatic,https://jobs.ashbyhq.com/aquatic
Arago,arago,https://jobs.ashbyhq.com/arago
ARB Interactive,arb-interactive,https://jobs.ashbyhq.com/arb-interactive
Arbiter AI,arbiter-ai,https://jobs.ashbyhq.com/arbiter-ai
Arbor,arbor,https://jobs.ashbyhq.com/arbor
Arbor,findarbor,https://jobs.ashbyhq.com/findarbor
Arca,arca,https://jobs.ashbyhq.com/arca
Arcada Labs Incorporated,arcada,https://jobs.ashbyhq.com/arcada
Arcade,arcade,https://jobs.ashbyhq.com/arcade
Arcade,arcade-ai,https://jobs.ashbyhq.com/arcade-ai
Arcade,arcadeai,https://jobs.ashbyhq.com/arcadeai
Arch,arch,https://jobs.ashbyhq.com/Arch
Arch,arch.co,https://jobs.ashbyhq.com/arch.co
Arch Solutions,arch-solutions,https://jobs.ashbyhq.com/arch-solutions
Archil,archil,https://jobs.ashbyhq.com/archil
Architect Labs,architect,https://jobs.ashbyhq.com/architect
Archive,archive,https://jobs.ashbyhq.com/archive
Archy,archy,https://jobs.ashbyhq.com/archy
ArcLight Consulting,arclight-consulting,https://jobs.ashbyhq.com/arclight-consulting
Arcturus,arcturus,https://jobs.ashbyhq.com/arcturus
"Arena Intelligence, Inc.",arena,https://jobs.ashbyhq.com/arena
ArenaNet,arenanet,https://jobs.ashbyhq.com/arenanet
Aries.com,aries,https://jobs.ashbyhq.com/aries
Arketa,arketa,https://jobs.ashbyhq.com/arketa
Arlo,arlo,https://jobs.ashbyhq.com/arlo
Armitage Labs,creem,https://jobs.ashbyhq.com/creem
Armory,armory,https://jobs.ashbyhq.com/armory
Aro Homes,aro.homes,https://jobs.ashbyhq.com/aro.homes
ARQ,arq,https://jobs.ashbyhq.com/arq
arqu,arqu,https://jobs.ashbyhq.com/arqu
Arrakis Finance,arrakis,https://jobs.ashbyhq.com/arrakis
Array Behavioral Care,array-behavioral-care,https://jobs.ashbyhq.com/array-behavioral-care
Arta Finance,artafinance,https://jobs.ashbyhq.com/artafinance
Artemis,artemis,https://jobs.ashbyhq.com/artemis
Artemis,artemisanalytics,https://jobs.ashbyhq.com/artemisanalytics
Arthur Robotics,arthur,https://jobs.ashbyhq.com/arthur
Artian AI,artian,https://jobs.ashbyhq.com/artian
Articul8,articul8,https://jobs.ashbyhq.com/articul8
Artie,artie,https://jobs.ashbyhq.com/artie
"Artificial Analysis, Inc.",artificialanalysis,https://jobs.ashbyhq.com/artificialanalysis
Artificial Intelligence Underwriting Company,aiuc,https://jobs.ashbyhq.com/aiuc
Artisan,artisan,https://jobs.ashbyhq.com/artisan
ArtosAI,artosai,https://jobs.ashbyhq.com/artosai
Artsy and Artnet,artsy,https://jobs.ashbyhq.com/artsy
Arya Health,aryahealth.ai,https://jobs.ashbyhq.com/aryahealth.ai
Asari AI,asari.ai,https://jobs.ashbyhq.com/asari.ai
Ascertain,ascertain,https://jobs.ashbyhq.com/ascertain
Ashby,ashby,https://jobs.ashbyhq.com/ashby
ashby-embed-demo-org,ashby-embed-demo-org,https://jobs.ashbyhq.com/ashby-embed-demo-org
Asimov,asimov,https://jobs.ashbyhq.com/asimov
Aspora,aspora,https://jobs.ashbyhq.com/aspora
Assemble,assemble,https://jobs.ashbyhq.com/assemble
Assembled,assembledhq,https://jobs.ashbyhq.com/assembledhq
Assembly,assembly,https://jobs.ashbyhq.com/assembly
Assort Health,assorthealth,https://jobs.ashbyhq.com/assorthealth
Assured,assured,https://jobs.ashbyhq.com/assured
Assured,assured-health,https://jobs.ashbyhq.com/assured-health
Astera Institute,astera,https://jobs.ashbyhq.com/astera
"Asteri AI, Inc.",asteriai,https://jobs.ashbyhq.com/asteriai
Astra,astra,https://jobs.ashbyhq.com/astra
Astral,astral,https://jobs.ashbyhq.com/astral
Astro Mechanica,astro-mechanica,https://jobs.ashbyhq.com/astro-mechanica
Astrocade,astrocade,https://jobs.ashbyhq.com/astrocade
Astronomer,astronomer,https://jobs.ashbyhq.com/astronomer
asymmetric.re,asymmetric.re,https://jobs.ashbyhq.com/asymmetric.re
Atalanta,atalanta,https://jobs.ashbyhq.com/atalanta
Ataraxis AI,ataraxis-ai,https://jobs.ashbyhq.com/ataraxis-ai
ATG,atg,https://jobs.ashbyhq.com/atg
Athena Actuarial Consulting,athenaactuarial,https://jobs.ashbyhq.com/athenaactuarial
Atira,atira,https://jobs.ashbyhq.com/atira
Atlan,atlan,https://jobs.ashbyhq.com/atlan
Atlas,atlas,https://jobs.ashbyhq.com/atlas
Atlas Oncology Partners,atlasonc,https://jobs.ashbyhq.com/atlasonc
Atlas Residential,atlasresidential,https://jobs.ashbyhq.com/atlasresidential
Atlys,atlys,https://jobs.ashbyhq.com/atlys
AtoB,atob,https://jobs.ashbyhq.com/atob
Atomic,atomic,https://jobs.ashbyhq.com/atomic
Atomic Fi,atomic-financial,https://jobs.ashbyhq.com/atomic-financial
Atomic Industries,atomicindustries,https://jobs.ashbyhq.com/atomicindustries
Atomic Semi,atomicsemi,https://jobs.ashbyhq.com/atomicsemi
Atominvest,atominvest,https://jobs.ashbyhq.com/atominvest
Atrato,atrato,https://jobs.ashbyhq.com/atrato
Atria,atria,https://jobs.ashbyhq.com/atria
Atrix AI,atrix,https://jobs.ashbyhq.com/atrix
Atropos Health,atroposhealth,https://jobs.ashbyhq.com/atroposhealth
Attention Engineering,attention,https://jobs.ashbyhq.com/attention
Attentive,attentivemobile,https://jobs.ashbyhq.com/attentivemobile
Atticus,atticus,https://jobs.ashbyhq.com/atticus
Attio,attio,https://jobs.ashbyhq.com/attio
Auctor,auctor,https://jobs.ashbyhq.com/auctor
Audacious Ventures,audacious,https://jobs.ashbyhq.com/audacious
Audiohook,audiohook,https://jobs.ashbyhq.com/audiohook
aufinity Group GmbH,aufinity-group-gmbh,https://jobs.ashbyhq.com/aufinity-group-gmbh
Augmodo,augmodo,https://jobs.ashbyhq.com/augmodo
Augur Initiative Ltd,augur,https://jobs.ashbyhq.com/augur
August,august,https://jobs.ashbyhq.com/august
August Health,august-health,https://jobs.ashbyhq.com/august-health
Augustus,augustus,https://jobs.ashbyhq.com/augustus
Augustus,getivy,https://jobs.ashbyhq.com/getivy
Aurelian,aurelian,https://jobs.ashbyhq.com/aurelian
Aurelius Systems,aureliussystems,https://jobs.ashbyhq.com/aureliussystems
Auror,auror,https://jobs.ashbyhq.com/auror
Aurora Solar,aurorasolar,https://jobs.ashbyhq.com/aurorasolar
Authorium,authorium,https://jobs.ashbyhq.com/authorium
AuthZed,authzed,https://jobs.ashbyhq.com/authzed
"Automat, Inc.",automat,https://jobs.ashbyhq.com/automat
Autoscience,autoscience,https://jobs.ashbyhq.com/autoscience
Ava Labs,ava-labs,https://jobs.ashbyhq.com/ava-labs
Avala,avala,https://jobs.ashbyhq.com/avala
Avantos AI,avantos,https://jobs.ashbyhq.com/avantos
Avelios Medical,avelios-medical,https://jobs.ashbyhq.com/avelios-medical
Aven,aven,https://jobs.ashbyhq.com/aven
Aveni,aveni,https://jobs.ashbyhq.com/aveni
Aviator,aviator,https://jobs.ashbyhq.com/aviator
Avid4 Adventure,avid4,https://jobs.ashbyhq.com/avid4
Avida,avida,https://jobs.ashbyhq.com/avida
Avoca,avoca,https://jobs.ashbyhq.com/avoca
Avra,avra,https://jobs.ashbyhq.com/avra
Away,away,https://jobs.ashbyhq.com/away
Axel,axel,https://jobs.ashbyhq.com/axel
Axelera AI,axelera,https://jobs.ashbyhq.com/axelera
Axiom,axiom,https://jobs.ashbyhq.com/axiom
Axiom,axiom-co,https://jobs.ashbyhq.com/axiom-co
Axiom,axiombio,https://jobs.ashbyhq.com/axiombio
Axion,axion,https://jobs.ashbyhq.com/axion
Axle Energy,axle-careers,https://jobs.ashbyhq.com/axle-careers
Axle Health,axle-health,https://jobs.ashbyhq.com/axle-health
Axle Mobility,axle-mobility,https://jobs.ashbyhq.com/axle-mobility
Aztec Labs,aztec-labs,https://jobs.ashbyhq.com/aztec-labs
AZX,careers.azx.io,https://jobs.ashbyhq.com/careers.azx.io
B2spin,b2spin,https://jobs.ashbyhq.com/b2spin
Baba,baba,https://jobs.ashbyhq.com/baba
Babbel,babbel,https://jobs.ashbyhq.com/babbel
Back Market,backmarket,https://jobs.ashbyhq.com/backmarket
Backflip,backflip,https://jobs.ashbyhq.com/backflip
Backflip,backflip.ai,https://jobs.ashbyhq.com/backflip.ai
Backpack,backpack,https://jobs.ashbyhq.com/backpack
Bankjoy,bankjoy,https://jobs.ashbyhq.com/bankjoy
Bantam Communications,bantamcommunications,https://jobs.ashbyhq.com/bantamcommunications
Barkbus,barkbus,https://jobs.ashbyhq.com/barkbus
Barnes & Thornburg LLP,barnes,https://jobs.ashbyhq.com/barnes
Barti,barti,https://jobs.ashbyhq.com/barti
Basata Inc,basata,https://jobs.ashbyhq.com/basata
Base,base,https://jobs.ashbyhq.com/base
Base Operations,base-operations,https://jobs.ashbyhq.com/base-operations
Base Power Company,base-power,https://jobs.ashbyhq.com/base-power
Basecamp Research,basecamp-research,https://jobs.ashbyhq.com/basecamp-research
Baseten,baseten,https://jobs.ashbyhq.com/baseten
Basic Capital,basiccapital,https://jobs.ashbyhq.com/basiccapital
Basis AI,basis-ai,https://jobs.ashbyhq.com/basis-ai
Basis Research Institute,basis-research,https://jobs.ashbyhq.com/basis-research
Bastion,bastion,https://jobs.ashbyhq.com/bastion
Baton,baton,https://jobs.ashbyhq.com/baton
Baton Corporation Ltd,batoncorporation,https://jobs.ashbyhq.com/batoncorporation
"Bayesian Health, Inc.",bayesianhealth,https://jobs.ashbyhq.com/bayesianhealth
Beach Bum,beach-bum,https://jobs.ashbyhq.com/beach-bum
Beacon AI,beaconai,https://jobs.ashbyhq.com/beaconai
Beacon Software,beaconsoftware,https://jobs.ashbyhq.com/beaconsoftware
Beacons,beacons,https://jobs.ashbyhq.com/beacons
Beam,beam,https://jobs.ashbyhq.com/beam
Beam,beam-up,https://jobs.ashbyhq.com/beam-up
Beam Impact,beamimpact,https://jobs.ashbyhq.com/beamimpact
Beamery,beamery,https://jobs.ashbyhq.com/beamery
Bedford,learn-bedford,https://jobs.ashbyhq.com/learn-bedford
Bedrock Data,bedrock,https://jobs.ashbyhq.com/bedrock
Bedrock Ocean Exploration,bedrockocean,https://jobs.ashbyhq.com/bedrockocean
Bedrock Robotics Inc,bedrock-robotics,https://jobs.ashbyhq.com/bedrock-robotics
Believer,believer,https://jobs.ashbyhq.com/believer
Belvo,belvo,https://jobs.ashbyhq.com/belvo
bem,bem,https://jobs.ashbyhq.com/bem
Ben,ben,https://jobs.ashbyhq.com/ben
Benchling,benchling,https://jobs.ashbyhq.com/benchling
Benepass,benepass,https://jobs.ashbyhq.com/benepass
Benevity,benevity,https://jobs.ashbyhq.com/benevity
Bento Setup Sandbox,bento,https://jobs.ashbyhq.com/bento
Beside,beside,https://jobs.ashbyhq.com/beside
Bespoke Labs,bespokelabs,https://jobs.ashbyhq.com/bespokelabs
Bestow,bestow,https://jobs.ashbyhq.com/bestow
Better Health,joinbetter,https://jobs.ashbyhq.com/joinbetter
Better Mortgage,better-mortgage,https://jobs.ashbyhq.com/better-mortgage
Bettermile,bettermile,https://jobs.ashbyhq.com/bettermile
BetterUp,betterup,https://jobs.ashbyhq.com/betterup
Bevel,bevel,https://jobs.ashbyhq.com/bevel
Beyond Sports,wearebeyondsports,https://jobs.ashbyhq.com/wearebeyondsports
BeyondMath,beyondmath,https://jobs.ashbyhq.com/beyondmath
Bhblasted,bhblasted,https://jobs.ashbyhq.com/bhblasted
Bicara Therapeutics,bicara-therapeutics,https://jobs.ashbyhq.com/bicara-therapeutics
Biconomy,biconomy,https://jobs.ashbyhq.com/biconomy
Bifrost AI,bifrost,https://jobs.ashbyhq.com/bifrost
Big Leap Health,big-leap-health,https://jobs.ashbyhq.com/big-leap-health
Bigger Games,biggergames,https://jobs.ashbyhq.com/biggergames
Bild AI,bild-ai,https://jobs.ashbyhq.com/bild-ai
Billie,billie,https://jobs.ashbyhq.com/billie
billups,billups,https://jobs.ashbyhq.com/billups
Binalyze,binalyze,https://jobs.ashbyhq.com/binalyze
Binance,binance,https://jobs.ashbyhq.com/binance
Binance.US,binance.us,https://jobs.ashbyhq.com/binance.us
Binti,binti,https://jobs.ashbyhq.com/binti
BIO,bio,https://jobs.ashbyhq.com/bio
Biofire,biofire,https://jobs.ashbyhq.com/biofire
Biograph,biograph,https://jobs.ashbyhq.com/biograph
BIOptimizers,bioptimizers,https://jobs.ashbyhq.com/bioptimizers
Birdie,birdie,https://jobs.ashbyhq.com/birdie
Bitnomial,bitnomial,https://jobs.ashbyhq.com/bitnomial
Bitstack,bitstack,https://jobs.ashbyhq.com/bitstack
Bitvavo,bitvavo,https://jobs.ashbyhq.com/bitvavo
BiVACOR Inc,bivacor-inc,https://jobs.ashbyhq.com/bivacor-inc
Bjak,bjakcareer,https://jobs.ashbyhq.com/bjakcareer
Black Semiconductor GmbH,blacksemiconductor,https://jobs.ashbyhq.com/blacksemiconductor
Blackbird Labs Inc,blackbird-labs-inc,https://jobs.ashbyhq.com/blackbird-labs-inc
BlackBox Strategies,blackbox-strategies,https://jobs.ashbyhq.com/blackbox-strategies
Blackpoint Cyber,blackpoint cyber,https://jobs.ashbyhq.com/Blackpoint%20Cyber
Blacksmith,blacksmith,https://jobs.ashbyhq.com/blacksmith
Bland,bland,https://jobs.ashbyhq.com/bland
Blank Metal,blank-metal,https://jobs.ashbyhq.com/blank-metal
Blaxel,blaxel,https://jobs.ashbyhq.com/blaxel
Blink Tech Inc,blink,https://jobs.ashbyhq.com/blink
Bliro GmbH,bliro,https://jobs.ashbyhq.com/bliro
Blissway Inc.,blissway,https://jobs.ashbyhq.com/blissway
Blitzy,blitzy,https://jobs.ashbyhq.com/blitzy
Block Labs,block-labs,https://jobs.ashbyhq.com/block-labs
Blockdaemon,blockdaemon,https://jobs.ashbyhq.com/blockdaemon
Blockhouse,blockhouse,https://jobs.ashbyhq.com/blockhouse
Blockit AI,blockit,https://jobs.ashbyhq.com/blockit
Blockstream,blockstream,https://jobs.ashbyhq.com/blockstream
Blockworks,blockworks,https://jobs.ashbyhq.com/blockworks
Blooming Health,blooming-health,https://jobs.ashbyhq.com/blooming-health
Blossom Health,blossom-health,https://jobs.ashbyhq.com/blossom-health
Blowhammer,blowhammer,https://jobs.ashbyhq.com/blowhammer
Bloxd,bloxd,https://jobs.ashbyhq.com/bloxd
BLP Digital AG,blp-digital,https://jobs.ashbyhq.com/blp-digital
Blue AI,blue-ai,https://jobs.ashbyhq.com/blue-ai
Blue Energy,blue-energy,https://jobs.ashbyhq.com/blue-energy
Blueberry Pediatrics,blueberrypediatrics,https://jobs.ashbyhq.com/blueberrypediatrics
BlueDot Impact,bluedot,https://jobs.ashbyhq.com/bluedot
Blumen Systems,blumen,https://jobs.ashbyhq.com/blumen
Boam AI,boam,https://jobs.ashbyhq.com/boam
Bobyard,bobyard,https://jobs.ashbyhq.com/bobyard
Body And Soul Studios,bodysoul,https://jobs.ashbyhq.com/bodysoul
Bold.org,bold,https://jobs.ashbyhq.com/bold
Bolt,bolt,https://jobs.ashbyhq.com/bolt
Bolt Farm Treehouse,bolt-farm,https://jobs.ashbyhq.com/bolt-farm
Boom,boom,https://jobs.ashbyhq.com/boom
Boomi,boomi,https://jobs.ashbyhq.com/boomi
"Boon Technologies, Inc.",boon,https://jobs.ashbyhq.com/boon
Boost,boost,https://jobs.ashbyhq.com/boost
Boosters Team,boosters,https://jobs.ashbyhq.com/boosters
BootLoop,bootloop,https://jobs.ashbyhq.com/bootloop
Botanic Tonics,botanictonics,https://jobs.ashbyhq.com/botanictonics
BotCrew,botcrew,https://jobs.ashbyhq.com/botcrew
Bounce,bounce,https://jobs.ashbyhq.com/bounce
BoWatt GmbH,bowatt,https://jobs.ashbyhq.com/bowatt
Braiins,braiins,https://jobs.ashbyhq.com/braiins
Brain Co.,brainco,https://jobs.ashbyhq.com/brainco
Brainbase Labs,brainbaselabs,https://jobs.ashbyhq.com/brainbaselabs
Brainly,brainly,https://jobs.ashbyhq.com/brainly
Braintrust,braintrust,https://jobs.ashbyhq.com/braintrust
Brale,brale,https://jobs.ashbyhq.com/brale
"Branch Financial, LLC",branchinsurance,https://jobs.ashbyhq.com/branchinsurance
BranchLab,branchlab,https://jobs.ashbyhq.com/BranchLab
Brandlight,brandlight,https://jobs.ashbyhq.com/brandlight
Brave Health,bravehealth,https://jobs.ashbyhq.com/bravehealth
Breadcrumb,breadcrumb,https://jobs.ashbyhq.com/breadcrumb
Breadwinner,breadwinner,https://jobs.ashbyhq.com/breadwinner
Breaker,breaker,https://jobs.ashbyhq.com/breaker
Breakmark,breakmark,https://jobs.ashbyhq.com/breakmark
Bree,bree,https://jobs.ashbyhq.com/bree
Brelle,brelle,https://jobs.ashbyhq.com/brelle
Brellium,brellium,https://jobs.ashbyhq.com/brellium
Bretton AI,brettonai,https://jobs.ashbyhq.com/brettonai
Bridgepoint Consulting,bridgepoint-consulting,https://jobs.ashbyhq.com/bridgepoint-consulting
Bridger,bridger,https://jobs.ashbyhq.com/bridger
Brighterly,brighterly,https://jobs.ashbyhq.com/brighterly
Brightline,hellobrightline,https://jobs.ashbyhq.com/hellobrightline
Brightstar.AI,brightstar-ai,https://jobs.ashbyhq.com/brightstar-ai
brightwheel,brightwheel,https://jobs.ashbyhq.com/brightwheel
Brigit,brigit,https://jobs.ashbyhq.com/brigit
Brimstone,brimstone,https://jobs.ashbyhq.com/brimstone
BRINC,brinc,https://jobs.ashbyhq.com/brinc
Brisk Teaching,brisk-teaching,https://jobs.ashbyhq.com/brisk-teaching
Broccoli AI,broccoli,https://jobs.ashbyhq.com/broccoli
Brooklyn Health,brooklyn-health,https://jobs.ashbyhq.com/brooklyn-health
Brookwood,brookwood,https://jobs.ashbyhq.com/brookwood
Browserbase,browserbase,https://jobs.ashbyhq.com/browserbase
Bubble,bubble,https://jobs.ashbyhq.com/bubble
Buena,buena,https://jobs.ashbyhq.com/buena
Buffer,buffer,https://jobs.ashbyhq.com/buffer
Build AI,build-ai,https://jobs.ashbyhq.com/build-ai
Build Technologies,build,https://jobs.ashbyhq.com/build
Builder Prime,builder-prime,https://jobs.ashbyhq.com/builder-prime
Buildforce,buildforce,https://jobs.ashbyhq.com/buildforce
BuildingWorks,buildingworks,https://jobs.ashbyhq.com/buildingworks
Buildlinx GmbH,buildlinx,https://jobs.ashbyhq.com/buildlinx
Buildout,buildout,https://jobs.ashbyhq.com/buildout
Built Robotics Inc,built-robotics,https://jobs.ashbyhq.com/built-robotics
Bullpen Talent,bullpen-talent,https://jobs.ashbyhq.com/bullpen-talent
Bumble,bumble,https://jobs.ashbyhq.com/bumble
bunch,bunch,https://jobs.ashbyhq.com/bunch
Bunny,bunny,https://jobs.ashbyhq.com/bunny
Bureau,bureau,https://jobs.ashbyhq.com/bureau
Burkland Associates,burklandassociates,https://jobs.ashbyhq.com/burklandassociates
BusPatrol,buspatrol,https://jobs.ashbyhq.com/buspatrol
ButterflyMX,butterflymx,https://jobs.ashbyhq.com/butterflymx
Button Labs,button,https://jobs.ashbyhq.com/button
Bynder,bynder,https://jobs.ashbyhq.com/bynder
C1,c1,https://jobs.ashbyhq.com/c1
Cache,cache,https://jobs.ashbyhq.com/cache
Cadre,cadre,https://jobs.ashbyhq.com/cadre
CADRE GOVERNMENT SOLUTIONS,cadregs,https://jobs.ashbyhq.com/cadregs
Calder,calder,https://jobs.ashbyhq.com/calder
Callosum,callosum,https://jobs.ashbyhq.com/callosum
Camber,camber,https://jobs.ashbyhq.com/camber
Cambio AI Inc.,cambio,https://jobs.ashbyhq.com/cambio
Cambium,cambium,https://jobs.ashbyhq.com/cambium
Cambly,cambly,https://jobs.ashbyhq.com/cambly
Cambridge Boston Alignment Initiative,cbai,https://jobs.ashbyhq.com/cbai
Campfire,campfire,https://jobs.ashbyhq.com/campfire
Campus,campus,https://jobs.ashbyhq.com/campus
Camunda,camunda,https://jobs.ashbyhq.com/camunda
CanadaVisa,canadavisa,https://jobs.ashbyhq.com/canadavisa
Canals,canals,https://jobs.ashbyhq.com/canals
Candid Health,candidhealth,https://jobs.ashbyhq.com/candidhealth
Candid Intelligence,candidintelligence,https://jobs.ashbyhq.com/candidintelligence
candidate fyi,candidate.fyi,https://jobs.ashbyhq.com/candidate.fyi
Canopy,canopy,https://jobs.ashbyhq.com/canopy
Cantina,cantina,https://jobs.ashbyhq.com/cantina
Canvas Medical,canvas-medical,https://jobs.ashbyhq.com/canvas-medical
Capable Labs,capable,https://jobs.ashbyhq.com/capable
Capchase,capchase,https://jobs.ashbyhq.com/capchase
Cape,cape,https://jobs.ashbyhq.com/cape
Capi Money,capimoney,https://jobs.ashbyhq.com/capimoney
Capsule,capsule,https://jobs.ashbyhq.com/capsule
Capy,capy,https://jobs.ashbyhq.com/capy
Cara,cara-ai,https://jobs.ashbyhq.com/cara-ai
Carbon Health,carbonhealth,https://jobs.ashbyhq.com/carbonhealth
"Cardboard, Inc",cardboard,https://jobs.ashbyhq.com/cardboard
Cardless,cardless,https://jobs.ashbyhq.com/cardless
CareSwift,careswift,https://jobs.ashbyhq.com/careswift
Careway Health,careway,https://jobs.ashbyhq.com/careway
Cargado,cargado,https://jobs.ashbyhq.com/cargado
cargo.one,cargo-one,https://jobs.ashbyhq.com/cargo-one
CARIAN,carian,https://jobs.ashbyhq.com/carian
Caribou,caribou,https://jobs.ashbyhq.com/caribou
Carolina Complete Health Network,cchn,https://jobs.ashbyhq.com/cchn
Carrara,carrara,https://jobs.ashbyhq.com/carrara
Cartesia,cartesia,https://jobs.ashbyhq.com/cartesia
Caruso,caruso,https://jobs.ashbyhq.com/caruso
Carwow,carwow,https://jobs.ashbyhq.com/carwow
Casa,casa,https://jobs.ashbyhq.com/casa
Casap,casap,https://jobs.ashbyhq.com/casap
Casca,casca,https://jobs.ashbyhq.com/casca
Cascade,cascade,https://jobs.ashbyhq.com/cascade
Casdin Capital,casdin-capital,https://jobs.ashbyhq.com/casdin-capital
Casium,casium,https://jobs.ashbyhq.com/casium
Casper Studios,casperstudios,https://jobs.ashbyhq.com/casperstudios
Cassi Home,cassihome,https://jobs.ashbyhq.com/cassihome
Castle,castle,https://jobs.ashbyhq.com/castle
Castleton Tower,castletontower,https://jobs.ashbyhq.com/castletontower
Catalog,catalog,https://jobs.ashbyhq.com/catalog
Catch,catch,https://jobs.ashbyhq.com/catch
Catchafire,catchafire,https://jobs.ashbyhq.com/catchafire
Category Labs,category-labs,https://jobs.ashbyhq.com/category-labs
Catena,catena-labs,https://jobs.ashbyhq.com/catena-labs
Catena,catena,https://jobs.ashbyhq.com/catena
Catio,catio,https://jobs.ashbyhq.com/catio
Causa Prima,causaprima,https://jobs.ashbyhq.com/causaprima
Causal Labs,causal,https://jobs.ashbyhq.com/causal
Causaly,causaly,https://jobs.ashbyhq.com/causaly
Cedar,cedar,https://jobs.ashbyhq.com/cedar
Cellular Intelligence,cellular-intelligence,https://jobs.ashbyhq.com/cellular-intelligence
Centari,centari,https://jobs.ashbyhq.com/centari
Centerfield,centerfield,https://jobs.ashbyhq.com/centerfield
Centivo,centivo,https://jobs.ashbyhq.com/centivo
Centre for Effective Altruism,centreforeffectivealtruism,https://jobs.ashbyhq.com/centreforeffectivealtruism
Centuro Global,centuro-global-careers,https://jobs.ashbyhq.com/centuro-global-careers
Cerebras Systems,cerebras,https://jobs.ashbyhq.com/cerebras
Certa,certa,https://jobs.ashbyhq.com/certa
"Certifid, Inc",certifid,https://jobs.ashbyhq.com/certifid
CertifyOS,certifyos,https://jobs.ashbyhq.com/certifyos
Certn,certn,https://jobs.ashbyhq.com/certn
Cerve Global Ltd,cerve,https://jobs.ashbyhq.com/cerve
cfo.ai,runway,https://jobs.ashbyhq.com/runway
Chai Discovery,chaidiscovery,https://jobs.ashbyhq.com/chaidiscovery
Chainalysis,chainalysis-careers,https://jobs.ashbyhq.com/chainalysis-careers
Chakra Labs,chakra-labs,https://jobs.ashbyhq.com/chakra-labs
Chalk,chalk,https://jobs.ashbyhq.com/chalk
Chalkboard,chalkboard,https://jobs.ashbyhq.com/chalkboard
Chamber,chamber,https://jobs.ashbyhq.com/chamber
Chamber Cardio,chambercardio,https://jobs.ashbyhq.com/chambercardio
Chamelio,chamelio,https://jobs.ashbyhq.com/chamelio
Change.org,change,https://jobs.ashbyhq.com/change
Chapter,chapter,https://jobs.ashbyhq.com/chapter
Character.AI,character,https://jobs.ashbyhq.com/character
Charge Robotics,charge-robotics,https://jobs.ashbyhq.com/charge-robotics
Chartis,chartis,https://jobs.ashbyhq.com/chartis
Chatbase,chatbase,https://jobs.ashbyhq.com/chatbase
Chattermill Analytics Limited,chattermill,https://jobs.ashbyhq.com/chattermill
Check,check-technologies,https://jobs.ashbyhq.com/check-technologies
Checkatrade,checkatrade,https://jobs.ashbyhq.com/checkatrade
Checkly,checkly,https://jobs.ashbyhq.com/checkly
Checkout.com,checkout.com,https://jobs.ashbyhq.com/checkout.com
Cheiron,cheiron,https://jobs.ashbyhq.com/cheiron
Chestnut,chestnut,https://jobs.ashbyhq.com/chestnut
Chief,chief,https://jobs.ashbyhq.com/chief
Chili Piper,chilipiper,https://jobs.ashbyhq.com/chilipiper
Chimera Investment Corporation,chimerareit,https://jobs.ashbyhq.com/chimerareit
ChipAgents,alpha-design-ai-inc,https://jobs.ashbyhq.com/alpha-design-ai-inc
Choco,choco,https://jobs.ashbyhq.com/choco
Chord,chord,https://jobs.ashbyhq.com/chord
Chromatic,chromatic,https://jobs.ashbyhq.com/chromatic
Chronosphere,chronospherejobs,https://jobs.ashbyhq.com/chronospherejobs
Cinder,cinder,https://jobs.ashbyhq.com/cinder
Circle Health,circle-health,https://jobs.ashbyhq.com/circle-health
CircuitHub,circuithub,https://jobs.ashbyhq.com/circuithub
Circular Economy Systems,circulareconomysystems,https://jobs.ashbyhq.com/circulareconomysystems
Ciro,ciro,https://jobs.ashbyhq.com/ciro
Ciroos,ciroos,https://jobs.ashbyhq.com/ciroos
Citadel AI,citadel-ai,https://jobs.ashbyhq.com/citadel-ai
Citizen,citizen,https://jobs.ashbyhq.com/citizen
Citizen Health,citizen health,https://jobs.ashbyhq.com/Citizen%20Health
CivilGrid,civilgrid,https://jobs.ashbyhq.com/civilgrid
Claim Health,claim-health,https://jobs.ashbyhq.com/claim-health
ClaimSorted,claimsorted,https://jobs.ashbyhq.com/claimsorted
Clair,clair,https://jobs.ashbyhq.com/clair
Clarasight,clarasight,https://jobs.ashbyhq.com/clarasight
Clarify,clarify,https://jobs.ashbyhq.com/clarify
Clarion,clarion,https://jobs.ashbyhq.com/clarion
Clarisights,clarisights,https://jobs.ashbyhq.com/clarisights
Clarity,clarity,https://jobs.ashbyhq.com/clarity
Clarity Pediatrics,claritypediatrics,https://jobs.ashbyhq.com/claritypediatrics
ClarityPay,claritypay,https://jobs.ashbyhq.com/claritypay
Clarium,clarium,https://jobs.ashbyhq.com/clarium
Claryo,claryo,https://jobs.ashbyhq.com/claryo
Clasp,clasp-group,https://jobs.ashbyhq.com/clasp-group
Clasp,clasp,https://jobs.ashbyhq.com/clasp
ClassDojo,classdojo,https://jobs.ashbyhq.com/classdojo
Clay Labs,claylabs,https://jobs.ashbyhq.com/claylabs
clearalpha,clearalpha,https://jobs.ashbyhq.com/clearalpha
ClearBank,clearbank,https://jobs.ashbyhq.com/clearbank
Clearco,clearco,https://jobs.ashbyhq.com/clearco
Clearly AI,clearly-ai,https://jobs.ashbyhq.com/clearly-ai
Clera,clera,https://jobs.ashbyhq.com/clera
Cleric,cleric,https://jobs.ashbyhq.com/cleric
Clerk,clerk,https://jobs.ashbyhq.com/clerk
"Clerky, Inc.",clerky,https://jobs.ashbyhq.com/clerky
Clever,clever,https://jobs.ashbyhq.com/clever
ClickHouse,clickhouse,https://jobs.ashbyhq.com/clickhouse
ClickUp,clickup,https://jobs.ashbyhq.com/clickup
Climate Finance Solutions,climate-finance-solutions,https://jobs.ashbyhq.com/climate-finance-solutions
Climatiq,climatiq,https://jobs.ashbyhq.com/climatiq
Clinically AI,clinicallyai,https://jobs.ashbyhq.com/clinicallyai
Clipboard,clipboard,https://jobs.ashbyhq.com/clipboard
Clipbook,clipbook,https://jobs.ashbyhq.com/Clipbook
Cloaked,cloaked,https://jobs.ashbyhq.com/cloaked
Close,close,https://jobs.ashbyhq.com/close
Closetamerica,closetamerica,https://jobs.ashbyhq.com/closetamerica
Cloud Accountant Staffing,cas,https://jobs.ashbyhq.com/cas
Cloud9,cloud9,https://jobs.ashbyhq.com/cloud9
CloudKitchens,cloudkitchens,https://jobs.ashbyhq.com/cloudkitchens
Cloudscaler,cloudscaler,https://jobs.ashbyhq.com/cloudscaler
CloudTrucks,cloudtrucks,https://jobs.ashbyhq.com/cloudtrucks
CloudZero,cloudzero,https://jobs.ashbyhq.com/cloudzero
Clove,clove,https://jobs.ashbyhq.com/clove
Clover Sonoma,clover-sonoma,https://jobs.ashbyhq.com/clover-sonoma
Clubhouse,clubhouse,https://jobs.ashbyhq.com/clubhouse
Cluely,cluely,https://jobs.ashbyhq.com/cluely
Clutch,withclutch,https://jobs.ashbyhq.com/withclutch
CoachHub,coachhub careers,https://jobs.ashbyhq.com/CoachHub%20Careers
Coactive AI,coactive,https://jobs.ashbyhq.com/coactive
Coalesce,coalesce,https://jobs.ashbyhq.com/coalesce
Coastal Community Bank,coastal,https://jobs.ashbyhq.com/coastal
Cobot,cobot,https://jobs.ashbyhq.com/cobot
Coco,cocodelivery,https://jobs.ashbyhq.com/cocodelivery
Cocoon,cocoon,https://jobs.ashbyhq.com/cocoon
CodaMetrix,codametrix,https://jobs.ashbyhq.com/CodaMetrix
Codat,codat,https://jobs.ashbyhq.com/codat
Code Metal,code-metal,https://jobs.ashbyhq.com/code-metal
Coder,coder,https://jobs.ashbyhq.com/coder
CodeRabbit,coderabbit,https://jobs.ashbyhq.com/coderabbit
Codes Health,codes-health,https://jobs.ashbyhq.com/codes-health
Codesphere,codesphere,https://jobs.ashbyhq.com/codesphere
Codeway,codeway,https://jobs.ashbyhq.com/codeway
Codex,codex,https://jobs.ashbyhq.com/codex
Coefficient Giving,coefficientgiving,https://jobs.ashbyhq.com/coefficientgiving
Coframe,coframe,https://jobs.ashbyhq.com/coframe
Cogent Security,cogent-security,https://jobs.ashbyhq.com/cogent-security
Cognition,cognition,https://jobs.ashbyhq.com/cognition
Cohen Immigration Law,cohen-immigration-law,https://jobs.ashbyhq.com/cohen-immigration-law
Cohere,cohere,https://jobs.ashbyhq.com/cohere
Coinflow,coinflow,https://jobs.ashbyhq.com/coinflow
Coinhako,coinhako,https://jobs.ashbyhq.com/coinhako
CoinTracker,cointracker,https://jobs.ashbyhq.com/cointracker
Cold Start Ventures,coldstartventures,https://jobs.ashbyhq.com/coldstartventures
Collective,collective,https://jobs.ashbyhq.com/collective
Colonist,colonist,https://jobs.ashbyhq.com/colonist
Column,column,https://jobs.ashbyhq.com/column
Column Tax,columntax,https://jobs.ashbyhq.com/columntax
Comand AI,comand-ai,https://jobs.ashbyhq.com/comand-ai
Comfy,comfy-org,https://jobs.ashbyhq.com/comfy-org
CoMind,comind,https://jobs.ashbyhq.com/comind
Comity,comity,https://jobs.ashbyhq.com/comity
Common Room,commonroom,https://jobs.ashbyhq.com/commonroom
Commons,commons,https://jobs.ashbyhq.com/commons
Commure,commure,https://jobs.ashbyhq.com/commure
Compa,compa,https://jobs.ashbyhq.com/compa
Company.ai,company-ai,https://jobs.ashbyhq.com/company-ai
Compass Surgical Partners,compass-surgical-partners,https://jobs.ashbyhq.com/compass-surgical-partners
Complement,complement,https://jobs.ashbyhq.com/complement
Complete,complete,https://jobs.ashbyhq.com/complete
Complir,complir,https://jobs.ashbyhq.com/complir
Composio,composio,https://jobs.ashbyhq.com/composio
"Compound Planning, Inc.",compound,https://jobs.ashbyhq.com/compound
Comprehensive,comprehensive,https://jobs.ashbyhq.com/comprehensive
CompScience,compscience,https://jobs.ashbyhq.com/compscience
comstruct ICT,comstruct,https://jobs.ashbyhq.com/comstruct
Comulate,comulate,https://jobs.ashbyhq.com/comulate
Comun,comun,https://jobs.ashbyhq.com/comun
Conception,conception,https://jobs.ashbyhq.com/Conception
Concourse,concourse,https://jobs.ashbyhq.com/concourse
Concurrence,amigo,https://jobs.ashbyhq.com/amigo
Condor Software,condor-software,https://jobs.ashbyhq.com/condor-software
Conduct,conduct,https://jobs.ashbyhq.com/conduct
Conductor,conductor,https://jobs.ashbyhq.com/conductor
ConductorAI,conductorai,https://jobs.ashbyhq.com/conductorai
Conduit,conduit,https://jobs.ashbyhq.com/conduit
Conduit Health,conduit-health,https://jobs.ashbyhq.com/conduit-health
Confiant,confiant,https://jobs.ashbyhq.com/confiant
Confido,confido,https://jobs.ashbyhq.com/confido
Confluent,confluent,https://jobs.ashbyhq.com/confluent
Connectly Inc,connectly,https://jobs.ashbyhq.com/connectly
Conquest,conquest,https://jobs.ashbyhq.com/conquest
Conscious Talent,conscious-talent,https://jobs.ashbyhq.com/conscious-talent
Console,console,https://jobs.ashbyhq.com/console
Constellation Space,constellationspace,https://jobs.ashbyhq.com/constellationspace
Constructor,constructor,https://jobs.ashbyhq.com/constructor
contentoo,contentoo,https://jobs.ashbyhq.com/contentoo
Context,context,https://jobs.ashbyhq.com/context
Continue,continue,https://jobs.ashbyhq.com/continue
Contoro Inc.,contoro,https://jobs.ashbyhq.com/contoro
Contra,contra,https://jobs.ashbyhq.com/contra
Conveo.ai,conveo,https://jobs.ashbyhq.com/conveo
Conversion,conversion,https://jobs.ashbyhq.com/conversion
Convex,convex-dev,https://jobs.ashbyhq.com/convex-dev
Convey (formerly Message Broadcast),convey,https://jobs.ashbyhq.com/convey
Cooper Moss Rutland,cmr.london,https://jobs.ashbyhq.com/cmr.london
Copilot Money,copilot-money,https://jobs.ashbyhq.com/copilot-money
Coral AI,coralai,https://jobs.ashbyhq.com/coralai
Coram AI,coram-ai,https://jobs.ashbyhq.com/coram-ai
Core of the Heart,coreoftheheart,https://jobs.ashbyhq.com/coreoftheheart
coreflow,coreflow,https://jobs.ashbyhq.com/coreflow
CorePlan,coreplan,https://jobs.ashbyhq.com/coreplan
Corgi Insurance,corgi,https://jobs.ashbyhq.com/corgi
Corridor,corridor,https://jobs.ashbyhq.com/corridor
Cortea AI,cortea,https://jobs.ashbyhq.com/cortea
Corti,corti,https://jobs.ashbyhq.com/corti
Corvus Robotics,corvus-robotics,https://jobs.ashbyhq.com/corvus-robotics
Cosine,cosine,https://jobs.ashbyhq.com/cosine
Cosmic Robotics,cosmic-robotics,https://jobs.ashbyhq.com/cosmic-robotics
cosmos GmbH,cosmos,https://jobs.ashbyhq.com/cosmos
Costanoa Ventures,costanoavc,https://jobs.ashbyhq.com/costanoavc
Cosuno,cosuno,https://jobs.ashbyhq.com/cosuno
Council Capital,council-capital,https://jobs.ashbyhq.com/council-capital
Counsel Health,counsel,https://jobs.ashbyhq.com/counsel
Count,count,https://jobs.ashbyhq.com/count
Counterpart,counterpart,https://jobs.ashbyhq.com/counterpart
CourseCareers,coursecareers,https://jobs.ashbyhq.com/coursecareers
Coverbase,coverbase,https://jobs.ashbyhq.com/coverbase
Coverdash,coverdash,https://jobs.ashbyhq.com/coverdash
CoW DAO,cow-dao,https://jobs.ashbyhq.com/cow-dao
Cowboy Space Corp.,aetherflux,https://jobs.ashbyhq.com/aetherflux
Cowboy Space Corp.,cowboyspace,https://jobs.ashbyhq.com/cowboyspace
Coworker.ai,coworker,https://jobs.ashbyhq.com/coworker
CPOHQ + Knoetic AI,knoetic,https://jobs.ashbyhq.com/knoetic
Cracken,crackenagi,https://jobs.ashbyhq.com/crackenagi
Cradle,cradlebio,https://jobs.ashbyhq.com/cradlebio
Craft Docs,craftdocs,https://jobs.ashbyhq.com/craftdocs
Craft Machine Inc,craft.co,https://jobs.ashbyhq.com/craft.co
Craze,craze,https://jobs.ashbyhq.com/craze
Creatify Lab Inc,creatify,https://jobs.ashbyhq.com/creatify
CreatorIQ,creatoriq,https://jobs.ashbyhq.com/creatoriq
Credal,credal,https://jobs.ashbyhq.com/credal
Credit Genie,creditgenie,https://jobs.ashbyhq.com/creditgenie
Credo.AI,credo.ai,https://jobs.ashbyhq.com/credo.ai
Crete Professionals Alliance,crete-professionals-alliance,https://jobs.ashbyhq.com/crete-professionals-alliance
CrewBloom,crewbloom,https://jobs.ashbyhq.com/crewbloom
Cribl,cribl,https://jobs.ashbyhq.com/cribl
Crisp,crisp,https://jobs.ashbyhq.com/crisp
Crisp,crispgrowth,https://jobs.ashbyhq.com/crispgrowth
Critical Energy,critical-energy,https://jobs.ashbyhq.com/critical-energy
Critical Loop,criticalloop,https://jobs.ashbyhq.com/criticalloop
Crogl,crogl,https://jobs.ashbyhq.com/crogl
Crosby,crosby,https://jobs.ashbyhq.com/crosby
Crossjoin Solutions,crossjoin-solutions,https://jobs.ashbyhq.com/crossjoin-solutions
Crunchbase (Lever),crunchbase,https://jobs.ashbyhq.com/crunchbase
Crusoe,crusoe,https://jobs.ashbyhq.com/crusoe
Cruva,cruva,https://jobs.ashbyhq.com/cruva
Crux,cruxclimate,https://jobs.ashbyhq.com/cruxclimate
Cryptio,cryptio,https://jobs.ashbyhq.com/cryptio
Cside,cside,https://jobs.ashbyhq.com/cside
CTGT,ctgt,https://jobs.ashbyhq.com/ctgt
CUBE,cube,https://jobs.ashbyhq.com/cube
Cube,cubesoftware,https://jobs.ashbyhq.com/cubesoftware
Cubic³,cubic3,https://jobs.ashbyhq.com/cubic3
Cubist,cubist,https://jobs.ashbyhq.com/cubist
Cuesta Partners,cuesta-partners,https://jobs.ashbyhq.com/cuesta-partners
Curated,curated,https://jobs.ashbyhq.com/curated
Curie,curie,https://jobs.ashbyhq.com/curie
Current,current-advisors,https://jobs.ashbyhq.com/current-advisors
Curri,curri,https://jobs.ashbyhq.com/curri
cursor,cursor,https://jobs.ashbyhq.com/cursor
Curvion Blue,curvionblue,https://jobs.ashbyhq.com/curvionblue
CuspAI,cuspai,https://jobs.ashbyhq.com/cuspai
Customuse,customuse,https://jobs.ashbyhq.com/customuse
CyberCube,cybcube,https://jobs.ashbyhq.com/cybcube
Cyberhaven,cyberhaven,https://jobs.ashbyhq.com/cyberhaven
CYBRET AI,cybret,https://jobs.ashbyhq.com/cybret
Cygnify,cygnify,https://jobs.ashbyhq.com/cygnify
"Cylake, Inc",cylake-inc,https://jobs.ashbyhq.com/cylake-inc
Cylinder Health,cylinderhealth,https://jobs.ashbyhq.com/cylinderhealth
Cytora,cytora.com,https://jobs.ashbyhq.com/cytora.com
Cyvl,cyvl,https://jobs.ashbyhq.com/cyvl
d-Matrix,d-matrix,https://jobs.ashbyhq.com/d-matrix
d/dx,ddx,https://jobs.ashbyhq.com/ddx
DailyPay,dailypay,https://jobs.ashbyhq.com/dailypay
Dakota,dakota,https://jobs.ashbyhq.com/dakota
Dandelion Energy,dandelion,https://jobs.ashbyhq.com/dandelion
Dandelion Health Inc,dandelionhealth,https://jobs.ashbyhq.com/dandelionhealth
Dandy,dandy,https://jobs.ashbyhq.com/dandy
Dapper,dapper,https://jobs.ashbyhq.com/dapper
Darkroom,darkroom,https://jobs.ashbyhq.com/darkroom
Darwin,darwin,https://jobs.ashbyhq.com/darwin
Dash0,dash0,https://jobs.ashbyhq.com/dash0
DataGuard,dataguard,https://jobs.ashbyhq.com/dataguard
Datalab,datalab,https://jobs.ashbyhq.com/datalab
DataSnipper,datasnipper,https://jobs.ashbyhq.com/datasnipper
DataStealth,datastealth,https://jobs.ashbyhq.com/datastealth
Datatonic,datatonic,https://jobs.ashbyhq.com/datatonic
DatologyAI,datologyai,https://jobs.ashbyhq.com/datologyai
Datum,datum,https://jobs.ashbyhq.com/datum
Dave,dave,https://jobs.ashbyhq.com/dave
David AI,david-ai,https://jobs.ashbyhq.com/david-ai
David Energy,davidenergy,https://jobs.ashbyhq.com/davidenergy
Davis Technology Management,davistechnologymanagement,https://jobs.ashbyhq.com/davistechnologymanagement
Daydream,daydream-ai,https://jobs.ashbyhq.com/daydream-ai
daydream,withdaydream,https://jobs.ashbyhq.com/withdaydream
DayDream,daydream,https://jobs.ashbyhq.com/daydream
Daydream,daydreamlive,https://jobs.ashbyhq.com/daydreamlive
dClimate,dclimate,https://jobs.ashbyhq.com/dclimate
DDN,ddn,https://jobs.ashbyhq.com/ddn
DealMaker,dealmaker,https://jobs.ashbyhq.com/dealmaker
Dealops,dealops,https://jobs.ashbyhq.com/dealops
Decagon,decagon,https://jobs.ashbyhq.com/decagon
Decimal,decimal,https://jobs.ashbyhq.com/decimal
Dedale Intelligence,dedale-intelligence,https://jobs.ashbyhq.com/dedale-intelligence
Deductive AI,deductive,https://jobs.ashbyhq.com/deductive
Deel,deel,https://jobs.ashbyhq.com/deel
Deepgram,deepgram,https://jobs.ashbyhq.com/deepgram
DeepJudge,deepjudge,https://jobs.ashbyhq.com/deepjudge
DeepL,deepl,https://jobs.ashbyhq.com/deepl
Deeploy,deeploy,https://jobs.ashbyhq.com/deeploy
Deepnote,deepnote,https://jobs.ashbyhq.com/Deepnote
deepset,deepsetai,https://jobs.ashbyhq.com/deepsetai
DeepSky,deepsky,https://jobs.ashbyhq.com/deepsky
DeepSource,deepsource,https://jobs.ashbyhq.com/deepsource
Deeptune,deeptune,https://jobs.ashbyhq.com/deeptune
Deeter Analytics,deeter-analytics,https://jobs.ashbyhq.com/deeter-analytics
Defense,defense,https://jobs.ashbyhq.com/defense
Defy Security,defy-security,https://jobs.ashbyhq.com/defy-security
Dehazelabs,dehazelabs,https://jobs.ashbyhq.com/dehazelabs
Del Playa Group,delplayagroup,https://jobs.ashbyhq.com/delplayagroup
Delfa AI,delfa,https://jobs.ashbyhq.com/delfa
Delian Alliance Industries,delian,https://jobs.ashbyhq.com/delian
Deligo,deligo,https://jobs.ashbyhq.com/deligo
Delinea,delinea,https://jobs.ashbyhq.com/delinea
Deliveroo,deliveroo,https://jobs.ashbyhq.com/deliveroo
Delos Data Inc,delos-data,https://jobs.ashbyhq.com/delos-data
Delphi,delphi,https://jobs.ashbyhq.com/delphi
Deltia,deltia,https://jobs.ashbyhq.com/deltia
Delve,delve,https://jobs.ashbyhq.com/delve
Demandbase,demandbase,https://jobs.ashbyhq.com/demandbase
Deposco,deposco,https://jobs.ashbyhq.com/deposco
Depot,depot,https://jobs.ashbyhq.com/depot
DepthFirst,depthfirst,https://jobs.ashbyhq.com/depthfirst
Designworks Talent,designworkstalent,https://jobs.ashbyhq.com/designworkstalent
Detail,detail,https://jobs.ashbyhq.com/detail
Develop Health,develop-health,https://jobs.ashbyhq.com/develop-health
DevSavant Inc.,devsavant,https://jobs.ashbyhq.com/devsavant
Dex,dex,https://jobs.ashbyhq.com/dex
Dexmate,dexmate,https://jobs.ashbyhq.com/dexmate
Diagrid,diagrid,https://jobs.ashbyhq.com/diagrid
Dialogue AI,dialogueai,https://jobs.ashbyhq.com/dialogueai
digg,digg,https://jobs.ashbyhq.com/digg
Dimension,dimension,https://jobs.ashbyhq.com/dimension
Dimensional Inc.,dimensional,https://jobs.ashbyhq.com/dimensional
Dipper,dipper,https://jobs.ashbyhq.com/dipper
Directive,directive,https://jobs.ashbyhq.com/directive
Dispatch,dispatch,https://jobs.ashbyhq.com/dispatch
Distributed Spectrum,distributed-spectrum,https://jobs.ashbyhq.com/distributed-spectrum
Distributor Wire & Cable,distributor-wire-cable,https://jobs.ashbyhq.com/distributor-wire-cable
Distyl AI,distyl,https://jobs.ashbyhq.com/distyl
Ditto,ditto,https://jobs.ashbyhq.com/ditto
Ditto (agentic social),dittoai,https://jobs.ashbyhq.com/dittoai
Diversified Botanics,diversified-botanics,https://jobs.ashbyhq.com/diversified-botanics
Divine,divineresearch,https://jobs.ashbyhq.com/DivineResearch
DLC,dlc-inc,https://jobs.ashbyhq.com/dlc-inc
Docebo,docebo,https://jobs.ashbyhq.com/docebo
Docker,docker,https://jobs.ashbyhq.com/docker
Docplanner,docplanner,https://jobs.ashbyhq.com/docplanner
Doctolib,doctolib,https://jobs.ashbyhq.com/doctolib
Doctronic,doctronic,https://jobs.ashbyhq.com/doctronic
doe,doe,https://jobs.ashbyhq.com/doe
doinstruct,doinstruct,https://jobs.ashbyhq.com/doinstruct
Doji,doji,https://jobs.ashbyhq.com/doji
DoktorTakvimi,doktortakvimi,https://jobs.ashbyhq.com/doktortakvimi
Dominion Dynamics,dominion dynamics,https://jobs.ashbyhq.com/Dominion%20Dynamics
Domu AI,domu,https://jobs.ashbyhq.com/domu
Don's Garage Doors,dons-garage-doors,https://jobs.ashbyhq.com/dons-garage-doors
Doppel,doppel,https://jobs.ashbyhq.com/doppel
Doppler,doppler,https://jobs.ashbyhq.com/doppler
DOSS,doss,https://jobs.ashbyhq.com/doss
"Dosu, Inc.",dosu,https://jobs.ashbyhq.com/dosu
Dotfile,dotfile,https://jobs.ashbyhq.com/dotfile
dottxt,dottxt,https://jobs.ashbyhq.com/dottxt
Double,double,https://jobs.ashbyhq.com/double
Double the Donation,double-the-donation,https://jobs.ashbyhq.com/double-the-donation
DoubleZero,doublezero,https://jobs.ashbyhq.com/DoubleZero
Douro Labs,dourolabs.xyz,https://jobs.ashbyhq.com/dourolabs.xyz
Dovetail,dovetail,https://jobs.ashbyhq.com/dovetail
Dr. Comfort,drcomfort,https://jobs.ashbyhq.com/drcomfort
Dragonfly,askdragonfly,https://jobs.ashbyhq.com/askdragonfly
Drata,drata,https://jobs.ashbyhq.com/drata
Dream Three,dreamthree,https://jobs.ashbyhq.com/dreamthree
Dressly,dressly,https://jobs.ashbyhq.com/dressly
Drogue,drogue,https://jobs.ashbyhq.com/drogue
Droyd,droyd,https://jobs.ashbyhq.com/droyd
Dryft,dryft,https://jobs.ashbyhq.com/dryft
DualEntry,dualentry,https://jobs.ashbyhq.com/dualentry
DubClub,dubclub,https://jobs.ashbyhq.com/dubclub
Duckbill,duckbill,https://jobs.ashbyhq.com/duckbill
DuckDuckGo,duck-duck-go,https://jobs.ashbyhq.com/duck-duck-go
Duet,duet,https://jobs.ashbyhq.com/duet
Duffel,duffel,https://jobs.ashbyhq.com/duffel
Duna,duna,https://jobs.ashbyhq.com/duna
Dune,dune,https://jobs.ashbyhq.com/dune
Dusk,dusk,https://jobs.ashbyhq.com/dusk
Dust,dust,https://jobs.ashbyhq.com/dust
Dusty,jobs,https://jobs.ashbyhq.com/jobs
Duvo Inc,duvo,https://jobs.ashbyhq.com/duvo
Dweet,dweet,https://jobs.ashbyhq.com/dweet
Dwelling,dwelling,https://jobs.ashbyhq.com/dwelling
Dyna Robotics,dyna-robotics,https://jobs.ashbyhq.com/dyna-robotics
Dynamic,dynamic,https://jobs.ashbyhq.com/dynamic
Dyneti,dyneti,https://jobs.ashbyhq.com/dyneti
E Source,e-source,https://jobs.ashbyhq.com/e-source
E2B,e2b,https://jobs.ashbyhq.com/e2b
Eagle,eagle,https://jobs.ashbyhq.com/eagle
Earned,earnedwealth,https://jobs.ashbyhq.com/earnedwealth
Eastwood & Cleef,eastwoodcleef,https://jobs.ashbyhq.com/eastwoodcleef
Easygenerator,easygenerator,https://jobs.ashbyhq.com/easygenerator
EasyLlama,easyllama.com,https://jobs.ashbyhq.com/easyllama.com
Echo Neurotechnologies,echo,https://jobs.ashbyhq.com/echo
EchoMark,echomark,https://jobs.ashbyhq.com/echomark
EchoTwin AI,echotwin,https://jobs.ashbyhq.com/echotwin
Edia,edia,https://jobs.ashbyhq.com/edia
Ediphi,ediphi,https://jobs.ashbyhq.com/ediphi
Edison Scientific,edison scientific,https://jobs.ashbyhq.com/Edison%20Scientific
EDITED,edited,https://jobs.ashbyhq.com/edited
Edlink,edlink,https://jobs.ashbyhq.com/edlink
Edra,edra,https://jobs.ashbyhq.com/edra
EdSights,edsights,https://jobs.ashbyhq.com/edsights
EducationSuperHighway,educationsuperhighway,https://jobs.ashbyhq.com/educationsuperhighway
EdVisorly,edvisorly,https://jobs.ashbyhq.com/edvisorly
Egra,egra,https://jobs.ashbyhq.com/egra
Eigen,teameigen,https://jobs.ashbyhq.com/teameigen
Eigen Labs,eigen-labs,https://jobs.ashbyhq.com/eigen-labs
Eight Sleep,eightsleep,https://jobs.ashbyhq.com/eightsleep
Eisen,eisen,https://jobs.ashbyhq.com/eisen
Eka,ekarobotics,https://jobs.ashbyhq.com/ekarobotics
Ekho,ekho,https://jobs.ashbyhq.com/ekho
Ekumen,ekumenlabs,https://jobs.ashbyhq.com/ekumenlabs
ElastixAI INC.,elastix,https://jobs.ashbyhq.com/elastix
Electric,electric,https://jobs.ashbyhq.com/electric
Electric Air,electricair,https://jobs.ashbyhq.com/electricair
ElectronX,electronx,https://jobs.ashbyhq.com/electronx
Element 84,element84,https://jobs.ashbyhq.com/element84
Element451,element451,https://jobs.ashbyhq.com/element451
Eleos AI Research,eleos,https://jobs.ashbyhq.com/eleos
ElevenLabs,elevenlabs,https://jobs.ashbyhq.com/elevenlabs
Eli Health,eli,https://jobs.ashbyhq.com/eli
Elicit,elicit,https://jobs.ashbyhq.com/elicit
EliseAI,eliseai,https://jobs.ashbyhq.com/eliseai
Eliza,eliza,https://jobs.ashbyhq.com/eliza
ellamind,ellamind,https://jobs.ashbyhq.com/ellamind
Ellipsis Labs,ellipsislabs,https://jobs.ashbyhq.com/ellipsislabs
Elliptic,elliptic,https://jobs.ashbyhq.com/elliptic
Ello,ello,https://jobs.ashbyhq.com/ello
Eloquent AI,eloquentai,https://jobs.ashbyhq.com/eloquentai
Elorian,elorian-ai-inc,https://jobs.ashbyhq.com/elorian-ai-inc
Elyos AI,elyos,https://jobs.ashbyhq.com/elyos
Ema,ema,https://jobs.ashbyhq.com/ema
Emanate,emanate,https://jobs.ashbyhq.com/emanate
Embeddable,embeddable,https://jobs.ashbyhq.com/embeddable
Embedding VC,embedding-vc,https://jobs.ashbyhq.com/embedding-vc
Emberos,emberos,https://jobs.ashbyhq.com/emberos
embo,embo,https://jobs.ashbyhq.com/embo
Emerald AI,emerald-ai,https://jobs.ashbyhq.com/emerald-ai
Emergence Capital Partners,emergence-capital-partners,https://jobs.ashbyhq.com/emergence-capital-partners
Emergence Software,emergence,https://jobs.ashbyhq.com/emergence
Emidat,emidat,https://jobs.ashbyhq.com/emidat
Emora Health,emora-health,https://jobs.ashbyhq.com/emora-health
Empathic,empathic,https://jobs.ashbyhq.com/empathic
Empirical,empirical,https://jobs.ashbyhq.com/empirical
Empirical Security,empirical-security,https://jobs.ashbyhq.com/empirical-security
Empora Title,empora,https://jobs.ashbyhq.com/empora
Encord,encord,https://jobs.ashbyhq.com/encord
Endeavor,endeavorflow,https://jobs.ashbyhq.com/endeavorflow
endeavorai.com,endeavorai,https://jobs.ashbyhq.com/endeavorai
Endex,endex,https://jobs.ashbyhq.com/endex
Endgame,endgame,https://jobs.ashbyhq.com/endgame
Endurance Energy,endurance-energy,https://jobs.ashbyhq.com/endurance-energy
EngFlow,engflow,https://jobs.ashbyhq.com/engflow
Engram Lab,engram,https://jobs.ashbyhq.com/engram
Enode,enode,https://jobs.ashbyhq.com/enode
Enpal,enpal,https://jobs.ashbyhq.com/enpal
ENS Labs,ens-labs,https://jobs.ashbyhq.com/ens-labs
Ent,ent-security,https://jobs.ashbyhq.com/ent-security
Enter,enter-ai,https://jobs.ashbyhq.com/enter-ai
Envision Horizons LLC,envision-horizons,https://jobs.ashbyhq.com/envision-horizons
Envoy,envoy,https://jobs.ashbyhq.com/envoy
ePayPolicy,epay-policy,https://jobs.ashbyhq.com/epay-policy
Epia Neuro,epianeuro,https://jobs.ashbyhq.com/epianeuro
Epidemic Sound,epidemic-sound,https://jobs.ashbyhq.com/epidemic-sound
Epistemix,epistemix,https://jobs.ashbyhq.com/Epistemix
Epsilon Health,epsilon-health,https://jobs.ashbyhq.com/epsilon-health
Equal Ventures,equal-ventures,https://jobs.ashbyhq.com/equal-ventures
Equal1,equal1,https://jobs.ashbyhq.com/equal1
Equi,equi,https://jobs.ashbyhq.com/equi
Equip Health,equip,https://jobs.ashbyhq.com/equip
Ernest,ernest,https://jobs.ashbyhq.com/ernest
Escape Technologies,escape,https://jobs.ashbyhq.com/escape
Espa Labs,espa,https://jobs.ashbyhq.com/espa
Espresso AI,espresso,https://jobs.ashbyhq.com/espresso
Essential AI,essentialai,https://jobs.ashbyhq.com/essentialai
Etched,etched,https://jobs.ashbyhq.com/etched
Ether.fi,ether.fi,https://jobs.ashbyhq.com/ether.fi
Ethereum Foundation,ethereum-foundation,https://jobs.ashbyhq.com/ethereum-foundation
ETHGlobal Inc,ethglobal,https://jobs.ashbyhq.com/ethglobal
Ethyca,ethyca,https://jobs.ashbyhq.com/ethyca
Euclid Power,euclid-power,https://jobs.ashbyhq.com/euclid-power
Euphoric Global,euphoric,https://jobs.ashbyhq.com/euphoric
Eventual,eventualcomputing,https://jobs.ashbyhq.com/eventualcomputing
Eventual,eventual,https://jobs.ashbyhq.com/eventual
EverAI,everai,https://jobs.ashbyhq.com/everai
Everbridge,everbridge,https://jobs.ashbyhq.com/everbridge
Everfield,everfield,https://jobs.ashbyhq.com/everfield
Everis,everis,https://jobs.ashbyhq.com/everis
EverOps,everops,https://jobs.ashbyhq.com/everops
Everself,everself,https://jobs.ashbyhq.com/everself
Everstar,everstar,https://jobs.ashbyhq.com/everstar
Evertune,evertune,https://jobs.ashbyhq.com/evertune
Evervault,evervault,https://jobs.ashbyhq.com/evervault
Every.io,every-io,https://jobs.ashbyhq.com/every-io
Evolve AI Ltd,evolve,https://jobs.ashbyhq.com/evolve
Evolve Tech LLC,evolve-tech-llc,https://jobs.ashbyhq.com/evolve-tech-llc
Evvy,evvy,https://jobs.ashbyhq.com/evvy
Exa,exa,https://jobs.ashbyhq.com/exa
Excelerate,excelerate,https://jobs.ashbyhq.com/excelerate
Exegy,exegy,https://jobs.ashbyhq.com/exegy
Expa,expa,https://jobs.ashbyhq.com/expa
Expanding Circle Ltd,altruistiq,https://jobs.ashbyhq.com/altruistiq
Expensify,expensify,https://jobs.ashbyhq.com/expensify
Expressable,expressable,https://jobs.ashbyhq.com/expressable
Extend,extend,https://jobs.ashbyhq.com/extend
Extend Your Team,eyt,https://jobs.ashbyhq.com/eyt
Extropic,extropic,https://jobs.ashbyhq.com/extropic
Eye Security,eye-security,https://jobs.ashbyhq.com/eye-security
Eyebot,eyebot,https://jobs.ashbyhq.com/eyebot
"EyeTell, Inc.",eyetell,https://jobs.ashbyhq.com/eyetell
EZ Health,ezhealth,https://jobs.ashbyhq.com/ezhealth
EZTexting,eztexting,https://jobs.ashbyhq.com/eztexting
F2,f2-ai,https://jobs.ashbyhq.com/f2-ai
Fab2,fab2,https://jobs.ashbyhq.com/fab2
Fable Security,fable,https://jobs.ashbyhq.com/fable
Fabrion,fabrion,https://jobs.ashbyhq.com/fabrion
FacilityOS,facilityos,https://jobs.ashbyhq.com/facilityos
Faction,faction,https://jobs.ashbyhq.com/faction
Factor Eleven,factor-eleven,https://jobs.ashbyhq.com/factor-eleven
Factory,factory,https://jobs.ashbyhq.com/factory
Faculty,faculty,https://jobs.ashbyhq.com/faculty
Falconer,falconer,https://jobs.ashbyhq.com/falconer
Fanvue,fanvue.com,https://jobs.ashbyhq.com/fanvue.com
FAR.AI,far.ai,https://jobs.ashbyhq.com/far.ai
Farmers District 40,farmersd40,https://jobs.ashbyhq.com/farmersd40
Farmers Insurance,farmersd73,https://jobs.ashbyhq.com/farmersd73
FarmRaise,farmraise,https://jobs.ashbyhq.com/farmraise
Faros,faros-ai,https://jobs.ashbyhq.com/faros-ai
Farsight AI,farsight,https://jobs.ashbyhq.com/farsight
fastino.ai,fastino-ai,https://jobs.ashbyhq.com/fastino-ai
Fathom,fathom,https://jobs.ashbyhq.com/fathom
Fathom,fathom.video,https://jobs.ashbyhq.com/fathom.video
Faves,faves,https://jobs.ashbyhq.com/faves
Favorited,favorited,https://jobs.ashbyhq.com/favorited
Featherless AI,featherlessai,https://jobs.ashbyhq.com/featherlessai
Feathery,feathery,https://jobs.ashbyhq.com/feathery
Feathr,feathr,https://jobs.ashbyhq.com/feathr
FeedbackFruits,feedbackfruits,https://jobs.ashbyhq.com/feedbackfruits
Felix,felix,https://jobs.ashbyhq.com/felix
Fellow,fellow,https://jobs.ashbyhq.com/fellow
Fencer,fencer,https://jobs.ashbyhq.com/fencer
Fermi AI,fermi ai,https://jobs.ashbyhq.com/Fermi%20AI
Fern,buildwithfern,https://jobs.ashbyhq.com/buildwithfern
Ferry,ferryhealth,https://jobs.ashbyhq.com/ferryhealth
Fetch Pet,fetch-pet-health,https://jobs.ashbyhq.com/fetch-pet-health
fhiaremodeling,fhiaremodeling,https://jobs.ashbyhq.com/fhiaremodeling
Fiddler AI,fiddler-ai,https://jobs.ashbyhq.com/fiddler-ai
Fiducial,fiducial,https://jobs.ashbyhq.com/fiducial
Field Technologies FZCO,infinitefield,https://jobs.ashbyhq.com/infinitefield
Fieldguide,fieldguide,https://jobs.ashbyhq.com/fieldguide
Fig,fig,https://jobs.ashbyhq.com/fig
Figure,figure,https://jobs.ashbyhq.com/figure
Filigran,filigran,https://jobs.ashbyhq.com/filigran
Filmhub,filmhub,https://jobs.ashbyhq.com/filmhub
Fin,fin,https://jobs.ashbyhq.com/fin
Finalis,finalis,https://jobs.ashbyhq.com/finalis
finally,finally,https://jobs.ashbyhq.com/finally
Finary,finary,https://jobs.ashbyhq.com/finary
Fincentify,fincentify,https://jobs.ashbyhq.com/fincentify
Finch Care,finch,https://jobs.ashbyhq.com/finch
Finch Legal,finch-legal,https://jobs.ashbyhq.com/finch-legal
Finmid,finmid.com,https://jobs.ashbyhq.com/finmid.com
Finni Health,finni-health,https://jobs.ashbyhq.com/finni-health
FINNY,finny,https://jobs.ashbyhq.com/finny
Finout,finout,https://jobs.ashbyhq.com/finout
Finto,finto,https://jobs.ashbyhq.com/finto
Finvari,finvari,https://jobs.ashbyhq.com/finvari
Finvest,finvest,https://jobs.ashbyhq.com/finvest
Firebird Music,firebirdmusic,https://jobs.ashbyhq.com/firebirdmusic
Firecrawl,firecrawl,https://jobs.ashbyhq.com/firecrawl
Firetiger,firetiger,https://jobs.ashbyhq.com/firetiger
Fireworks,fireworks,https://jobs.ashbyhq.com/fireworks
First Resonance,first-resonance,https://jobs.ashbyhq.com/first-resonance
First Round Capital,firstround,https://jobs.ashbyhq.com/firstround
First Street,firststreet,https://jobs.ashbyhq.com/firststreet
Firsthand,firsthand,https://jobs.ashbyhq.com/firsthand
FirstMate,firstmate,https://jobs.ashbyhq.com/firstmate
FirstPrinciples,firstprinciples,https://jobs.ashbyhq.com/firstprinciples
Fitt Talent Partners,fitt,https://jobs.ashbyhq.com/fitt
Fizz,fizz,https://jobs.ashbyhq.com/fizz
Flagler Health,flaglerhealth,https://jobs.ashbyhq.com/flaglerhealth
Flagright,flagright.com,https://jobs.ashbyhq.com/flagright.com
Flagstone,flagstone,https://jobs.ashbyhq.com/flagstone
Flai,flai,https://jobs.ashbyhq.com/flai
Flashpoint,flashpoint.io,https://jobs.ashbyhq.com/flashpoint.io
Flawless,flawless,https://jobs.ashbyhq.com/flawless
Fleek,fleek,https://jobs.ashbyhq.com/fleek
Fleetline,fleetline,https://jobs.ashbyhq.com/fleetline
FleetPulse,fleetpulse,https://jobs.ashbyhq.com/fleetpulse
FleetWorks,fleetworks,https://jobs.ashbyhq.com/fleetworks
Flent,flentasticjobs,https://jobs.ashbyhq.com/flentasticjobs
Flex,withflex,https://jobs.ashbyhq.com/withflex
Flink Robotics,flink,https://jobs.ashbyhq.com/flink
Flint,flint,https://jobs.ashbyhq.com/flint
Flipper,flipper,https://jobs.ashbyhq.com/flipper
Flipturn,flipturn,https://jobs.ashbyhq.com/flipturn
Float,float,https://jobs.ashbyhq.com/float
FloatMe,floatme,https://jobs.ashbyhq.com/floatme
Flock,flock,https://jobs.ashbyhq.com/flock
Flock,flock safety,https://jobs.ashbyhq.com/Flock%20Safety
FLORA,flora,https://jobs.ashbyhq.com/flora
"FloSports, Inc.",flosports,https://jobs.ashbyhq.com/flosports
Flow Engineering,flowengineering,https://jobs.ashbyhq.com/flowengineering
Flowhub,flowhub,https://jobs.ashbyhq.com/flowhub
Flox,flox,https://jobs.ashbyhq.com/flox
Fluency,fluency,https://jobs.ashbyhq.com/fluency
Fluidstack,fluidstack,https://jobs.ashbyhq.com/fluidstack
FlutterFlow,flutterflow,https://jobs.ashbyhq.com/flutterflow
Flux,flux,https://jobs.ashbyhq.com/flux
Fnatic,fnatic,https://jobs.ashbyhq.com/fnatic
Focal,focal,https://jobs.ashbyhq.com/focal
Focus,focus,https://jobs.ashbyhq.com/focus
Focused,focused,https://jobs.ashbyhq.com/focused
Foley,foley,https://jobs.ashbyhq.com/foley
Folio,folio,https://jobs.ashbyhq.com/folio
fomo Labs,fomo-labs,https://jobs.ashbyhq.com/fomo-labs
fonio,fonio,https://jobs.ashbyhq.com/fonio
Fonoa,fonoa,https://jobs.ashbyhq.com/fonoa
Footprint,footprint,https://jobs.ashbyhq.com/footprint
Forerunner,forerunner,https://jobs.ashbyhq.com/forerunner
Foresight Data,foresight,https://jobs.ashbyhq.com/foresight
Foresight Health,foresight-health,https://jobs.ashbyhq.com/foresight-health
Foresite Labs (Stealth Co),foresite-labs-fl2024-006,https://jobs.ashbyhq.com/foresite-labs-fl2024-006
Forge,forge,https://jobs.ashbyhq.com/forge
Forma,forma,https://jobs.ashbyhq.com/forma
Formal,formal,https://jobs.ashbyhq.com/formal
Formance,formance,https://jobs.ashbyhq.com/formance
Formenergy,formenergy,https://jobs.ashbyhq.com/formenergy
Formula,formula,https://jobs.ashbyhq.com/formula
Fort Health,fort health,https://jobs.ashbyhq.com/Fort%20Health
Forto,forto,https://jobs.ashbyhq.com/forto
Fortreum,fortreum,https://jobs.ashbyhq.com/fortreum
Fortuna Health,fortuna-health,https://jobs.ashbyhq.com/fortuna-health
Forum Ventures,forum-ventures,https://jobs.ashbyhq.com/forum-ventures
Forus,tandem,https://jobs.ashbyhq.com/tandem
Forus,forus,https://jobs.ashbyhq.com/forus
Forward Financing,forward financing,https://jobs.ashbyhq.com/Forward%20Financing
Found,found,https://jobs.ashbyhq.com/found
Foundation,foundation,https://jobs.ashbyhq.com/foundation
Foundation Health,foundationhealthcareers,https://jobs.ashbyhq.com/foundationhealthcareers
Foundational,foundational,https://jobs.ashbyhq.com/foundational
Founders Factory,founders-factory,https://jobs.ashbyhq.com/founders-factory
Foundry for Good,foundry-for-good,https://jobs.ashbyhq.com/foundry-for-good
Foundry Robotics,foundry-robotics,https://jobs.ashbyhq.com/foundry-robotics
Fourier,fourier,https://jobs.ashbyhq.com/fourier
Foursquare,foursquare,https://jobs.ashbyhq.com/foursquare
FourTwoThree,fourtwothree,https://jobs.ashbyhq.com/fourtwothree
Foxelli Group,foxelligroup,https://jobs.ashbyhq.com/foxelligroup
Foxglove,foxglove,https://jobs.ashbyhq.com/foxglove
Fractional AI,fractional-ai,https://jobs.ashbyhq.com/fractional-ai
Fram Energy,framenergy,https://jobs.ashbyhq.com/framenergy
"Frec Markets, Inc.",frec,https://jobs.ashbyhq.com/frec
Freckle,freckle,https://jobs.ashbyhq.com/freckle
Freda,freda,https://jobs.ashbyhq.com/freda
Freed,freed,https://jobs.ashbyhq.com/freed
Freetrade,freetrade,https://jobs.ashbyhq.com/freetrade
FreeWill,freewill,https://jobs.ashbyhq.com/freewill
Freshpaint,freshpaint,https://jobs.ashbyhq.com/freshpaint
Fresno Summit Advisors,fresnosummit,https://jobs.ashbyhq.com/fresnosummit
FriendliAI,friendliai,https://jobs.ashbyhq.com/friendliai
Front,frontcareers,https://jobs.ashbyhq.com/frontcareers
Front Analytics,frontapp,https://jobs.ashbyhq.com/frontapp
Frontier Audio,frontier,https://jobs.ashbyhq.com/frontier
Fruitist,fruitist,https://jobs.ashbyhq.com/fruitist
FS Studio,fs-studio,https://jobs.ashbyhq.com/fs-studio
ftmo,ftmo,https://jobs.ashbyhq.com/ftmo
Fuel Cycle,fuel-cycle,https://jobs.ashbyhq.com/fuel-cycle
Fulcrum,fulcrum,https://jobs.ashbyhq.com/fulcrum
Fulcrum,fulcrum-inc,https://jobs.ashbyhq.com/fulcrum-inc
Fullstory,fullstory,https://jobs.ashbyhq.com/fullstory
Fundamental,fundamental,https://jobs.ashbyhq.com/fundamental
Fundamental Research Labs,fundamentalresearchlabs,https://jobs.ashbyhq.com/fundamentalresearchlabs
fundamentalXR,fundamentalxr,https://jobs.ashbyhq.com/FundamentalXR
Funding Circle,fundingcircle,https://jobs.ashbyhq.com/fundingcircle
Fundwell,fundwell,https://jobs.ashbyhq.com/fundwell
FuriosaAI,furiosa-ai,https://jobs.ashbyhq.com/furiosa-ai
Furo,furo,https://jobs.ashbyhq.com/furo
FURTHER,further,https://jobs.ashbyhq.com/further
FurtherAI,furtherai,https://jobs.ashbyhq.com/furtherai
Fuse,fuse,https://jobs.ashbyhq.com/fuse
Fuser,fuser,https://jobs.ashbyhq.com/fuser
Future Works,futureworks,https://jobs.ashbyhq.com/futureworks
FutureFit AI,futurefitai,https://jobs.ashbyhq.com/futurefitai
FWD People,fwd-people,https://jobs.ashbyhq.com/fwd-people
Fyxer,fyxer,https://jobs.ashbyhq.com/fyxer
G2,g2,https://jobs.ashbyhq.com/g2
G2i Inc.,g2i,https://jobs.ashbyhq.com/g2i
Gadget,gadget,https://jobs.ashbyhq.com/gadget
Gaia Family Inc,gaiafamily,https://jobs.ashbyhq.com/gaiafamily
Gainsight,gainsight,https://jobs.ashbyhq.com/gainsight
Gallatin,gallatin,https://jobs.ashbyhq.com/gallatin
GALVANY,galvany,https://jobs.ashbyhq.com/galvany
GameChanger,gamechanger,https://jobs.ashbyhq.com/gamechanger
Gamma,gamma,https://jobs.ashbyhq.com/gamma
Gamut,datawizz,https://jobs.ashbyhq.com/datawizz
Garage,garage,https://jobs.ashbyhq.com/garage
Garage Door Doctor,garage-door-doctor,https://jobs.ashbyhq.com/garage-door-doctor
Gardens Interactive,gardens,https://jobs.ashbyhq.com/gardens
GC AI,gc-ai,https://jobs.ashbyhq.com/gc-ai
Gearset,gearset,https://jobs.ashbyhq.com/gearset
Gecko Robotics,gecko-robotics,https://jobs.ashbyhq.com/gecko-robotics
Gelato,gelato,https://jobs.ashbyhq.com/gelato
"GEM Technologies, Inc.",gem-technologies,https://jobs.ashbyhq.com/gem-technologies
Gen Digital Inc.,gen-digital,https://jobs.ashbyhq.com/gen-digital
General Context,general-context,https://jobs.ashbyhq.com/general-context
General Intuition & Medal,medal,https://jobs.ashbyhq.com/medal
General Medicine,general-medicine,https://jobs.ashbyhq.com/general-medicine
General Translation,generaltranslation,https://jobs.ashbyhq.com/generaltranslation
Generalist,generalist,https://jobs.ashbyhq.com/generalist
Generate,generate,https://jobs.ashbyhq.com/generate
Generator Health,generatorhealth,https://jobs.ashbyhq.com/generatorhealth
Genesis,genesis-ai,https://jobs.ashbyhq.com/genesis-ai
Genesis Molecular AI,genesis-molecular-ai,https://jobs.ashbyhq.com/genesis-molecular-ai
Genies,genies,https://jobs.ashbyhq.com/genies
Genmo,genmo,https://jobs.ashbyhq.com/genmo
Genomics,genomics,https://jobs.ashbyhq.com/genomics
GenPeach AI,genpeach,https://jobs.ashbyhq.com/genpeach
Genspark Inc,genspark,https://jobs.ashbyhq.com/genspark
Geoforce,geoforce,https://jobs.ashbyhq.com/geoforce
Geordie AI,geordieai,https://jobs.ashbyhq.com/geordieai
GetGround,getground,https://jobs.ashbyhq.com/getground
Ghost,ghost,https://jobs.ashbyhq.com/ghost
Giga,gigaml,https://jobs.ashbyhq.com/gigaml
Gigaton,gigaton,https://jobs.ashbyhq.com/gigaton
Gimlet Labs,gimlet,https://jobs.ashbyhq.com/gimlet
GitBook,gitbook,https://jobs.ashbyhq.com/gitbook
Givebutter,givebutter,https://jobs.ashbyhq.com/givebutter
Glacier,glacier,https://jobs.ashbyhq.com/glacier
Glacis,glacis-ai,https://jobs.ashbyhq.com/glacis-ai
Glade,glade,https://jobs.ashbyhq.com/glade
Gladia,gladia,https://jobs.ashbyhq.com/gladia
Glia,glia,https://jobs.ashbyhq.com/glia
Glide,glide,https://jobs.ashbyhq.com/glide
Glimpse,glimpse,https://jobs.ashbyhq.com/glimpse
Glimpse,glimp-se,https://jobs.ashbyhq.com/glimp-se
Glintt Global,glinttglobal,https://jobs.ashbyhq.com/glinttglobal
Global X ETFs,global-x-etfs,https://jobs.ashbyhq.com/global-x-etfs
Glomopay,glomo,https://jobs.ashbyhq.com/glomo
Glow,glow,https://jobs.ashbyhq.com/glow
Glow25,glow25,https://jobs.ashbyhq.com/glow25
Go Nimbly,go-nimbly,https://jobs.ashbyhq.com/go-nimbly
GoHenry,gohenry,https://jobs.ashbyhq.com/gohenry
Going,going,https://jobs.ashbyhq.com/going
Goldsky,goldsky,https://jobs.ashbyhq.com/goldsky
GoLinks,golinks,https://jobs.ashbyhq.com/golinks
Good Maven,goodmaven,https://jobs.ashbyhq.com/goodmaven
GoodData.AI,gooddata,https://jobs.ashbyhq.com/gooddata
Goodie AI,goodie-ai,https://jobs.ashbyhq.com/goodie-ai
Goodlord,goodlord,https://jobs.ashbyhq.com/goodlord
GoodParty.org,goodparty,https://jobs.ashbyhq.com/goodparty
GoodShip,goodship,https://jobs.ashbyhq.com/goodship
Goodstack,goodstack,https://jobs.ashbyhq.com/goodstack
Goody,goody,https://jobs.ashbyhq.com/goody
Gorgias,gorgias,https://jobs.ashbyhq.com/gorgias
Gorilla,gorilla,https://jobs.ashbyhq.com/gorilla
GotPhoto,gotphoto,https://jobs.ashbyhq.com/gotphoto
GovDash,govdash,https://jobs.ashbyhq.com/govdash
GovSignals,govsignals,https://jobs.ashbyhq.com/govsignals
GovWell,govwell,https://jobs.ashbyhq.com/govwell
GovWorx,govworx,https://jobs.ashbyhq.com/govworx
GPTZero,gptzero,https://jobs.ashbyhq.com/gptzero
GrabAGun,grabagun,https://jobs.ashbyhq.com/grabagun
Gradera Inc.,gradera,https://jobs.ashbyhq.com/gradera
gradient,gradient,https://jobs.ashbyhq.com/gradient
Gradient Labs,gradient-labs,https://jobs.ashbyhq.com/gradient-labs
Grand Intelligence,grand,https://jobs.ashbyhq.com/grand
Granica,granica,https://jobs.ashbyhq.com/granica
Granola,granola,https://jobs.ashbyhq.com/granola
Granted,granted,https://jobs.ashbyhq.com/granted
Granular Energy,granular-energy.com,https://jobs.ashbyhq.com/granular-energy.com
Grapevine,grapevine,https://jobs.ashbyhq.com/grapevine
Graphite,graphite,https://jobs.ashbyhq.com/graphite
Graphite,graphitehq,https://jobs.ashbyhq.com/graphitehq
Gratia,gratia,https://jobs.ashbyhq.com/gratia
Gravity,gravity,https://jobs.ashbyhq.com/gravity
Gravity,gravityclimate,https://jobs.ashbyhq.com/gravityclimate
Gravity Sketch,gravitysketch,https://jobs.ashbyhq.com/gravitysketch
GrayMatter Robotics,graymatter-robotics,https://jobs.ashbyhq.com/graymatter-robotics
Great Question,greatquestion,https://jobs.ashbyhq.com/greatquestion
Green Tree School & Services,green-tree-school-and-services,https://jobs.ashbyhq.com/green-tree-school-and-services
Greenboard,greenboard,https://jobs.ashbyhq.com/greenboard
Greenlight,greenlight,https://jobs.ashbyhq.com/greenlight
GreenLight Workforce Solutions Inc,greenlight-workforce-solutions,https://jobs.ashbyhq.com/greenlight-workforce-solutions
GreenLite,greenlitecareers,https://jobs.ashbyhq.com/greenlitecareers
Grepr,grepr,https://jobs.ashbyhq.com/grepr
Greptile,greptile,https://jobs.ashbyhq.com/greptile
Grid,gridverify,https://jobs.ashbyhq.com/gridverify
GridCARE,gridcare,https://jobs.ashbyhq.com/gridcare
Gridium,gridium,https://jobs.ashbyhq.com/gridium
GridUnity,gridunity,https://jobs.ashbyhq.com/gridunity
Griffin,griffin,https://jobs.ashbyhq.com/griffin
Grindr,grindr llc,https://jobs.ashbyhq.com/Grindr%20LLC
Gritt Robotics,gritt,https://jobs.ashbyhq.com/gritt
Grotto AI,grotto,https://jobs.ashbyhq.com/grotto
Ground News,groundnews,https://jobs.ashbyhq.com/groundnews
Grow Therapy,grow-therapy,https://jobs.ashbyhq.com/grow-therapy
GrowthX AI,growthx ai,https://jobs.ashbyhq.com/GrowthX%20AI
Gruntwork,gruntwork,https://jobs.ashbyhq.com/gruntwork
GRVT TECHNOLOGIES,grvt,https://jobs.ashbyhq.com/grvt
GT,gt-hq,https://jobs.ashbyhq.com/gt-hq
GT Bio,gt-bio,https://jobs.ashbyhq.com/gt-bio
Guild.ai,guild,https://jobs.ashbyhq.com/guild
Gumloop,gumloop,https://jobs.ashbyhq.com/gumloop
H Company,hcompany,https://jobs.ashbyhq.com/hcompany
H2 Analytics,h2analytics,https://jobs.ashbyhq.com/h2analytics
H3X Technologies,h3x-technologies,https://jobs.ashbyhq.com/h3x-technologies
Haast,haast,https://jobs.ashbyhq.com/Haast
Haast Autonomous,haastautonomous,https://jobs.ashbyhq.com/haastautonomous
HackerOne,hackerone,https://jobs.ashbyhq.com/hackerone
Hadrian Automation,hadrian-automation,https://jobs.ashbyhq.com/hadrian-automation
Halliday,halliday,https://jobs.ashbyhq.com/halliday
HaloBraid,halobraid,https://jobs.ashbyhq.com/halobraid
Halter,halter,https://jobs.ashbyhq.com/halter
Hammerhead AI,hammerhead-ai,https://jobs.ashbyhq.com/hammerhead-ai
Hammes,hammes,https://jobs.ashbyhq.com/hammes
Hamming AI,hamming ai,https://jobs.ashbyhq.com/Hamming%20AI
Hamster,hamster,https://jobs.ashbyhq.com/hamster
Hamster Garage,hamstergarage,https://jobs.ashbyhq.com/hamstergarage
Handshake,handshake,https://jobs.ashbyhq.com/handshake
Handspring,handspring,https://jobs.ashbyhq.com/handspring
Hang,hang,https://jobs.ashbyhq.com/hang
Hanover Park,hanover-park,https://jobs.ashbyhq.com/hanover-park
Happl,happl,https://jobs.ashbyhq.com/happl
happyhotel,happyhotel,https://jobs.ashbyhq.com/happyhotel
Happyrobot Inc.,happyrobot.ai,https://jobs.ashbyhq.com/happyrobot.ai
HappyScribe,happyscribe.com,https://jobs.ashbyhq.com/happyscribe.com
Harmattan AI,harmattan-ai,https://jobs.ashbyhq.com/harmattan-ai
Harmonic,harmonic,https://jobs.ashbyhq.com/harmonic
"Harmonic Security, Inc",harmonic-security-inc,https://jobs.ashbyhq.com/harmonic-security-inc
Harmony,harmony,https://jobs.ashbyhq.com/harmony
Harper,harperinsure,https://jobs.ashbyhq.com/harperinsure
Harrison.ai,harrison.ai,https://jobs.ashbyhq.com/Harrison.ai
Hartbeat,hartbeat,https://jobs.ashbyhq.com/hartbeat
Harvey,harvey,https://jobs.ashbyhq.com/harvey
Hatch,hatch,https://jobs.ashbyhq.com/hatch
Hauler Hero Inc.,hauler-hero,https://jobs.ashbyhq.com/hauler-hero
Haus Analytics,haus,https://jobs.ashbyhq.com/haus
haven-headache,haven-headache,https://jobs.ashbyhq.com/haven-headache
HavocAI,havocai,https://jobs.ashbyhq.com/havocai
Hawk,hawk,https://jobs.ashbyhq.com/hawk
Hawk-Eye Innovations (HEI),hawkeyeinnovations,https://jobs.ashbyhq.com/hawkeyeinnovations
Hayden AI,haydenai,https://jobs.ashbyhq.com/haydenai
Hayla,hayla,https://jobs.ashbyhq.com/hayla
Haystack News,haystacknews,https://jobs.ashbyhq.com/haystacknews
Hazel,hazel,https://jobs.ashbyhq.com/hazel
Headstart,headstart,https://jobs.ashbyhq.com/Headstart
Headway,headway,https://jobs.ashbyhq.com/headway
Health Progress Hub,healthprogresshub,https://jobs.ashbyhq.com/healthprogresshub
"HealthAxis Group, LLC",healthaxis,https://jobs.ashbyhq.com/healthaxis
HealthLeap,healthleap,https://jobs.ashbyhq.com/healthleap
HealthSherpa,healthsherpa,https://jobs.ashbyhq.com/healthsherpa
Hebbia AI,hebbia-ai,https://jobs.ashbyhq.com/hebbia-ai
Hedra,hedra,https://jobs.ashbyhq.com/hedra
Heidi,heidihealth.com.au,https://jobs.ashbyhq.com/heidihealth.com.au
Heirloom Carbon,heirloomcarbon,https://jobs.ashbyhq.com/heirloomcarbon
Helicon,helicon,https://jobs.ashbyhq.com/helicon
Helion,helion,https://jobs.ashbyhq.com/helion
Helius,helius,https://jobs.ashbyhq.com/helius
Heliux Inc.,heliux,https://jobs.ashbyhq.com/heliux
Hello Patient,hellopatient,https://jobs.ashbyhq.com/hellopatient
Hellyeah AI,hellyeah,https://jobs.ashbyhq.com/hellyeah
Helm.ai,helm-ai,https://jobs.ashbyhq.com/helm-ai
Help Scout,helpscout,https://jobs.ashbyhq.com/helpscout
Hera,hellohera,https://jobs.ashbyhq.com/hellohera
Hercules,hercules,https://jobs.ashbyhq.com/hercules
Heritage Holding,heritage-holding,https://jobs.ashbyhq.com/heritage-holding
Heron Data,herondata,https://jobs.ashbyhq.com/herondata
Heron Power,heron-power,https://jobs.ashbyhq.com/heron-power
Hexa,hexa,https://jobs.ashbyhq.com/hexa
HeyJobs,heyjobs,https://jobs.ashbyhq.com/heyjobs
HIFI,hifi,https://jobs.ashbyhq.com/hifi
Higgsfield,higgsfieldai,https://jobs.ashbyhq.com/higgsfieldai
Higharc,higharc,https://jobs.ashbyhq.com/higharc
Highbeam,highbeam,https://jobs.ashbyhq.com/highbeam
Highlight AI,highlightai,https://jobs.ashbyhq.com/highlightai
HighlightTA,highlightta,https://jobs.ashbyhq.com/highlightta
Hightouch,hightouch,https://jobs.ashbyhq.com/hightouch
Hiive,hiive,https://jobs.ashbyhq.com/hiive
Hike Medical,hike-medical,https://jobs.ashbyhq.com/hike-medical
Hilbert's AI,hilberts,https://jobs.ashbyhq.com/hilberts
Hims & Hers,hims-and-hers,https://jobs.ashbyhq.com/hims-and-hers
Hinge Health,hinge-health,https://jobs.ashbyhq.com/hinge-health
Hinoki Security,hinoki,https://jobs.ashbyhq.com/hinoki
HiPeople,hipeople-official,https://jobs.ashbyhq.com/hipeople-official
Hippocratic AI,hippocratic ai,https://jobs.ashbyhq.com/Hippocratic%20AI
Hire Hangar,hirehangar,https://jobs.ashbyhq.com/hirehangar
hirehire,hirehire,https://jobs.ashbyhq.com/hirehire
Hiring Pros,hiring-pros,https://jobs.ashbyhq.com/hiring-pros
Hive Health,hivehealth,https://jobs.ashbyhq.com/hivehealth
hive.co,hive.co,https://jobs.ashbyhq.com/hive.co
HIVED,hived,https://jobs.ashbyhq.com/hived
HiveMQ GmbH,hivemq,https://jobs.ashbyhq.com/hivemq
Hiverge Ltd,hiverge,https://jobs.ashbyhq.com/hiverge
HiveSmart Consulting,hivesmart-consulting,https://jobs.ashbyhq.com/hivesmart-consulting
Hiya,hiya,https://jobs.ashbyhq.com/hiya
Hobbes,hobbes,https://jobs.ashbyhq.com/hobbes
HockeyStack,hockeystack,https://jobs.ashbyhq.com/hockeystack
HOLYWATER TECH,holywater,https://jobs.ashbyhq.com/holywater
Homebase,homebase,https://jobs.ashbyhq.com/homebase
Homebot,homebot,https://jobs.ashbyhq.com/homebot
Homebound,homebound,https://jobs.ashbyhq.com/homebound
Homera Health,homera-health,https://jobs.ashbyhq.com/homera-health
HomeVision,homevision,https://jobs.ashbyhq.com/homevision
Honey Homes,honey homes,https://jobs.ashbyhq.com/Honey%20Homes
HoneyBook,honeybook,https://jobs.ashbyhq.com/honeybook
Honeydew,honeydew,https://jobs.ashbyhq.com/honeydew
Hook,hook,https://jobs.ashbyhq.com/hook
Hook Music,hookmusic,https://jobs.ashbyhq.com/hookmusic
Hooli,hooli,https://jobs.ashbyhq.com/hooli
Hopae,hopae,https://jobs.ashbyhq.com/hopae
Hopper,hopper,https://jobs.ashbyhq.com/hopper
Horizon Institute for Public Service,horizon,https://jobs.ashbyhq.com/horizon
Horizon3,horizon3ai,https://jobs.ashbyhq.com/horizon3ai
Hostinger,hostinger,https://jobs.ashbyhq.com/hostinger
Hotplate,hotplate,https://jobs.ashbyhq.com/hotplate
Hotspex Media,hotspexmedia,https://jobs.ashbyhq.com/hotspexmedia
Hoxhunt,hoxhunt,https://jobs.ashbyhq.com/hoxhunt
HRS,hrs,https://jobs.ashbyhq.com/hrs
HTTPie,httpie,https://jobs.ashbyhq.com/httpie
Hubstaff,hubstaff,https://jobs.ashbyhq.com/hubstaff
HUD,hud,https://jobs.ashbyhq.com/hud
Hudson River Trading,hrt,https://jobs.ashbyhq.com/hrt
Hudu,hudu,https://jobs.ashbyhq.com/hudu
Humaans,humaans,https://jobs.ashbyhq.com/humaans
HUMAN,human,https://jobs.ashbyhq.com/human
Human Archive,humanarchive,https://jobs.ashbyhq.com/humanarchive
Human Computer Lab,human-computer-lab,https://jobs.ashbyhq.com/human-computer-lab
Humanly,humanly,https://jobs.ashbyhq.com/humanly
Humanoid,humanoid,https://jobs.ashbyhq.com/humanoid
humans&,humans-and,https://jobs.ashbyhq.com/humans-and
"Humata Health, Inc",humatahealth,https://jobs.ashbyhq.com/humatahealth
Hutora,hutora,https://jobs.ashbyhq.com/hutora
HV Capital Manager,hv,https://jobs.ashbyhq.com/hv
Hyde,hyde,https://jobs.ashbyhq.com/hyde
Hyperbolic Labs,hyperbolic,https://jobs.ashbyhq.com/hyperbolic
Hyperbound,hyperbound,https://jobs.ashbyhq.com/hyperbound
Hypercore Inc.,hypercore,https://jobs.ashbyhq.com/hypercore
hyperexponential,hyperexponential,https://jobs.ashbyhq.com/hyperexponential
HyperHug,hyperhug,https://jobs.ashbyhq.com/hyperhug
Hyperscale,hyperscale,https://jobs.ashbyhq.com/hyperscale
Hyperscience,hyperscience,https://jobs.ashbyhq.com/Hyperscience
Hypha,hypha,https://jobs.ashbyhq.com/hypha
i3D.net,i3d,https://jobs.ashbyhq.com/i3d
IA Collaborative,iacollaborative,https://jobs.ashbyhq.com/iacollaborative
"Iambic Therapeutics, Inc",iambic-therapeutics,https://jobs.ashbyhq.com/iambic-therapeutics
Ibotta,ibotta,https://jobs.ashbyhq.com/ibotta
ICEYE,iceye,https://jobs.ashbyhq.com/iceye
Icon,icon,https://jobs.ashbyhq.com/icon
Ideals,ideals,https://jobs.ashbyhq.com/ideals
Ideogram,ideogram,https://jobs.ashbyhq.com/ideogram
idler,idler,https://jobs.ashbyhq.com/idler
Ignite Reading,ignite-reading,https://jobs.ashbyhq.com/ignite-reading
Ignition,ignition,https://jobs.ashbyhq.com/ignition
ILLUIN Technology,illuin,https://jobs.ashbyhq.com/illuin
Illumio,illumio,https://jobs.ashbyhq.com/illumio
ImagineArt,imagineart,https://jobs.ashbyhq.com/imagineart
Immersive,immersivelabs,https://jobs.ashbyhq.com/immersivelabs
imper.ai,imper,https://jobs.ashbyhq.com/imper
Imprint,imprint,https://jobs.ashbyhq.com/imprint
Improbable,improbable,https://jobs.ashbyhq.com/improbable
Impulse Labs,impulse,https://jobs.ashbyhq.com/impulse
IMU Biosciences,imubiosciences,https://jobs.ashbyhq.com/imubiosciences
Inato,inato,https://jobs.ashbyhq.com/inato
inBeat Agency,inbeat-agency,https://jobs.ashbyhq.com/inbeat-agency
Incandescent,incandescent,https://jobs.ashbyhq.com/incandescent
Incard,incard,https://jobs.ashbyhq.com/incard
incident.io,incident,https://jobs.ashbyhq.com/incident
Inclined,inclined,https://jobs.ashbyhq.com/inclined
Indent,indent,https://jobs.ashbyhq.com/indent
Inductive Automation LLC,inductive-automation-llc,https://jobs.ashbyhq.com/inductive-automation-llc
Inductive Bio,inductive-bio,https://jobs.ashbyhq.com/inductive-bio
Industrious,industrious,https://jobs.ashbyhq.com/industrious
Ineffable Intelligence,ineffable,https://jobs.ashbyhq.com/ineffable
Inertia,inertia,https://jobs.ashbyhq.com/inertia
Inferact,inferact,https://jobs.ashbyhq.com/inferact
Inference,inference,https://jobs.ashbyhq.com/inference
Infinite,infinite,https://jobs.ashbyhq.com/infinite
Infinite Lambda,infinite lambda,https://jobs.ashbyhq.com/infinite%20lambda
Infinite Machine,infinite-machine,https://jobs.ashbyhq.com/infinite-machine
Infinitus Systems,infinitus,https://jobs.ashbyhq.com/infinitus
Infinity,infinity-constellation,https://jobs.ashbyhq.com/infinity-constellation
Infisical,infisical,https://jobs.ashbyhq.com/infisical
Inflection.io,inflectionio,https://jobs.ashbyhq.com/inflectionio
InfluxData,influxdata,https://jobs.ashbyhq.com/influxdata
Infracost,infracost,https://jobs.ashbyhq.com/infracost
Inherent,inherent,https://jobs.ashbyhq.com/inherent
Injective,injective,https://jobs.ashbyhq.com/injective
Injective Labs,injective-labs,https://jobs.ashbyhq.com/injective-labs
Inkeep,inkeep,https://jobs.ashbyhq.com/inkeep
Innatera Nanosystems,innatera,https://jobs.ashbyhq.com/innatera
Inngest,inngest,https://jobs.ashbyhq.com/inngest
Inovalon,inovalon,https://jobs.ashbyhq.com/inovalon
Inscribe,inscribeai,https://jobs.ashbyhq.com/InscribeAI
Inshur,inshur,https://jobs.ashbyhq.com/inshur
insitro,insitro,https://jobs.ashbyhq.com/insitro
Inspiration Commerce Group,inspiration-commerce-group,https://jobs.ashbyhq.com/inspiration-commerce-group
Inspiren,inspiren,https://jobs.ashbyhq.com/inspiren
Instil Software Ltd,instil,https://jobs.ashbyhq.com/instil
"Instructure, Inc.",instructure,https://jobs.ashbyhq.com/instructure
Integral,integral,https://jobs.ashbyhq.com/integral
Integral Services GmbH,integral-de,https://jobs.ashbyhq.com/integral-de
Intelligence,intelligence,https://jobs.ashbyhq.com/intelligence
Intellistack,intellistack,https://jobs.ashbyhq.com/intellistack
Interaction,interaction,https://jobs.ashbyhq.com/interaction
Interface,interface,https://jobs.ashbyhq.com/interface
Interplay,interplay,https://jobs.ashbyhq.com/interplay
Interra Health,interrahealth,https://jobs.ashbyhq.com/interrahealth
Intology,intology,https://jobs.ashbyhq.com/intology
Intrinsic,intrinsic,https://jobs.ashbyhq.com/intrinsic
Intro,intro,https://jobs.ashbyhq.com/intro
IntusCare,intus,https://jobs.ashbyhq.com/intus
Inversion,inversion-cap,https://jobs.ashbyhq.com/inversion-cap
Invert,invert,https://jobs.ashbyhq.com/invert
Investa,investa,https://jobs.ashbyhq.com/investa
Investors Heritage,investorsheritage,https://jobs.ashbyhq.com/investorsheritage
Inworld,inworld-ai,https://jobs.ashbyhq.com/inworld-ai
Iridium Consulting Ltd,iridiumc,https://jobs.ashbyhq.com/iridiumc
IRIS,irissoftwaregroup,https://jobs.ashbyhq.com/irissoftwaregroup
Ironclad,ironcladhq,https://jobs.ashbyhq.com/ironcladhq
Irreducible,irreducible,https://jobs.ashbyhq.com/irreducible
Irregular,irregular,https://jobs.ashbyhq.com/irregular
Isometric,isometric,https://jobs.ashbyhq.com/isometric
iSpeedToLead,ispeedtolead,https://jobs.ashbyhq.com/ispeedtolead
iVerify,iverify,https://jobs.ashbyhq.com/iverify
Ivo Inc.,ivo-inc,https://jobs.ashbyhq.com/ivo-inc
iwoca,iwoca.co.uk,https://jobs.ashbyhq.com/iwoca.co.uk
iyo,iyo,https://jobs.ashbyhq.com/iyo
Jack & Jill,jack-jill-external-ats,https://jobs.ashbyhq.com/jack-jill-external-ats
Jameda,jameda,https://jobs.ashbyhq.com/jameda
Jampack AI,jampack-ai,https://jobs.ashbyhq.com/jampack-ai
Jane,jane,https://jobs.ashbyhq.com/jane
January,january,https://jobs.ashbyhq.com/january
Jasper,jasper ai,https://jobs.ashbyhq.com/Jasper%20AI
JBS Dev,jbs-dev,https://jobs.ashbyhq.com/jbs-dev
Jellyfish,jellyfish,https://jobs.ashbyhq.com/jellyfish
Jellyfish,jellyfishcareers,https://jobs.ashbyhq.com/jellyfishcareers
Jerry.ai,jerry.ai,https://jobs.ashbyhq.com/Jerry.ai
Jigsaw Tech,jigsaw,https://jobs.ashbyhq.com/jigsaw
Jimdo,jimdo.com,https://jobs.ashbyhq.com/jimdo.com
Jinba.io,carnot-ai,https://jobs.ashbyhq.com/carnot-ai
Jitter,jitter,https://jobs.ashbyhq.com/jitter
Jobber,jobber,https://jobs.ashbyhq.com/jobber
Jobs,skyflow,https://jobs.ashbyhq.com/skyflow
Joko,joko,https://jobs.ashbyhq.com/joko
Jolly,jolly,https://jobs.ashbyhq.com/jolly
JOOR,joor,https://jobs.ashbyhq.com/joor
Jordan Digital Marketing,jordandigitalmarketing,https://jobs.ashbyhq.com/jordandigitalmarketing
Josys,josys,https://jobs.ashbyhq.com/josys
Joyful Health,joyfulhealth,https://jobs.ashbyhq.com/joyfulhealth
Joyteractive,joyteractive,https://jobs.ashbyhq.com/joyteractive
Jua,jua,https://jobs.ashbyhq.com/jua
Judgment Labs,judgmentlabs,https://jobs.ashbyhq.com/judgmentlabs
Juicebox,juicebox,https://jobs.ashbyhq.com/juicebox
Julius AI,julius,https://jobs.ashbyhq.com/julius
Jump,jump,https://jobs.ashbyhq.com/jump
Jump,jump-app,https://jobs.ashbyhq.com/jump-app
Junction,junction,https://jobs.ashbyhq.com/junction
Junior AI,junior,https://jobs.ashbyhq.com/junior
Juniper Square,junipersquare,https://jobs.ashbyhq.com/junipersquare
Juno,juno,https://jobs.ashbyhq.com/juno
JUPUS,jupus,https://jobs.ashbyhq.com/jupus
Juro,juro,https://jobs.ashbyhq.com/juro
JustPlay GmbH,justplay-gmbh,https://jobs.ashbyhq.com/justplay-gmbh
k-ID,k-id,https://jobs.ashbyhq.com/k-id
KAANNAN & Associates,kaannan,https://jobs.ashbyhq.com/kaannan
Kafene,kafene,https://jobs.ashbyhq.com/kafene
Kairon Health,kairon-health,https://jobs.ashbyhq.com/kairon-health
Kairos,kairos-project,https://jobs.ashbyhq.com/kairos-project
Kaizen Labs,kaizenlabs,https://jobs.ashbyhq.com/kaizenlabs
Kale,kale,https://jobs.ashbyhq.com/kale
Kalibri Labs,kalibri-labs,https://jobs.ashbyhq.com/kalibri-labs
Kallikor,kallikor,https://jobs.ashbyhq.com/kallikor
Kalshi,kalshi,https://jobs.ashbyhq.com/kalshi
Kamiwaza AI,kamiwaza,https://jobs.ashbyhq.com/kamiwaza
Kantiv (formerly Joist AI),kantiv,https://jobs.ashbyhq.com/kantiv
Kastle,kastle,https://jobs.ashbyhq.com/kastle
Katana,katana,https://jobs.ashbyhq.com/katana
Katapult Labs,katapult-labs,https://jobs.ashbyhq.com/katapult-labs
KAYAK,kayak,https://jobs.ashbyhq.com/kayak
Keel,keel,https://jobs.ashbyhq.com/keel
Keep,keep,https://jobs.ashbyhq.com/keep
KeepTruckin,keeptruckin,https://jobs.ashbyhq.com/keeptruckin
Kepler,kepler,https://jobs.ashbyhq.com/kepler
Kepler,kepler-ai,https://jobs.ashbyhq.com/kepler-ai
Keragon Inc,keragon,https://jobs.ashbyhq.com/keragon
Kernel,kernel,https://jobs.ashbyhq.com/kernel
Kernel,usekernel,https://jobs.ashbyhq.com/usekernel
Kestra Technologies,kestra,https://jobs.ashbyhq.com/kestra
Kevin's Natural Foods,kevins-natural-foods,https://jobs.ashbyhq.com/kevins-natural-foods
Keycard Labs,keycard-labs,https://jobs.ashbyhq.com/keycard-labs
Keyrock,keyrock,https://jobs.ashbyhq.com/keyrock
Kiddom,kiddom,https://jobs.ashbyhq.com/kiddom
Kilo Code,kilocode,https://jobs.ashbyhq.com/kilocode
Kin Insurance,kin,https://jobs.ashbyhq.com/kin
Kindred,kindred,https://jobs.ashbyhq.com/kindred
Kinetic,kinetic,https://jobs.ashbyhq.com/kinetic
Kinetic Systems,kineticsystems,https://jobs.ashbyhq.com/kineticsystems
Kingdom,kingdom,https://jobs.ashbyhq.com/kingdom
Kins,kins,https://jobs.ashbyhq.com/kins
Kinship,kinship,https://jobs.ashbyhq.com/kinship
Kinstead,kinsteadhealth,https://jobs.ashbyhq.com/kinsteadhealth
Kira,kira,https://jobs.ashbyhq.com/kira
Kirin,kirin,https://jobs.ashbyhq.com/kirin
Kiss My Apps,kissmyapps,https://jobs.ashbyhq.com/kissmyapps
Kit,kit,https://jobs.ashbyhq.com/kit
Kittl,kittl,https://jobs.ashbyhq.com/kittl
Kiwi Financial Inc,kiwi,https://jobs.ashbyhq.com/kiwi
Klarity,klarity-ai,https://jobs.ashbyhq.com/klarity-ai
Klim GmbH,klim,https://jobs.ashbyhq.com/klim
Klue,klue,https://jobs.ashbyhq.com/klue
Knock,knock,https://jobs.ashbyhq.com/knock
Knot,knot,https://jobs.ashbyhq.com/knot
Knowledge Road,knowledge-road,https://jobs.ashbyhq.com/knowledge-road
Known,known,https://jobs.ashbyhq.com/known
knownwell,knownwell,https://jobs.ashbyhq.com/knownwell
Knowtex,knowtex,https://jobs.ashbyhq.com/knowtex
Knowunity GmbH,knowunity,https://jobs.ashbyhq.com/knowunity
Knox Systems,knox-systems,https://jobs.ashbyhq.com/knox-systems
Koah,koahlabs,https://jobs.ashbyhq.com/koahlabs
Kodex,kodex,https://jobs.ashbyhq.com/kodex
Kodifly,kodifly,https://jobs.ashbyhq.com/kodifly
Kognitos,kognitos,https://jobs.ashbyhq.com/kognitos
Kognity,kognity,https://jobs.ashbyhq.com/kognity
KOHO,koho,https://jobs.ashbyhq.com/koho
Kojo,kojo,https://jobs.ashbyhq.com/Kojo
Kombo,kombo,https://jobs.ashbyhq.com/kombo
Kong,kong,https://jobs.ashbyhq.com/kong
Kontakt.io,kontakt,https://jobs.ashbyhq.com/kontakt
Konvu,konvu,https://jobs.ashbyhq.com/konvu
kos.ai,kos.ai,https://jobs.ashbyhq.com/kos.ai
Kota,kota,https://jobs.ashbyhq.com/kota
Kovo,kovo,https://jobs.ashbyhq.com/kovo
KP Reddy Co.,kpr,https://jobs.ashbyhq.com/kpr
Kraken,kraken.com,https://jobs.ashbyhq.com/kraken.com
Kraken (Analytics Only),kraken,https://jobs.ashbyhq.com/kraken
Kraken Kinetics,kraken-kinetics,https://jobs.ashbyhq.com/kraken-kinetics
Kranz Consulting,kranz-consulting,https://jobs.ashbyhq.com/kranz-consulting
Krea,krea,https://jobs.ashbyhq.com/krea
Krew,krew,https://jobs.ashbyhq.com/krew
Kueski,kueski,https://jobs.ashbyhq.com/kueski
Kunin Technologies,kunin,https://jobs.ashbyhq.com/kunin
Kustomer,kustomer,https://jobs.ashbyhq.com/kustomer
Kyan Health,kyanhealth,https://jobs.ashbyhq.com/kyanhealth
KYP Holding B.V.,kyp,https://jobs.ashbyhq.com/kyp
Kyra,kyra,https://jobs.ashbyhq.com/kyra
LABHOUSE,labhouse,https://jobs.ashbyhq.com/labhouse
Ladder,ladder,https://jobs.ashbyhq.com/ladder
Lago,lago,https://jobs.ashbyhq.com/lago
Lakera,lakera.ai,https://jobs.ashbyhq.com/lakera.ai
Lambda,lambda,https://jobs.ashbyhq.com/lambda
Lanai,lanai,https://jobs.ashbyhq.com/lanai
Lance,lance,https://jobs.ashbyhq.com/lance
LanceDB,lancedb,https://jobs.ashbyhq.com/lancedb
LangChain,langchain,https://jobs.ashbyhq.com/langchain
Langdock,langdock,https://jobs.ashbyhq.com/langdock
Langfuse,langfuse,https://jobs.ashbyhq.com/langfuse
LAP Coffee,lap,https://jobs.ashbyhq.com/lap
Lapel,lapel,https://jobs.ashbyhq.com/lapel
Lark Health,lark,https://jobs.ashbyhq.com/lark
Lassie,lassie,https://jobs.ashbyhq.com/lassie
LAT Aerospace Private,lat,https://jobs.ashbyhq.com/lat
LatamCent,latamcent,https://jobs.ashbyhq.com/latamcent
LatchBio,latchbio,https://jobs.ashbyhq.com/latchbio
Latent,latent,https://jobs.ashbyhq.com/latent
Latent Labs,latentlabs,https://jobs.ashbyhq.com/latentlabs
Latitude,latitude-global,https://jobs.ashbyhq.com/latitude-global
LaunchDarkly,launchdarkly,https://jobs.ashbyhq.com/launchdarkly
LaunchWell Group,launchwellgroup,https://jobs.ashbyhq.com/launchwellgroup
Laurel,laurel,https://jobs.ashbyhq.com/laurel
Lavendo,lavendo,https://jobs.ashbyhq.com/lavendo
LawDepot,lawdepot,https://jobs.ashbyhq.com/lawdepot
Lawhive,lawhive,https://jobs.ashbyhq.com/lawhive
Layer,layer,https://jobs.ashbyhq.com/layer
Layer,layerfi,https://jobs.ashbyhq.com/layerfi
Lazer,lazer,https://jobs.ashbyhq.com/lazer
Lead,leadbank,https://jobs.ashbyhq.com/leadbank
Lead Allies Inc,lai,https://jobs.ashbyhq.com/lai
LeadX Pro,leadx-pro,https://jobs.ashbyhq.com/LeadX-Pro
Lean Layer,leanlayer,https://jobs.ashbyhq.com/leanlayer
Lean TECHniques,leantechniques,https://jobs.ashbyhq.com/leantechniques
Lean Technologies,leantech,https://jobs.ashbyhq.com/leantech
LeanData,leandata,https://jobs.ashbyhq.com/leandata
Leap,leap,https://jobs.ashbyhq.com/leap
Leapsome,leapsome,https://jobs.ashbyhq.com/leapsome
Learner,learner,https://jobs.ashbyhq.com/learner
Leavitt Group,leavitt,https://jobs.ashbyhq.com/leavitt
Ledge,ledge,https://jobs.ashbyhq.com/ledge
Ledger,ledger,https://jobs.ashbyhq.com/ledger
"Legend Labs, Inc.",legend-xyz,https://jobs.ashbyhq.com/legend-xyz
Legion Health,legionhealth,https://jobs.ashbyhq.com/legionhealth
Legora,legora,https://jobs.ashbyhq.com/legora
Leland,leland,https://jobs.ashbyhq.com/leland
LemFi,lemfi,https://jobs.ashbyhq.com/lemfi
lemlist,lemlist,https://jobs.ashbyhq.com/lemlist
lemon.markets,lemon-markets,https://jobs.ashbyhq.com/lemon-markets
lemonade,lemonade,https://jobs.ashbyhq.com/lemonade
Lendable,lendable,https://jobs.ashbyhq.com/lendable
LENS Inc.,lens,https://jobs.ashbyhq.com/lens
Leona Health,leona,https://jobs.ashbyhq.com/leona
"Leopard, Inc.",leopard,https://jobs.ashbyhq.com/leopard
Leopards,leopards,https://jobs.ashbyhq.com/leopards
LeoVegas Gaming Group,leovegas,https://jobs.ashbyhq.com/leovegas
Letta,letta,https://jobs.ashbyhq.com/letta
Level,level,https://jobs.ashbyhq.com/level
Levelpath,levelpath,https://jobs.ashbyhq.com/levelpath
Leveraged Media,leveragedmedia,https://jobs.ashbyhq.com/leveragedmedia
Lexroom,lexroom,https://jobs.ashbyhq.com/lexroom
LG Ad Solutions,lgads,https://jobs.ashbyhq.com/lgads
Lido,lido.fi,https://jobs.ashbyhq.com/Lido.fi
Life Space Digital,life-space-digital,https://jobs.ashbyhq.com/life-space-digital
Lifen,lifen,https://jobs.ashbyhq.com/lifen
LifeStance Health,lifestance,https://jobs.ashbyhq.com/lifestance
Lifetime Quality,lifetime-quality-roofing-storm-restoration,https://jobs.ashbyhq.com/lifetime-quality-roofing-storm-restoration
Liftoff,liftoff,https://jobs.ashbyhq.com/liftoff
Light,light,https://jobs.ashbyhq.com/light
Light (finance platform),light-inc,https://jobs.ashbyhq.com/light-inc
Lightdash,lightdash,https://jobs.ashbyhq.com/lightdash
Lightfield,lightfield,https://jobs.ashbyhq.com/lightfield
Lightning Labs,lightning,https://jobs.ashbyhq.com/lightning
LightSource,lightsource,https://jobs.ashbyhq.com/lightsource
Lightspark,lightspark,https://jobs.ashbyhq.com/lightspark
"Lightspeed Commerce, Inc.",lightspeedhq,https://jobs.ashbyhq.com/lightspeedhq
LightTable AI,lighttable,https://jobs.ashbyhq.com/lighttable
LILT,lilt-corporate,https://jobs.ashbyhq.com/lilt-corporate
LILT (Production),lilt-production,https://jobs.ashbyhq.com/lilt-production
Limbic,limbic,https://jobs.ashbyhq.com/limbic
Limble,limble,https://jobs.ashbyhq.com/limble
Limetax,limetax,https://jobs.ashbyhq.com/limetax
Linda AI,linda,https://jobs.ashbyhq.com/linda
Lindus,lindus,https://jobs.ashbyhq.com/lindus
Lindy,lindy,https://jobs.ashbyhq.com/lindy
Linear,linear,https://jobs.ashbyhq.com/linear
Linkup,linkup,https://jobs.ashbyhq.com/Linkup
Lio,lio,https://jobs.ashbyhq.com/lio
Liquid,liquid,https://jobs.ashbyhq.com/liquid
Liquid AI,liquid-ai,https://jobs.ashbyhq.com/liquid-ai
Listen Labs,listenlabs,https://jobs.ashbyhq.com/listenlabs
LiteLLM,litellm,https://jobs.ashbyhq.com/litellm
Literati,literati,https://jobs.ashbyhq.com/literati
Lithosquare,lithosquare,https://jobs.ashbyhq.com/lithosquare
Litmus,litmus,https://jobs.ashbyhq.com/litmus
LIV Golf,liv-golf,https://jobs.ashbyhq.com/liv-golf
Live it Up,liveitup,https://jobs.ashbyhq.com/liveitup
LiveFlow,liveflow,https://jobs.ashbyhq.com/liveflow
LiveKit,livekit,https://jobs.ashbyhq.com/livekit
Liven,liven,https://jobs.ashbyhq.com/liven
livingHR,livinghr,https://jobs.ashbyhq.com/livinghr
LlamaIndex,llamaindex,https://jobs.ashbyhq.com/llamaindex
LM Studio,lm-studio,https://jobs.ashbyhq.com/lm-studio
Loadshare,loadshare,https://jobs.ashbyhq.com/loadshare
Loancrate,loancrate,https://jobs.ashbyhq.com/loancrate
Local Infusion,local infusion,https://jobs.ashbyhq.com/Local%20Infusion
LocalStack,localstack,https://jobs.ashbyhq.com/localstack
Loft,loft,https://jobs.ashbyhq.com/loft
Logiqal,logiqal,https://jobs.ashbyhq.com/logiqal
Loki Robotics,loki,https://jobs.ashbyhq.com/loki
Long Lake,long-lake,https://jobs.ashbyhq.com/long-lake
Loom,loom,https://jobs.ashbyhq.com/loom
Loopio Inc.,loopio,https://jobs.ashbyhq.com/loopio
Loot Labs,loot-labs,https://jobs.ashbyhq.com/loot-labs
Lorikeet,lorikeet,https://jobs.ashbyhq.com/lorikeet
Lottie,lottie,https://jobs.ashbyhq.com/lottie
Lotus AI,lotushealth,https://jobs.ashbyhq.com/lotushealth
Loula,loula,https://jobs.ashbyhq.com/loula
Lovable,lovable,https://jobs.ashbyhq.com/lovable
loveholidays,loveholidays,https://jobs.ashbyhq.com/loveholidays
Lovelace AI,lovelace,https://jobs.ashbyhq.com/lovelace
"LPA, Inc.",lpadesignstudios,https://jobs.ashbyhq.com/lpadesignstudios
LTV,ltv,https://jobs.ashbyhq.com/ltv
LucidLink,lucidlink,https://jobs.ashbyhq.com/lucidlink
Lucis,lucis,https://jobs.ashbyhq.com/lucis
Lucra Sports,lucra-sports,https://jobs.ashbyhq.com/lucra-sports
Luma,lumaai,https://jobs.ashbyhq.com/lumaai
Lumana,lumana,https://jobs.ashbyhq.com/lumana
Lumbra,lumbra,https://jobs.ashbyhq.com/lumbra
Lumen,lumen,https://jobs.ashbyhq.com/lumen
Lumen Energy,lumen.energy,https://jobs.ashbyhq.com/lumen.energy
Lumilens,lumilens,https://jobs.ashbyhq.com/lumilens
Lumin Digital,lumin-digital,https://jobs.ashbyhq.com/lumin-digital
Luminai,luminai,https://jobs.ashbyhq.com/luminai
Luminary,luminary,https://jobs.ashbyhq.com/luminary
Luminovo,luminovo,https://jobs.ashbyhq.com/Luminovo
Lumos,lumos,https://jobs.ashbyhq.com/lumos
Lunar,lunar,https://jobs.ashbyhq.com/lunar
Lunar Solar Group,lunar-solar-group,https://jobs.ashbyhq.com/lunar-solar-group
Lupa Pets,lupapets,https://jobs.ashbyhq.com/lupapets
Luxor Technology Corporation,luxor,https://jobs.ashbyhq.com/luxor
Lydian,lydian,https://jobs.ashbyhq.com/lydian
Lynk,lynk,https://jobs.ashbyhq.com/lynk
Lyra Health,lyrahealth,https://jobs.ashbyhq.com/lyrahealth
Lyric,lyric,https://jobs.ashbyhq.com/lyric
M-KOPA,m-kopa,https://jobs.ashbyhq.com/m-kopa
M13,m13,https://jobs.ashbyhq.com/m13
MACA,maca,https://jobs.ashbyhq.com/maca
Mach Industries,mach,https://jobs.ashbyhq.com/mach
Mach9,mach9,https://jobs.ashbyhq.com/mach9
Machine Intelligence Research Institute,miri,https://jobs.ashbyhq.com/miri
Macroscope,macroscope,https://jobs.ashbyhq.com/macroscope
Made Card,madecard,https://jobs.ashbyhq.com/madecard
Madhive,madhive,https://jobs.ashbyhq.com/madhive
Magentic,magentic,https://jobs.ashbyhq.com/magentic
Magic,magic.dev,https://jobs.ashbyhq.com/magic.dev
Magic Eden,magiceden,https://jobs.ashbyhq.com/magiceden
Magic Patterns,magicpatterns,https://jobs.ashbyhq.com/magicpatterns
Magical,magical,https://jobs.ashbyhq.com/magical
MagicSchool AI,magicschool,https://jobs.ashbyhq.com/magicschool
Magoosh,magoosh,https://jobs.ashbyhq.com/magoosh
MAI,mai,https://jobs.ashbyhq.com/mai
Maihem,maihem,https://jobs.ashbyhq.com/maihem
Maincode,maincode,https://jobs.ashbyhq.com/maincode
Mainstay Labs Inc.,mainstay,https://jobs.ashbyhq.com/mainstay
MaintainX (An Autodesk Company),maintainx,https://jobs.ashbyhq.com/maintainx
Makai Labs,makai-labs,https://jobs.ashbyhq.com/makai-labs
MakerMaker,makermaker.ai,https://jobs.ashbyhq.com/makermaker.ai
MakiPeople,maki,https://jobs.ashbyhq.com/maki
Mandolin,mandolin,https://jobs.ashbyhq.com/mandolin
Mandrel,mandrel,https://jobs.ashbyhq.com/mandrel
Maneuver Marketing,maneuver-marketing,https://jobs.ashbyhq.com/maneuver-marketing
Manex AI GmbH,manex,https://jobs.ashbyhq.com/manex
Mangomint,mangomint,https://jobs.ashbyhq.com/mangomint
Manifest Law,manifest-law,https://jobs.ashbyhq.com/manifest-law
Manifest OS,manifest-os,https://jobs.ashbyhq.com/manifest-os
Manus AI,manusai,https://jobs.ashbyhq.com/manusai
Mapbox,mapbox,https://jobs.ashbyhq.com/mapbox
Maple,maple,https://jobs.ashbyhq.com/maple
Marble,marble,https://jobs.ashbyhq.com/marble
Marble Health,marblehealth,https://jobs.ashbyhq.com/marblehealth
Marco,marcohire,https://jobs.ashbyhq.com/marcohire
Mariana Minerals,marianaminerals,https://jobs.ashbyhq.com/marianaminerals
Mariner,mariner-careers,https://jobs.ashbyhq.com/mariner-careers
Marketing Architects,markarch,https://jobs.ashbyhq.com/markarch
Marloo,marloo,https://jobs.ashbyhq.com/marloo
Marqeta,marqeta,https://jobs.ashbyhq.com/marqeta
marshmallow,marshmallow,https://jobs.ashbyhq.com/marshmallow
Marvin Behavioral Health,meetmarvin,https://jobs.ashbyhq.com/meetmarvin
Masabi,masabi,https://jobs.ashbyhq.com/masabi
Mastodon,mastodon,https://jobs.ashbyhq.com/mastodon
Matchnode,matchnode,https://jobs.ashbyhq.com/matchnode
Material Group,material,https://jobs.ashbyhq.com/material
Material Security,materialsecurity,https://jobs.ashbyhq.com/materialsecurity
Materialize,materialize,https://jobs.ashbyhq.com/materialize
MathGPT,mathgpt,https://jobs.ashbyhq.com/mathgpt
Matia,matia,https://jobs.ashbyhq.com/matia
Matic,maticrobots,https://jobs.ashbyhq.com/maticrobots
Matter Intelligence,matter-intelligence,https://jobs.ashbyhq.com/matter-intelligence
Matter Labs,matter-labs,https://jobs.ashbyhq.com/matter-labs
"Matterworks, Inc.",matterworks,https://jobs.ashbyhq.com/matterworks
Maven,maven,https://jobs.ashbyhq.com/maven
Maven AGI,maven-agi,https://jobs.ashbyhq.com/maven-agi
Mavericks,mavericks,https://jobs.ashbyhq.com/mavericks
Maxhome,maxhome,https://jobs.ashbyhq.com/maxhome
Maxima,maxima,https://jobs.ashbyhq.com/maxima
Maxima Consulting,maxima-consulting,https://jobs.ashbyhq.com/maxima-consulting
"Maximus Health, Inc.",maximustribe,https://jobs.ashbyhq.com/maximustribe
MaxRewards,maxrewards,https://jobs.ashbyhq.com/maxrewards
Maybern,maybern,https://jobs.ashbyhq.com/maybern
Maze,mazedesign,https://jobs.ashbyhq.com/mazedesign
Maze,mazehq,https://jobs.ashbyhq.com/mazehq
MDCalc,mdcalc,https://jobs.ashbyhq.com/mdcalc
Meadow,meadow,https://jobs.ashbyhq.com/meadow
MeBe,mebe,https://jobs.ashbyhq.com/mebe
"Mechanize, Inc.",mechanize,https://jobs.ashbyhq.com/mechanize
Medallion,medallion,https://jobs.ashbyhq.com/medallion
Medely,medely,https://jobs.ashbyhq.com/medely
Medialicious,medialicious,https://jobs.ashbyhq.com/medialicious
"Mednet, Inc.",mednet,https://jobs.ashbyhq.com/mednet
Medra,medraai,https://jobs.ashbyhq.com/medraai
MedScout,medscout,https://jobs.ashbyhq.com/medscout
Megazone Cloud US,megazone,https://jobs.ashbyhq.com/megazone
Meliora Academy,meliora-academy,https://jobs.ashbyhq.com/Meliora-Academy
Melius,melius,https://jobs.ashbyhq.com/melius
Melotech,melotech,https://jobs.ashbyhq.com/melotech
Mem,mem.ai,https://jobs.ashbyhq.com/mem.ai
Mem Protocol,mem,https://jobs.ashbyhq.com/mem
Mem0,mem0,https://jobs.ashbyhq.com/mem0
Membrane,membrane,https://jobs.ashbyhq.com/membrane
Memfault,memfault,https://jobs.ashbyhq.com/memfault
Memora Health,memora,https://jobs.ashbyhq.com/memora
Mend.io,mend-io,https://jobs.ashbyhq.com/mend-io
Menlo Security,menlosecurity,https://jobs.ashbyhq.com/menlosecurity
Ment,ment,https://jobs.ashbyhq.com/ment
Mento,mento,https://jobs.ashbyhq.com/mento
Meow,meow,https://jobs.ashbyhq.com/meow
Mercator,mercator,https://jobs.ashbyhq.com/mercator
Merciv,merciv,https://jobs.ashbyhq.com/merciv
Mercor,mercor,https://jobs.ashbyhq.com/mercor
Mercura,mercura,https://jobs.ashbyhq.com/mercura
Mercury,mercury,https://jobs.ashbyhq.com/mercury
Merge,merge,https://jobs.ashbyhq.com/merge
Merge Labs,merge labs,https://jobs.ashbyhq.com/Merge%20Labs
MeridianLink,meridianlink,https://jobs.ashbyhq.com/meridianlink
Meshy LLC,meshy,https://jobs.ashbyhq.com/meshy
"Messa, Inc.",messa,https://jobs.ashbyhq.com/messa
Metaforms,metaforms,https://jobs.ashbyhq.com/metaforms
Metal,metal,https://jobs.ashbyhq.com/metal
Metalenz,metalenz,https://jobs.ashbyhq.com/metalenz
Metaview,metaview,https://jobs.ashbyhq.com/metaview
Meter,meter,https://jobs.ashbyhq.com/meter
Method Financial,method,https://jobs.ashbyhq.com/method
Method Integration Inc.,method-crm,https://jobs.ashbyhq.com/method-crm
Method Security,method.security,https://jobs.ashbyhq.com/method.security
Meticulous,meticulous,https://jobs.ashbyhq.com/meticulous
Metriport,metriport,https://jobs.ashbyhq.com/metriport
"Mia Labs, Inc.",mia-labs,https://jobs.ashbyhq.com/mia-labs
Miaplaza,miaplaza,https://jobs.ashbyhq.com/miaplaza
Middesk,middesk,https://jobs.ashbyhq.com/middesk
Midnite,midnite,https://jobs.ashbyhq.com/midnite
Midstream Health,midstream,https://jobs.ashbyhq.com/midstream
Migaku,migaku,https://jobs.ashbyhq.com/migaku
MikMak,mikmak,https://jobs.ashbyhq.com/mikmak
Mimica,mimica,https://jobs.ashbyhq.com/mimica
Mind Robotics,mindrobotics,https://jobs.ashbyhq.com/mindrobotics
Mindbeam,mindbeam,https://jobs.ashbyhq.com/mindbeam
Mindly,mindly,https://jobs.ashbyhq.com/mindly
Mindpeak,mindpeak,https://jobs.ashbyhq.com/mindpeak
Mindvalley,mindvalley,https://jobs.ashbyhq.com/mindvalley
Mine,mine,https://jobs.ashbyhq.com/mine
Minerva,minerva,https://jobs.ashbyhq.com/minerva
Mintlify,mintlify,https://jobs.ashbyhq.com/mintlify
MioDottore,miodottore,https://jobs.ashbyhq.com/miodottore
Miovision,miovision,https://jobs.ashbyhq.com/miovision
Mira Mace,miramace,https://jobs.ashbyhq.com/miramace
Mirage,mirage,https://jobs.ashbyhq.com/mirage
Mirai Robotics,mirai-robotics,https://jobs.ashbyhq.com/mirai-robotics
Mirelo AI,mirelo,https://jobs.ashbyhq.com/mirelo
Mirendil,mirendil,https://jobs.ashbyhq.com/mirendil
Miso,miso,https://jobs.ashbyhq.com/miso
Mistral,mistral.ai,https://jobs.ashbyhq.com/mistral.ai
Miter,miter,https://jobs.ashbyhq.com/miter
Mithrl,mithrl,https://jobs.ashbyhq.com/mithrl
Moab,moab,https://jobs.ashbyhq.com/moab
Mobasi,mobasi,https://jobs.ashbyhq.com/mobasi
Mobbin,mobbin.com,https://jobs.ashbyhq.com/mobbin.com
Modal,modal,https://jobs.ashbyhq.com/modal
"MODE, Inc.",tinkermode,https://jobs.ashbyhq.com/tinkermode
Modelyst,modelyst,https://jobs.ashbyhq.com/modelyst
Modern Treasury,moderntreasury,https://jobs.ashbyhq.com/moderntreasury
ModernFi,modernfi,https://jobs.ashbyhq.com/modernfi
Modus,modus,https://jobs.ashbyhq.com/modus
MoeGo,moego,https://jobs.ashbyhq.com/moego
Mogul & Co.,media-mogul,https://jobs.ashbyhq.com/media-mogul
Molecule Software,molecule-software,https://jobs.ashbyhq.com/molecule-software
molecule.xyz,molecule,https://jobs.ashbyhq.com/molecule
Molg,molg,https://jobs.ashbyhq.com/Molg
Mollie,mollie,https://jobs.ashbyhq.com/mollie
Moment,moment,https://jobs.ashbyhq.com/moment
Momentic,momentic,https://jobs.ashbyhq.com/momentic
Mona,mona,https://jobs.ashbyhq.com/mona
Monaco,monaco,https://jobs.ashbyhq.com/monaco
Monad Foundation,monad.foundation,https://jobs.ashbyhq.com/monad.foundation
Monarch,monarchcrops,https://jobs.ashbyhq.com/monarchcrops
Monarch,monarch-md,https://jobs.ashbyhq.com/monarch-md
Monarch Money,monarchmoney,https://jobs.ashbyhq.com/monarchmoney
Mondoo,mondoo,https://jobs.ashbyhq.com/mondoo
MONEI,monei,https://jobs.ashbyhq.com/monei
Monk,monk,https://jobs.ashbyhq.com/monk
Monogram,monogram,https://jobs.ashbyhq.com/monogram
Montauk Capital,montauk-capital,https://jobs.ashbyhq.com/montauk-capital
Monte Carlo,montecarlodata,https://jobs.ashbyhq.com/montecarlodata
Monterra,monterra,https://jobs.ashbyhq.com/monterra
Montu UK,montu-uk,https://jobs.ashbyhq.com/montu-uk
Monumental,monumental,https://jobs.ashbyhq.com/monumental
Moon Active,moonactive,https://jobs.ashbyhq.com/moonactive
Moonlake,moonlake,https://jobs.ashbyhq.com/moonlake
Moonshot,moonshot,https://jobs.ashbyhq.com/moonshot
Moonvalley AI,moonvalley-ai,https://jobs.ashbyhq.com/moonvalley-ai
Morning Consult,morningconsult,https://jobs.ashbyhq.com/morningconsult
Morpho,morpho,https://jobs.ashbyhq.com/morpho
Morse Micro,morse-micro,https://jobs.ashbyhq.com/morse-micro
Mosaic,mosaic,https://jobs.ashbyhq.com/mosaic
Mosey,mosey,https://jobs.ashbyhq.com/mosey
Moss,moss,https://jobs.ashbyhq.com/moss
MotherDuck,motherduck,https://jobs.ashbyhq.com/motherduck
Motorway,motorway,https://jobs.ashbyhq.com/motorway
MOXFIVE,moxfive,https://jobs.ashbyhq.com/moxfive
Moxie,moxie,https://jobs.ashbyhq.com/moxie
MSquared,msquared,https://jobs.ashbyhq.com/msquared
MUBI,mubi,https://jobs.ashbyhq.com/mubi
Mudflap,mudflap,https://jobs.ashbyhq.com/mudflap
MUI,mui,https://jobs.ashbyhq.com/mui
Multibank Group,mexdigital,https://jobs.ashbyhq.com/mexdigital
Multiply,multiply,https://jobs.ashbyhq.com/multiply
MultiplyMii,multiplymii,https://jobs.ashbyhq.com/multiplymii
Multitude Insights,multitude insights,https://jobs.ashbyhq.com/Multitude%20Insights
Multiverse,multiverse,https://jobs.ashbyhq.com/multiverse
MultiVM Labs,multivmlabs,https://jobs.ashbyhq.com/multivmlabs
Munich Electrification,munich-electrification,https://jobs.ashbyhq.com/munich-electrification
Mural,mural,https://jobs.ashbyhq.com/mural
Mural Group,themuralgroup,https://jobs.ashbyhq.com/themuralgroup
Mutiny,mutiny,https://jobs.ashbyhq.com/mutiny
Muun,muun,https://jobs.ashbyhq.com/muun
Mux,mux,https://jobs.ashbyhq.com/mux
MyCase,mycase,https://jobs.ashbyhq.com/mycase
MyEdSpace,myedspacecareers,https://jobs.ashbyhq.com/myedspacecareers
Myriad AI,myriad-ai,https://jobs.ashbyhq.com/myriad-ai
Mysten Labs,mystenlabs,https://jobs.ashbyhq.com/mystenlabs
myTomorrows,mytomorrows,https://jobs.ashbyhq.com/mytomorrows
N1,n1,https://jobs.ashbyhq.com/n1
n8n,n8n,https://jobs.ashbyhq.com/n8n
Nabi,nabihealth,https://jobs.ashbyhq.com/nabihealth
Nabla,nabla,https://jobs.ashbyhq.com/nabla
Nabr,nabr,https://jobs.ashbyhq.com/nabr
Nabu Casa,nabucasa,https://jobs.ashbyhq.com/nabucasa
Nace AI,nace.ai,https://jobs.ashbyhq.com/nace.ai
Namespace,namespace,https://jobs.ashbyhq.com/namespace
Nango,nango,https://jobs.ashbyhq.com/nango
"Nanofiber Quantum Technologies, Inc.",nano-qt,https://jobs.ashbyhq.com/nano-qt
Nascent,nascent,https://jobs.ashbyhq.com/nascent
Nash,nash,https://jobs.ashbyhq.com/nash
NationGraph,nationgraph,https://jobs.ashbyhq.com/nationgraph
Natter,natter,https://jobs.ashbyhq.com/natter
Nautilus Biotechnology,nautilus biotechnology,https://jobs.ashbyhq.com/Nautilus%20Biotechnology
Nava Benefits,nava-benefits,https://jobs.ashbyhq.com/nava-benefits
Navattic,navattic,https://jobs.ashbyhq.com/navattic
Navi AI,navi,https://jobs.ashbyhq.com/navi
Ncontracts,ncontracts,https://jobs.ashbyhq.com/ncontracts
NDEAVOUR CONSULTING,ndeavour,https://jobs.ashbyhq.com/ndeavour
Neara,neara,https://jobs.ashbyhq.com/neara
Nebuly,nebuly,https://jobs.ashbyhq.com/nebuly
Nectar Social,nectar-social,https://jobs.ashbyhq.com/nectar-social
Need,need,https://jobs.ashbyhq.com/need
Neko Health,neko-health,https://jobs.ashbyhq.com/neko-health
Nell,nell,https://jobs.ashbyhq.com/nell
Nelly Solutions,nelly,https://jobs.ashbyhq.com/nelly
Nelo,nelo,https://jobs.ashbyhq.com/nelo
Nen,nen,https://jobs.ashbyhq.com/nen
Nen Creative,nen-creative,https://jobs.ashbyhq.com/nen-creative
Neo Financial,neofinancial,https://jobs.ashbyhq.com/neofinancial
Neo.Tax,neo-tax,https://jobs.ashbyhq.com/neo-tax
Neon,neon,https://jobs.ashbyhq.com/neon
Neon Health,neon-health,https://jobs.ashbyhq.com/neon-health
Neon Redwood,neonredwood,https://jobs.ashbyhq.com/neonredwood
NeoTaste,neotaste,https://jobs.ashbyhq.com/neotaste
NerdWallet,nerdwallet,https://jobs.ashbyhq.com/nerdwallet
Nesso Labs,nessolabs,https://jobs.ashbyhq.com/nessolabs
Nest Health,nest-health,https://jobs.ashbyhq.com/nest-health
Nest Veterinary,nestveterinary,https://jobs.ashbyhq.com/nestveterinary
NetBird,netbird,https://jobs.ashbyhq.com/netbird
NetBox Labs,netboxlabs,https://jobs.ashbyhq.com/netboxlabs
NetEase,netease,https://jobs.ashbyhq.com/netease
NETGEAR,netgear,https://jobs.ashbyhq.com/netgear
Nethermind,nethermind,https://jobs.ashbyhq.com/nethermind
Netic,netic,https://jobs.ashbyhq.com/netic
Netpreme,netpreme,https://jobs.ashbyhq.com/netpreme
Netwealth,netwealth,https://jobs.ashbyhq.com/netwealth
Network Right,networkright,https://jobs.ashbyhq.com/networkright
Neudata,neudata,https://jobs.ashbyhq.com/neudata
Neural Concept,neuralconcept,https://jobs.ashbyhq.com/neuralconcept
Neural Earth,neural-earth,https://jobs.ashbyhq.com/neural-earth
Neurons Lab,neurons-lab.com,https://jobs.ashbyhq.com/neurons-lab.com
Neurophos,neurophos,https://jobs.ashbyhq.com/neurophos
Neuroscale AI,neuroscale,https://jobs.ashbyhq.com/neuroscale
Nevis Wealth,nevis,https://jobs.ashbyhq.com/nevis
Nevoya,nevoya,https://jobs.ashbyhq.com/nevoya
New Culture,new-culture,https://jobs.ashbyhq.com/new-culture
New Story,new-story,https://jobs.ashbyhq.com/new-story
New Story Schools (OH),new-story-schools-oh,https://jobs.ashbyhq.com/new-story-schools-oh
New Story Schools (PA),new-story-schools-pa,https://jobs.ashbyhq.com/new-story-schools-pa
Newform,newform,https://jobs.ashbyhq.com/newform
Newfront,newfront,https://jobs.ashbyhq.com/newfront
NewOrbit Space,neworbit,https://jobs.ashbyhq.com/neworbit
Newxel,newxel,https://jobs.ashbyhq.com/newxel
nexos.ai,nexos-ai,https://jobs.ashbyhq.com/nexos-ai
Nextdata,nextdata,https://jobs.ashbyhq.com/nextdata
NextLink Labs,nextlinklabs,https://jobs.ashbyhq.com/nextlinklabs
NextPatient,nextpatient,https://jobs.ashbyhq.com/nextpatient
NextRoll,nextroll,https://jobs.ashbyhq.com/nextroll
Nexus,nexus.xyz,https://jobs.ashbyhq.com/nexus.xyz
Nexus Marketing,nexus-marketing,https://jobs.ashbyhq.com/nexus-marketing
Nexus One,nexus-cognitive,https://jobs.ashbyhq.com/nexus-cognitive
Nexxa.AI,nexxa,https://jobs.ashbyhq.com/nexxa
Nexxen,nexxen,https://jobs.ashbyhq.com/nexxen
Niantic Spatial,niantic-spatial,https://jobs.ashbyhq.com/niantic-spatial
Nightfall AI,nightfall-ai,https://jobs.ashbyhq.com/nightfall-ai
Nira Medical,niramedical,https://jobs.ashbyhq.com/niramedical
Nirvana Insurance,nirvana,https://jobs.ashbyhq.com/nirvana
Niural,niural,https://jobs.ashbyhq.com/niural
Niva,niva,https://jobs.ashbyhq.com/niva
Nivoda,nivoda,https://jobs.ashbyhq.com/nivoda
NODA AI,noda-ai,https://jobs.ashbyhq.com/noda-ai
Noetic Global Corp.,noetic,https://jobs.ashbyhq.com/noetic
Noetica,noetica,https://jobs.ashbyhq.com/noetica
Noise Labs,noise-labs,https://jobs.ashbyhq.com/noise-labs
Nomad Labs Inc,nomad,https://jobs.ashbyhq.com/nomad
nomic,nomic,https://jobs.ashbyhq.com/nomic
Nomic,nomic.ai,https://jobs.ashbyhq.com/nomic.ai
Nomic Foundation,nomic.foundation,https://jobs.ashbyhq.com/nomic.foundation
Nomos,nomos,https://jobs.ashbyhq.com/nomos
Nooks,nooks,https://jobs.ashbyhq.com/nooks
Nord Security,nord-security,https://jobs.ashbyhq.com/nord-security
Norm Ai,norm-ai,https://jobs.ashbyhq.com/norm-ai
Norm Law,normlaw,https://jobs.ashbyhq.com/normlaw
Normal Computing Corporation,normalcomputing,https://jobs.ashbyhq.com/NormalComputing
North Vector Dynamics Inc.,northvectordynamics,https://jobs.ashbyhq.com/northvectordynamics
Northflank,northflank.com,https://jobs.ashbyhq.com/northflank.com
Northslope,northslope-technologies,https://jobs.ashbyhq.com/northslope-technologies
Northwood Space,northwoodspace,https://jobs.ashbyhq.com/northwoodspace
Nory,nory,https://jobs.ashbyhq.com/nory
NORY,nory-co,https://jobs.ashbyhq.com/nory-co
Nosis Bio,nosisbio,https://jobs.ashbyhq.com/nosisbio
Notabene,notabene,https://jobs.ashbyhq.com/notabene
Notable,notable,https://jobs.ashbyhq.com/notable
Notch,notch,https://jobs.ashbyhq.com/notch
Notion,notion,https://jobs.ashbyhq.com/notion
Noto,noto,https://jobs.ashbyhq.com/noto
Nous,nous,https://jobs.ashbyhq.com/nous
Nova Intelligence,novaintelligence,https://jobs.ashbyhq.com/novaintelligence
Novel,novel,https://jobs.ashbyhq.com/novel
Novellia,novellia,https://jobs.ashbyhq.com/novellia
Novig,novig,https://jobs.ashbyhq.com/novig
Novita AI,novita-ai,https://jobs.ashbyhq.com/novita-ai
Novo,novo,https://jobs.ashbyhq.com/novo
NOX METALS,nox-metals,https://jobs.ashbyhq.com/nox-metals
Noyo,noyo,https://jobs.ashbyhq.com/Noyo
Noïa Labs,noialabs,https://jobs.ashbyhq.com/noialabs
ntegrity,ntegrity,https://jobs.ashbyhq.com/ntegrity
Nubank,nubank,https://jobs.ashbyhq.com/nubank
Nuclear Promise X,npx,https://jobs.ashbyhq.com/npx
Nucleus Genomics,nucleus,https://jobs.ashbyhq.com/nucleus
Nudge,nudge,https://jobs.ashbyhq.com/nudge
Numeral,numeral,https://jobs.ashbyhq.com/numeral
Numeric,numeric,https://jobs.ashbyhq.com/numeric
NumerixS Quant,numerixs-quant,https://jobs.ashbyhq.com/numerixs-quant
"Numos AI, inc.",numosai,https://jobs.ashbyhq.com/numosai
Nuna,nuna,https://jobs.ashbyhq.com/nuna
"Nuon, Inc.",nuon,https://jobs.ashbyhq.com/nuon
Nursa,nursa,https://jobs.ashbyhq.com/nursa
Nusano,nusano,https://jobs.ashbyhq.com/nusano
Nylas,nylas,https://jobs.ashbyhq.com/nylas
Oak,oak,https://jobs.ashbyhq.com/oak
OAK'S LAB,oakslab,https://jobs.ashbyhq.com/oakslab
Oakland Feather River Camp,oakland-feather-river-camp,https://jobs.ashbyhq.com/oakland-feather-river-camp
OakNorth,oaknorth,https://jobs.ashbyhq.com/oaknorth
Oberst,oberst,https://jobs.ashbyhq.com/oberst
OBRIO,obrio,https://jobs.ashbyhq.com/OBRIO
Observable Space,observable-space,https://jobs.ashbyhq.com/observable-space
Obsidian Systems,obsidiansystems,https://jobs.ashbyhq.com/obsidiansystems
Obviant,obviant,https://jobs.ashbyhq.com/obviant
Obvio,obvio,https://jobs.ashbyhq.com/obvio
Obvious,obvious,https://jobs.ashbyhq.com/obvious
Oceanus Marine Technologies,oceanus,https://jobs.ashbyhq.com/oceanus
Ocra,ocra,https://jobs.ashbyhq.com/ocra
Ode with Anthropic,odewithanthropic,https://jobs.ashbyhq.com/odewithanthropic
Oden Technologies,oden-technologies,https://jobs.ashbyhq.com/oden-technologies
Odin,odin,https://jobs.ashbyhq.com/odin
Odys,odys-aviation,https://jobs.ashbyhq.com/odys-aviation
Odyssey,odyssey,https://jobs.ashbyhq.com/odyssey
Odyssey,odysseyml,https://jobs.ashbyhq.com/odysseyml
OffDeal,offdeal,https://jobs.ashbyhq.com/offdeal
Office Hours,office-hours,https://jobs.ashbyhq.com/office-hours
Oh,oh,https://jobs.ashbyhq.com/oh
OKTOBER,oktoberagency,https://jobs.ashbyhq.com/oktoberagency
Old Well Labs,old-well-labs,https://jobs.ashbyhq.com/old-well-labs
Oligo Space,oligo,https://jobs.ashbyhq.com/oligo
Olive,olive,https://jobs.ashbyhq.com/olive
OLIX,olix,https://jobs.ashbyhq.com/olix
Ollama,ollama,https://jobs.ashbyhq.com/ollama
Olly Olly,olly-olly,https://jobs.ashbyhq.com/olly-olly
Oma Fertility,omafertility,https://jobs.ashbyhq.com/omafertility
Omada.ai,omadaai,https://jobs.ashbyhq.com/omadaai
Omaze,omaze,https://jobs.ashbyhq.com/omaze
Omen,omen,https://jobs.ashbyhq.com/omen
Omi,omi,https://jobs.ashbyhq.com/omi
Omnea,omnea,https://jobs.ashbyhq.com/omnea
Omni,omni,https://jobs.ashbyhq.com/omni
Omnifold,omnifold,https://jobs.ashbyhq.com/omnifold
Omniscient,omniscient,https://jobs.ashbyhq.com/omniscient
On Deck,ondeck,https://jobs.ashbyhq.com/ondeck
On Me Gifting,onme,https://jobs.ashbyhq.com/onme
Ona,ona,https://jobs.ashbyhq.com/ona
One Pass Solutions,one-pass-solutions,https://jobs.ashbyhq.com/one-pass-solutions
Onebrief,onebrief,https://jobs.ashbyhq.com/onebrief
OneCrew,onecrew,https://jobs.ashbyhq.com/onecrew
OneHealth Tech Corp,onehealth,https://jobs.ashbyhq.com/onehealth
Oneleet,oneleet,https://jobs.ashbyhq.com/oneleet
OnePay,oneapp,https://jobs.ashbyhq.com/oneapp
OneSchema,oneschema,https://jobs.ashbyhq.com/oneschema
OneStock,onestock,https://jobs.ashbyhq.com/onestock
OnHires,onhires,https://jobs.ashbyhq.com/onhires
Onos Health,onoshealth,https://jobs.ashbyhq.com/onoshealth
OnRamp,onramp,https://jobs.ashbyhq.com/onramp
Ontic,ontic,https://jobs.ashbyhq.com/ontic
Ontologize,ontologize,https://jobs.ashbyhq.com/ontologize
Onton,onton,https://jobs.ashbyhq.com/onton
Onyx,onyx,https://jobs.ashbyhq.com/onyx
Onyx Bio,onyx-bio,https://jobs.ashbyhq.com/onyx-bio
OP Labs,oplabs,https://jobs.ashbyhq.com/oplabs
Opal Security,opal,https://jobs.ashbyhq.com/opal
Open Home Foundation,openhomefoundation,https://jobs.ashbyhq.com/openhomefoundation
OpenAI,openai,https://jobs.ashbyhq.com/openai
OpenAI Deployment Company,openai-deployment-company,https://jobs.ashbyhq.com/openai-deployment-company
OpenArt AI,openart,https://jobs.ashbyhq.com/openart
OpenClaw Foundation,openclaw-foundation-inc,https://jobs.ashbyhq.com/openclaw-foundation-inc
OpenCoreOS,opencoreos,https://jobs.ashbyhq.com/opencoreos
OpenEvidence,openevidence,https://jobs.ashbyhq.com/openevidence
OpenGov,opengov,https://jobs.ashbyhq.com/opengov
OpenHands,openhands,https://jobs.ashbyhq.com/OpenHands
OpenLoop Health,openloophealth,https://jobs.ashbyhq.com/openloophealth
OpenLoop Health Partners,openlooppartners,https://jobs.ashbyhq.com/openlooppartners
Openly,openly,https://jobs.ashbyhq.com/openly
OpenObserve Inc.,openobserve-careers,https://jobs.ashbyhq.com/openobserve-careers
OpenRouter,openrouter,https://jobs.ashbyhq.com/openrouter
OpenSea,opensea,https://jobs.ashbyhq.com/opensea
OpsLevel,opslevel,https://jobs.ashbyhq.com/OpsLevel
OpsMill,opsmill,https://jobs.ashbyhq.com/opsmill
Optimum,optimum,https://jobs.ashbyhq.com/optimum
Optro,optro,https://jobs.ashbyhq.com/optro
Opus Medical,opus-medical,https://jobs.ashbyhq.com/opus-medical
Opus Training Inc.,opus-training,https://jobs.ashbyhq.com/opus-training
OpusClip,opusclip,https://jobs.ashbyhq.com/opusclip
Orb,orb,https://jobs.ashbyhq.com/orb
Orbem,orbem,https://jobs.ashbyhq.com/orbem
Orbit Neuro Co.,orbit,https://jobs.ashbyhq.com/orbit
Orbital,orbital,https://jobs.ashbyhq.com/orbital
Orbital Industries,orbitalindustries,https://jobs.ashbyhq.com/orbitalindustries
Orca,orca,https://jobs.ashbyhq.com/orca
Orchard Robotics,orchard,https://jobs.ashbyhq.com/orchard
Orchestra Bio,orchestra-bio,https://jobs.ashbyhq.com/orchestra-bio
Orderful,orderful,https://jobs.ashbyhq.com/orderful
Origin,originhq,https://jobs.ashbyhq.com/originhq
Orion,orion,https://jobs.ashbyhq.com/orion
Orion Sleep,orionsleep,https://jobs.ashbyhq.com/orionsleep
Orita,orita,https://jobs.ashbyhq.com/orita
Orum,orum,https://jobs.ashbyhq.com/orum
Oscilar,oscilar,https://jobs.ashbyhq.com/oscilar
Osmo,osmo,https://jobs.ashbyhq.com/osmo
Oso,oso,https://jobs.ashbyhq.com/oso
Ostium Labs,ostium,https://jobs.ashbyhq.com/ostium
Oumi,oumi,https://jobs.ashbyhq.com/oumi
OurRitual,ourritual,https://jobs.ashbyhq.com/ourritual
OuterSignal,outersignal,https://jobs.ashbyhq.com/outersignal
Outmarket AI,outmarket,https://jobs.ashbyhq.com/outmarket
Outpost,outpost,https://jobs.ashbyhq.com/outpost
Outpost Technologies,outpostnow,https://jobs.ashbyhq.com/outpostnow
Output Biosciences,output,https://jobs.ashbyhq.com/output
Output Inc,outputinc,https://jobs.ashbyhq.com/outputinc
Outro Health USA Inc.,outro-health,https://jobs.ashbyhq.com/outro-health
Outset,outset,https://jobs.ashbyhq.com/outset
Outsmart,outsmart,https://jobs.ashbyhq.com/outsmart
Outtake,outtake,https://jobs.ashbyhq.com/outtake
Overflow,overflow,https://jobs.ashbyhq.com/overflow
Overjet,overjet,https://jobs.ashbyhq.com/Overjet
Overtone,overtone,https://jobs.ashbyhq.com/overtone
Overview Corporation,overview,https://jobs.ashbyhq.com/overview
Overview Energy,overviewenergy,https://jobs.ashbyhq.com/overviewenergy
Owkin,owkin,https://jobs.ashbyhq.com/owkin
Own Up,ownup,https://jobs.ashbyhq.com/ownup
Owner.com,owner,https://jobs.ashbyhq.com/owner
Oxeon,oxeon,https://jobs.ashbyhq.com/oxeon
OXIO Corporation,oxio,https://jobs.ashbyhq.com/oxio
OXMAN,oxman,https://jobs.ashbyhq.com/oxman
Oxo,oxo,https://jobs.ashbyhq.com/oxo
Oyster,oyster,https://jobs.ashbyhq.com/oyster
P-1 AI,p-1 ai,https://jobs.ashbyhq.com/P-1%20AI
P2P. org,p2p.org,https://jobs.ashbyhq.com/p2p.org
Pace,withpace,https://jobs.ashbyhq.com/withpace
PACE Loan Group,paceloangroup,https://jobs.ashbyhq.com/paceloangroup
PactFi,pactfi,https://jobs.ashbyhq.com/pactfi
Paddle,paddle,https://jobs.ashbyhq.com/paddle
Padlet,padlet,https://jobs.ashbyhq.com/padlet
"Pair Eyewear, Inc.",paireyewear,https://jobs.ashbyhq.com/paireyewear
Paires,paires,https://jobs.ashbyhq.com/paires
Palette Media,palette-media,https://jobs.ashbyhq.com/palette-media
Palladio AI,palladio,https://jobs.ashbyhq.com/palladio
Pallon,pallon.com,https://jobs.ashbyhq.com/pallon.com
Palmstreet,palmstreet,https://jobs.ashbyhq.com/palmstreet
PALO IT,paloit,https://jobs.ashbyhq.com/paloit
Pandektes,pandektes,https://jobs.ashbyhq.com/pandektes
Pangram Labs,pangramlabs,https://jobs.ashbyhq.com/pangramlabs
Pano AI,pano-ai,https://jobs.ashbyhq.com/pano-ai
Panoptyc,panoptyc,https://jobs.ashbyhq.com/panoptyc
Panther Life Sciences,panther-life-sciences,https://jobs.ashbyhq.com/panther-life-sciences
Pantograph,pantograph,https://jobs.ashbyhq.com/pantograph
PAR Technology,par technology,https://jobs.ashbyhq.com/par%20technology
Parabola,parabola-io,https://jobs.ashbyhq.com/parabola-io
Paradigm,paradigm,https://jobs.ashbyhq.com/paradigm
Paradigm,myparadigm,https://jobs.ashbyhq.com/myparadigm
Paradigm,paradigmai,https://jobs.ashbyhq.com/paradigmai
Paradigm Health,paradigm-health,https://jobs.ashbyhq.com/paradigm-health
Paradox,paradox,https://jobs.ashbyhq.com/paradox
Parafin,parafin,https://jobs.ashbyhq.com/parafin
Paraform,paraform,https://jobs.ashbyhq.com/paraform
Paragon,paragon,https://jobs.ashbyhq.com/paragon
Parallel,beparallel,https://jobs.ashbyhq.com/beparallel
Parallel Bio,parallel-bio,https://jobs.ashbyhq.com/parallel-bio
"Parallel Fluidics, Inc.",parallel-fluidics,https://jobs.ashbyhq.com/parallel-fluidics
Parallel Web Systems,parallel,https://jobs.ashbyhq.com/parallel
Parasail,parasail,https://jobs.ashbyhq.com/parasail
Parashift,parashift,https://jobs.ashbyhq.com/parashift
Pareto,pareto-ai,https://jobs.ashbyhq.com/pareto-ai
Parity,parity,https://jobs.ashbyhq.com/parity
Pariveda,pariveda,https://jobs.ashbyhq.com/pariveda
Parkade,parkade,https://jobs.ashbyhq.com/Parkade
Parker Group Inc,parker,https://jobs.ashbyhq.com/parker
Parspec,parspec,https://jobs.ashbyhq.com/parspec
Partiful,partiful,https://jobs.ashbyhq.com/partiful
Partisia Blockchain Applications,partisiablockchain,https://jobs.ashbyhq.com/partisiablockchain
Partly,partly.com,https://jobs.ashbyhq.com/partly.com
PartsBase Inc.,partsbase,https://jobs.ashbyhq.com/partsbase
Partyhat,partyhat,https://jobs.ashbyhq.com/partyhat
Passage,passage,https://jobs.ashbyhq.com/passage
Passage Health,passagehealth,https://jobs.ashbyhq.com/passagehealth
Passes,passes,https://jobs.ashbyhq.com/passes
Passport,passport,https://jobs.ashbyhq.com/passport
Passthrough,passthrough,https://jobs.ashbyhq.com/passthrough
Patch,patch.io,https://jobs.ashbyhq.com/patch.io
Pathwork,pathwork,https://jobs.ashbyhq.com/pathwork
"Patlytics, Inc.",patlytics,https://jobs.ashbyhq.com/patlytics
Patreon,patreon,https://jobs.ashbyhq.com/patreon
Patrianna,patrianna,https://jobs.ashbyhq.com/patrianna
Pave (Lever),pave,https://jobs.ashbyhq.com/pave
Pave Bank,pavebank,https://jobs.ashbyhq.com/pavebank
Pawp,pawp,https://jobs.ashbyhq.com/pawp
Paxos,paxos,https://jobs.ashbyhq.com/paxos
Paxos Labs,paxoslabs,https://jobs.ashbyhq.com/paxoslabs
Payabli,payabli,https://jobs.ashbyhq.com/payabli
Payflip,payflip,https://jobs.ashbyhq.com/payflip
Payrails GmbH,payrails,https://jobs.ashbyhq.com/payrails
Payscale,payscale,https://jobs.ashbyhq.com/payscale
PayZen,payzen-inc,https://jobs.ashbyhq.com/payzen-inc
PCH Digital LLC,pch-digital,https://jobs.ashbyhq.com/pch-digital
PeakMetrics,peakmetrics,https://jobs.ashbyhq.com/peakmetrics
Pear VC,pear-vc,https://jobs.ashbyhq.com/pear-vc
Pearl,pearl,https://jobs.ashbyhq.com/pearl
Pearl Health,pearlhealth,https://jobs.ashbyhq.com/pearlhealth
Pearly,pearlyplan,https://jobs.ashbyhq.com/pearlyplan
Pearmill,pearmill,https://jobs.ashbyhq.com/pearmill
Pearpop,pearpop,https://jobs.ashbyhq.com/pearpop
Pebl,pebl,https://jobs.ashbyhq.com/pebl
Peec AI,peec,https://jobs.ashbyhq.com/peec
Peek,peek,https://jobs.ashbyhq.com/peek
Pemberton,pemberton,https://jobs.ashbyhq.com/Pemberton
Pencil,pencil,https://jobs.ashbyhq.com/pencil
Pennylane SAS,pennylane,https://jobs.ashbyhq.com/pennylane
Pensive,pensive,https://jobs.ashbyhq.com/pensive
People Culture Talent,people-culture-talent,https://jobs.ashbyhq.com/people-culture-talent
People Data Labs,people-data-labs,https://jobs.ashbyhq.com/people-data-labs
PeopleLoop,peopleloop,https://jobs.ashbyhq.com/peopleloop
Peppr,peppr,https://jobs.ashbyhq.com/peppr
Percepta,percepta,https://jobs.ashbyhq.com/percepta
Perch Mortgage Brokerage,myperch,https://jobs.ashbyhq.com/myperch
Perchwell,perchwell,https://jobs.ashbyhq.com/perchwell
Percona,percona,https://jobs.ashbyhq.com/percona
Perfectly,perfectly,https://jobs.ashbyhq.com/perfectly
Pergolux,pergolux,https://jobs.ashbyhq.com/pergolux
Periodic Labs,periodic-labs,https://jobs.ashbyhq.com/periodic-labs
Perk,perk,https://jobs.ashbyhq.com/perk
PermitFlow,permitflow,https://jobs.ashbyhq.com/permitflow
Permutive,permutive,https://jobs.ashbyhq.com/permutive
Perplexity,perplexity,https://jobs.ashbyhq.com/perplexity
"Perry Weather, Inc.",perryweather,https://jobs.ashbyhq.com/perryweather
Persona,persona,https://jobs.ashbyhq.com/persona
Persona AI Inc,persona.ai,https://jobs.ashbyhq.com/persona.ai
Pesto,pesto,https://jobs.ashbyhq.com/pesto
Petra Labs,petra-labs,https://jobs.ashbyhq.com/petra-labs
Petra Security,petra-security,https://jobs.ashbyhq.com/petra-security
Phantom,phantom,https://jobs.ashbyhq.com/phantom
Pharos,pharos,https://jobs.ashbyhq.com/pharos
Pharsalus Capital,pharsalus,https://jobs.ashbyhq.com/pharsalus
Phia,phia,https://jobs.ashbyhq.com/phia
PHIL,phil,https://jobs.ashbyhq.com/phil
Phlair,phlair,https://jobs.ashbyhq.com/phlair
Phoebe,phoebe-work,https://jobs.ashbyhq.com/phoebe-work
Phoenix,phoenix,https://jobs.ashbyhq.com/phoenix
Phonely,phonely,https://jobs.ashbyhq.com/phonely
Phonic,phonic,https://jobs.ashbyhq.com/phonic
Photoroom,photoroom,https://jobs.ashbyhq.com/photoroom
Phylax Systems,phylax,https://jobs.ashbyhq.com/phylax
"Phylo, Inc.",phylo,https://jobs.ashbyhq.com/phylo
Physical Intelligence,physicalintelligence,https://jobs.ashbyhq.com/physicalintelligence
Physical Superintelligence,psi,https://jobs.ashbyhq.com/psi
Pi Security,pi-security,https://jobs.ashbyhq.com/pi-security
Pickle,shoponpickle,https://jobs.ashbyhq.com/shoponpickle
Picogrid,picogrid,https://jobs.ashbyhq.com/picogrid
Pika,pika,https://jobs.ashbyhq.com/pika
Pilgrim,pilgrim,https://jobs.ashbyhq.com/pilgrim
Pilot Fiber,pilot-fiber,https://jobs.ashbyhq.com/pilot-fiber
pineapple,pineapple,https://jobs.ashbyhq.com/pineapple
Pinecone,pinecone,https://jobs.ashbyhq.com/pinecone
Pioneer,pioneer,https://jobs.ashbyhq.com/pioneer
Pirros,pirros,https://jobs.ashbyhq.com/pirros
Pivot,pivot,https://jobs.ashbyhq.com/pivot
Pivot Robotics,pivotrobotics,https://jobs.ashbyhq.com/pivotrobotics
Pivotal Health,pivotal-health,https://jobs.ashbyhq.com/pivotal-health
Pixaera,pixaera,https://jobs.ashbyhq.com/pixaera
Pixelmatters,pixelmatters,https://jobs.ashbyhq.com/pixelmatters
Plaid,plaid,https://jobs.ashbyhq.com/plaid
Plain,plain,https://jobs.ashbyhq.com/plain
"Plane Software, Inc.",plane,https://jobs.ashbyhq.com/plane
Planera,planera,https://jobs.ashbyhq.com/planera
Planet,planet,https://jobs.ashbyhq.com/planet
Planetary Scale Advisors,planetary-scale,https://jobs.ashbyhq.com/planetary-scale
Planhat,planhat,https://jobs.ashbyhq.com/planhat
Planteria Group,planteria,https://jobs.ashbyhq.com/planteria
PlantingSpace,plantingspace,https://jobs.ashbyhq.com/plantingspace
Plasma,plasma,https://jobs.ashbyhq.com/plasma
Plasmidsaurus,plasmidsaurus,https://jobs.ashbyhq.com/plasmidsaurus
Platformed,platformed,https://jobs.ashbyhq.com/platformed
Plaud,plaud,https://jobs.ashbyhq.com/plaud
Playbook,playbook,https://jobs.ashbyhq.com/playbook
Playground,playground,https://jobs.ashbyhq.com/playground
Playground Global,playground global,https://jobs.ashbyhq.com/Playground%20Global
Playlab,playlab,https://jobs.ashbyhq.com/playlab
Playpower Labs,playpowerlabs,https://jobs.ashbyhq.com/playpowerlabs
Playson,playson,https://jobs.ashbyhq.com/playson
Plenful,plenful,https://jobs.ashbyhq.com/plenful
Pleo,pleo,https://jobs.ashbyhq.com/pleo
Pliant,pliant,https://jobs.ashbyhq.com/pliant
Plinth,plinth,https://jobs.ashbyhq.com/plinth
"Plot Technologies, Inc.",plot,https://jobs.ashbyhq.com/plot
Plotly,plotly,https://jobs.ashbyhq.com/plotly
Plumerai,plumerai,https://jobs.ashbyhq.com/plumerai
Plural,pluralfinance,https://jobs.ashbyhq.com/pluralfinance
Pluralis Research,pluralis-research,https://jobs.ashbyhq.com/pluralis-research
Pluto Health,pluto-health,https://jobs.ashbyhq.com/pluto-health
Pocket Prep,pocketprep,https://jobs.ashbyhq.com/pocketprep
Pocket Worlds,pocket worlds,https://jobs.ashbyhq.com/Pocket%20Worlds
pod.network,pod-network,https://jobs.ashbyhq.com/pod-network
Podium,podium,https://jobs.ashbyhq.com/podium
Podium Automation,podium-automation,https://jobs.ashbyhq.com/podium-automation
Poesis,poesis,https://jobs.ashbyhq.com/poesis
Poetic,poetic,https://jobs.ashbyhq.com/poetic
"Pogo Technologies, Inc.",joinpogo,https://jobs.ashbyhq.com/joinpogo
Point,point,https://jobs.ashbyhq.com/point
Point One Navigation Inc,point-one-navigation,https://jobs.ashbyhq.com/point-one-navigation
PointFive,pointfive,https://jobs.ashbyhq.com/pointfive
PointOne,pointone,https://jobs.ashbyhq.com/pointone
Pointr,pointr,https://jobs.ashbyhq.com/pointr
Polar,polar,https://jobs.ashbyhq.com/polar
Polar Analytics,polaranalytics,https://jobs.ashbyhq.com/polaranalytics
Polaris Growth,polarisgrowth,https://jobs.ashbyhq.com/polarisgrowth
Polarsteps,polarsteps,https://jobs.ashbyhq.com/polarsteps
Polly,polly,https://jobs.ashbyhq.com/polly
Polygon Labs,polygon-labs,https://jobs.ashbyhq.com/polygon-labs
Polymarket,polymarket,https://jobs.ashbyhq.com/polymarket
Polymath,polymath,https://jobs.ashbyhq.com/polymath
Polène Paris,polene-paris,https://jobs.ashbyhq.com/polene-paris
Poolside,poolside,https://jobs.ashbyhq.com/poolside
Poolside Infrastructure Company,pic,https://jobs.ashbyhq.com/pic
Popl Co,popl,https://jobs.ashbyhq.com/popl
Poseidon Aerospace,poseidonaero,https://jobs.ashbyhq.com/poseidonaero
Posh,posh-ai,https://jobs.ashbyhq.com/posh-ai
Posh,posh,https://jobs.ashbyhq.com/posh
Poshmark,poshmark,https://jobs.ashbyhq.com/poshmark
Positive Development,positive-development,https://jobs.ashbyhq.com/positive-development
Possible Finance,possible-finance,https://jobs.ashbyhq.com/possible-finance
Post.,post,https://jobs.ashbyhq.com/post
Posthog,posthog,https://jobs.ashbyhq.com/posthog
Powerlattice Technologies Inc.,powerlattice,https://jobs.ashbyhq.com/powerlattice
Powerline,powerline,https://jobs.ashbyhq.com/powerline
pplwise,pplwise,https://jobs.ashbyhq.com/pplwise
Praecipio Consulting,praecipio,https://jobs.ashbyhq.com/praecipio
Pragmatike,pragmatike,https://jobs.ashbyhq.com/pragmatike
"PrairieLearn, Inc.",prairielearn,https://jobs.ashbyhq.com/prairielearn
Pravāh,pravah,https://jobs.ashbyhq.com/pravah
praxipal,praxipal,https://jobs.ashbyhq.com/praxipal
"PreemptiveAI, Inc.",preemptive,https://jobs.ashbyhq.com/preemptive
Prefect,prefect,https://jobs.ashbyhq.com/prefect
Preference Model,preference-model,https://jobs.ashbyhq.com/Preference-Model
Prelim,prelim,https://jobs.ashbyhq.com/prelim
Prelude,prelude,https://jobs.ashbyhq.com/prelude
Prelude,preludesecurity,https://jobs.ashbyhq.com/preludesecurity
Preply,preply,https://jobs.ashbyhq.com/preply
Preql AI,preql,https://jobs.ashbyhq.com/preql
PressW,pressw,https://jobs.ashbyhq.com/pressw
Prevail Fund,prevail-fund,https://jobs.ashbyhq.com/prevail-fund
Primary,primary,https://jobs.ashbyhq.com/primary
Prime,prime,https://jobs.ashbyhq.com/prime
Prime Intellect,primeintellect,https://jobs.ashbyhq.com/primeintellect
Primer,primer,https://jobs.ashbyhq.com/primer
Primer.io,primer.io,https://jobs.ashbyhq.com/primer.io
Prior Labs,prior-labs,https://jobs.ashbyhq.com/prior-labs
Probably Genetic,probablygenetic,https://jobs.ashbyhq.com/probablygenetic
Probook,probook,https://jobs.ashbyhq.com/probook
"ProCure, LLC",procure,https://jobs.ashbyhq.com/procure
Procurement Sciences,procurementsciences,https://jobs.ashbyhq.com/procurementsciences
Procurify,procurify,https://jobs.ashbyhq.com/procurify
Prodigy Education,prodigy-education,https://jobs.ashbyhq.com/prodigy-education
Product Hunt,producthunt,https://jobs.ashbyhq.com/producthunt
Product Marketing Alliance,pmmalliance,https://jobs.ashbyhq.com/pmmalliance
ProductNow,product-now,https://jobs.ashbyhq.com/product-now
Profound,profound,https://jobs.ashbyhq.com/profound
Progress Partners,progress-partners,https://jobs.ashbyhq.com/progress-partners
Project Expedition,project-expedition,https://jobs.ashbyhq.com/project-expedition
Project44,project44,https://jobs.ashbyhq.com/project44
Projects by IF,projectsbyif,https://jobs.ashbyhq.com/projectsbyif
Prokeep,prokeep,https://jobs.ashbyhq.com/prokeep
prometheus,prometheus,https://jobs.ashbyhq.com/prometheus
Promise,promise,https://jobs.ashbyhq.com/promise
Promise Studios,promise-studios,https://jobs.ashbyhq.com/promise-studios
Prompt,prompt,https://jobs.ashbyhq.com/prompt
Propel,propel,https://jobs.ashbyhq.com/propel
Propelus,propelus,https://jobs.ashbyhq.com/propelus
Prophecy Gov,prophecygov,https://jobs.ashbyhq.com/prophecygov
Prophet Security,prophet-security,https://jobs.ashbyhq.com/prophet-security
Prophetic Technologies Inc,prophetic-technologies,https://jobs.ashbyhq.com/prophetic-technologies
ProRata.ai,prorata,https://jobs.ashbyhq.com/prorata
Prose,prose,https://jobs.ashbyhq.com/prose
Prosper AI,prosper-ai,https://jobs.ashbyhq.com/prosper-ai
Protagonist,humanist,https://jobs.ashbyhq.com/humanist
Protege,protege,https://jobs.ashbyhq.com/protege
Protegrity,protegrity,https://jobs.ashbyhq.com/protegrity
Protera Health,proterahealth,https://jobs.ashbyhq.com/proterahealth
Protex AI,protex ai,https://jobs.ashbyhq.com/Protex%20AI
Proto-Town,proto-town,https://jobs.ashbyhq.com/proto-town
Protocol Behavioral Health,protocol-cares,https://jobs.ashbyhq.com/protocol-cares
Protocol Labs,protocol,https://jobs.ashbyhq.com/protocol
Provable,provable,https://jobs.ashbyhq.com/provable
Prox,prox,https://jobs.ashbyhq.com/prox
Proxima,proxima,https://jobs.ashbyhq.com/proxima
Proxima Fusion,proxima-fusion,https://jobs.ashbyhq.com/proxima-fusion
Proximal,proximal,https://jobs.ashbyhq.com/proximal
Pryzm,pryzm,https://jobs.ashbyhq.com/pryzm
Public Cloud Group,publiccloudgroup,https://jobs.ashbyhq.com/publiccloudgroup
Pulley,withpulley,https://jobs.ashbyhq.com/withpulley
Pulse,pulse,https://jobs.ashbyhq.com/pulse
"Pulsora, Inc.",pulsora inc,https://jobs.ashbyhq.com/Pulsora%20Inc
Punchh,punchh,https://jobs.ashbyhq.com/punchh
Pure,pure,https://jobs.ashbyhq.com/pure
PureStorage,purestorage,https://jobs.ashbyhq.com/purestorage
Pursuit,pursuit,https://jobs.ashbyhq.com/pursuit
Puzzle Consulting Services,puzzle-consulting-services,https://jobs.ashbyhq.com/puzzle-consulting-services
Puzzle.io,puzzle.io,https://jobs.ashbyhq.com/puzzle.io
Pylon,pylon,https://jobs.ashbyhq.com/pylon
Pylon,pylon-labs,https://jobs.ashbyhq.com/pylon-labs
Pytho AI,pytho-ai,https://jobs.ashbyhq.com/pytho-ai
Pyyne,pyyne,https://jobs.ashbyhq.com/Pyyne
QA Wolf,qawolf,https://jobs.ashbyhq.com/qawolf
Qdrant,qdrant.tech,https://jobs.ashbyhq.com/qdrant.tech
QED.ai,qed-ai,https://jobs.ashbyhq.com/qed-ai
Qontext,qontext,https://jobs.ashbyhq.com/qontext
Quadrivia,quadrivia,https://jobs.ashbyhq.com/quadrivia
Qualified,qualified,https://jobs.ashbyhq.com/qualified
Qualified Health PBC,qualified-health-pbc,https://jobs.ashbyhq.com/qualified-health-pbc
Qualitate,qualitate,https://jobs.ashbyhq.com/qualitate
Qualtrics,qualtrics,https://jobs.ashbyhq.com/qualtrics
Qualytics,qualytics,https://jobs.ashbyhq.com/qualytics
Quanta,quanta,https://jobs.ashbyhq.com/quanta
QuantAQ,quant-aq,https://jobs.ashbyhq.com/quant-aq
Quantcast,quantcast,https://jobs.ashbyhq.com/quantcast
Quantexa,quantexa,https://jobs.ashbyhq.com/quantexa
Quantstamp,quantstamp,https://jobs.ashbyhq.com/quantstamp
Quantum,quantum,https://jobs.ashbyhq.com/quantum
QuantWare,quantware,https://jobs.ashbyhq.com/quantware
Quarks,quarks-tech,https://jobs.ashbyhq.com/quarks-tech
Quartermaster,quartermaster,https://jobs.ashbyhq.com/quartermaster
queueinc,queueinc,https://jobs.ashbyhq.com/queueinc
Quicknode,quicknode,https://jobs.ashbyhq.com/quicknode
Quilter,quilter,https://jobs.ashbyhq.com/quilter
Quindar,quindar,https://jobs.ashbyhq.com/quindar
Quintess AI,quintess-ai,https://jobs.ashbyhq.com/quintess-ai
Qumulo,qumulo,https://jobs.ashbyhq.com/qumulo
Quora,quora,https://jobs.ashbyhq.com/quora
Quorum,quorum,https://jobs.ashbyhq.com/quorum
QuoteWell,quotewell,https://jobs.ashbyhq.com/quotewell
Qwilr,qwilr,https://jobs.ashbyhq.com/qwilr
Rabot,rabot,https://jobs.ashbyhq.com/rabot
Raccoon AI (JTCG),raccoonai,https://jobs.ashbyhq.com/raccoonai
Rad AI,radai,https://jobs.ashbyhq.com/radai
Radar,radar,https://jobs.ashbyhq.com/radar
Radiant,radiant,https://jobs.ashbyhq.com/radiant
Radiant Industries,radiant-industries,https://jobs.ashbyhq.com/radiant-industries
Radical Numerics,radical-numerics,https://jobs.ashbyhq.com/radical-numerics
Raft,raft,https://jobs.ashbyhq.com/raft
Raiku,raiku,https://jobs.ashbyhq.com/raiku
Railway,railway,https://jobs.ashbyhq.com/railway
Rain,rain,https://jobs.ashbyhq.com/rain
Rain Technologies Inc.,rain-technologies,https://jobs.ashbyhq.com/rain-technologies
Rainfall Health,rainfallhealth,https://jobs.ashbyhq.com/rainfallhealth
Rainforest,rainforest-pay,https://jobs.ashbyhq.com/rainforest-pay
"Raintree Systems, Inc.",raintree-systems,https://jobs.ashbyhq.com/raintree-systems
Ramp,ramp,https://jobs.ashbyhq.com/ramp
Range,range,https://jobs.ashbyhq.com/range
RapDev,rapdev,https://jobs.ashbyhq.com/rapdev
Raptive,raptive,https://jobs.ashbyhq.com/raptive
Rare Candy,rarecandy,https://jobs.ashbyhq.com/rarecandy
Rasa,rasa,https://jobs.ashbyhq.com/rasa
Raspberry AI,raspberry,https://jobs.ashbyhq.com/raspberry
Ravenna,ravenna,https://jobs.ashbyhq.com/ravenna
Ravio,ravio,https://jobs.ashbyhq.com/ravio
Raycast,raycast,https://jobs.ashbyhq.com/raycast
Raylu AI,raylu-ai,https://jobs.ashbyhq.com/raylu-ai
Reach Security,reach,https://jobs.ashbyhq.com/reach
Reacher,reacher,https://jobs.ashbyhq.com/reacher
Reactive Markets,reactivemarkets,https://jobs.ashbyhq.com/reactivemarkets
"Read AI, Inc.",read-ai,https://jobs.ashbyhq.com/read-ai
ReadMe,readme,https://jobs.ashbyhq.com/readme
Ready,ready,https://jobs.ashbyhq.com/ready
Reaktor,reaktor,https://jobs.ashbyhq.com/reaktor
Real,real,https://jobs.ashbyhq.com/real
Reality Defender,realitydefender,https://jobs.ashbyhq.com/realitydefender
Realm,realmalliance,https://jobs.ashbyhq.com/realmalliance
Rebar,rebar,https://jobs.ashbyhq.com/rebar
Rebecca School,rebecca-school,https://jobs.ashbyhq.com/rebecca-school
Rebel Space Technologies,rebel-space-technologies,https://jobs.ashbyhq.com/rebel-space-technologies
"Rebuy, Inc.",rebuy,https://jobs.ashbyhq.com/rebuy
Rec Technologies,rec,https://jobs.ashbyhq.com/rec
Recall,recall,https://jobs.ashbyhq.com/recall
Receptive,receptive,https://jobs.ashbyhq.com/receptive
Recharge,recharge,https://jobs.ashbyhq.com/recharge
Recraft,recraft,https://jobs.ashbyhq.com/recraft
Recruiting School,recruitingschool,https://jobs.ashbyhq.com/recruitingschool
Recurrency,recurrency,https://jobs.ashbyhq.com/recurrency
Red 6,red6,https://jobs.ashbyhq.com/red6
Red Metals,redmetals,https://jobs.ashbyhq.com/redmetals
Red Oak,red-oak,https://jobs.ashbyhq.com/red-oak
Reddit,reddit,https://jobs.ashbyhq.com/reddit
Redesign Health,redesign health,https://jobs.ashbyhq.com/Redesign%20Health
Redgate,red-gate,https://jobs.ashbyhq.com/red-gate
Redis,redis,https://jobs.ashbyhq.com/redis
Redpine,redpine,https://jobs.ashbyhq.com/redpine
Reducto,reducto,https://jobs.ashbyhq.com/reducto
Reedsy,reedsy,https://jobs.ashbyhq.com/reedsy
Reevo,reevo,https://jobs.ashbyhq.com/reevo
Reflect Orbital,reflect-orbital,https://jobs.ashbyhq.com/reflect-orbital
Reflection,reflectionai,https://jobs.ashbyhq.com/reflectionai
Reflex Robotics,reflexrobotics,https://jobs.ashbyhq.com/reflexrobotics
Reflow,reflow,https://jobs.ashbyhq.com/reflow
Reframe Systems,reframesystems,https://jobs.ashbyhq.com/reframesystems
Regard,regard,https://jobs.ashbyhq.com/regard
REGENT,regent,https://jobs.ashbyhq.com/regent
Rehire,rehire,https://jobs.ashbyhq.com/rehire
"Reimagine Robotics, Inc.",r2,https://jobs.ashbyhq.com/r2
Reindeer,reindeer-ai,https://jobs.ashbyhq.com/reindeer-ai
"Reinforce Labs, Inc.",reinforce-labs-inc,https://jobs.ashbyhq.com/reinforce-labs-inc
Reka,reka,https://jobs.ashbyhq.com/reka
ReKlame Health,reklamehealth,https://jobs.ashbyhq.com/reklamehealth
Reku,reku,https://jobs.ashbyhq.com/reku
Relace,relace,https://jobs.ashbyhq.com/relace
relationrx,relationrx,https://jobs.ashbyhq.com/relationrx
Relay,relayfi,https://jobs.ashbyhq.com/relayfi
Relay,relayprotocol,https://jobs.ashbyhq.com/relayprotocol
Relay Technologies,relay,https://jobs.ashbyhq.com/relay
Relevance AI,relevanceai,https://jobs.ashbyhq.com/relevanceai
Reliable Robotics Corporation,reliable-robotics,https://jobs.ashbyhq.com/reliable-robotics
"Remarcable, Inc.",remarcable-inc,https://jobs.ashbyhq.com/remarcable-inc
remberg,remberg,https://jobs.ashbyhq.com/remberg
Remedy Robotics,remedyrobotics,https://jobs.ashbyhq.com/remedyrobotics
Remedy Scientific,remedy scientific,https://jobs.ashbyhq.com/Remedy%20Scientific
Remilia Corporation,remilia,https://jobs.ashbyhq.com/remilia
Render,render,https://jobs.ashbyhq.com/render
Rennscot MFG,rennscotmfg,https://jobs.ashbyhq.com/rennscotmfg
Renuity,renuity,https://jobs.ashbyhq.com/renuity
Reonic,reonic,https://jobs.ashbyhq.com/reonic
Replicant,replicant,https://jobs.ashbyhq.com/replicant
Replicated,replicated,https://jobs.ashbyhq.com/replicated
Replimune,replimune,https://jobs.ashbyhq.com/replimune
Replit,replit,https://jobs.ashbyhq.com/replit
Replo,replo,https://jobs.ashbyhq.com/replo
RepRally,reprally,https://jobs.ashbyhq.com/reprally
Reprise,reprise,https://jobs.ashbyhq.com/reprise
Rerun,rerun,https://jobs.ashbyhq.com/rerun
Rescale,rescale,https://jobs.ashbyhq.com/rescale
Resend,resend,https://jobs.ashbyhq.com/resend
Reserve,reserve,https://jobs.ashbyhq.com/reserve
Reservoir,reservoir,https://jobs.ashbyhq.com/reservoir
Reservoir Media Management,reservoir-media,https://jobs.ashbyhq.com/reservoir-media
Reset,reset,https://jobs.ashbyhq.com/Reset
Resilience Care,resilience care,https://jobs.ashbyhq.com/Resilience%20Care
Resolution,resolution,https://jobs.ashbyhq.com/resolution
Resolve AI,resolve ai,https://jobs.ashbyhq.com/Resolve%20AI
Reson8,reson8,https://jobs.ashbyhq.com/reson8
Resorcer,resorcer.com,https://jobs.ashbyhq.com/resorcer.com
Response,response,https://jobs.ashbyhq.com/response
ResQ,resq,https://jobs.ashbyhq.com/resq
Restate,restate,https://jobs.ashbyhq.com/restate
Restream,restream,https://jobs.ashbyhq.com/restream
Reteam,reteam,https://jobs.ashbyhq.com/reteam
Retell AI,retell-ai,https://jobs.ashbyhq.com/retell-ai
Rev,rev,https://jobs.ashbyhq.com/rev
Reve,reve,https://jobs.ashbyhq.com/reve
RevenueBase Inc,revenuebase-inc,https://jobs.ashbyhq.com/revenuebase-inc
RevenueCat,revenuecat,https://jobs.ashbyhq.com/revenuecat
Revic,revic,https://jobs.ashbyhq.com/revic
Revin,revin,https://jobs.ashbyhq.com/revin
Revinate,revinate,https://jobs.ashbyhq.com/revinate
Revise Robotics,reviserobotics,https://jobs.ashbyhq.com/reviserobotics
Revive,revive,https://jobs.ashbyhq.com/revive
Revv,revv-hq,https://jobs.ashbyhq.com/revv-hq
Rewind,rewind,https://jobs.ashbyhq.com/rewind
Rewst,rewst,https://jobs.ashbyhq.com/rewst
RF Labs,rf-labs,https://jobs.ashbyhq.com/rf-labs
Rho,rho,https://jobs.ashbyhq.com/rho
Rhoda AI,rhoda-ai,https://jobs.ashbyhq.com/rhoda-ai
Rhythms,rhythms,https://jobs.ashbyhq.com/rhythms
Ribbon AI,ribbon-ai,https://jobs.ashbyhq.com/ribbon-ai
Ricursive Intelligence,ricursive intelligence,https://jobs.ashbyhq.com/Ricursive%20Intelligence
Riff,riff,https://jobs.ashbyhq.com/riff
Rightfoot,rightfoot,https://jobs.ashbyhq.com/rightfoot
Rilla,rilla,https://jobs.ashbyhq.com/rilla
Rillet,rillet,https://jobs.ashbyhq.com/rillet
Rime Labs,rime,https://jobs.ashbyhq.com/rime
Riplo,riplo,https://jobs.ashbyhq.com/riplo
RiseGuide,riseguide,https://jobs.ashbyhq.com/riseguide
Risk Labs,risklabs,https://jobs.ashbyhq.com/risklabs
River,river,https://jobs.ashbyhq.com/river
River Rock Academy,river-rock-academy,https://jobs.ashbyhq.com/river-rock-academy
Rivermont Schools,rivermont-schools,https://jobs.ashbyhq.com/rivermont-schools
Riveron,riveron,https://jobs.ashbyhq.com/riveron
Rivian and Volkswagen Group Technologies,rivianvw.tech,https://jobs.ashbyhq.com/rivianvw.tech
RNRS Solutions,rnrs.solutions,https://jobs.ashbyhq.com/rnrs.solutions
Roadrunner,roadrunner,https://jobs.ashbyhq.com/roadrunner
Roadsurfer,roadsurfer.com,https://jobs.ashbyhq.com/roadsurfer.com
Roam,tryroam,https://jobs.ashbyhq.com/tryroam
RobCo,robco,https://jobs.ashbyhq.com/robco
Robin Ai,robin-ai,https://jobs.ashbyhq.com/robin-ai
Robin Radar,robin-radar,https://jobs.ashbyhq.com/robin-radar
Roboflow,roboflow,https://jobs.ashbyhq.com/roboflow
Rocket Science Group,rocketsciencegg,https://jobs.ashbyhq.com/rocketsciencegg
Roger Healthcare,rogerhealthcare,https://jobs.ashbyhq.com/rogerhealthcare
Rogo,rogo,https://jobs.ashbyhq.com/rogo
Rohlik,rohlik,https://jobs.ashbyhq.com/rohlik
Rokt,rokt,https://jobs.ashbyhq.com/rokt
Rollstack,rollstack,https://jobs.ashbyhq.com/rollstack
Roo Code,roo-code,https://jobs.ashbyhq.com/roo-code
roobet,roobet,https://jobs.ashbyhq.com/roobet
RoomPriceGenie,roompricegenie,https://jobs.ashbyhq.com/roompricegenie
Root Access,root-access,https://jobs.ashbyhq.com/root-access
Root Global,rootglobal,https://jobs.ashbyhq.com/rootglobal
Roots AI,roots-automation,https://jobs.ashbyhq.com/Roots-Automation
Rossum,rossum.ai,https://jobs.ashbyhq.com/rossum.ai
Rothy's,rothys,https://jobs.ashbyhq.com/rothys
Rowan Digital Infrastructure,rowan,https://jobs.ashbyhq.com/rowan
Rowspace,rowspace,https://jobs.ashbyhq.com/rowspace
Rox Data Corp,rox-data-corp,https://jobs.ashbyhq.com/rox-data-corp
RubiconMD,rubiconmd,https://jobs.ashbyhq.com/rubiconmd
Rubie,rubie,https://jobs.ashbyhq.com/rubie
Ruby Labs,ruby-labs,https://jobs.ashbyhq.com/ruby-labs
Rula,rula,https://jobs.ashbyhq.com/rula
Runa,runa,https://jobs.ashbyhq.com/runa
Rundoo,rundoo,https://jobs.ashbyhq.com/rundoo
Rune Technologies,runetech,https://jobs.ashbyhq.com/runetech
Runlayer,runlayer,https://jobs.ashbyhq.com/runlayer
Runna,runna,https://jobs.ashbyhq.com/runna
Runpod,runpod,https://jobs.ashbyhq.com/runpod
RunSybil,runsybil-jobs,https://jobs.ashbyhq.com/runsybil-jobs
Runway,runway-ml,https://jobs.ashbyhq.com/runway-ml
Rutter,rutter,https://jobs.ashbyhq.com/rutter
"Rwazi, Inc.",rwazi,https://jobs.ashbyhq.com/rwazi
Rythm Health,rythm,https://jobs.ashbyhq.com/rythm
Ryvn,ryvn,https://jobs.ashbyhq.com/ryvn
Sabi,sabi,https://jobs.ashbyhq.com/sabi
Sable,sable,https://jobs.ashbyhq.com/sable
Safe Software,safe,https://jobs.ashbyhq.com/safe
SafeLease,safelease,https://jobs.ashbyhq.com/safelease
Safety Cybersecurity,safety,https://jobs.ashbyhq.com/safety
SafetyKit,safetykit,https://jobs.ashbyhq.com/safetykit
Safi,safi,https://jobs.ashbyhq.com/safi
Sage Care Inc,sagecare,https://jobs.ashbyhq.com/sagecare
Sagetap,sagetap,https://jobs.ashbyhq.com/sagetap
Sahara,sahara,https://jobs.ashbyhq.com/sahara
Sailor Health,sailorhealth,https://jobs.ashbyhq.com/sailorhealth
Sailpeak,sailpeak,https://jobs.ashbyhq.com/sailpeak
SalesAPE.ai,salesape-ai,https://jobs.ashbyhq.com/salesape-ai
SalesJack,salesjack,https://jobs.ashbyhq.com/salesjack
SalesLoft,salesloft,https://jobs.ashbyhq.com/salesloft
SalesPatriot,salespatriot,https://jobs.ashbyhq.com/salespatriot
Salient,salient,https://jobs.ashbyhq.com/salient
Salma Health,salma-health,https://jobs.ashbyhq.com/salma-health
Salmon Group,salmon-group,https://jobs.ashbyhq.com/salmon-group
Salonkee,salonkee,https://jobs.ashbyhq.com/salonkee
Saltz Marketplace,saltz,https://jobs.ashbyhq.com/saltz
Samsung Next,samsungnext,https://jobs.ashbyhq.com/samsungnext
San Francisco Tensor Company,sf-tensor,https://jobs.ashbyhq.com/sf-tensor
Sana,sana-roles,https://jobs.ashbyhq.com/sana-roles
Sanctuary,sanctuary,https://jobs.ashbyhq.com/sanctuary
Sandbar,sandbar,https://jobs.ashbyhq.com/sandbar
SandboxAQ,sandboxaq,https://jobs.ashbyhq.com/sandboxaq
Sandstone,sandstone,https://jobs.ashbyhq.com/sandstone
Sanity,sanity,https://jobs.ashbyhq.com/sanity
Sapien,sapien,https://jobs.ashbyhq.com/sapien
Sardine,sardine,https://jobs.ashbyhq.com/sardine
Saris,saris-ai,https://jobs.ashbyhq.com/saris-ai
Saronic Technologies,saronic,https://jobs.ashbyhq.com/saronic
Sarvam,sarvam,https://jobs.ashbyhq.com/sarvam
Satispay,satispay,https://jobs.ashbyhq.com/satispay
SatoshiLabs,satoshilabs,https://jobs.ashbyhq.com/satoshilabs
Saturn,saturn,https://jobs.ashbyhq.com/saturn
Sauna,sauna.ai,https://jobs.ashbyhq.com/sauna.ai
Savvy Wealth,savvy,https://jobs.ashbyhq.com/savvy
SavvyMoney,savvymoney,https://jobs.ashbyhq.com/savvymoney
Sazabi,sazabi,https://jobs.ashbyhq.com/sazabi
Scalar,scalar,https://jobs.ashbyhq.com/scalar
Scale Army Careers,scale army careers,https://jobs.ashbyhq.com/scale%20army%20careers
Scaled Cognition,scaled-cognition,https://jobs.ashbyhq.com/scaled-cognition
ScaleMath,scalemath,https://jobs.ashbyhq.com/scalemath
Scaler,scaler,https://jobs.ashbyhq.com/scaler
Scan.com,scan-com,https://jobs.ashbyhq.com/scan-com
Scarlet,scarlet,https://jobs.ashbyhq.com/scarlet
Scholarly,scholarly,https://jobs.ashbyhq.com/scholarly
Schoolhouse,schoolhouse-world,https://jobs.ashbyhq.com/schoolhouse-world
Scientech Research LLC,scientech-research,https://jobs.ashbyhq.com/scientech-research
Sciforium,sciforium,https://jobs.ashbyhq.com/sciforium
ScorePlay,scoreplay,https://jobs.ashbyhq.com/scoreplay
Scorewarrior,scorewarrior,https://jobs.ashbyhq.com/scorewarrior
Scout,scout,https://jobs.ashbyhq.com/scout
Screenverse,screenverse,https://jobs.ashbyhq.com/screenverse
"Scribd, Inc.",scribdinc,https://jobs.ashbyhq.com/scribdinc
Scribe,scribe,https://jobs.ashbyhq.com/scribe
Scrollmark,scrollmark,https://jobs.ashbyhq.com/scrollmark
Scrunch,scrunch,https://jobs.ashbyhq.com/scrunch
SE3 Labs,se3,https://jobs.ashbyhq.com/se3
Sea12 Technologies,sea12,https://jobs.ashbyhq.com/sea12
Sealed,sealed,https://jobs.ashbyhq.com/sealed
Seamflow,seamflow,https://jobs.ashbyhq.com/seamflow
Searchable,searchable,https://jobs.ashbyhq.com/searchable
SearchApi,searchapi,https://jobs.ashbyhq.com/searchapi
SearchStax,searchstax,https://jobs.ashbyhq.com/searchstax
Seccl,seccl,https://jobs.ashbyhq.com/seccl
Secfix,secfix,https://jobs.ashbyhq.com/secfix
Second Dinner,seconddinner,https://jobs.ashbyhq.com/seconddinner
Second Front Systems,second-front-systems,https://jobs.ashbyhq.com/second-front-systems
Second Nature,second-nature,https://jobs.ashbyhq.com/second-nature
SecureBio,securebio,https://jobs.ashbyhq.com/securebio
Security Level 5,security-level-5,https://jobs.ashbyhq.com/security-level-5
Sei Development Foundation,seifoundation,https://jobs.ashbyhq.com/seifoundation
Sei Labs,sei-labs,https://jobs.ashbyhq.com/sei-labs
Seismic,seismic-change.com,https://jobs.ashbyhq.com/seismic-change.com
Sekai,sekai,https://jobs.ashbyhq.com/sekai
Sellfire,sellfire,https://jobs.ashbyhq.com/sellfire
Sema4.ai,sema4.ai,https://jobs.ashbyhq.com/sema4.ai
Semgrep,semgrep,https://jobs.ashbyhq.com/semgrep
Semperis,semperis,https://jobs.ashbyhq.com/semperis
Seneca,seneca,https://jobs.ashbyhq.com/seneca
Sensat,sensat,https://jobs.ashbyhq.com/sensat
Sensmore,sensmore,https://jobs.ashbyhq.com/sensmore
Sensor Tower,sensor-tower,https://jobs.ashbyhq.com/sensor-tower
Sensorfact,sensorfact,https://jobs.ashbyhq.com/sensorfact
"Sent, Inc.",sent,https://jobs.ashbyhq.com/sent
Sentient,sentient,https://jobs.ashbyhq.com/sentient
SentiLink,sentilink,https://jobs.ashbyhq.com/sentilink
Sentra,sentra,https://jobs.ashbyhq.com/sentra
Sentradel,sentradel,https://jobs.ashbyhq.com/sentradel
Sentry,sentry,https://jobs.ashbyhq.com/sentry
Seon,seon,https://jobs.ashbyhq.com/seon
Seqera,seqera.io,https://jobs.ashbyhq.com/seqera.io
Sequen AI,sequen-ai,https://jobs.ashbyhq.com/sequen-ai
Sequence,sequence,https://jobs.ashbyhq.com/sequence
Sequoia,sequoia,https://jobs.ashbyhq.com/sequoia
Sereact,sereact,https://jobs.ashbyhq.com/sereact
Serif.ai,serif,https://jobs.ashbyhq.com/serif
Serval,serval,https://jobs.ashbyhq.com/serval
Serve Robotics,serverobotics,https://jobs.ashbyhq.com/serverobotics
Served With Honor,servedwithhonor,https://jobs.ashbyhq.com/servedwithhonor
Sesame,sesame,https://jobs.ashbyhq.com/sesame
Sevaro,sevaro,https://jobs.ashbyhq.com/sevaro
Sevaro - Physician/Clinical Roles,brunswick,https://jobs.ashbyhq.com/brunswick
Seven AI,sevenai,https://jobs.ashbyhq.com/sevenai
SewerAI Corporation,sewer-ai,https://jobs.ashbyhq.com/sewer-ai
Seyna,seyna,https://jobs.ashbyhq.com/seyna
SFG20,sfg20,https://jobs.ashbyhq.com/sfg20
SGNL.ai,sgnlai,https://jobs.ashbyhq.com/sgnlai
Shade.inc,shade-inc,https://jobs.ashbyhq.com/shade-inc
Shapes,shapes,https://jobs.ashbyhq.com/shapes
Shapr3D,shapr3d,https://jobs.ashbyhq.com/shapr3d
Share,share,https://jobs.ashbyhq.com/share
Shasqi,shasqi,https://jobs.ashbyhq.com/Shasqi
Shepherd,shepherd,https://jobs.ashbyhq.com/shepherd
sherpa°,joinsherpa,https://jobs.ashbyhq.com/joinsherpa
Shift,shift,https://jobs.ashbyhq.com/shift
ShiftKey,shiftkey,https://jobs.ashbyhq.com/shiftkey
Shiftsmart,shiftsmart,https://jobs.ashbyhq.com/shiftsmart
Shook,shook,https://jobs.ashbyhq.com/shook
Short Story,shortstory,https://jobs.ashbyhq.com/shortstory
Shuttlebase,moonshot-ai,https://jobs.ashbyhq.com/moonshot-ai
Sibill Srl,sibill,https://jobs.ashbyhq.com/sibill
Sidekick,sidekick,https://jobs.ashbyhq.com/sidekick
Siena AI,siena,https://jobs.ashbyhq.com/siena
Sierra,sierra,https://jobs.ashbyhq.com/sierra
Sierra Japan,sierra-jp,https://jobs.ashbyhq.com/sierra-jp
Sierra Studio,sierra-studio,https://jobs.ashbyhq.com/sierra-studio
Sieve,sieve,https://jobs.ashbyhq.com/sieve
Sift,sift,https://jobs.ashbyhq.com/sift
"Sift Stack, Inc.",siftstack,https://jobs.ashbyhq.com/siftstack
SiftScience,siftscience,https://jobs.ashbyhq.com/siftscience
Siftwell Analytics,siftwell-analytics,https://jobs.ashbyhq.com/siftwell-analytics
Sigma Prime,sigp,https://jobs.ashbyhq.com/sigp
Signal AI,signal-ai,https://jobs.ashbyhq.com/signal-ai
SignalFire,signalfire,https://jobs.ashbyhq.com/signalfire
"SignalWire, Inc",signalwire,https://jobs.ashbyhq.com/signalwire
SigNoz,signoz,https://jobs.ashbyhq.com/signoz
Silktide,silktide,https://jobs.ashbyhq.com/silktide
Silna Health,silnahealth.com,https://jobs.ashbyhq.com/silnahealth.com
Silver.dev,silver,https://jobs.ashbyhq.com/silver
Sim,sim,https://jobs.ashbyhq.com/sim
Simile,simile,https://jobs.ashbyhq.com/simile
Simon AI,simondata,https://jobs.ashbyhq.com/simondata
Simon Lever,simon-lever,https://jobs.ashbyhq.com/simon-lever
Simple AI,simple-ai,https://jobs.ashbyhq.com/simple-ai
SimpleClosure,simpleclosure,https://jobs.ashbyhq.com/simpleclosure
Simplify,simplify,https://jobs.ashbyhq.com/simplify
SimSpace Corporation,simspace-corporation,https://jobs.ashbyhq.com/simspace-corporation
Simular,simular,https://jobs.ashbyhq.com/simular
SINGU,singu,https://jobs.ashbyhq.com/singu
Singular,singular,https://jobs.ashbyhq.com/singular
Singulate,singulate,https://jobs.ashbyhq.com/singulate
Sintra,sintra,https://jobs.ashbyhq.com/sintra
SIO Logistics,sio-logistics,https://jobs.ashbyhq.com/sio-logistics
Siro,siro,https://jobs.ashbyhq.com/siro
Sisu,sisu,https://jobs.ashbyhq.com/sisu
Sitemate,sitemate,https://jobs.ashbyhq.com/sitemate
SiteMinder,siteminder,https://jobs.ashbyhq.com/siteminder
Skalar,skalar,https://jobs.ashbyhq.com/skalar
SKELAR,skelar,https://jobs.ashbyhq.com/skelar
Skilljar,skilljar,https://jobs.ashbyhq.com/skilljar
Skimmer,skimmer,https://jobs.ashbyhq.com/skimmer
Skip,skip,https://jobs.ashbyhq.com/skip
Skip Loans,skip-loans,https://jobs.ashbyhq.com/skip-loans
skipup,skipup,https://jobs.ashbyhq.com/skipup
Sky Mavis,skymavis,https://jobs.ashbyhq.com/skymavis
Skydio,skydio,https://jobs.ashbyhq.com/skydio
Skydropx - Frenet,skydropx,https://jobs.ashbyhq.com/skydropx
SkyLink,skylink,https://jobs.ashbyhq.com/skylink
Skylo Technologies,skylo,https://jobs.ashbyhq.com/skylo
SkyNRG,skynrg,https://jobs.ashbyhq.com/skynrg
Skyscanner,skyscanner,https://jobs.ashbyhq.com/skyscanner
SkyWatch,skywatch,https://jobs.ashbyhq.com/skywatch
Slant,slant,https://jobs.ashbyhq.com/slant
Slash Financial,slash-financial,https://jobs.ashbyhq.com/slash-financial
Slate,slate,https://jobs.ashbyhq.com/slate
Sleeper,sleeper,https://jobs.ashbyhq.com/sleeper
Slingshot Aerospace,slingshot-aerospace,https://jobs.ashbyhq.com/slingshot-aerospace
Slingshot AI,slingshotai,https://jobs.ashbyhq.com/slingshotai
Slope,slope,https://jobs.ashbyhq.com/slope
Small Door Veterinary,small-door-veterinary,https://jobs.ashbyhq.com/small-door-veterinary
Smallest,smallest,https://jobs.ashbyhq.com/smallest
Smallpdf,smallpdf,https://jobs.ashbyhq.com/smallpdf
Smalls,smalls,https://jobs.ashbyhq.com/smalls
Smallstep,smallstep,https://jobs.ashbyhq.com/smallstep
Smarkets,smarkets,https://jobs.ashbyhq.com/smarkets
Smartleaf,smartleaf,https://jobs.ashbyhq.com/smartleaf
Smith Engineering,smith-engineering,https://jobs.ashbyhq.com/smith-engineering
Snackpass,snackpass,https://jobs.ashbyhq.com/snackpass
Snapdocs,snapdocs,https://jobs.ashbyhq.com/snapdocs
SnapMagic,snapmagic,https://jobs.ashbyhq.com/snapmagic
Snappy,snappy,https://jobs.ashbyhq.com/snappy
Snowball,snowball,https://jobs.ashbyhq.com/snowball
Snowflake,snowflake,https://jobs.ashbyhq.com/snowflake
Snyk,snyk,https://jobs.ashbyhq.com/snyk
So Shall We,soshallwe,https://jobs.ashbyhq.com/soshallwe
Social News Desk,snd,https://jobs.ashbyhq.com/snd
Socket,socket,https://jobs.ashbyhq.com/socket
Socotra,socotra,https://jobs.ashbyhq.com/socotra
Socure,socure,https://jobs.ashbyhq.com/socure
Sofar Ocean,sofarocean,https://jobs.ashbyhq.com/sofarocean
Softlight,softlight,https://jobs.ashbyhq.com/softlight
Sola,sola,https://jobs.ashbyhq.com/sola
Sola Insurance,sola-insurance,https://jobs.ashbyhq.com/sola-insurance
Solace,solace,https://jobs.ashbyhq.com/solace
Solana Foundation,solana foundation,https://jobs.ashbyhq.com/Solana%20Foundation
Solana Labs,solanalabs,https://jobs.ashbyhq.com/solanalabs
Solcoa Industries,solcoa,https://jobs.ashbyhq.com/solcoa
Solidgate,solidgate,https://jobs.ashbyhq.com/solidgate
Solidroad,solidroad,https://jobs.ashbyhq.com/solidroad
Solink,solink,https://jobs.ashbyhq.com/solink
Solstice,solstice,https://jobs.ashbyhq.com/solstice
Solva Technology,solva,https://jobs.ashbyhq.com/solva
Solvd,solvd,https://jobs.ashbyhq.com/solvd
Solve Intelligence,solveintelligence,https://jobs.ashbyhq.com/solveintelligence
SolveAI,solve.ai,https://jobs.ashbyhq.com/solve.ai
Somethings,somethings,https://jobs.ashbyhq.com/somethings
Somnia,somnia,https://jobs.ashbyhq.com/somnia
Sona,sona,https://jobs.ashbyhq.com/sona
SonderMind,sondermind,https://jobs.ashbyhq.com/sondermind
Sonio,sonio,https://jobs.ashbyhq.com/sonio
Sorare,sorare,https://jobs.ashbyhq.com/sorare
Sorcerer,sorcerer,https://jobs.ashbyhq.com/sorcerer
SoSafe,sosafe,https://jobs.ashbyhq.com/sosafe
Soter,soterinsure,https://jobs.ashbyhq.com/soterinsure
Sound.xyz,sound.xyz,https://jobs.ashbyhq.com/sound.xyz
Source Multiplier,source-multiplier,https://jobs.ashbyhq.com/source-multiplier
Sourgum,sourgum,https://jobs.ashbyhq.com/sourgum
South Geeks,southgeeks,https://jobs.ashbyhq.com/southgeeks
SOVRA,sovra,https://jobs.ashbyhq.com/sovra
SPACE44,space44,https://jobs.ashbyhq.com/space44
Spacecurve,spacecurve,https://jobs.ashbyhq.com/spacecurve
Spacial AI,spacial,https://jobs.ashbyhq.com/spacial
SPAICE,spaice-tech,https://jobs.ashbyhq.com/spaice-tech
SpAItial,spaitial,https://jobs.ashbyhq.com/spaitial
SPAN,span,https://jobs.ashbyhq.com/span
Span,span.app,https://jobs.ashbyhq.com/span.app
Spara,spara,https://jobs.ashbyhq.com/spara
Spare,spare,https://jobs.ashbyhq.com/spare
Sparrow,sparrow,https://jobs.ashbyhq.com/sparrow
Sparta,sparta-commodities,https://jobs.ashbyhq.com/sparta-commodities
Speak,speak,https://jobs.ashbyhq.com/speak
Speakeasy,speakeasy,https://jobs.ashbyhq.com/speakeasy
Spear AI,spear-ai,https://jobs.ashbyhq.com/spear-ai
Spear Bio,spearbio,https://jobs.ashbyhq.com/spearbio
Speckle,speckle,https://jobs.ashbyhq.com/speckle
Specright,specright,https://jobs.ashbyhq.com/specright
Specter,specter,https://jobs.ashbyhq.com/specter
Spector.ai,spector-ai,https://jobs.ashbyhq.com/spector-ai
Spekit,spekit,https://jobs.ashbyhq.com/spekit
Spellbook,spellbook.com,https://jobs.ashbyhq.com/spellbook.com
Spellbrush,spellbrush,https://jobs.ashbyhq.com/spellbrush
spendesk,spendesk,https://jobs.ashbyhq.com/spendesk
Spexi,spexi,https://jobs.ashbyhq.com/spexi
"Sphere, Inc.",sphere,https://jobs.ashbyhq.com/sphere
Spherical,spherical,https://jobs.ashbyhq.com/spherical
Sphinx,sphinx,https://jobs.ashbyhq.com/Sphinx
Spiral,spiral,https://jobs.ashbyhq.com/spiral
SplitMetrics,splitmetrics,https://jobs.ashbyhq.com/splitmetrics
Splitwise,splitwise,https://jobs.ashbyhq.com/splitwise
Spotlight Media,spotlight,https://jobs.ashbyhq.com/spotlight
SpotOn,spoton,https://jobs.ashbyhq.com/spoton
Spreetail,spreetail,https://jobs.ashbyhq.com/spreetail
Sprig,sprig,https://jobs.ashbyhq.com/sprig
Sprinter Health,sprinter-health,https://jobs.ashbyhq.com/sprinter-health
Sprout.ai,sprout-ai,https://jobs.ashbyhq.com/sprout-ai
Spruce,spruce,https://jobs.ashbyhq.com/spruce
"Spruce Systems, Inc.",spruceid,https://jobs.ashbyhq.com/spruceid
Squad | Bowery,squad,https://jobs.ashbyhq.com/squad
Squads,squads,https://jobs.ashbyhq.com/squads
Squint,squint.ai,https://jobs.ashbyhq.com/squint.ai
Stable,stable,https://jobs.ashbyhq.com/stable
STACK Infrastructure APAC,stack-infrastructure-apac-pte-ltd,https://jobs.ashbyhq.com/stack-infrastructure-apac-pte-ltd
StackAI,stack-ai,https://jobs.ashbyhq.com/stack-ai
StackedSP,stackedsp,https://jobs.ashbyhq.com/stackedsp
Stacker,stacker,https://jobs.ashbyhq.com/stacker
StackFuel,stackfuel,https://jobs.ashbyhq.com/stackfuel
StackOne,stackone,https://jobs.ashbyhq.com/stackone
Stacks,stacks,https://jobs.ashbyhq.com/stacks
Stainless,stainlessapi,https://jobs.ashbyhq.com/stainlessapi
Stand Insurance,standinsurance,https://jobs.ashbyhq.com/standinsurance
Standard Bots,standardbots,https://jobs.ashbyhq.com/standardbots
Standard Fleet,standardfleet,https://jobs.ashbyhq.com/standardfleet
Standard Subsea,standardsubsea,https://jobs.ashbyhq.com/standardsubsea
Standard Template Labs,st-labs,https://jobs.ashbyhq.com/st-labs
Starbridge,starbridge,https://jobs.ashbyhq.com/starbridge
Starfish Space Inc.,starfish-space-inc,https://jobs.ashbyhq.com/starfish-space-inc
Stargate Foundation,stargate-foundation,https://jobs.ashbyhq.com/stargate-foundation
Starpath Robotics,starpath.space,https://jobs.ashbyhq.com/starpath.space
Stash,stash,https://jobs.ashbyhq.com/stash
Statewide,statewide,https://jobs.ashbyhq.com/statewide
Statista,statista,https://jobs.ashbyhq.com/statista
Statsig,statsig,https://jobs.ashbyhq.com/statsig
STATSports,statsports-careers,https://jobs.ashbyhq.com/statsports-careers
Stay AI,stayai,https://jobs.ashbyhq.com/stayai
Stay22,stay22,https://jobs.ashbyhq.com/stay22
Staycation,staycation,https://jobs.ashbyhq.com/Staycation
Steadily,steadily,https://jobs.ashbyhq.com/steadily
Stealth HC,stealthhc,https://jobs.ashbyhq.com/stealthhc
Stealth HealthTech Startup,stealth-healthtech-startup,https://jobs.ashbyhq.com/stealth-healthtech-startup
Stealth-mode Battery Startup,company,https://jobs.ashbyhq.com/company
Stedi,stedi,https://jobs.ashbyhq.com/stedi
Steel,steel,https://jobs.ashbyhq.com/steel
Stellar Development Foundation,stellar,https://jobs.ashbyhq.com/stellar
Stellar Entertainment Software Ltd,stellarentertainment,https://jobs.ashbyhq.com/stellarentertainment
Stellar Health,stellar-health,https://jobs.ashbyhq.com/stellar-health
Stellic,stellic,https://jobs.ashbyhq.com/stellic
StemWave,stemwave,https://jobs.ashbyhq.com/stemwave
Stensul,stensul,https://jobs.ashbyhq.com/stensul
Stepful,stepful,https://jobs.ashbyhq.com/stepful
Stepwork,stepwork,https://jobs.ashbyhq.com/stepwork
Sticker Mule,stickermule,https://jobs.ashbyhq.com/stickermule
Stigg,stigg,https://jobs.ashbyhq.com/stigg
Still Bright,stillbright,https://jobs.ashbyhq.com/stillbright
STNDRD,stndrd,https://jobs.ashbyhq.com/stndrd
Stony Creek Homes,stony creek homes,https://jobs.ashbyhq.com/stony%20creek%20homes
Stora,stora,https://jobs.ashbyhq.com/stora
Stork Labs,stork,https://jobs.ashbyhq.com/stork
Stotles,stotles.com,https://jobs.ashbyhq.com/stotles.com
Stout,stout,https://jobs.ashbyhq.com/stout
Strada,stradahq,https://jobs.ashbyhq.com/stradahq
Strala,strala-ai,https://jobs.ashbyhq.com/strala-ai
Strange Loop Labs,strange-loop-labs,https://jobs.ashbyhq.com/strange-loop-labs
Strategic Growth Partners,strategic-growth-partners,https://jobs.ashbyhq.com/strategic-growth-partners
Stratum AI,stratum-ai,https://jobs.ashbyhq.com/stratum-ai
Strava,strava,https://jobs.ashbyhq.com/strava
Stream,stream,https://jobs.ashbyhq.com/stream
Street Group,streetgroup,https://jobs.ashbyhq.com/streetgroup
Strella,strella,https://jobs.ashbyhq.com/strella
Strider Technologies,strider-technologies,https://jobs.ashbyhq.com/strider-technologies
StrongDM,strongdm,https://jobs.ashbyhq.com/strongdm
Stronghold,stronghold,https://jobs.ashbyhq.com/stronghold
"Studson, Inc.",studson,https://jobs.ashbyhq.com/studson
Stuut,stuut-ai,https://jobs.ashbyhq.com/stuut-ai
Stweart Firm,jaxs,https://jobs.ashbyhq.com/jaxs
Stytch,stytch,https://jobs.ashbyhq.com/stytch
Sublime Security,sublime-security,https://jobs.ashbyhq.com/sublime-security
Subsets,subsets,https://jobs.ashbyhq.com/subsets
Subspace,subspace,https://jobs.ashbyhq.com/subspace
Substack,substack,https://jobs.ashbyhq.com/substack
Substrate,substrate,https://jobs.ashbyhq.com/substrate
Subzero Labs,subzero,https://jobs.ashbyhq.com/subzero
Succinct,succinct,https://jobs.ashbyhq.com/succinct
Sui Foundation,sui foundation,https://jobs.ashbyhq.com/Sui%20Foundation
Suite Studios,suite-studios,https://jobs.ashbyhq.com/Suite-Studios
Sully.ai,sully-ai,https://jobs.ashbyhq.com/sully-ai
Summation,summation,https://jobs.ashbyhq.com/summation
Summer Health,summerhealth,https://jobs.ashbyhq.com/summerhealth
Sunday Natural,sunday-natural,https://jobs.ashbyhq.com/sunday-natural
Sunday Robotics,sunday,https://jobs.ashbyhq.com/sunday
Sunflower Sober,sunflower-sober,https://jobs.ashbyhq.com/sunflower-sober
SunnyData,sunnydata,https://jobs.ashbyhq.com/SunnyData
Suno,suno,https://jobs.ashbyhq.com/suno
Sunrise Robotics Corporation,sunrise,https://jobs.ashbyhq.com/sunrise
Sunset,sunset,https://jobs.ashbyhq.com/sunset
Supabase,supabase,https://jobs.ashbyhq.com/supabase
Super.com,super.com,https://jobs.ashbyhq.com/super.com
supercell,supercell,https://jobs.ashbyhq.com/supercell
Superconductor,superconductor,https://jobs.ashbyhq.com/superconductor
SuperDial,superdial,https://jobs.ashbyhq.com/superdial
Superhuman,superhuman,https://jobs.ashbyhq.com/superhuman
Superpilot Labs,superpilot-labs,https://jobs.ashbyhq.com/superpilot-labs
SuperPlane,superplane,https://jobs.ashbyhq.com/superplane
Superpower,superpower,https://jobs.ashbyhq.com/superpower
Surfshark,surfshark,https://jobs.ashbyhq.com/surfshark
Surgical Data Science Collective,sdsc,https://jobs.ashbyhq.com/sdsc
SurveyMonkey,surveymonkey,https://jobs.ashbyhq.com/surveymonkey
Susteon Inc.,susteon,https://jobs.ashbyhq.com/susteon
Suzy,suzy,https://jobs.ashbyhq.com/suzy
Svix,svix,https://jobs.ashbyhq.com/svix
swan,swan,https://jobs.ashbyhq.com/swan
Swans,swans,https://jobs.ashbyhq.com/swans
Swap,swap,https://jobs.ashbyhq.com/swap
Swarm Aero,swarmaero,https://jobs.ashbyhq.com/swarmaero
Swarmer,swarmer,https://jobs.ashbyhq.com/swarmer
Sweatpals,sweatpals,https://jobs.ashbyhq.com/sweatpals
Sweed,sweedpos.com,https://jobs.ashbyhq.com/sweedpos.com
Sweep,sweep,https://jobs.ashbyhq.com/sweep
Switchboard,switchboard,https://jobs.ashbyhq.com/switchboard
Swoop,swoopapp,https://jobs.ashbyhq.com/swoopapp
Swoop Technologies,swoop,https://jobs.ashbyhq.com/swoop
Sxaler,sxaler,https://jobs.ashbyhq.com/sxaler
Sybill AI,sybill-ai,https://jobs.ashbyhq.com/sybill-ai
Sydecar,sydecar,https://jobs.ashbyhq.com/sydecar
Sygaldry Technologies,sygaldry-technologies,https://jobs.ashbyhq.com/sygaldry-technologies
Sylvera,sylvera,https://jobs.ashbyhq.com/sylvera
Symbiotic,symbiotic,https://jobs.ashbyhq.com/symbiotic
Symmetry AI,symmetry,https://jobs.ashbyhq.com/symmetry
Synctera,synctera,https://jobs.ashbyhq.com/synctera
Syndica,syndica,https://jobs.ashbyhq.com/syndica
Synergy Pet Group,synergy pet group,https://jobs.ashbyhq.com/synergy%20pet%20group
Synquery,synquery,https://jobs.ashbyhq.com/synquery
Synthesia,synthesia,https://jobs.ashbyhq.com/synthesia
Synthetic,synthetic,https://jobs.ashbyhq.com/synthetic
Synthflow AI,synthflow,https://jobs.ashbyhq.com/synthflow
Syro,syro,https://jobs.ashbyhq.com/syro
Syrup,syrup,https://jobs.ashbyhq.com/syrup
T1 Energy,t1energy,https://jobs.ashbyhq.com/t1energy
Taara,taaraconnect,https://jobs.ashbyhq.com/taaraconnect
Tabs,tabs,https://jobs.ashbyhq.com/tabs
Tabz,tabz,https://jobs.ashbyhq.com/tabz
Tactiq,tactiq,https://jobs.ashbyhq.com/tactiq
Tacto,tacto,https://jobs.ashbyhq.com/tacto
Taekus,taekus,https://jobs.ashbyhq.com/taekus
Tailor,tailor,https://jobs.ashbyhq.com/tailor
Tailwind,tailwind,https://jobs.ashbyhq.com/tailwind
Tajir,tajir,https://jobs.ashbyhq.com/tajir
Take2,take2,https://jobs.ashbyhq.com/take2
Tako,tako,https://jobs.ashbyhq.com/tako
Taktile,taktile,https://jobs.ashbyhq.com/taktile
Talent Safari,talentsafari,https://jobs.ashbyhq.com/talentsafari
Talentful,talentful,https://jobs.ashbyhq.com/talentful
Talkdesk,talkdesk,https://jobs.ashbyhq.com/talkdesk
Talkiatry,talkiatry,https://jobs.ashbyhq.com/talkiatry
Talos,talos-trading,https://jobs.ashbyhq.com/talos-trading
Tamarind Bio,tamarindbio,https://jobs.ashbyhq.com/tamarindbio
Tamr,tamr,https://jobs.ashbyhq.com/tamr
Tandem Health,tandem-health,https://jobs.ashbyhq.com/tandem-health
Tango,tango,https://jobs.ashbyhq.com/tango
TapBlaze,tapblaze,https://jobs.ashbyhq.com/tapblaze
Tapcart Inc.,tapcart,https://jobs.ashbyhq.com/tapcart
Tapcheck,tapcheck,https://jobs.ashbyhq.com/tapcheck
Taptap Send,taptapsend,https://jobs.ashbyhq.com/taptapsend
TARGAN,targan,https://jobs.ashbyhq.com/targan
Tarro,tarro,https://jobs.ashbyhq.com/tarro
Tasman Analytics,tasman,https://jobs.ashbyhq.com/tasman
Tava Health,tavahealth,https://jobs.ashbyhq.com/tavahealth
Tavily,tavily,https://jobs.ashbyhq.com/tavily
Tavrn.ai,tavrn,https://jobs.ashbyhq.com/tavrn
Tavus,tavus,https://jobs.ashbyhq.com/tavus
Taxfix,taxfix.com,https://jobs.ashbyhq.com/taxfix.com
Taxforce,taxforce,https://jobs.ashbyhq.com/taxforce
Taxwire,taxwire,https://jobs.ashbyhq.com/taxwire
Teal Health,teal-health,https://jobs.ashbyhq.com/teal-health
Teal HQ,tealhq,https://jobs.ashbyhq.com/tealhq
Teambridge,teambridge,https://jobs.ashbyhq.com/teambridge
TeamDynamix,teamdynamix,https://jobs.ashbyhq.com/teamdynamix
Teamworks,teamworks,https://jobs.ashbyhq.com/teamworks
Tebi,tebi,https://jobs.ashbyhq.com/tebi
Technimove,technimove,https://jobs.ashbyhq.com/technimove
Technitask,technitask,https://jobs.ashbyhq.com/technitask
Techtorch,techtorch,https://jobs.ashbyhq.com/techtorch
Teero,teero,https://jobs.ashbyhq.com/teero
Tekion,tekion,https://jobs.ashbyhq.com/tekion
Telepatia,telepatia,https://jobs.ashbyhq.com/telepatia
Teleport,goteleport,https://jobs.ashbyhq.com/goteleport
Teleskope,teleskope,https://jobs.ashbyhq.com/teleskope
telli,telli,https://jobs.ashbyhq.com/telli
"Tellos, Inc.",tellos,https://jobs.ashbyhq.com/tellos
TELUS Digital,telus-digital,https://jobs.ashbyhq.com/telus-digital
tem,tem,https://jobs.ashbyhq.com/tem
Tembo Health,tembo-health,https://jobs.ashbyhq.com/Tembo-health
Temper,temper,https://jobs.ashbyhq.com/temper
Tempo,tempo,https://jobs.ashbyhq.com/tempo
Tempo,tempo-xyz,https://jobs.ashbyhq.com/tempo-xyz
Tempo,tempo-io,https://jobs.ashbyhq.com/tempo-io
Temporal Technologies,temporal,https://jobs.ashbyhq.com/temporal
Tenex,tenexlabs,https://jobs.ashbyhq.com/tenexlabs
TENEX.AI,tenex,https://jobs.ashbyhq.com/tenex
Tenjin,tenjin,https://jobs.ashbyhq.com/tenjin
Tennr,tennr,https://jobs.ashbyhq.com/tennr
Tenor,tenor,https://jobs.ashbyhq.com/tenor
Tensec,tensec,https://jobs.ashbyhq.com/tensec
TensorWave,tensorwave,https://jobs.ashbyhq.com/tensorwave
TensorZero,tensorzero,https://jobs.ashbyhq.com/tensorzero
TENTENS Tech,tentens-tech,https://jobs.ashbyhq.com/tentens-tech
Terac,terac,https://jobs.ashbyhq.com/terac
Teraswitch,teraswitch,https://jobs.ashbyhq.com/teraswitch
Terminal,terminal,https://jobs.ashbyhq.com/terminal
Tern Travel,tern,https://jobs.ashbyhq.com/tern
TERRA,terra,https://jobs.ashbyhq.com/terra
Terra AI,terraai,https://jobs.ashbyhq.com/terraai
TerraFirma Robotics,terrafirma,https://jobs.ashbyhq.com/terrafirma
Terranova,terranova,https://jobs.ashbyhq.com/terranova
Terrarium,terrarium,https://jobs.ashbyhq.com/terrarium
Tessera Labs,tessera-labs,https://jobs.ashbyhq.com/tessera-labs
Tessl,tesslcareers,https://jobs.ashbyhq.com/tesslcareers
TestGorilla,testgorilla,https://jobs.ashbyhq.com/testgorilla
Teton.ai,teton,https://jobs.ashbyhq.com/teton
Tetrix,tetrix,https://jobs.ashbyhq.com/tetrix
Textio,textio,https://jobs.ashbyhq.com/textio
Texture,texture,https://jobs.ashbyhq.com/texture
Teya,teya,https://jobs.ashbyhq.com/teya
Teza Technologies,teza-technologies,https://jobs.ashbyhq.com/teza-technologies
Thaleron,thaleron,https://jobs.ashbyhq.com/thaleron
That 1 Detailer,that1detailer,https://jobs.ashbyhq.com/that1detailer
thatgamecompany,thatgamecompany,https://jobs.ashbyhq.com/thatgamecompany
The Agency Fund,the agency fund,https://jobs.ashbyhq.com/The%20Agency%20Fund
The Agile Monkeys,theam,https://jobs.ashbyhq.com/theam
The American Housing Corporation,american-housing,https://jobs.ashbyhq.com/american-housing
The Better Money Company,bettermoney,https://jobs.ashbyhq.com/bettermoney
The Biological Computing Co.,tbc,https://jobs.ashbyhq.com/tbc
The Bot Company,thebotcompany,https://jobs.ashbyhq.com/thebotcompany
The Browser Company,the browser company,https://jobs.ashbyhq.com/The%20Browser%20Company
The Community Preservation Corporation,community-preservation-corporation,https://jobs.ashbyhq.com/community-preservation-corporation
The Deep View,tdv,https://jobs.ashbyhq.com/tdv
The Exploration Company,the-exploration-company,https://jobs.ashbyhq.com/the-exploration-company
The Flex,the-flex,https://jobs.ashbyhq.com/the-flex
The Flex,theflex,https://jobs.ashbyhq.com/theflex
The General Intelligence Company of New York,generalintelligencecompany,https://jobs.ashbyhq.com/generalintelligencecompany
The Generalist Company Ltd,tgc,https://jobs.ashbyhq.com/tgc
The Global Talent Co.,the-global-talent-co,https://jobs.ashbyhq.com/the-global-talent-co
The Job Sauce,the job sauce,https://jobs.ashbyhq.com/The%20Job%20Sauce
The L Suite,jobs-page-4dc2685b-eb82-46d1-a3f9-1f0764dba814,https://jobs.ashbyhq.com/jobs-page-4dc2685b-eb82-46d1-a3f9-1f0764dba814
The Learning Spectrum,the-learning-spectrum,https://jobs.ashbyhq.com/the-learning-spectrum
The Lumber Manufactory,lumbermanufactory,https://jobs.ashbyhq.com/lumbermanufactory
The Mind Company,themindcompany,https://jobs.ashbyhq.com/themindcompany
The Mobile-First Company,mobilefirst,https://jobs.ashbyhq.com/mobilefirst
The Path,pathos,https://jobs.ashbyhq.com/pathos
The Pinnacle School,the-pinnacle-school,https://jobs.ashbyhq.com/the-pinnacle-school
The Robot Learning Company,robot-learning-co,https://jobs.ashbyhq.com/robot-learning-co
The San Francisco Compute Company,sfcompute,https://jobs.ashbyhq.com/sfcompute
The Spire School,the-spire-school,https://jobs.ashbyhq.com/the-spire-school
The Utopia Venture Platform,the-studio,https://jobs.ashbyhq.com/the-studio
The Virga Law Firm,the-virga-law-firm,https://jobs.ashbyhq.com/the-virga-law-firm
The Voleon Group,voleon,https://jobs.ashbyhq.com/voleon
The WFS Group,thewfsgroup,https://jobs.ashbyhq.com/thewfsgroup
The Zebra,the zebra,https://jobs.ashbyhq.com/The%20Zebra
Theori,theori,https://jobs.ashbyhq.com/theori
Thera,thera,https://jobs.ashbyhq.com/thera
Thesis Inc.,thesis,https://jobs.ashbyhq.com/thesis
TheyDo,theydo,https://jobs.ashbyhq.com/theydo
Thinkific,thinkific,https://jobs.ashbyhq.com/thinkific
Thinking Machines Lab,thinkingmachines,https://jobs.ashbyhq.com/thinkingmachines
Third Space,third-space-therapy,https://jobs.ashbyhq.com/third-space-therapy
ThirstySprout,thirstysprout,https://jobs.ashbyhq.com/thirstysprout
Thndr,thndr,https://jobs.ashbyhq.com/thndr
Thorit,thorit,https://jobs.ashbyhq.com/thorit
Thought Machine,thought-machine,https://jobs.ashbyhq.com/thought-machine
Thread AI,thread-ai,https://jobs.ashbyhq.com/thread-ai
Thrill Labs,thrill-labs,https://jobs.ashbyhq.com/thrill-labs
Thumbtack,thumbtack,https://jobs.ashbyhq.com/thumbtack
Tides Network,tides,https://jobs.ashbyhq.com/tides
Tiger,tiger,https://jobs.ashbyhq.com/tiger
Tiger Data,tigerdata,https://jobs.ashbyhq.com/tigerdata
Tight,tight,https://jobs.ashbyhq.com/tight
Tilde Research,tilderesearch,https://jobs.ashbyhq.com/tilderesearch
Tilla,tilla,https://jobs.ashbyhq.com/tilla
Tillo,tillo,https://jobs.ashbyhq.com/tillo
Tillster,tillster,https://jobs.ashbyhq.com/tillster
Tilt,tilt,https://jobs.ashbyhq.com/tilt
Tilt Finance,tilthq,https://jobs.ashbyhq.com/tilthq
Timely,timely,https://jobs.ashbyhq.com/timely
Tin Can,tin-can,https://jobs.ashbyhq.com/tin-can
Titan,titan,https://jobs.ashbyhq.com/titan
Titan,titan-msp,https://jobs.ashbyhq.com/titan-msp
Titan AI,titan-ai,https://jobs.ashbyhq.com/titan-ai
Tivita,tivita,https://jobs.ashbyhq.com/tivita
TLDR,tldr.tech,https://jobs.ashbyhq.com/tldr.tech
tldraw,tldraw,https://jobs.ashbyhq.com/tldraw
todyl,todyl,https://jobs.ashbyhq.com/todyl
Togal AI,togal-ai,https://jobs.ashbyhq.com/togal-ai
Token Terminal,tokenterminal,https://jobs.ashbyhq.com/tokenterminal
Toku,toku,https://jobs.ashbyhq.com/toku
Tolan,tolan,https://jobs.ashbyhq.com/tolan
Toma,toma,https://jobs.ashbyhq.com/toma
Tomo,tomo.ai,https://jobs.ashbyhq.com/tomo.ai
Tomo Mortgage,tomo,https://jobs.ashbyhq.com/tomo
TOMS,toms,https://jobs.ashbyhq.com/toms
Tonal,tonal,https://jobs.ashbyhq.com/tonal
Tonic AI,tonicai,https://jobs.ashbyhq.com/tonicai
tonies,tonies,https://jobs.ashbyhq.com/tonies
Toogeza,toogeza,https://jobs.ashbyhq.com/toogeza
Tools for Humanity,tools for humanity,https://jobs.ashbyhq.com/Tools%20for%20Humanity
Tooploox,tooploox,https://jobs.ashbyhq.com/tooploox
Top Hat,top-hat,https://jobs.ashbyhq.com/top-hat
Topline Pro,topline-pro,https://jobs.ashbyhq.com/topline-pro
TORTUS,tortus,https://jobs.ashbyhq.com/tortus
Tourlane,tourlane,https://jobs.ashbyhq.com/tourlane
"Town.com, Inc.",town,https://jobs.ashbyhq.com/town
Traba,traba,https://jobs.ashbyhq.com/traba
Trace,tracelabs,https://jobs.ashbyhq.com/tracelabs
Tracebit,tracebit,https://jobs.ashbyhq.com/tracebit
Tracer Cloud Inc,tracer,https://jobs.ashbyhq.com/tracer
Tractable,tractable,https://jobs.ashbyhq.com/tractable
Traction Wellness Group,traction-wellness-group,https://jobs.ashbyhq.com/traction-wellness-group
Tradeify,tradeify,https://jobs.ashbyhq.com/tradeify
Trading212,trading212,https://jobs.ashbyhq.com/trading212
TradingHub,tradinghub,https://jobs.ashbyhq.com/tradinghub
Trail,nanonets,https://jobs.ashbyhq.com/nanonets
Trainline,trainline,https://jobs.ashbyhq.com/trainline
Trajectory,trajectory,https://jobs.ashbyhq.com/trajectory
Transform,transform,https://jobs.ashbyhq.com/transform
Transfr,transfr,https://jobs.ashbyhq.com/transfr
TransGrid Energy,transgrid-energy,https://jobs.ashbyhq.com/transgrid-energy
Traversal,traversal,https://jobs.ashbyhq.com/traversal
Traverse,traverse,https://jobs.ashbyhq.com/traverse
trawa,trawa,https://jobs.ashbyhq.com/trawa
Tray.ai,tray-ai,https://jobs.ashbyhq.com/tray-ai
Traysar,traysar,https://jobs.ashbyhq.com/traysar
Tread,tread,https://jobs.ashbyhq.com/tread
Treefera,treefera,https://jobs.ashbyhq.com/treefera
Treeswift Inc,treeswift,https://jobs.ashbyhq.com/treeswift
Trellis Technologies,gen-trellis,https://jobs.ashbyhq.com/gen-trellis
Tremendous,tremendous,https://jobs.ashbyhq.com/tremendous
Trenchant,trenchant,https://jobs.ashbyhq.com/trenchant
TrendMD,trendmd,https://jobs.ashbyhq.com/trendmd
Trener,trener-robotics,https://jobs.ashbyhq.com/Trener-Robotics
Trengo,careerstrengo,https://jobs.ashbyhq.com/careerstrengo
Trexo Robotics,trexo robotics,https://jobs.ashbyhq.com/Trexo%20Robotics
Tribe AI,tribe-ai,https://jobs.ashbyhq.com/tribe-ai
Tribe.xyz,tribe-xyz,https://jobs.ashbyhq.com/tribe-xyz
TriEdge Investments,triedge-investments,https://jobs.ashbyhq.com/triedge-investments
Trig,trig,https://jobs.ashbyhq.com/trig
Trigger.dev,triggerdev,https://jobs.ashbyhq.com/triggerdev
Trilitech,trilitech,https://jobs.ashbyhq.com/trilitech
Triomics,triomics,https://jobs.ashbyhq.com/triomics
TripActions,tripactions,https://jobs.ashbyhq.com/tripactions
Triumph,triumph-arcade,https://jobs.ashbyhq.com/triumph-arcade
TRM Labs,trm-labs,https://jobs.ashbyhq.com/trm-labs
Trove,trovehq,https://jobs.ashbyhq.com/trovehq
Trovy,trovy,https://jobs.ashbyhq.com/trovy
TruckSmarter,trucksmarter,https://jobs.ashbyhq.com/trucksmarter
True Link Financial,truelinkfinancial,https://jobs.ashbyhq.com/truelinkfinancial
Truelogic,truelogic,https://jobs.ashbyhq.com/truelogic
Truemed,truemed,https://jobs.ashbyhq.com/truemed
Trulioo,trulioo,https://jobs.ashbyhq.com/trulioo
"Trunk Tools, Inc.",trunk tools,https://jobs.ashbyhq.com/Trunk%20Tools
Trust Wallet,trust-wallet,https://jobs.ashbyhq.com/trust-wallet
Truth Systems,truthsystems,https://jobs.ashbyhq.com/truthsystems
Truvo,truvo,https://jobs.ashbyhq.com/truvo
Tryp,tryp,https://jobs.ashbyhq.com/tryp
turbopuffer,turbopuffer,https://jobs.ashbyhq.com/turbopuffer
Turion Space,turion-space,https://jobs.ashbyhq.com/turion-space
Turnkey,turnkey,https://jobs.ashbyhq.com/turnkey
Turnstile,turnstile,https://jobs.ashbyhq.com/turnstile
Turquoise,turquoise-health,https://jobs.ashbyhq.com/turquoise-health
Twelve,twelve,https://jobs.ashbyhq.com/twelve
TwelveLabs,twelve-labs,https://jobs.ashbyhq.com/twelve-labs
Twenty,twenty,https://jobs.ashbyhq.com/twenty
TwentyFour Industries,twentyfour-industries,https://jobs.ashbyhq.com/twentyfour-industries
Twin Labs,twin-so,https://jobs.ashbyhq.com/twin-so
Twin Prime,stream-ai,https://jobs.ashbyhq.com/stream-ai
Two Dots,two-dots,https://jobs.ashbyhq.com/two-dots
TwoStep Therapeutics,twosteptx,https://jobs.ashbyhq.com/twosteptx
Tyba,tyba,https://jobs.ashbyhq.com/tyba
Tycho.AI,tycho-ai,https://jobs.ashbyhq.com/tycho-ai
TypeSafe AI,typesafe-ai,https://jobs.ashbyhq.com/typesafe-ai
Uberall,uberall,https://jobs.ashbyhq.com/uberall
UDisc,udisc,https://jobs.ashbyhq.com/udisc
UHP (Unlock Human Potential),uhp-unlockhumanpotential,https://jobs.ashbyhq.com/uhp-unlockhumanpotential
UiPath,uipath,https://jobs.ashbyhq.com/uipath
Ultra Pouches,ultra,https://jobs.ashbyhq.com/ultra
Ultralytics,ultralytics,https://jobs.ashbyhq.com/ultralytics
Umbrel,umbrel,https://jobs.ashbyhq.com/umbrel
Unblocked,unblocked,https://jobs.ashbyhq.com/unblocked
Uncountable Inc.,uncountable,https://jobs.ashbyhq.com/uncountable
Unicorn Pro,unicornpro,https://jobs.ashbyhq.com/unicornpro
UniCourt Inc,unicourt,https://jobs.ashbyhq.com/unicourt
Unify,unify,https://jobs.ashbyhq.com/unify
Union Technologies,union-tech,https://jobs.ashbyhq.com/union-tech
Union.ai,union,https://jobs.ashbyhq.com/union
Uniswap Labs,uniswap,https://jobs.ashbyhq.com/uniswap
Unit,unit,https://jobs.ashbyhq.com/unit
"Unit 410, LLC",unit410,https://jobs.ashbyhq.com/unit410
United Talent Agency,united-talent-agency,https://jobs.ashbyhq.com/united-talent-agency
Uniti AI,uniti,https://jobs.ashbyhq.com/uniti
UnitX,unitxlabs,https://jobs.ashbyhq.com/unitxlabs
Unity Advisory,unity-advisory,https://jobs.ashbyhq.com/unity-advisory
UniversalAGI,universalagi,https://jobs.ashbyhq.com/universalagi
Unlearn,unlearn,https://jobs.ashbyhq.com/unlearn
UnlikelyAI,unlikelyai,https://jobs.ashbyhq.com/unlikelyai
Unlimited,unlimitedindustries,https://jobs.ashbyhq.com/unlimitedindustries
Unmind,unmind,https://jobs.ashbyhq.com/unmind
Unstructured Technologies Inc.,unstructured,https://jobs.ashbyhq.com/unstructured
Unto Labs,unto-labs,https://jobs.ashbyhq.com/unto-labs
Unwrap,unwrap,https://jobs.ashbyhq.com/unwrap
Upchurch,upchurch,https://jobs.ashbyhq.com/upchurch
UpCodes,upcodes,https://jobs.ashbyhq.com/upcodes
Upflow,upflow,https://jobs.ashbyhq.com/upflow
UpGuard Inc.,upguard,https://jobs.ashbyhq.com/upguard
Uplane,uplane,https://jobs.ashbyhq.com/uplane
Uproot Clean,uprootclean,https://jobs.ashbyhq.com/uprootclean
Upside,upside,https://jobs.ashbyhq.com/upside
Upside,upside-tech,https://jobs.ashbyhq.com/upside-tech
UptimeAI,uptimeai,https://jobs.ashbyhq.com/uptimeai
Upvest,upvest,https://jobs.ashbyhq.com/upvest
US Health Partners,us health partners,https://jobs.ashbyhq.com/US%20Health%20Partners
Usul,usul,https://jobs.ashbyhq.com/usul
V7,v7labs.com,https://jobs.ashbyhq.com/v7labs.com
Valence,jobs-valence,https://jobs.ashbyhq.com/jobs-valence
Valence Discovery,valence,https://jobs.ashbyhq.com/valence
Valency Systems Inc.,valency,https://jobs.ashbyhq.com/valency
Valerie Group,valerie-group,https://jobs.ashbyhq.com/valerie-group
Valerie Health,valeriehealth,https://jobs.ashbyhq.com/valeriehealth
Validio,validio,https://jobs.ashbyhq.com/validio
"Valinor Enterprises, Inc.",valinor,https://jobs.ashbyhq.com/valinor
Valius Sciences,valiussciences,https://jobs.ashbyhq.com/valiussciences
Valkai,valkai,https://jobs.ashbyhq.com/valkai
Valon Mortgage,valonvm,https://jobs.ashbyhq.com/valonvm
Valon Tech,valon,https://jobs.ashbyhq.com/valon
Vals AI,vals-ai,https://jobs.ashbyhq.com/vals-ai
Valthos,valthos,https://jobs.ashbyhq.com/valthos
van den Boom & Associates,vandenboomassociates,https://jobs.ashbyhq.com/vandenboomassociates
Vanilla Technologies,vanilla,https://jobs.ashbyhq.com/vanilla
"Vanna Health, Inc",vanna-health-inc,https://jobs.ashbyhq.com/vanna-health-inc
Vanta,vanta,https://jobs.ashbyhq.com/vanta
Vantage,vantage,https://jobs.ashbyhq.com/vantage
Vantage,vantageanalytics,https://jobs.ashbyhq.com/vantageanalytics
Vapi,vapi,https://jobs.ashbyhq.com/vapi
Variance,intrinsic-safety,https://jobs.ashbyhq.com/intrinsic-safety
Vast,vast,https://jobs.ashbyhq.com/vast
Vast.ai,vastai,https://jobs.ashbyhq.com/vastai
Vaulted Deep,vaulted-deep,https://jobs.ashbyhq.com/vaulted-deep
vCluster Labs,vcluster,https://jobs.ashbyhq.com/vcluster
vCluster Labs,vclusterlabs,https://jobs.ashbyhq.com/vClusterLabs
VEA Connect,vea-connect,https://jobs.ashbyhq.com/vea-connect
Vector,vector,https://jobs.ashbyhq.com/vector
Veezu,veezu,https://jobs.ashbyhq.com/veezu
Vega,vega,https://jobs.ashbyhq.com/vega
Veho,veho-tech-inc,https://jobs.ashbyhq.com/veho-tech-inc
Veliu,veliu,https://jobs.ashbyhq.com/veliu
Vellum,vellum,https://jobs.ashbyhq.com/vellum
Velocity,velocity,https://jobs.ashbyhq.com/velocity
Velotio,velotio,https://jobs.ashbyhq.com/velotio
Vend Park,vend-park,https://jobs.ashbyhq.com/vend-park
Vendelux,vendelux,https://jobs.ashbyhq.com/vendelux
Venn,venn,https://jobs.ashbyhq.com/venn
Venti Technologies,goventi,https://jobs.ashbyhq.com/goventi
Vercel,vercel,https://jobs.ashbyhq.com/vercel
Verge Genomics,verge-genomics,https://jobs.ashbyhq.com/verge-genomics
Verisoul,verisoul,https://jobs.ashbyhq.com/verisoul
Verkada (Lever),verkada,https://jobs.ashbyhq.com/verkada
Verse Medical,versemedical,https://jobs.ashbyhq.com/versemedical
Vertical Aerospace,vertical-aerospace,https://jobs.ashbyhq.com/vertical-aerospace
Vertical Semiconductor,verticalsemi,https://jobs.ashbyhq.com/verticalsemi
Vertice,vertice,https://jobs.ashbyhq.com/vertice
Verto,verto,https://jobs.ashbyhq.com/verto
Vesta Innovations Inc.,vesta,https://jobs.ashbyhq.com/vesta
Vetcove,vetcove,https://jobs.ashbyhq.com/vetcove
Vibe,vibe,https://jobs.ashbyhq.com/vibe
VibeCode,vibecode,https://jobs.ashbyhq.com/vibecode
Vibiz,vibiz,https://jobs.ashbyhq.com/vibiz
Vic.ai,vic.ai,https://jobs.ashbyhq.com/Vic.ai
Victorious,victorious,https://jobs.ashbyhq.com/victorious
Videa,videa.ai,https://jobs.ashbyhq.com/videa.ai
Videowise,videowise,https://jobs.ashbyhq.com/videowise
Vidmob,vidmob,https://jobs.ashbyhq.com/VidMob
VIDRUSH AI STUDIOS LLP,vidrush,https://jobs.ashbyhq.com/vidrush
Viessmann Generations Group,viessmann,https://jobs.ashbyhq.com/viessmann
Viggle AI,viggle,https://jobs.ashbyhq.com/viggle
Vigil Markets,vigil-markets,https://jobs.ashbyhq.com/vigil-markets
Viktor,viktor,https://jobs.ashbyhq.com/viktor
Vinci4d,vinci4d,https://jobs.ashbyhq.com/vinci4d
Vio,vio,https://jobs.ashbyhq.com/vio
VIOLET,violet,https://jobs.ashbyhq.com/violet
Vira Health,virahealth,https://jobs.ashbyhq.com/virahealth
Virio,virio,https://jobs.ashbyhq.com/virio
Virta Health,virtahealth,https://jobs.ashbyhq.com/virtahealth
Virtuous,virtuous,https://jobs.ashbyhq.com/virtuous
Vistar Media,vistar,https://jobs.ashbyhq.com/vistar
Visualis LLC,visualis-llc,https://jobs.ashbyhq.com/visualis-llc
Vital Lyfe,vital-lyfe,https://jobs.ashbyhq.com/vital-lyfe
Vitalize,vitalize,https://jobs.ashbyhq.com/vitalize
Vitally,vitally,https://jobs.ashbyhq.com/vitally
VITL,vitl,https://jobs.ashbyhq.com/vitl
VitVio,vitvio,https://jobs.ashbyhq.com/vitvio
Vivid,vivid,https://jobs.ashbyhq.com/vivid
Vivun Inc.,vivun,https://jobs.ashbyhq.com/vivun
Viz.ai,viz.ai,https://jobs.ashbyhq.com/Viz.ai
Vizcom,vizcom,https://jobs.ashbyhq.com/vizcom
Vizzia,vizzia,https://jobs.ashbyhq.com/vizzia
VLogic,vlogic,https://jobs.ashbyhq.com/vlogic
Vmax AI Corp,vmax,https://jobs.ashbyhq.com/vmax
Vocca,vocca,https://jobs.ashbyhq.com/vocca
Vogel,vogel,https://jobs.ashbyhq.com/vogel
Voicemod,voicemod,https://jobs.ashbyhq.com/voicemod
voize,voize,https://jobs.ashbyhq.com/voize
Vola Dynamics,voladynamics,https://jobs.ashbyhq.com/voladynamics
Voldex Games,voldex,https://jobs.ashbyhq.com/voldex
Volka,volka,https://jobs.ashbyhq.com/volka
Volta,volta,https://jobs.ashbyhq.com/volta
Voltai,voltai.careers,https://jobs.ashbyhq.com/voltai.careers
Voltrac S.L.,voltrac,https://jobs.ashbyhq.com/voltrac
Voodoo,voodoo,https://jobs.ashbyhq.com/voodoo
Vooma,vooma,https://jobs.ashbyhq.com/vooma
Vori,vori,https://jobs.ashbyhq.com/vori
Vorticity Inc.,vorticity,https://jobs.ashbyhq.com/vorticity
Vorto,vorto,https://jobs.ashbyhq.com/vorto
Vow,vow,https://jobs.ashbyhq.com/vow
Voxel,voxel,https://jobs.ashbyhq.com/voxel
Voya Energy,voya energy,https://jobs.ashbyhq.com/Voya%20Energy
Voyant Photonics,voyant-photonics,https://jobs.ashbyhq.com/voyant-photonics
Voyfai,voyfai,https://jobs.ashbyhq.com/voyfai
VREY,vrey,https://jobs.ashbyhq.com/vrey
Vultr,vultr,https://jobs.ashbyhq.com/vultr
Vyn,vyn,https://jobs.ashbyhq.com/vyn
Vynca,vynca,https://jobs.ashbyhq.com/vynca
Vytalize Health,vytalize health,https://jobs.ashbyhq.com/Vytalize%20Health
"Wabi, Inc.",wabi,https://jobs.ashbyhq.com/wabi
Wafer,wafer,https://jobs.ashbyhq.com/wafer
Wagmo,wagmo,https://jobs.ashbyhq.com/wagmo
Wallbit,wallbit,https://jobs.ashbyhq.com/wallbit
Walrus,walrusfi,https://jobs.ashbyhq.com/walrusfi
Walrus Foundation,walrus,https://jobs.ashbyhq.com/walrus
Warp,warp,https://jobs.ashbyhq.com/warp
WarpBuild,warpbuild,https://jobs.ashbyhq.com/warpbuild
Warren,warren,https://jobs.ashbyhq.com/warren
Watershed,watershed,https://jobs.ashbyhq.com/watershed
Watney,watney,https://jobs.ashbyhq.com/watney
Watney Robotics,watneyrobotics,https://jobs.ashbyhq.com/watneyrobotics
Wayflyer,wayflyer,https://jobs.ashbyhq.com/wayflyer
Wayve,wayve,https://jobs.ashbyhq.com/wayve
Wealth.com,wealth-com,https://jobs.ashbyhq.com/wealth-com
Wealthsimple Technologies,wealthsimple,https://jobs.ashbyhq.com/wealthsimple
Weave,weave,https://jobs.ashbyhq.com/weave
Weave,workweave,https://jobs.ashbyhq.com/workweave
"WeaveGrid, Inc.",weave-grid,https://jobs.ashbyhq.com/weave-grid
Weaviate,weaviate,https://jobs.ashbyhq.com/weaviate
webAI,webai,https://jobs.ashbyhq.com/webai
Weekend,weekend,https://jobs.ashbyhq.com/weekend
Welltech,welltech,https://jobs.ashbyhq.com/welltech
Wellth,wellth,https://jobs.ashbyhq.com/wellth
WellTheory,welltheory,https://jobs.ashbyhq.com/welltheory
Wemolo,wemolo,https://jobs.ashbyhq.com/wemolo
WeTravel,wetravel,https://jobs.ashbyhq.com/wetravel
what3words,what3words,https://jobs.ashbyhq.com/what3words
Whatnot,whatnot,https://jobs.ashbyhq.com/whatnot
Wheel,wheel,https://jobs.ashbyhq.com/wheel
Whetstone Research,whetstoneresearch,https://jobs.ashbyhq.com/whetstoneresearch
Whippy,whippy,https://jobs.ashbyhq.com/whippy
Whisk,whisk,https://jobs.ashbyhq.com/whisk
White Circle,whitecircle,https://jobs.ashbyhq.com/whitecircle
Whoop,whoop,https://jobs.ashbyhq.com/whoop
Willow Health,willow-health,https://jobs.ashbyhq.com/willow-health
WilsonAI,wilson,https://jobs.ashbyhq.com/wilson
Wincent,wincent,https://jobs.ashbyhq.com/wincent
WindBorne Systems,windborne-systems,https://jobs.ashbyhq.com/windborne-systems
Windmill,windmill,https://jobs.ashbyhq.com/windmill
Windranger Labs,windranger,https://jobs.ashbyhq.com/windranger
Winona,winona,https://jobs.ashbyhq.com/winona
WireScreen,wirescreen,https://jobs.ashbyhq.com/wirescreen
Wisdom,withwisdom,https://jobs.ashbyhq.com/withwisdom
Wisdom AI,wisdom-ai,https://jobs.ashbyhq.com/wisdom-ai
Wisp,wisp,https://jobs.ashbyhq.com/wisp
Wispr Flow,wispr-flow,https://jobs.ashbyhq.com/wispr-flow
Wissen,wissen,https://jobs.ashbyhq.com/wissen
Wistia,wistia,https://jobs.ashbyhq.com/wistia
withco,withco,https://jobs.ashbyhq.com/withco
Witness AI,witnessai,https://jobs.ashbyhq.com/witnessai
Wiz,wiz,https://jobs.ashbyhq.com/wiz
WJB,wjb,https://jobs.ashbyhq.com/wjb
Woflow,woflow,https://jobs.ashbyhq.com/woflow
Wokelo AI,wokelo-ai,https://jobs.ashbyhq.com/wokelo-ai
Wolfjaw Studios,wolfjaw-careers,https://jobs.ashbyhq.com/wolfjaw-careers
Wonderly,wonderly,https://jobs.ashbyhq.com/wonderly
Woodhouse Academy,woodhouse-academy,https://jobs.ashbyhq.com/woodhouse-academy
Wordsmith AI,wordsmith,https://jobs.ashbyhq.com/wordsmith
WORKERBASE,workerbase,https://jobs.ashbyhq.com/workerbase
WorkHero,workhero,https://jobs.ashbyhq.com/workhero
WorkOS,workos,https://jobs.ashbyhq.com/workos
WorkWhile,workwhilejobs,https://jobs.ashbyhq.com/workwhilejobs
Workyard,workyard,https://jobs.ashbyhq.com/workyard
World Labs,worldlabs,https://jobs.ashbyhq.com/worldlabs
Worldly,worldly,https://jobs.ashbyhq.com/worldly
Wormhole Labs,wormholelabs,https://jobs.ashbyhq.com/wormholelabs
Wraithwatch Corporation,wraithwatch,https://jobs.ashbyhq.com/wraithwatch
Wrapbook,wrapbook,https://jobs.ashbyhq.com/wrapbook
WRITER,writer,https://jobs.ashbyhq.com/writer
"WunderGraph, Inc.",wundergraph,https://jobs.ashbyhq.com/wundergraph
Wursta,wursta,https://jobs.ashbyhq.com/wursta
Wynd Labs,wynd-labs,https://jobs.ashbyhq.com/wynd-labs
Xapien,xapien,https://jobs.ashbyhq.com/xapien
XBOW,xbowcareers,https://jobs.ashbyhq.com/xbowcareers
XDOF,xdof,https://jobs.ashbyhq.com/xdof
XDS,xds,https://jobs.ashbyhq.com/xds
Xenon Pharmaceuticals,xenon,https://jobs.ashbyhq.com/xenon
Xephyr,xephyr,https://jobs.ashbyhq.com/xephyr
Xero,xero,https://jobs.ashbyhq.com/xero
xLabs,xlabs,https://jobs.ashbyhq.com/xlabs
XMTP Labs,xmtp labs,https://jobs.ashbyhq.com/XMTP%20Labs
XNRGY Climate Systems,xnrgy-climate-systems,https://jobs.ashbyhq.com/xnrgy-climate-systems
Xona Space Systems,xona-space,https://jobs.ashbyhq.com/xona-space
Xyme,xyme,https://jobs.ashbyhq.com/xyme
XYZ Reality,xyz-reality,https://jobs.ashbyhq.com/xyz-reality
Y Combinator,ycombinator,https://jobs.ashbyhq.com/ycombinator
Yazio,yazio,https://jobs.ashbyhq.com/yazio
yeet,yeet,https://jobs.ashbyhq.com/yeet
Yendo,yendo,https://jobs.ashbyhq.com/yendo
Yepoda,yepoda,https://jobs.ashbyhq.com/yepoda
Yobi,yobi,https://jobs.ashbyhq.com/yobi
Yondr,yondr,https://jobs.ashbyhq.com/yondr
Yotta Labs,yotta,https://jobs.ashbyhq.com/yotta
You Health,you-health,https://jobs.ashbyhq.com/you-health
"Yourco, Inc.",yourco,https://jobs.ashbyhq.com/yourco
Yovo,yovo,https://jobs.ashbyhq.com/yovo
Yubo,yubo,https://jobs.ashbyhq.com/yubo
Yuma AI,yumaai,https://jobs.ashbyhq.com/yumaai
Yutori,yutori,https://jobs.ashbyhq.com/yutori
Zania,zania,https://jobs.ashbyhq.com/zania
Zapier,zapier,https://jobs.ashbyhq.com/zapier
Zauber,zauber,https://jobs.ashbyhq.com/zauber
ZayZoon,zayzoon,https://jobs.ashbyhq.com/zayzoon
Zeal Network,zeal-network,https://jobs.ashbyhq.com/zeal-network
Zed,zed,https://jobs.ashbyhq.com/zed
Zed Financial,zedfinancial,https://jobs.ashbyhq.com/zedfinancial
Zeely Inc.,zeely,https://jobs.ashbyhq.com/zeely
Zefir,zefir,https://jobs.ashbyhq.com/zefir
Zefr,zefr,https://jobs.ashbyhq.com/zefr
Zeit AI (YC S24),zeit-ai,https://jobs.ashbyhq.com/zeit-ai
Zello,zello,https://jobs.ashbyhq.com/zello
Zencastr,zencastr,https://jobs.ashbyhq.com/zencastr
Zenjob,zenjob,https://jobs.ashbyhq.com/zenjob
Zeno,zeno,https://jobs.ashbyhq.com/zeno
Zero RFI,zero,https://jobs.ashbyhq.com/zero
Zeromark,zeromark,https://jobs.ashbyhq.com/zeromark
ZeroRFI,zerorfi,https://jobs.ashbyhq.com/zerorfi
Zettabyte,zettabyte-space,https://jobs.ashbyhq.com/zettabyte-space
Ziina,ziina,https://jobs.ashbyhq.com/ziina
Zilch,zilch,https://jobs.ashbyhq.com/zilch
Zingage,zingage,https://jobs.ashbyhq.com/zingage
Zip,zip,https://jobs.ashbyhq.com/zip
Zip Security,zip security,https://jobs.ashbyhq.com/Zip%20Security
"Ziplines, Inc.",ziplines,https://jobs.ashbyhq.com/ziplines
Zippy,zippymh,https://jobs.ashbyhq.com/zippymh
ZnanyLekarz,znanylekarz,https://jobs.ashbyhq.com/znanylekarz
ZODL,zodl,https://jobs.ashbyhq.com/zodl
ZOE,zoe,https://jobs.ashbyhq.com/zoe
Zoomlogi,zoomlogi,https://jobs.ashbyhq.com/zoomlogi
Zowie,zowie,https://jobs.ashbyhq.com/zowie
ZURU,zuru,https://jobs.ashbyhq.com/zuru
Zyphra,zyphra,https://jobs.ashbyhq.com/zyphra
