name,slug,url
10-4 Truck Recruiting,10-4-truck-recruiting,https://10-4-truck-recruiting.breezy.hr
1001,1001,https://1001.breezy.hr
10Pearls,10pearls,https://10pearls.breezy.hr
11Onze,11onze,https://11onze.breezy.hr
1440 Foods Manufacturing,1440-foods-manufacturing,https://1440-foods-manufacturing.breezy.hr
1kx LP,1kx,https://1kx.breezy.hr
20four7VA,20four7va,https://20four7va.breezy.hr
3EX,3ex,https://3ex.breezy.hr
Xebia,47-degrees,https://47-degrees.breezy.hr
4th Day Trucking,4th-day-trucking,https://4th-day-trucking.breezy.hr
6037,6037,https://6037.breezy.hr
7AM Enfant Inc.,7am-enfant-inc,https://7am-enfant-inc.breezy.hr
A Hiring Group,a-hiringgroup,https://a-hiringgroup.breezy.hr
A&P Group,a-p-group-ltd,https://a-p-group-ltd.breezy.hr
A2H,a2h,https://a2h.breezy.hr
AAH,aah,https://aah.breezy.hr
aau,aau,https://aau.breezy.hr
Abax Health,abax-health-inc,https://abax-health-inc.breezy.hr
ABC Company,abba,https://abba.breezy.hr
abc,abc,https://abc.breezy.hr
ABC Imaging,abc-imaging,https://abc-imaging.breezy.hr
Ablefy,ablefy,https://ablefy.breezy.hr
ABS,abs,https://abs.breezy.hr
Absolute Pets,absolute-pets,https://absolute-pets.breezy.hr
Abstract,abstractgroup,https://abstractgroup.breezy.hr
AC4M4U,ac4m4u,https://ac4m4u.breezy.hr
Academy,academy,https://academy.breezy.hr
Accelerate360,accelerate,https://accelerate.breezy.hr
Accelerated Growth Studio,accelerated-growth-studio,https://accelerated-growth-studio.breezy.hr
Accent It,accentit,https://accentit.breezy.hr
Accenture,accenture,https://accenture.breezy.hr
Accrete,accrete-ai,https://accrete-ai.breezy.hr
ACME,acme,https://acme.breezy.hr
Acmecorp,acmecorp,https://acmecorp.breezy.hr
Assured Consulting Solutions,acs,https://acs.breezy.hr
Active Dental,active-dental-management,https://active-dental-management.breezy.hr
Acute Nursing Care,acute-nursing-care,https://acute-nursing-care.breezy.hr
Adapt,adapt,https://adapt.breezy.hr
ADDX,addx,https://addx.breezy.hr
"AdNet AccountNet, Inc.",adnet-accountnet-inc,https://adnet-accountnet-inc.breezy.hr
Adobe - Contract,adobe,https://adobe.breezy.hr
Adoc Talent Management,adoc-tm,https://adoc-tm.breezy.hr
Advanced Nursing Concepts,advanced-nursing-concepts-llc,https://advanced-nursing-concepts-llc.breezy.hr
Advantia Health,advantia-health,https://advantia-health.breezy.hr
Aeroseal,aeroseal,https://aeroseal.breezy.hr
aes,aes,https://aes.breezy.hr
Aetherflux,aetherflux,https://aetherflux.breezy.hr
Affinity,affinity,https://affinity.breezy.hr
Aflac Central & Southern Illinois,aflac-central-southern-illinois,https://aflac-central-southern-illinois.breezy.hr
AGBO,agbo,https://agbo.breezy.hr
Agenda for Children,agenda-for-children,https://agenda-for-children.breezy.hr
&ahead,ahead,https://ahead.breezy.hr
AHI,ahi,https://ahi.breezy.hr
Aimpoint Digital,aimpoint-digital,https://aimpoint-digital.breezy.hr
AIMS,aims,https://aims.breezy.hr
FreePower,aira,https://aira.breezy.hr
Aircall,aircall,https://aircall.breezy.hr
AKT Enterprises,akt,https://akt.breezy.hr
Alasco,alasco,https://alasco.breezy.hr
Alaya,alaya,https://alaya.breezy.hr
Alchemy Financial Group,alchemy-financial-group,https://alchemy-financial-group.breezy.hr
Alconost Inc.,alconost-inc,https://alconost-inc.breezy.hr
Aleph Ventures,aleph-ventures,https://aleph-ventures.breezy.hr
Aligned Geriatrics,aligned-geriatrics,https://aligned-geriatrics.breezy.hr
Aligned Modern Health,aligned-modern-health,https://aligned-modern-health.breezy.hr
All Financial Freedom,all-financial-freedom,https://all-financial-freedom.breezy.hr
All Cares,allcares,https://allcares.breezy.hr
Allies4Outcomes,allies4outcomes,https://allies4outcomes.breezy.hr
"Allstar Gaming, Inc.",allstar,https://allstar.breezy.hr
Barton Malow Canada,alltrade-industrial-contractors,https://alltrade-industrial-contractors.breezy.hr
Alma del Mar Charter School,alma-del-mar-charter-school,https://alma-del-mar-charter-school.breezy.hr
almentor,almentor,https://almentor.breezy.hr
Alpaca Racing,alpaca-racing,https://alpaca-racing.breezy.hr
Alpha USA,alpha-usa,https://alpha-usa.breezy.hr
Alphanumeric Systems,alphanumeric-systems,https://alphanumeric-systems.breezy.hr
AlphaSys,alphasys,https://alphasys.breezy.hr
Alt Legal,alt-legal,https://alt-legal.breezy.hr
Altanova,altanova,https://altanova.breezy.hr
Altitude Fitness Management Group,altitude-fitness-management-group,https://altitude-fitness-management-group.breezy.hr
Altitude Fitness Enterprise Holdings,altitude-media-group,https://altitude-media-group.breezy.hr
alto,alto,https://alto.breezy.hr
AmazingTalker,amazingtalker,https://amazingtalker.breezy.hr
Amazon,amazon,https://amazon.breezy.hr
Default Portal,amberlabs,https://amberlabs.breezy.hr
America On Tech,america-on-tech,https://america-on-tech.breezy.hr
American AC Heat & Plumbing,american-air-conditioning-heating,https://american-air-conditioning-heating.breezy.hr
American Bar Foundation,american-bar-foundation,https://american-bar-foundation.breezy.hr
American Civil Liberties Union - Wisconsin,american-civil-liberties-union-wisconsin,https://american-civil-liberties-union-wisconsin.breezy.hr
American Coatings Association & PaintCare,american-coatings-association,https://american-coatings-association.breezy.hr
American Logistics Authority,american-logistics-authority,https://american-logistics-authority.breezy.hr
amma family,amma-family,https://amma-family.breezy.hr
Amo,amo,https://amo.breezy.hr
AmpUp,ampup,https://ampup.breezy.hr
Anchor Conzult,anchor-conzult,https://anchor-conzult.breezy.hr
Anchour,anchour,https://anchour.breezy.hr
Andworx,andworx,https://andworx.breezy.hr
Anghami,anghami,https://anghami.breezy.hr
AngioSafe,angiosafe,https://angiosafe.breezy.hr
ANINE BING,aninebing,https://aninebing.breezy.hr
Ankr PBC,ankr-pbc,https://ankr-pbc.breezy.hr
Anthos Home,anthos-home,https://anthos-home.breezy.hr
Anthropos,anthropos,https://anthropos.breezy.hr
Anyscale,anyscale,https://anyscale.breezy.hr
AO Nation,ao-national-globe-life,https://ao-national-globe-life.breezy.hr
AOGLOBELIFE,aoglobelife,https://aoglobelife.breezy.hr
Apertor Pharmaceuticals,apertor-pharmaceuticals,https://apertor-pharmaceuticals.breezy.hr
APEX TK LLC,apex-tk-llc,https://apex-tk-llc.breezy.hr
Appleseed,appleseed,https://appleseed.breezy.hr
Applied Tech,applied-tech,https://applied-tech.breezy.hr
ArangoDB,arangodb,https://arangodb.breezy.hr
ARC,arc,https://arc.breezy.hr
Arch Systems,arch-systems,https://arch-systems.breezy.hr
Archangel Autonomy,archangelautonomy,https://archangelautonomy.breezy.hr
Spinnaker Software,archsoftware,https://archsoftware.breezy.hr
Aretum,aretum,https://aretum.breezy.hr
arise,arise,https://arise.breezy.hr
Aristeo Construction,aristeo,https://aristeo.breezy.hr
Aroma360,aroma360,https://aroma360.breezy.hr
Arpio,arpio,https://arpio.breezy.hr
Arrived,arrived,https://arrived.breezy.hr
Artemis Connection,artemis-connection,https://artemis-connection.breezy.hr
Arthrex Indianapolis,arthrex-indianapolis,https://arthrex-indianapolis.breezy.hr
ARTIDIS,artidis-ag,https://artidis-ag.breezy.hr
ASB Freight Co.,asb-freight-co,https://asb-freight-co.breezy.hr
ASC,asc,https://asc.breezy.hr
Ascento AG,ascento-ag,https://ascento-ag.breezy.hr
Ash,ash-wellness-inc,https://ash-wellness-inc.breezy.hr
Asian Law Caucus,asian-law-caucus,https://asian-law-caucus.breezy.hr
Asian Pacific Islander Legal Outreach,asian-pacific-islander-legal-outreach,https://asian-pacific-islander-legal-outreach.breezy.hr
Asian Pacific Islander Political Alliance,asian-pacific-islander-political-alliance,https://asian-pacific-islander-political-alliance.breezy.hr
Askable,askable,https://askable.breezy.hr
Aspinal of London,aspinal-of-london,https://aspinal-of-london.breezy.hr
Aspria,aspria,https://aspria.breezy.hr
Assessment Intervention Management,assessment-intervention-management,https://assessment-intervention-management.breezy.hr
AssuranceLab,assurancelab,https://assurancelab.breezy.hr
Astanza Laser,astanza-laser,https://astanza-laser.breezy.hr
Astera,astera,https://astera.breezy.hr
Astro,astro,https://astro.breezy.hr
Astro Shapes LLC,astro-shapes-llc,https://astro-shapes-llc.breezy.hr
ATBS,atbs,https://atbs.breezy.hr
ATI Business Group,ati-business-group,https://ati-business-group.breezy.hr
Atlas Technica,atlas-technica,https://atlas-technica.breezy.hr
Manifest Health,atlasprimary,https://atlasprimary.breezy.hr
ATS Companies,ats-automation,https://ats-automation.breezy.hr
Aurumverse,aurumverse,https://aurumverse.breezy.hr
Authentic,authentic,https://authentic.breezy.hr
Authentica Solutions,authentica-solutions,https://authentica-solutions.breezy.hr
AVA,ava-advisory-group,https://ava-advisory-group.breezy.hr
Avail,avail,https://avail.breezy.hr
Avanceon MEA,avanceon,https://avanceon.breezy.hr
Avantos,avantos,https://avantos.breezy.hr
Aventus LLC,aventus-llc,https://aventus-llc.breezy.hr
AVI Health and Community Services,avi-health-community-services-9eb7555be744,https://avi-health-community-services-9eb7555be744.breezy.hr
Avidyne,avidyne,https://avidyne.breezy.hr
Aviron,aviron,https://aviron.breezy.hr
AwardSpring,awardspring,https://awardspring.breezy.hr
Awning,awning,https://awning.breezy.hr
Axcend,axcend-chromatography,https://axcend-chromatography.breezy.hr
AXIBO INC,axibo-inc,https://axibo-inc.breezy.hr
B2Spin,b2spin,https://b2spin.breezy.hr
Backyard Discovery,backyard-discovery,https://backyard-discovery.breezy.hr
BAD Marketing,bad-marketing,https://bad-marketing.breezy.hr
Balanced,balanced,https://balanced.breezy.hr
Bald Head Island Club,bald-head-island-club,https://bald-head-island-club.breezy.hr
Banyan,banyan-storage-inc,https://banyan-storage-inc.breezy.hr
Barn2Door,barn2door-inc,https://barn2door-inc.breezy.hr
Barnhart,barnhart-crane-rigging,https://barnhart-crane-rigging.breezy.hr
Barton Springs Nursery,barton-springs-nursery,https://barton-springs-nursery.breezy.hr
BaRupOn LLC,barupon-llc,https://barupon-llc.breezy.hr
Battle House Laser Tag,battle-house-laser-tag,https://battle-house-laser-tag.breezy.hr
Beacon Inspections,beacon-inspections,https://beacon-inspections.breezy.hr
Bear Robotics,bear-robotics,https://bear-robotics.breezy.hr
Beautiful Easy,beautiful-easy,https://beautiful-easy.breezy.hr
Beech Valley Solutions,beech-valley-solutions,https://beech-valley-solutions.breezy.hr
Growens,beefree,https://beefree.breezy.hr
BeeX,beex,https://beex.breezy.hr
Beli,beli,https://beli.breezy.hr
Benchmark Space Systems,benchmark-space-systems-inc,https://benchmark-space-systems-inc.breezy.hr
bendy,bendy,https://bendy.breezy.hr
Benetnasch,benetnaschllc,https://benetnaschllc.breezy.hr
Benzinga,benzinga,https://benzinga.breezy.hr
Betclic Group,betclic-group,https://betclic-group.breezy.hr
BetterMe,betterme,https://betterme.breezy.hr
Oklahoma Baptists,bgco,https://bgco.breezy.hr
Bidvest Bank,bidvestbank,https://bidvestbank.breezy.hr
Big Brothers Big Sisters of America,big-brothers-big-sisters-of-america,https://big-brothers-big-sisters-of-america.breezy.hr
Bitbean,bitbean,https://bitbean.breezy.hr
Bitdeer Technologies Group,bitdeer,https://bitdeer.breezy.hr
Black Diamond Agency,black-diamond-agency,https://black-diamond-agency.breezy.hr
Black & McDonald Limited,black-mcdonald-limited,https://black-mcdonald-limited.breezy.hr
Blackbirds,blackbirds,https://blackbirds.breezy.hr
Blaze Media,blaze-media,https://blaze-media.breezy.hr
Bleenk,bleenk,https://bleenk.breezy.hr
Blenderbox,blenderbox,https://blenderbox.breezy.hr
Blooming Health,blooming-health,https://blooming-health.breezy.hr
Blue Projects,blue-projects,https://blue-projects.breezy.hr
Blue Sky Hospitality Solutions,blue-sky-hospitality-solutions,https://blue-sky-hospitality-solutions.breezy.hr
Bluetree Group,bluetree-group,https://bluetree-group.breezy.hr
Brand Momentum,bmi,https://bmi.breezy.hr
BMWC CONSTRUCTORS,bmwc-constructors-inc,https://bmwc-constructors-inc.breezy.hr
The Bob & Ronna Group,bobandronna,https://bobandronna.breezy.hr
Boku,boku,https://boku.breezy.hr
Bosun,bosun-25f9d5ec70da,https://bosun-25f9d5ec70da.breezy.hr
Bota Systems AG,bota-systems-ag,https://bota-systems-ag.breezy.hr
Brandt Tractor,brandttractor,https://brandttractor.breezy.hr
Breakthrough Inventions,breakthrough-inventions,https://breakthrough-inventions.breezy.hr
Brella,brella,https://brella.breezy.hr
Brevity,brevity,https://brevity.breezy.hr
Brickeye,brickeye,https://brickeye.breezy.hr
Brightside Collective,brightside-collective,https://brightside-collective.breezy.hr
Brightview Sales Group,brightview,https://brightview.breezy.hr
Brilliant,brilliant,https://brilliant.breezy.hr
Broadband Dynamics,broadband-dynamics,https://broadband-dynamics.breezy.hr
The Brook Hill School,brookhill,https://brookhill.breezy.hr
Buddhist Compassion Relief Tzu-Chi Foundation (Singapore),buddhist-compassion-relief-tzu-chi-foundation-singapore,https://buddhist-compassion-relief-tzu-chi-foundation-singapore.breezy.hr
Building Impact Partners,building-impact-partners,https://building-impact-partners.breezy.hr
Building Tomorrow,building-tomorrow,https://building-tomorrow.breezy.hr
Bukn,bukn,https://bukn.breezy.hr
Bullfinch Recruitment,bullfinch,https://bullfinch.breezy.hr
Bullseye Strategy,bullseye-strategy,https://bullseye-strategy.breezy.hr
Bus.com,buscom,https://buscom.breezy.hr
Busha,busha,https://busha.breezy.hr
Bustle,bustle,https://bustle.breezy.hr
BVN Architecture,bvn,https://bvn.breezy.hr
Workforce Solutions Coastal Bend,c2-gps-dba-workforce-solutions-of-the-coastal-bend,https://c2-gps-dba-workforce-solutions-of-the-coastal-bend.breezy.hr
C3 Industries,c3industries,https://c3industries.breezy.hr
CA Office of Data and Innovation,ca-office-of-digital-innovation,https://ca-office-of-digital-innovation.breezy.hr
"U.S. Court of Appeals, Ninth Circuit",ca9-employment,https://ca9-employment.breezy.hr
Cadalys,cadalys,https://cadalys.breezy.hr
Callao,callao,https://callao.breezy.hr
Calybre,calybre,https://calybre.breezy.hr
Camber Creative,camber-creative,https://camber-creative.breezy.hr
Cambridge Dental Consulting Group,cambridge-dental,https://cambridge-dental.breezy.hr
CAMP,camp,https://camp.breezy.hr
Capricorn,capricorn,https://capricorn.breezy.hr
Capture6,capture6,https://capture6.breezy.hr
Carda Health,cardahealth,https://cardahealth.breezy.hr
"Cardinal Technology Systems, Corp.",cardinal-technology-systems-corp,https://cardinal-technology-systems-corp.breezy.hr
CardioQuip,cardioquip,https://cardioquip.breezy.hr
Care of Chan,care-of-chan,https://care-of-chan.breezy.hr
CARESPACE Health+Wellness,carespace-health-wellness,https://carespace-health-wellness.breezy.hr
Cargado,cargado,https://cargado.breezy.hr
Caribou,caribou,https://caribou.breezy.hr
Cariina,cariina,https://cariina.breezy.hr
Caring Senior Service,caring,https://caring.breezy.hr
Carmen Schools of Science & Technology,carmen-schools-of-science-technology,https://carmen-schools-of-science-technology.breezy.hr
Carnegie Robotics,carnegie-robotics,https://carnegie-robotics.breezy.hr
carry,carry,https://carry.breezy.hr
casa,casa,https://casa.breezy.hr
case,case,https://case.breezy.hr
Catchbox,catchbox-sia,https://catchbox-sia.breezy.hr
cbi,cbi,https://cbi.breezy.hr
CCS,ccs,https://ccs.breezy.hr
Cliffe Dekker Hofmeyr,cdh,https://cdh.breezy.hr
General Dentists,cdpdoctor,https://cdpdoctor.breezy.hr
CDW,cdw,https://cdw.breezy.hr
Cedar Park Group,cedar-park-group,https://cedar-park-group.breezy.hr
Cedars-Sinai,cedars-sinai,https://cedars-sinai.breezy.hr
cedsys,cedsys,https://cedsys.breezy.hr
Celer Network,celer-network-5d8f644bd292,https://celer-network-5d8f644bd292.breezy.hr
CENCO CLAIMS LLC,cenco-claims-llc,https://cenco-claims-llc.breezy.hr
CENSUS SA,census,https://census.breezy.hr
Syracuse Build,centerstateceo,https://centerstateceo.breezy.hr
Centr,centr,https://centr.breezy.hr
Central Illinois Pride,central-illinois-pride,https://central-illinois-pride.breezy.hr
Central Park Medical Unit,central-park-medical-unit,https://central-park-medical-unit.breezy.hr
Centrifuge,centrifuge,https://centrifuge.breezy.hr
CENTRL,centrl,https://centrl.breezy.hr
Centro,centro,https://centro.breezy.hr
Fite Ventures Incorporated,century-21-judge-fite,https://century-21-judge-fite.breezy.hr
Ceribell,ceribell,https://ceribell.breezy.hr
CESAR,cesar,https://cesar.breezy.hr
Chareth Consulting,chareth-consulting,https://chareth-consulting.breezy.hr
Charter Telecom,charter-telecom-inc,https://charter-telecom-inc.breezy.hr
Chatfuel,chatfuel,https://chatfuel.breezy.hr
Checkr,checkr,https://checkr.breezy.hr
Chief Isaac Group of Companies,chief-isaac-group-of-companies,https://chief-isaac-group-of-companies.breezy.hr
Children's Choice Learning Center,children-s-choice-learning-center,https://children-s-choice-learning-center.breezy.hr
CHILL,chill,https://chill.breezy.hr
ChiroHD,chirohd,https://chirohd.breezy.hr
Church of the City,church-of-the-city,https://church-of-the-city.breezy.hr
Cigna,cigna,https://cigna.breezy.hr
Circle Medical,circle-medical,https://circle-medical.breezy.hr
Circles,circles,https://circles.breezy.hr
CIS Group,cis-group-of-companies,https://cis-group-of-companies.breezy.hr
CIS Abroad,cisabroad,https://cisabroad.breezy.hr
Citizant,citizant,https://citizant.breezy.hr
citpeak,citpeak,https://citpeak.breezy.hr
"City of Baltimore, Mayor's Office of Employment Development",city-of-baltimore-mayor-s-office-of-employment-development,https://city-of-baltimore-mayor-s-office-of-employment-development.breezy.hr
City of Gulfport,city-of-gulfport,https://city-of-gulfport.breezy.hr
City Lodge Hotels,citylodgehotels,https://citylodgehotels.breezy.hr
CKH Group,ckh-group,https://ckh-group.breezy.hr
Claros Technologies,claros-technologies,https://claros-technologies.breezy.hr
Clayton,clayton,https://clayton.breezy.hr
Clean Air Task Force,clean-air-task-force,https://clean-air-task-force.breezy.hr
Cleantech Service Group,cleantech-service-group-ltd,https://cleantech-service-group-ltd.breezy.hr
Clearly,clearly,https://clearly.breezy.hr
Clever Real Estate,clever-real-estate,https://clever-real-estate.breezy.hr
Click Learning,clicklearning,https://clicklearning.breezy.hr
Cloudnonic Corp,cloudnonic-corp,https://cloudnonic-corp.breezy.hr
Cloverleaf Bio,cloverleaf-bio,https://cloverleaf-bio.breezy.hr
Club SciKidz MD,club-scikidz-md,https://club-scikidz-md.breezy.hr
coa,coa,https://coa.breezy.hr
Coastline,coastline,https://coastline.breezy.hr
Coeur d'Alene Resort,coeur-d-alene-resort,https://coeur-d-alene-resort.breezy.hr
CoinRoutes,coinroutes-inc,https://coinroutes-inc.breezy.hr
Columbus Christian Academy,columbus-christian-academy,https://columbus-christian-academy.breezy.hr
Combient,combient,https://combient.breezy.hr
Committee for Children,committee-for-children,https://committee-for-children.breezy.hr
Common House,commonhouse,https://commonhouse.breezy.hr
Community Dental Partners,community-dental-partners,https://community-dental-partners.breezy.hr
Community Solutions,community-solutions,https://community-solutions.breezy.hr
Compass Datacenters,compass-datacenters,https://compass-datacenters.breezy.hr
Compose.ly,compose-ly,https://compose-ly.breezy.hr
Comprehensive Rehab Consultants,comprehensive-rehab-consultants,https://comprehensive-rehab-consultants.breezy.hr
Concurrent Technologies Corporation,concurrent-technologies-corporation,https://concurrent-technologies-corporation.breezy.hr
ConnectU Staffing Solutions,connectu-staffing-solutions,https://connectu-staffing-solutions.breezy.hr
Conserv,conserv,https://conserv.breezy.hr
Conservation Legacy,conservation-legacy,https://conservation-legacy.breezy.hr
Continued,continued,https://continued.breezy.hr
Contrarian Thinking,contrarian-thinking,https://contrarian-thinking.breezy.hr
Converge Insurance,converge-cybersecurity-insurance,https://converge-cybersecurity-insurance.breezy.hr
Converge Medical Technology,converge-medical-technology,https://converge-medical-technology.breezy.hr
Cookies & Dreams,cookies-dreams,https://cookies-dreams.breezy.hr
Corafone Inc.,corafone-inc,https://corafone-inc.breezy.hr
Corcym,corcym,https://corcym.breezy.hr
"Core Ohio, Inc",core-ohio-inc,https://core-ohio-inc.breezy.hr
Cornbread Hemp,cornbread-hemp,https://cornbread-hemp.breezy.hr
Cornerstone Information Systems,cornerstone-information-systems,https://cornerstone-information-systems.breezy.hr
Countable Labs,countablelabs,https://countablelabs.breezy.hr
Country Fresh,country-fresh,https://country-fresh.breezy.hr
Courted,courted,https://courted.breezy.hr
Covance Latinoamérica,covance-latinoam-rica,https://covance-latinoam-rica.breezy.hr
Cove Living Pte Ltd,cove,https://cove.breezy.hr
Future Evidence Foundation,covidence,https://covidence.breezy.hr
CQ fluency,cq-fluency,https://cq-fluency.breezy.hr
Crafted Staff,crafted-staff,https://crafted-staff.breezy.hr
CRANK,crank,https://crank.breezy.hr
Creative Living,creative-living,https://creative-living.breezy.hr
Creative Real Estate Pros,creative-real-estate-pros,https://creative-real-estate-pros.breezy.hr
CREOATE,creoate,https://creoate.breezy.hr
CRESST II,cresst2,https://cresst2.breezy.hr
Critical Software,critical-software,https://critical-software.breezy.hr
Cronos Europa,cronoseuropa,https://cronoseuropa.breezy.hr
Cross Screen Media,cross-screen-media,https://cross-screen-media.breezy.hr
Crossroads Talent Solutions,crossroads-talent-solutions-llc,https://crossroads-talent-solutions-llc.breezy.hr
CSE Global,cse-global,https://cse-global.breezy.hr
CSI Global,csi-global,https://csi-global.breezy.hr
Curbee,curbee,https://curbee.breezy.hr
CustomMade,custommade,https://custommade.breezy.hr
Cybervance,cybervance,https://cybervance.breezy.hr
Cyborg Mobile,cyborgmobile,https://cyborgmobile.breezy.hr
CYOS Solutions,cyos-solutions,https://cyos-solutions.breezy.hr
Cytracom,cytracom,https://cytracom.breezy.hr
DAINTTA,daintta-ltd,https://daintta-ltd.breezy.hr
Dalal & Mehta Law Firm,dalal-mehta-law-llc,https://dalal-mehta-law-llc.breezy.hr
"Dalcom, LLC",dalcom-llc,https://dalcom-llc.breezy.hr
Dark Horse Tech,dark-horse-technologies-llc,https://dark-horse-technologies-llc.breezy.hr
Darkhorse Tech,darkhorse-tech,https://darkhorse-tech.breezy.hr
DATAMAXIS,datamaxis,https://datamaxis.breezy.hr
Davidson Logistics,davidson-logistics-inc,https://davidson-logistics-inc.breezy.hr
DCH,dch,https://dch.breezy.hr
Parlay House,dee,https://dee.breezy.hr
Deep End Talent Strategies,deep-end-talent-strategies,https://deep-end-talent-strategies.breezy.hr
Defendify,defendify,https://defendify.breezy.hr
Degas,degas-ltd,https://degas-ltd.breezy.hr
Degree Dash,degree-dash,https://degree-dash.breezy.hr
Highly Likely,delicious-monster,https://delicious-monster.breezy.hr
Delivery Solutions,delivery-solutions,https://delivery-solutions.breezy.hr
Democracy Summer,democracy-summer,https://democracy-summer.breezy.hr
Dental Health Associates of Madison,dental-health-associates,https://dental-health-associates.breezy.hr
Dermafix Spa,dermafix-spa,https://dermafix-spa.breezy.hr
Descope,descope,https://descope.breezy.hr
DESFO,desfo,https://desfo.breezy.hr
Destination Knot,destination-knot,https://destination-knot.breezy.hr
Dev Partners,dev-partners-philippines,https://dev-partners-philippines.breezy.hr
Dewpoint,dewpoint,https://dewpoint.breezy.hr
DEX Labs,dex-labs,https://dex-labs.breezy.hr
Fisheries and Oceans Canada - Pêches et Océans Canada,dfo,https://dfo.breezy.hr
Dieux Skin,dieux-skin,https://dieux-skin.breezy.hr
DigiKai Marketing,digikai-marketing,https://digikai-marketing.breezy.hr
digiLab Solutions,digilab-solutions,https://digilab-solutions.breezy.hr
Digital Air Strike,digital-air-strike,https://digital-air-strike.breezy.hr
DIM | Dive Into Music,dim,https://dim.breezy.hr
Direct to Locums,direct-to-locums,https://direct-to-locums.breezy.hr
Disperse,disperse,https://disperse.breezy.hr
Disruptive Advertising,disruptive-advertising,https://disruptive-advertising.breezy.hr
DKM,dkm,https://dkm.breezy.hr
Dlop,dlop,https://dlop.breezy.hr
"DND Groups, Inc.",dnd-groups,https://dnd-groups.breezy.hr
Dolly's Life of Many Colors Museum,dolly-s-life-of-many-colors-museum,https://dolly-s-life-of-many-colors-museum.breezy.hr
Doneverse,doneverse,https://doneverse.breezy.hr
Doodle Labs,doodle-labs-llc,https://doodle-labs-llc.breezy.hr
Doorstead,doorstead,https://doorstead.breezy.hr
DoveLewis Veterinary Emergency and Specialty Hospital,dovelewis-veterinary-emergency-and-specialty-hospital,https://dovelewis-veterinary-emergency-and-specialty-hospital.breezy.hr
Doylestown Dental Cosmetic Center,doylestown-dental-cosmetic-center,https://doylestown-dental-cosmetic-center.breezy.hr
Dozuki,dozuki,https://dozuki.breezy.hr
Dr. Berg Nutritionals,dr-berg-nutritionals,https://dr-berg-nutritionals.breezy.hr
DreamForge Games,dreamforge-games-corporation,https://dreamforge-games-corporation.breezy.hr
Dress A Med,dressamed,https://dressamed.breezy.hr
"DrHouse, Inc.",drhouse-inc,https://drhouse-inc.breezy.hr
DriveLine Solutions & Compliance,drivelinedrivers,https://drivelinedrivers.breezy.hr
Drive Personnel,drivepersonnel,https://drivepersonnel.breezy.hr
Driver,driver-ai-inc,https://driver-ai-inc.breezy.hr
Honestly Farm Kitchens,drumanilra,https://drumanilra.breezy.hr
DTCP,dtcp,https://dtcp.breezy.hr
Dubizzle Labs,dubizzlelabs,https://dubizzlelabs.breezy.hr
Duolingo,duolingo,https://duolingo.breezy.hr
DUST Identity,dust-identity,https://dust-identity.breezy.hr
DyFlex Solutions,dyflex,https://dyflex.breezy.hr
e2E,e2e,https://e2e.breezy.hr
EA Gibson Shipbrokers,ea-gibson,https://ea-gibson.breezy.hr
eAI,eai,https://eai.breezy.hr
Earth Hub,earth-hub,https://earth-hub.breezy.hr
Easy Skill,easy-skill,https://easy-skill.breezy.hr
EasyHealth,easyhealth,https://easyhealth.breezy.hr
EasyPay Finance,easypayfinance,https://easypayfinance.breezy.hr
EcoCeres,ecoceres,https://ecoceres.breezy.hr
EcoStage,ecostage,https://ecostage.breezy.hr
EDGE,edgescore,https://edgescore.breezy.hr
EdOps,edops,https://edops.breezy.hr
Edward Snell & Co (Pty) Ltd,edwardsnell,https://edwardsnell.breezy.hr
Ehvert Inc,ehvert-engineering-inc,https://ehvert-engineering-inc.breezy.hr
eigenblue,eigenblue,https://eigenblue.breezy.hr
eiGroup,eigroup,https://eigroup.breezy.hr
Electra Vehicles,electra-vehicles-inc,https://electra-vehicles-inc.breezy.hr
Elevate Global,elevate-staffing,https://elevate-staffing.breezy.hr
Elevation Church,elevation-church,https://elevation-church.breezy.hr
Eligo Bioscience,eligo-bioscience,https://eligo-bioscience.breezy.hr
Elite Amenity Management,elite-amenity-management,https://elite-amenity-management.breezy.hr
Elite Private Chefs,elite-private-chefs,https://elite-private-chefs.breezy.hr
Elly,elly,https://elly.breezy.hr
Embraer,embraer,https://embraer.breezy.hr
EmployNV Youth Hub,employnv-youth-hub,https://employnv-youth-hub.breezy.hr
EmpowerRD,empowerrd,https://empowerrd.breezy.hr
Empromptu AI,empromptu,https://empromptu.breezy.hr
Emurgo,emurgo,https://emurgo.breezy.hr
ENCON Equipment,encon-equipment,https://encon-equipment.breezy.hr
END,end,https://end.breezy.hr
Endossed,endossed,https://endossed.breezy.hr
Engage,engage,https://engage.breezy.hr
Engage Squared,engage-squared,https://engage-squared.breezy.hr
Entermotion,entermotion,https://entermotion.breezy.hr
Enthusiast Gaming,enthusiast-gaming,https://enthusiast-gaming.breezy.hr
Entri,entri,https://entri.breezy.hr
Envoc,envoc,https://envoc.breezy.hr
Erbis Inc.,erbis,https://erbis.breezy.hr
Etoile Academy Charter School,etoile-academy-charter-school,https://etoile-academy-charter-school.breezy.hr
European Digital Finance Association,european-digital-finance-association,https://european-digital-finance-association.breezy.hr
Everlight Solar,everlight-solar,https://everlight-solar.breezy.hr
Everstar,everstar,https://everstar.breezy.hr
EVEXIAS Health Solutions,evexias-health-solutions,https://evexias-health-solutions.breezy.hr
EvidenceCare,evidencecare,https://evidencecare.breezy.hr
Excel Mining LLC,excel-mining-llc,https://excel-mining-llc.breezy.hr
Executive Insight,executive-insight,https://executive-insight.breezy.hr
Exit Factor,exf,https://exf.breezy.hr
Prospere Companies,exit-factor,https://exit-factor.breezy.hr
EX Squared LATAM,exsquaredlatam,https://exsquaredlatam.breezy.hr
Ezoic,ezoic-inc,https://ezoic-inc.breezy.hr
FAAC Technologies,faac-group,https://faac-group.breezy.hr
Fabio Viviani Hospitality Group,fabio-viviani-hospitality-group,https://fabio-viviani-hospitality-group.breezy.hr
faceless,faceless,https://faceless.breezy.hr
Fair Harbor,fair-harbor,https://fair-harbor.breezy.hr
Family Resource Home Care,family-resource-home-care,https://family-resource-home-care.breezy.hr
FBStrq,fbs,https://fbs.breezy.hr
FDX,fdx,https://fdx.breezy.hr
FetchMe,fetchme,https://fetchme.breezy.hr
Filmmakers Ranch,filmmakers-ranch,https://filmmakers-ranch.breezy.hr
Finlay,finlay,https://finlay.breezy.hr
Finova,finova,https://finova.breezy.hr
FinStrat Management,finstrat-management,https://finstrat-management.breezy.hr
Fireclay Partners,fireclay-partners,https://fireclay-partners.breezy.hr
First Leap,first-leap,https://first-leap.breezy.hr
FirsTier Bank,firstier-banks,https://firstier-banks.breezy.hr
FitNext Co.,fitnext-co,https://fitnext-co.breezy.hr
Eldis Group Partnership,fix-com,https://fix-com.breezy.hr
Flanco,flanco,https://flanco.breezy.hr
fleetster,fleetster,https://fleetster.breezy.hr
Float Health,float-health,https://float-health.breezy.hr
Florida Energy Advisors,florida-energy-advisors,https://florida-energy-advisors.breezy.hr
"Flowplay, LLC",flowplay-llc,https://flowplay-llc.breezy.hr
Flux IT SA,fluxit,https://fluxit.breezy.hr
FocusGroupPanel,focus-group-panel,https://focus-group-panel.breezy.hr
Forge Nano,forge-nano,https://forge-nano.breezy.hr
Fors Marsh,fors-marsh-group,https://fors-marsh-group.breezy.hr
"Foundation for Advanced Education in the Sciences, Inc.",foundation-for-advanced-education-in-the-sciences-inc,https://foundation-for-advanced-education-in-the-sciences-inc.breezy.hr
Foundation Health Canada,foundationhealth,https://foundationhealth.breezy.hr
Founder's CPA,founder-s-cpa,https://founder-s-cpa.breezy.hr
Founders Connect,founders-connect,https://founders-connect.breezy.hr
Founders Workshop,founders-workshop,https://founders-workshop.breezy.hr
Framework,framework,https://framework.breezy.hr
FreeUp,freeeup,https://freeeup.breezy.hr
Fresh Ventures,fresh-ventures-studio,https://fresh-ventures-studio.breezy.hr
FS-ISAC,fs-isac,https://fs-isac.breezy.hr
FSMA,fsma,https://fsma.breezy.hr
Fuel Made,fuel-made,https://fuel-made.breezy.hr
Fuelerate,fuelerate,https://fuelerate.breezy.hr
FUNDVIEW,fundview,https://fundview.breezy.hr
FX Digital,fx-digital,https://fx-digital.breezy.hr
"Gaggle Net, Inc.",gaggle,https://gaggle.breezy.hr
Gamebreaking Studios,gamebreaking-studios-inc,https://gamebreaking-studios-inc.breezy.hr
GameGrid,gamegrid,https://gamegrid.breezy.hr
GAMURS Group,gamurs,https://gamurs.breezy.hr
Gaskins + LeCraw a Pape-Dawson Company,gaskinslecraw,https://gaskinslecraw.breezy.hr
Gastro Health,gastro-health,https://gastro-health.breezy.hr
Gateway Market & Cafe,gateway-market,https://gateway-market.breezy.hr
Gear,gear,https://gear.breezy.hr
GECKO,gecko,https://gecko.breezy.hr
Genesis,gen-tech,https://gen-tech.breezy.hr
Genestack Ltd,genestack-ltd,https://genestack-ltd.breezy.hr
German American Chambers of Commerce,german-american-chambers-of-commerce,https://german-american-chambers-of-commerce.breezy.hr
Gesture,gesture-us-inc,https://gesture-us-inc.breezy.hr
Getmyboat & Boatsetter,getmyboat,https://getmyboat.breezy.hr
Geviti,geviti-inc,https://geviti-inc.breezy.hr
GGWP,ggwp,https://ggwp.breezy.hr
Global Harvest Collective,ghc,https://ghc.breezy.hr
Giftify,giftify,https://giftify.breezy.hr
Girls Inc. of Greater Pittsurgh,girlsincgreaterpgh,https://girlsincgreaterpgh.breezy.hr
GiveCampus,givecampus,https://givecampus.breezy.hr
Givzey,givzey,https://givzey.breezy.hr
Glance,glance,https://glance.breezy.hr
Glenholme Healthcare Ltd,glenholme-healthcare,https://glenholme-healthcare.breezy.hr
global,global,https://global.breezy.hr
Global Elite Empire Consultants,global-elite-empire-agency,https://global-elite-empire-agency.breezy.hr
"Global InfoTek, Inc.",global-infotek-inc,https://global-infotek-inc.breezy.hr
GLS,gls,https://gls.breezy.hr
GN,gn,https://gn.breezy.hr
GO-HR,go-hr,https://go-hr.breezy.hr
GOA,goa,https://goa.breezy.hr
GOAL 3,goal-3,https://goal-3.breezy.hr
Gojob,gojob,https://gojob.breezy.hr
Gold Care Homes,gold-care-homes,https://gold-care-homes.breezy.hr
Golden Care of Northeast PA,golden-care-of-northeast-pa,https://golden-care-of-northeast-pa.breezy.hr
GoMaterials,gomaterials,https://gomaterials.breezy.hr
Gomining,gomining,https://gomining.breezy.hr
Goodcents,goodcents,https://goodcents.breezy.hr
Goodwipes,goodwipes,https://goodwipes.breezy.hr
google,google,https://google.breezy.hr
Gopuff,gopuff,https://gopuff.breezy.hr
Government Market Strategies,government-market-strategies,https://government-market-strategies.breezy.hr
Gozem,gozem,https://gozem.breezy.hr
GP Enterprise Solutions,gp-enterprise-solutions,https://gp-enterprise-solutions.breezy.hr
GP Fund Solutions,gpfs,https://gpfs.breezy.hr
GPS,gps,https://gps.breezy.hr
GPS Group Peer Support,gps-group-peer-support-llc,https://gps-group-peer-support-llc.breezy.hr
Grab,grab,https://grab.breezy.hr
Grace Health,grace-health,https://grace-health.breezy.hr
Granica,granica,https://granica.breezy.hr
GraphAware,graphaware,https://graphaware.breezy.hr
Gray Capital LLC,gray-capital-llc,https://gray-capital-llc.breezy.hr
Great Plains Food Bank,great-plains-food-bank,https://great-plains-food-bank.breezy.hr
Green Pest Management,green-pest-management,https://green-pest-management.breezy.hr
Green's Drug Mart,greensdrugmart,https://greensdrugmart.breezy.hr
GridMatrix,gridmatrix,https://gridmatrix.breezy.hr
gritmind,gritmind,https://gritmind.breezy.hr
Groundwork Coffee,groundwork-coffee,https://groundwork-coffee.breezy.hr
GroupSolver,groupsolver,https://groupsolver.breezy.hr
GrowMore Recruitment,growmore-marketing,https://growmore-marketing.breezy.hr
"Growth Marketing Pro, LLC",growth-marketing-pro-llc,https://growth-marketing-pro-llc.breezy.hr
Growthub Agency,growthub-agency,https://growthub-agency.breezy.hr
Gruntwork,gruntwork,https://gruntwork.breezy.hr
GSAI,gsai,https://gsai.breezy.hr
GSMC,gsmc,https://gsmc.breezy.hr
GSM Group,gsmgroup-africa,https://gsmgroup-africa.breezy.hr
Guardio,guardio,https://guardio.breezy.hr
Guild Care Group,guild-care-group-llc,https://guild-care-group-llc.breezy.hr
Gunzilla Games,gunzilla-games,https://gunzilla-games.breezy.hr
Gusto,gusto,https://gusto.breezy.hr
H & S Loss Control Inspections,h-s-loss-control-inspections-in,https://h-s-loss-control-inspections-in.breezy.hr
HackerRank,hackerrank,https://hackerrank.breezy.hr
Hall and Hall,hall-and-hall,https://hall-and-hall.breezy.hr
Hall CPA LLC,hall-cpa-llc,https://hall-cpa-llc.breezy.hr
Hamilton Recruitment,hamilton-recruitment,https://hamilton-recruitment.breezy.hr
hammerjack,hammerjack-pty-ltd,https://hammerjack-pty-ltd.breezy.hr
Handsome Brook Farms,handsome-brook-farms,https://handsome-brook-farms.breezy.hr
Hapana,hapana,https://hapana.breezy.hr
Happity,happity,https://happity.breezy.hr
Happy Dad,happy-dad,https://happy-dad.breezy.hr
Hart & Hickman,hart--hickman,https://hart--hickman.breezy.hr
Hassle Free Home Services,hassle-free-home-services,https://hassle-free-home-services.breezy.hr
Hatch,hatch-innovations-canada,https://hatch-innovations-canada.breezy.hr
HeadX,headx,https://headx.breezy.hr
Healthy Gamer,healthy-gamer,https://healthy-gamer.breezy.hr
Helpt,helpt,https://helpt.breezy.hr
Helpware,helpware-inc,https://helpware-inc.breezy.hr
Hero Fitness,hero,https://hero.breezy.hr
"HeroCoders Sp. z o.o., PL5833433174",herocoders,https://herocoders.breezy.hr
Herotel,herotel-5f74feffb7e1,https://herotel-5f74feffb7e1.breezy.hr
hex,hex,https://hex.breezy.hr
High Performance Real Estate Advisors,high-performance-real-estate-advisors,https://high-performance-real-estate-advisors.breezy.hr
High Fashion Home,highfashionhome,https://highfashionhome.breezy.hr
HighGrowth.io,highgrowth-io,https://highgrowth-io.breezy.hr
HighKey Agency,highkey,https://highkey.breezy.hr
Highlights Healthcare,highlights-healthcare,https://highlights-healthcare.breezy.hr
High Profile,highprofilecannabis,https://highprofilecannabis.breezy.hr
Hilton Garden Inn-Milwaukee Airport,hilton-garden-inn-milwaukee-airport,https://hilton-garden-inn-milwaukee-airport.breezy.hr
HiOperator,hioperator,https://hioperator.breezy.hr
HIP,hip,https://hip.breezy.hr
Home Alliance,home-alliance,https://home-alliance.breezy.hr
Home Genius Exteriors,home-genius-exteriors,https://home-genius-exteriors.breezy.hr
Honest,honest,https://honest.breezy.hr
Honolulu Authority for Rapid Transportation,honolulu-authority-for-rapid-transportation,https://honolulu-authority-for-rapid-transportation.breezy.hr
Hope Church,hope-church,https://hope-church.breezy.hr
Hope City,hope-city,https://hope-city.breezy.hr
Hôpital fribourgeois,hopital-fribourgeois,https://hopital-fribourgeois.breezy.hr
Hospitality Health ER,hospitality-health-er,https://hospitality-health-er.breezy.hr
HotelRunner,hotelrunner,https://hotelrunner.breezy.hr
Hotman Group,hotman-group-llc,https://hotman-group-llc.breezy.hr
How to Manage a Small Law Firm,how-to-manage-a-small-law-firm,https://how-to-manage-a-small-law-firm.breezy.hr
HR Performance & Results,hr-performance--results,https://hr-performance--results.breezy.hr
Haystack,hstk,https://hstk.breezy.hr
"Bienville Lumber Company, L.L.C.",http-bienvillelumber-com,https://http-bienvillelumber-com.breezy.hr
West Side Social,http-www-westsidesocialpella-com,https://http-www-westsidesocialpella-com.breezy.hr
HubX,hubx,https://hubx.breezy.hr
Hudhud Maps,hudhud,https://hudhud.breezy.hr
Human Capital Recruiting,human-capital-recruiting,https://human-capital-recruiting.breezy.hr
HungerRush,hungerrush,https://hungerrush.breezy.hr
Hunt Forest Products,hunt-forest-products,https://hunt-forest-products.breezy.hr
Hyalex Orthopaedics,hyalex,https://hyalex.breezy.hr
i-Tech Support,i-tech,https://i-tech.breezy.hr
i5invest corporate development GmbH,i5invest,https://i5invest.breezy.hr
i.c.stars |*,icstars,https://icstars.breezy.hr
Idea Peddler,idea-peddler,https://idea-peddler.breezy.hr
IdeaScale,ideascale,https://ideascale.breezy.hr
IIX Global,iix-global,https://iix-global.breezy.hr
"Il Gabbiano, Società Cooperativa Sociale - ONLUS",il-gabbiano-societa-cooperativa-sociale-onlus,https://il-gabbiano-societa-cooperativa-sociale-onlus.breezy.hr
IllFonic,illfonic,https://illfonic.breezy.hr
ILO Group,ilo-group,https://ilo-group.breezy.hr
Immaculata-La Salle High School,immaculata-la-salle-high-school,https://immaculata-la-salle-high-school.breezy.hr
Immerse,immerse-vr,https://immerse-vr.breezy.hr
IMPaCT Care,impact-chw,https://impact-chw.breezy.hr
Impact Florida,impact-florida,https://impact-florida.breezy.hr
Incubeta,incubeta-global,https://incubeta-global.breezy.hr
DiGeronimo Companies,independence-excavating,https://independence-excavating.breezy.hr
Independent Food Company,independent-food-company,https://independent-food-company.breezy.hr
Indiana County Conservation District,indiana-county-conservation-district,https://indiana-county-conservation-district.breezy.hr
Indiana Repertory Theatre,indiana-repertory-theatre,https://indiana-repertory-theatre.breezy.hr
Indinterns,indinterns,https://indinterns.breezy.hr
individual,individual,https://individual.breezy.hr
Inflection Point Learning,inflection-point-learning,https://inflection-point-learning.breezy.hr
InfoCentric,infocentric,https://infocentric.breezy.hr
Ingenius Prep,ingenius-prep,https://ingenius-prep.breezy.hr
"Innovativ Pharma, Inc.",innovativ-pharma-inc,https://innovativ-pharma-inc.breezy.hr
Avyka,inorg-global,https://inorg-global.breezy.hr
Inspired Testing,inspired-testing,https://inspired-testing.breezy.hr
Inspiring Lives Today,inspiring-lives-today,https://inspiring-lives-today.breezy.hr
Integral UK,integral-uk,https://integral-uk.breezy.hr
Intelassist,intelassist,https://intelassist.breezy.hr
Inteldot,inteldot,https://inteldot.breezy.hr
IntelliRad Imaging,intellirad-imaging,https://intellirad-imaging.breezy.hr
Interlink,interlink,https://interlink.breezy.hr
International Automotive Components,international-automotive-components,https://international-automotive-components.breezy.hr
ICA.ai,international-consulting-associates-inc,https://international-consulting-associates-inc.breezy.hr
Intiveo,intiveo,https://intiveo.breezy.hr
Intrahealth,intrahealth,https://intrahealth.breezy.hr
Intramotev,intramotev-autonomous-rail,https://intramotev-autonomous-rail.breezy.hr
InvestIN,investin-education,https://investin-education.breezy.hr
Isaac Health,isaac-health,https://isaac-health.breezy.hr
ISHIR,ishir,https://ishir.breezy.hr
ISMIRA RECRUITMENT AGENCY,ismira,https://ismira.breezy.hr
ITASCA- Minneapolis,itasca-consulting-group,https://itasca-consulting-group.breezy.hr
iterate,iterate,https://iterate.breezy.hr
J Bandy Consulting,j-bandy-consulting-limited,https://j-bandy-consulting-limited.breezy.hr
"J. Higgins Counseling, LCSW, P.C.",j-higgins-counseling-lcsw-p-c,https://j-higgins-counseling-lcsw-p-c.breezy.hr
J Rose Logistics,j-rose-enterprises-llc,https://j-rose-enterprises-llc.breezy.hr
Jack World,jack,https://jack.breezy.hr
Aidaptive,jarvis-ml,https://jarvis-ml.breezy.hr
Jay Analytix,jay-analytix,https://jay-analytix.breezy.hr
JDEE Transport Services,jdee-transport-services,https://jdee-transport-services.breezy.hr
Jibble Group,jibble-group,https://jibble-group.breezy.hr
JKZ LLP,jkz-llp,https://jkz-llp.breezy.hr
JLM HR Consulting,jlm-hr-consulting,https://jlm-hr-consulting.breezy.hr
The Long Drink Company,jobs-the-long-drink-company,https://jobs-the-long-drink-company.breezy.hr
John Flatley Company,john-flatley-company,https://john-flatley-company.breezy.hr
"Johnson Security Bureau, Inc.",johnson-security-bureau-inc,https://johnson-security-bureau-inc.breezy.hr
Jolt Software,jolt,https://jolt.breezy.hr
Jonathan's Landing Golf Club,jonathan-s-landing-golf-club,https://jonathan-s-landing-golf-club.breezy.hr
Joom,joom-group,https://joom-group.breezy.hr
JUMBO Consulting Group A/S,jumbo-consulting-group-a-s,https://jumbo-consulting-group-a-s.breezy.hr
K2 Electric,k2-electric,https://k2-electric.breezy.hr
Sales Dept,kaio-consulting,https://kaio-consulting.breezy.hr
KaiPod Learning,kaipod-learning,https://kaipod-learning.breezy.hr
Kaniksu Community Health,kaniksu-community-health,https://kaniksu-community-health.breezy.hr
Kaos Theory Fitness,kaos-theory-fitness,https://kaos-theory-fitness.breezy.hr
KARE,kare,https://kare.breezy.hr
Karta®,karta,https://karta.breezy.hr
Kastech Software Solutions Group,kastech-canada-inc,https://kastech-canada-inc.breezy.hr
Katz Melinger PLLC,katz-melinger-pllc,https://katz-melinger-pllc.breezy.hr
Kegmil,kegmil,https://kegmil.breezy.hr
Kenect,kenect,https://kenect.breezy.hr
Kennebecasis Drugs,kennebecasis-drugs,https://kennebecasis-drugs.breezy.hr
Kentuckians For The Commonwealth,kentuckians-for-the-commonwealth,https://kentuckians-for-the-commonwealth.breezy.hr
Kentucky Roll Forming,kentucky-roll-forming,https://kentucky-roll-forming.breezy.hr
Kiki Club,kiki-club,https://kiki-club.breezy.hr
Kimmel & Associates,kimmel-associates,https://kimmel-associates.breezy.hr
Kindgeek,kindgeeks,https://kindgeeks.breezy.hr
King Energy,kingenergy,https://kingenergy.breezy.hr
KitBash3D and Greyscalegorilla,kitbash3d,https://kitbash3d.breezy.hr
Klay Media,klay-media,https://klay-media.breezy.hr
KMG Prestige,kmg-prestige,https://kmg-prestige.breezy.hr
Knapsack,knapsack,https://knapsack.breezy.hr
Knowlej,knowlej,https://knowlej.breezy.hr
Knutson Construction,knutson-construction,https://knutson-construction.breezy.hr
Kredivo Group,kredivo-group,https://kredivo-group.breezy.hr
Kyte,kyte,https://kyte.breezy.hr
Lab37,lab37,https://lab37.breezy.hr
Ladder,ladder,https://ladder.breezy.hr
Ladder Health,ladder-health,https://ladder-health.breezy.hr
Landmark Hospitality,landmark-hospitality,https://landmark-hospitality.breezy.hr
Latica,latica-ai,https://latica-ai.breezy.hr
LAULAU,laulau,https://laulau.breezy.hr
LaunchBoom,launchboom,https://launchboom.breezy.hr
RIA Recruiting,leading-financial-advisory-firm,https://leading-financial-advisory-firm.breezy.hr
LeadZLoco,leadzloco,https://leadzloco.breezy.hr
Ledgerplus Limited,ledgerplus-limited,https://ledgerplus-limited.breezy.hr
Legna Software,legna-software,https://legna-software.breezy.hr
Leverage,leverage,https://leverage.breezy.hr
Leverage Digital,leverage-digital,https://leverage-digital.breezy.hr
Lexlegis AI,lexlegis,https://lexlegis.breezy.hr
Likeme,likeme,https://likeme.breezy.hr
Linear Agency,linear-agency,https://linear-agency.breezy.hr
LineLeap,lineleap,https://lineleap.breezy.hr
LinkGraph,linkgraph,https://linkgraph.breezy.hr
Linode,linode,https://linode.breezy.hr
lmwn,lmwn,https://lmwn.breezy.hr
Localize,localize,https://localize.breezy.hr
Location3 Media,location3-media,https://location3-media.breezy.hr
Loopring,loopring,https://loopring.breezy.hr
Los Angeles Review of Books,los-angeles-review-of-books,https://los-angeles-review-of-books.breezy.hr
Default Portal,love-corn,https://love-corn.breezy.hr
Lovevery,lovevery,https://lovevery.breezy.hr
Lovisa,lovisa-llc,https://lovisa-llc.breezy.hr
LTG,ltg,https://ltg.breezy.hr
Lucidworks,lucidworks,https://lucidworks.breezy.hr
Lucky Logic,lucky-logic,https://lucky-logic.breezy.hr
LufCo,lufco,https://lufco.breezy.hr
Lula,lulalend,https://lulalend.breezy.hr
Lumenci,lumenci,https://lumenci.breezy.hr
Lumerate,lumerate,https://lumerate.breezy.hr
Lumio Dental,lumio-dental,https://lumio-dental.breezy.hr
Lumio Dental,lumio-dental-practice-locations,https://lumio-dental-practice-locations.breezy.hr
Lumio Dental,lumio-dental-tulsa-hub,https://lumio-dental-tulsa-hub.breezy.hr
Lumos,lumos,https://lumos.breezy.hr
Lunar Resources,lunarresources,https://lunarresources.breezy.hr
Lyte,lyte,https://lyte.breezy.hr
LYXBIL Technologies,lyxbil-technologies,https://lyxbil-technologies.breezy.hr
M7 Health,m7-health,https://m7-health.breezy.hr
Machinio,machinio,https://machinio.breezy.hr
MadeComfy,madecomfy,https://madecomfy.breezy.hr
Madison Medical Affiliates,madison-medical-affiliates,https://madison-medical-affiliates.breezy.hr
Madre Brava,madre-brava,https://madre-brava.breezy.hr
Nolia Health,magnolia-care-services-inc,https://magnolia-care-services-inc.breezy.hr
MaidThis,maidthis,https://maidthis.breezy.hr
"Make-A-Wish of Philadelphia, Delaware, and Susquehanna Valley",make-a-wish-of-philadelphia-delaware-and-susquehanna-valley,https://make-a-wish-of-philadelphia-delaware-and-susquehanna-valley.breezy.hr
Makeup,makeup,https://makeup.breezy.hr
Maleda Tech,maleda-tech,https://maleda-tech.breezy.hr
Mantic,mantic,https://mantic.breezy.hr
Manulife,manulife,https://manulife.breezy.hr
Manyone,manyone,https://manyone.breezy.hr
ManyPixels,manypixels,https://manypixels.breezy.hr
MAP International,map-international,https://map-international.breezy.hr
Marex,marex,https://marex.breezy.hr
MarketForce,marketforce,https://marketforce.breezy.hr
Marshall Dennehey,marshall-dennehey,https://marshall-dennehey.breezy.hr
MassFire Media LLC,massfire-media-llc,https://massfire-media-llc.breezy.hr
Masters Insurance,masters-insurance,https://masters-insurance.breezy.hr
Masterworks,masterworks,https://masterworks.breezy.hr
Matin,matin,https://matin.breezy.hr
Matrix Design Group,matrix-design-group,https://matrix-design-group.breezy.hr
Matrix Technologies,matrix-technologies-inc,https://matrix-technologies-inc.breezy.hr
Matroid,matroid,https://matroid.breezy.hr
Mawari Technologies,mawari-technologies-inc,https://mawari-technologies-inc.breezy.hr
Maxwell,maxwell,https://maxwell.breezy.hr
Mayar Capital,mayar-capital,https://mayar-capital.breezy.hr
Mountains Community Hospital,mch-careers,https://mch-careers.breezy.hr
McLaurin Law,mclaurin-law,https://mclaurin-law.breezy.hr
McQuillan Home Services,mcquillan-brothers,https://mcquillan-brothers.breezy.hr
MDExam,md-exam-inc,https://md-exam-inc.breezy.hr
me!Maybe,me-maybe-llc,https://me-maybe-llc.breezy.hr
MEC General Contractors,mec-general-contractors,https://mec-general-contractors.breezy.hr
Media Cause,media-cause,https://media-cause.breezy.hr
MedSchoolCoach,medschoolcoach,https://medschoolcoach.breezy.hr
Mendota Insurance Company,mendota-insurance-company,https://mendota-insurance-company.breezy.hr
Merchandising Consultants Associates,merchandising-consultants-associates,https://merchandising-consultants-associates.breezy.hr
Mercury Radio Arts,mercury-radio-arts,https://mercury-radio-arts.breezy.hr
Merit Manufacturing,merit-manufacturing,https://merit-manufacturing.breezy.hr
Michigan Community Resources,michigan-community-resources,https://michigan-community-resources.breezy.hr
MicroHabitat,microhabitat,https://microhabitat.breezy.hr
Midjourney,midjourney,https://midjourney.breezy.hr
Mikan,mikan-associates-llc,https://mikan-associates-llc.breezy.hr
"Milestone Business Solutions, Inc",milestone-business-solutions-inc,https://milestone-business-solutions-inc.breezy.hr
MillerMusmar CPAs,miller-musmar,https://miller-musmar.breezy.hr
Mind Computing,mind-computing,https://mind-computing.breezy.hr
Mindoula Health,mindoula-health-inc,https://mindoula-health-inc.breezy.hr
Miss EmpowHer,miss-empowher,https://miss-empowher.breezy.hr
Mission Viejo Consulting Group,mission-viejo-consulting-group,https://mission-viejo-consulting-group.breezy.hr
missionovo,missionovo,https://missionovo.breezy.hr
MKEC Engineering,mkec-engineering-inc,https://mkec-engineering-inc.breezy.hr
Dentsu Creative (MKTG),mktg,https://mktg.breezy.hr
Mongoose,mongoose,https://mongoose.breezy.hr
Mono,mono,https://mono.breezy.hr
Monocle,monocle,https://monocle.breezy.hr
Mood,mood,https://mood.breezy.hr
Morgan's Camp,morgan-s-wonderland-camp,https://morgan-s-wonderland-camp.breezy.hr
Moser Consulting,moser-consulting,https://moser-consulting.breezy.hr
Stratosphere,movimentum,https://movimentum.breezy.hr
Movista Inc,movista-inc,https://movista-inc.breezy.hr
mtheory,mtheory,https://mtheory.breezy.hr
MTM LLC,mtm-llc,https://mtm-llc.breezy.hr
Mukuru,mukuru,https://mukuru.breezy.hr
Mussett Nicholas & Associates,mussett-nicholas-associates,https://mussett-nicholas-associates.breezy.hr
Muvr,muvr-technologies,https://muvr-technologies.breezy.hr
"Mytonomy, Inc.",mytonomy-inc,https://mytonomy-inc.breezy.hr
National Assemblers,national-assemblers-inc,https://national-assemblers-inc.breezy.hr
National Math Stars,national-math-stars,https://national-math-stars.breezy.hr
National Mortgage Field Services,national-mortgage-field-services,https://national-mortgage-field-services.breezy.hr
Navaide,navaide,https://navaide.breezy.hr
Nebraska Crossing,nebraska-crossing,https://nebraska-crossing.breezy.hr
Nebraska Tribes Addressing Violence Coalition,nebraska-tribes-addressing-violence-coalition,https://nebraska-tribes-addressing-violence-coalition.breezy.hr
nepf,nepf,https://nepf.breezy.hr
nepf LLC,nepf-llc,https://nepf-llc.breezy.hr
net2phone Canada,net2phone,https://net2phone.breezy.hr
Netrix Global,netrix-global,https://netrix-global.breezy.hr
NETSEA Technologies,netsea-technologies,https://netsea-technologies.breezy.hr
Neurelo,neurelo,https://neurelo.breezy.hr
New Horizon Counseling Center,new-horizon-counseling-center,https://new-horizon-counseling-center.breezy.hr
New Incentives,new-incentives,https://new-incentives.breezy.hr
New York Holdings,new-york-holdings,https://new-york-holdings.breezy.hr
New York Life,new-york-life,https://new-york-life.breezy.hr
NewGround,newground,https://newground.breezy.hr
Nexo,nexo,https://nexo.breezy.hr
Nexplay Consulting Inc.,nexplay-consulting-inc,https://nexplay-consulting-inc.breezy.hr
Next Generation Inc,next-generation-inc,https://next-generation-inc.breezy.hr
Nexthire,nexthire,https://nexthire.breezy.hr
Nexus Group,nexus-group,https://nexus-group.breezy.hr
Nexxis Solutions,nexxis-solutions,https://nexxis-solutions.breezy.hr
Nezasa,nezasa,https://nezasa.breezy.hr
New Generation Design Wave,ngdesignwave,https://ngdesignwave.breezy.hr
Nia Therapeutics,nia-therapeutics,https://nia-therapeutics.breezy.hr
Nightingale College,nightingale-college,https://nightingale-college.breezy.hr
Nine Feet Tall,nine-feet-tall,https://nine-feet-tall.breezy.hr
NinjaHoldings,ninjaholdings,https://ninjaholdings.breezy.hr
NOACA,noaca,https://noaca.breezy.hr
Nomics,nomics,https://nomics.breezy.hr
Nooks,nooks,https://nooks.breezy.hr
Norbert Health,norbert-health,https://norbert-health.breezy.hr
Nordcloud,nordcloud-career,https://nordcloud-career.breezy.hr
Norman International Inc.,norman-international-inc,https://norman-international-inc.breezy.hr
North Wind Group,north-wind-group,https://north-wind-group.breezy.hr
Notably,notably,https://notably.breezy.hr
NOVIPRO,novipro,https://novipro.breezy.hr
NOVO Properties,novo-properties,https://novo-properties.breezy.hr
NPB Companies,npb-companies,https://npb-companies.breezy.hr
NPS,nps,https://nps.breezy.hr
НПУ,npu,https://npu.breezy.hr
NS Staff Agency ltd,ns-staff-agency-ltd,https://ns-staff-agency-ltd.breezy.hr
National Therapy Center,ntc,https://ntc.breezy.hr
Nuclearn,nuclearn-ai,https://nuclearn-ai.breezy.hr
NucleusTeq,nucleusteq,https://nucleusteq.breezy.hr
NurseDash,nursedash,https://nursedash.breezy.hr
"Float Health, Inc.",nursing-float-health,https://nursing-float-health.breezy.hr
NurtureCare,nurturecare,https://nurturecare.breezy.hr
NuServe,nuserve,https://nuserve.breezy.hr
NuView Analytics,nuview,https://nuview.breezy.hr
The New York Immigration Coalition (NYIC),nyic,https://nyic.breezy.hr
Nysonian,nysonian,https://nysonian.breezy.hr
O'Keefe Media Group,o-keefe-media-group,https://o-keefe-media-group.breezy.hr
O'Mally Management Group,o-mally-management-group,https://o-mally-management-group.breezy.hr
Oando Plc,oando,https://oando.breezy.hr
OBRIO,obrio-76be502da02f,https://obrio-76be502da02f.breezy.hr
Odd Bunch,odd-bunch,https://odd-bunch.breezy.hr
OGD Overhead Garage Door,ogd,https://ogd.breezy.hr
Office for the Mission of Catholic Education,omce,https://omce.breezy.hr
Onebridge,onebridge,https://onebridge.breezy.hr
OneDome,onedome,https://onedome.breezy.hr
OneHope,onehope,https://onehope.breezy.hr
Onsite Dental,onsite-dental,https://onsite-dental.breezy.hr
Onsite Retailers,onsite-retailers,https://onsite-retailers.breezy.hr
Ontrac Solutions,ontrac-solutions-llc,https://ontrac-solutions-llc.breezy.hr
Open Door Legal,open-door-legal,https://open-door-legal.breezy.hr
Open New York,open-new-york,https://open-new-york.breezy.hr
Open Mind Health,openmindhealth,https://openmindhealth.breezy.hr
Opterus,opterus,https://opterus.breezy.hr
OptiMindHealth,optimindhealth,https://optimindhealth.breezy.hr
Orange Barrel Media,orange-barrel-media,https://orange-barrel-media.breezy.hr
Orchestrate Hospitality,orchestrate-hospitality,https://orchestrate-hospitality.breezy.hr
Oregano's,oreganos,https://oreganos.breezy.hr
oryx,oryx,https://oryx.breezy.hr
OSec,osec,https://osec.breezy.hr
Otter PR,otter-pr,https://otter-pr.breezy.hr
OTTO Engineering,otto-engineering-inc,https://otto-engineering-inc.breezy.hr
Own,own,https://own.breezy.hr
Abode Money,own-abode,https://own-abode.breezy.hr
P3 USA,p3-usa,https://p3-usa.breezy.hr
Pacify,pacify,https://pacify.breezy.hr
Paper Culture,paper-culture,https://paper-culture.breezy.hr
Paramo Technologies,paramo-technologies,https://paramo-technologies.breezy.hr
Participatory Culture Foundation,participatory-culture-foundation,https://participatory-culture-foundation.breezy.hr
Partner Retail Services,partner-retail-services,https://partner-retail-services.breezy.hr
Pasa Sustainable Agriculture,pasa-sustainable-agriculture,https://pasa-sustainable-agriculture.breezy.hr
Passion,passion,https://passion.breezy.hr
PassTime,passtimegps,https://passtimegps.breezy.hr
PASTEL,pastel,https://pastel.breezy.hr
Payme,payme-3,https://payme-3.breezy.hr
Paynovate,paynovate,https://paynovate.breezy.hr
"Pharmacy Data Management, Inc.",pdmi,https://pdmi.breezy.hr
Peachy,peachy,https://peachy.breezy.hr
Pearl Abyss America,pearl-abyss-america,https://pearl-abyss-america.breezy.hr
Peninsula Canada,peninsula-canada,https://peninsula-canada.breezy.hr
People Solutions Center,people-solutions-center,https://people-solutions-center.breezy.hr
PeopleFluent,peoplefluent,https://peoplefluent.breezy.hr
Perfectly,perfectly,https://perfectly.breezy.hr
Personified Tech,personified-tech,https://personified-tech.breezy.hr
Pharma Medica Research Inc.,pharma-medica-research-inc,https://pharma-medica-research-inc.breezy.hr
Philadelphia Green Capital Corp.,philadelphia-green-capital-corp,https://philadelphia-green-capital-corp.breezy.hr
Phoenix Legal Action Network,phoenix-legal-action-network,https://phoenix-legal-action-network.breezy.hr
Phoenix Engineering,phoenixen,https://phoenixen.breezy.hr
Physicians Insurance A Mutual Company,physicians-insurance-a-mutual-company,https://physicians-insurance-a-mutual-company.breezy.hr
PIAZZA - Premier Preschool Staffing Agency,piazza-premier-preschool-staffing-agency,https://piazza-premier-preschool-staffing-agency.breezy.hr
Pickles,pickles,https://pickles.breezy.hr
Pinelake Church,pinelake-church,https://pinelake-church.breezy.hr
Pittsburgh Business Group on Health,pittsburgh-business-group-on-health,https://pittsburgh-business-group-on-health.breezy.hr
Pixery,pixery,https://pixery.breezy.hr
Pixieset,pixieset,https://pixieset.breezy.hr
Planted,planted-solar-inc,https://planted-solar-inc.breezy.hr
Plastics Family Americas,plastics-family-americas,https://plastics-family-americas.breezy.hr
Plat4mation,plat4mation,https://plat4mation.breezy.hr
Plato Systems,plato,https://plato.breezy.hr
PLAYSTUDIOS Asia,playstudios-asia,https://playstudios-asia.breezy.hr
Pleasant Valley Corporation,pleasant-valley-corporation,https://pleasant-valley-corporation.breezy.hr
PMSOX,pmsox,https://pmsox.breezy.hr
Podean,podean,https://podean.breezy.hr
Project On Government Oversight,pogo,https://pogo.breezy.hr
Pompa Program,pompa-program,https://pompa-program.breezy.hr
Ponessa Behavioral Health,ponessa-behavioral-health,https://ponessa-behavioral-health.breezy.hr
POP MART Americas Inc.,pop-mart-americas-inc,https://pop-mart-americas-inc.breezy.hr
Poseidon Digital,poseidon,https://poseidon.breezy.hr
Positive Impact Dental Alliance,positive-impact-dental-alliance,https://positive-impact-dental-alliance.breezy.hr
PragerU,prageru,https://prageru.breezy.hr
Precision,precision-strategies,https://precision-strategies.breezy.hr
Precision Well Servicing,precision-well-servicing,https://precision-well-servicing.breezy.hr
Premier Fitness Service,premier-fitness-service,https://premier-fitness-service.breezy.hr
Prep Academy Tutors,prep-academy-tutors,https://prep-academy-tutors.breezy.hr
Prestige Capital Group,prestige-capital-group,https://prestige-capital-group.breezy.hr
pretty little adventures,pretty-little-adventures,https://pretty-little-adventures.breezy.hr
Principa,principa,https://principa.breezy.hr
Printfly,printfly,https://printfly.breezy.hr
Prodeo Academy,prodeo-academy,https://prodeo-academy.breezy.hr
Pro EMS,proems,https://proems.breezy.hr
Project 26 Pennsylvania,project-26-pennsylvania,https://project-26-pennsylvania.breezy.hr
The Prolift Rigging Company,prolift-rigging,https://prolift-rigging.breezy.hr
Promise,promise,https://promise.breezy.hr
Prompt Therapy Solutions,prompt-therapy-solutions,https://prompt-therapy-solutions.breezy.hr
"ProofPilot, Inc.",proofpilot-inc,https://proofpilot-inc.breezy.hr
Propel America,propelamerica,https://propelamerica.breezy.hr
ProperExpression,proper-expression,https://proper-expression.breezy.hr
Property Leads,property-leads,https://property-leads.breezy.hr
Property Meld,property-meld,https://property-meld.breezy.hr
Prozis,prozis,https://prozis.breezy.hr
Prudent Engineering,prudent-engineering,https://prudent-engineering.breezy.hr
PSC,psc,https://psc.breezy.hr
PSM,psm,https://psm.breezy.hr
PsyPhyCare,psyphycare-7d99d547f19b,https://psyphycare-7d99d547f19b.breezy.hr
"Meta Group,",pt-git-gow-ayo,https://pt-git-gow-ayo.breezy.hr
Purple Unicorn,purple-unicorn,https://purple-unicorn.breezy.hr
Puzzle Cats,puzzle-cats,https://puzzle-cats.breezy.hr
Pyrovio,pyrovio,https://pyrovio.breezy.hr
Q-Block Computing,q-block-computing,https://q-block-computing.breezy.hr
Quadcode,quadcode,https://quadcode.breezy.hr
Qualitas Consulting Group,qualitas-consulting-group,https://qualitas-consulting-group.breezy.hr
"Quality Enterprises USA, Inc.",quality-enterprises-usa-inc,https://quality-enterprises-usa-inc.breezy.hr
Quatrain Creative,quatrain-creative,https://quatrain-creative.breezy.hr
QUE,que,https://que.breezy.hr
Quintessa Marketing,quintessa-marketing,https://quintessa-marketing.breezy.hr
R3 Roofing & Exteriors | R3 Heating & Air,r3-roofing,https://r3-roofing.breezy.hr
Raftelis,raftelis,https://raftelis.breezy.hr
Raising The Village Career Page,raisingthevillage,https://raisingthevillage.breezy.hr
Raldex Hospitality,raldex,https://raldex.breezy.hr
RDS,rds,https://rds.breezy.hr
Reach Out and Read,reach-out-and-read,https://reach-out-and-read.breezy.hr
Rebound Technologies,rebound-technologies,https://rebound-technologies.breezy.hr
Recess,recess,https://recess.breezy.hr
Reconstruct,reconstruct-inc,https://reconstruct-inc.breezy.hr
Recrue,recrue,https://recrue.breezy.hr
Recruiter At Law,recruiter-at-law,https://recruiter-at-law.breezy.hr
HIKINEX,recruiting,https://recruiting.breezy.hr
Red Antler,red-antler,https://red-antler.breezy.hr
"Red Cup IT, Inc.",red-cup-it-inc,https://red-cup-it-inc.breezy.hr
Red Rabbit,red-rabbit,https://red-rabbit.breezy.hr
"ReFibuy, Inc.",refibuy-inc,https://refibuy-inc.breezy.hr
Reincubate,reincubate,https://reincubate.breezy.hr
REISS,reiss,https://reiss.breezy.hr
Reliant Central,reliant-central,https://reliant-central.breezy.hr
College Program,reliant-collegiate-program,https://reliant-collegiate-program.breezy.hr
Fixed Term Program,reliantinternships,https://reliantinternships.breezy.hr
Remote Year,remote-year,https://remote-year.breezy.hr
Renewable Properties,renewable-properties,https://renewable-properties.breezy.hr
"Renewance, Inc",renewance-inc,https://renewance-inc.breezy.hr
Reno-Tahoe Airport Authority,renoairport,https://renoairport.breezy.hr
Repair the World,repair-the-world,https://repair-the-world.breezy.hr
ReturnBear,returnbear,https://returnbear.breezy.hr
Revamp Engineering,revamp-engineering-inc,https://revamp-engineering-inc.breezy.hr
Default Portal,revel-cpa,https://revel-cpa.breezy.hr
Reveleer,reveleer,https://reveleer.breezy.hr
REVGEN,revgen,https://revgen.breezy.hr
Revolution Recruiting,revolution-recruiting,https://revolution-recruiting.breezy.hr
RH2 Engineering,rh2-engineering-inc,https://rh2-engineering-inc.breezy.hr
RhynoCare,rhynocare,https://rhynocare.breezy.hr
Ribbon,ribbon,https://ribbon.breezy.hr
Ridepanda Careers,ridepanda,https://ridepanda.breezy.hr
Right Side Capital Management,right-side-capital-management,https://right-side-capital-management.breezy.hr
RightMove Health,rightmove-health,https://rightmove-health.breezy.hr
RiverMead,rivermead,https://rivermead.breezy.hr
River View Coal,riverview-coal-llc,https://riverview-coal-llc.breezy.hr
Rivo,rivo,https://rivo.breezy.hr
AYBL,rk-brands-ltd,https://rk-brands-ltd.breezy.hr
Rlay,rlay,https://rlay.breezy.hr
ROC Ventures,roc-ventures,https://roc-ventures.breezy.hr
ROMBO AI,rombo-ai,https://rombo-ai.breezy.hr
Rome,rome-tools-inc,https://rome-tools-inc.breezy.hr
Rose Roofing & Restoration,rose-roofing-restoration,https://rose-roofing-restoration.breezy.hr
Rotating Equipment Specialists,rotating-equipment-specialists,https://rotating-equipment-specialists.breezy.hr
Rover,rover,https://rover.breezy.hr
RS Breakers and Controls Inc.,rs-breakers-and-controls-inc-cb1b471cbe8e,https://rs-breakers-and-controls-inc-cb1b471cbe8e.breezy.hr
Ruby Play Net Ltd,rubyplay-network,https://rubyplay-network.breezy.hr
Rumble Boxing,rumble-boxing,https://rumble-boxing.breezy.hr
Runn,runn,https://runn.breezy.hr
Ruvixx,ruvixx,https://ruvixx.breezy.hr
Ryther,ryther-child-center,https://ryther-child-center.breezy.hr
S&A Group,s-a-group,https://s-a-group.breezy.hr
sa.global,sa-global,https://sa-global.breezy.hr
Saatchi Art,saatchi-art,https://saatchi-art.breezy.hr
Sabanto,sabanto,https://sabanto.breezy.hr
Safe Passage Project,safe-passage-project-corporation,https://safe-passage-project-corporation.breezy.hr
Sage Haus,sage-haus,https://sage-haus.breezy.hr
Openings at SalesDraft Recruiting,salesdraft-recruiting,https://salesdraft-recruiting.breezy.hr
SalesRabbit,salesrabbit,https://salesrabbit.breezy.hr
Salmonjobs,salmonjobs,https://salmonjobs.breezy.hr
Sana Lake Recovery,sana-lake-recovery,https://sana-lake-recovery.breezy.hr
Sandbox,sandbox,https://sandbox.breezy.hr
Sandlot & Co.,sandlot-co,https://sandlot-co.breezy.hr
santos,santos,https://santos.breezy.hr
sata,sata,https://sata.breezy.hr
Savas Labs,savas-labs,https://savas-labs.breezy.hr
Savvital,savvital,https://savvital.breezy.hr
Saw,saw,https://saw.breezy.hr
SBC Performance,sbc-performance,https://sbc-performance.breezy.hr
Scandinavian Building Services,scandinavian-building-services,https://scandinavian-building-services.breezy.hr
Scarpel Telecom,scarpel-telecom,https://scarpel-telecom.breezy.hr
SCB Tech X Company Limited,scb-techx-co-ltd,https://scb-techx-co-ltd.breezy.hr
Scentbird,scentbird,https://scentbird.breezy.hr
Scientific Safety Alliance,scientific-safety-alliance,https://scientific-safety-alliance.breezy.hr
Scimitar Inc.,scimitar-inc,https://scimitar-inc.breezy.hr
SD Solutions,sd-solutions,https://sd-solutions.breezy.hr
Seasats,seasats,https://seasats.breezy.hr
Security DM Ltd,security-dm-ltd,https://security-dm-ltd.breezy.hr
Security Roots,security-roots,https://security-roots.breezy.hr
Seek Now,seeknow,https://seeknow.breezy.hr
SELA Aquatics,sela-aquatics,https://sela-aquatics.breezy.hr
Sense Engineering,sense-engineering,https://sense-engineering.breezy.hr
Sentinel Blue,sentinel-blue,https://sentinel-blue.breezy.hr
Sentinel Devices,sentinel-devices,https://sentinel-devices.breezy.hr
Sentral,sentral,https://sentral.breezy.hr
Sepsis Alliance,sepsis-alliance,https://sepsis-alliance.breezy.hr
Serato Limited,serato-limited,https://serato-limited.breezy.hr
Serious Development,serious-development,https://serious-development.breezy.hr
Serv Recruitment Agency,serv-recruitment-agency,https://serv-recruitment-agency.breezy.hr
Serve Club,serve-club,https://serve-club.breezy.hr
Serverless Guru LLC.,serverless-guru-llc,https://serverless-guru-llc.breezy.hr
Servers.com,servers-com,https://servers-com.breezy.hr
Seth for Massachusetts,seth-for-massachusetts,https://seth-for-massachusetts.breezy.hr
Settle,settle,https://settle.breezy.hr
Seven Retail,seven-retail,https://seven-retail.breezy.hr
Seventh Dimension,seventh-dimension,https://seventh-dimension.breezy.hr
Shake Smart,shake-smart-inc,https://shake-smart-inc.breezy.hr
SHERPANY,sherpany,https://sherpany.breezy.hr
ShipHero,shiphero,https://shiphero.breezy.hr
Bald Head Island Club,shoals-club,https://shoals-club.breezy.hr
ShopriteX,shopritex,https://shopritex.breezy.hr
Showami,showami,https://showami.breezy.hr
Sideworx Connect USA,sideworx-connect-usa,https://sideworx-connect-usa.breezy.hr
Siegel+Gale,siegel-gale,https://siegel-gale.breezy.hr
Sigital,sigital-llc,https://sigital-llc.breezy.hr
Signal Group,signal-group,https://signal-group.breezy.hr
silana,silana,https://silana.breezy.hr
Simera Sense,simera-sense,https://simera-sense.breezy.hr
SingleFile,singlefile,https://singlefile.breezy.hr
Sirius Support,sirius-support,https://sirius-support.breezy.hr
Skirball Cultural Center,skirball-cultural-center,https://skirball-cultural-center.breezy.hr
SkySpecs,skyspecs,https://skyspecs.breezy.hr
Small Batch Standard,small-batch-standard,https://small-batch-standard.breezy.hr
Small Parts,smallpartsinc,https://smallpartsinc.breezy.hr
Smart City Locating,smart-city-locating,https://smart-city-locating.breezy.hr
ODC - SmartMessage,smartmessage,https://smartmessage.breezy.hr
Smartrend Manufacturing Group,smartrend-manufacturing-group,https://smartrend-manufacturing-group.breezy.hr
SMBHD,smbhd,https://smbhd.breezy.hr
Smileland Dental,smileland-dental,https://smileland-dental.breezy.hr
SnappyCX,snappycx,https://snappycx.breezy.hr
SNW,snw,https://snw.breezy.hr
Social Discovery Group,social-discovery-ventures,https://social-discovery-ventures.breezy.hr
SOCRadar,socradar,https://socradar.breezy.hr
SOFTAB,softab,https://softab.breezy.hr
Software Secured,software-secured,https://software-secured.breezy.hr
Solen Software Group,solen-software-group,https://solen-software-group.breezy.hr
Soles4Souls,soles4souls,https://soles4souls.breezy.hr
Soligo,soligo,https://soligo.breezy.hr
Solugen,solugen,https://solugen.breezy.hr
Solvative,solvative,https://solvative.breezy.hr
Solvoyo,solvoyo,https://solvoyo.breezy.hr
Sosuite,sosuite,https://sosuite.breezy.hr
Sourcefit,sourcefit,https://sourcefit.breezy.hr
The Southern Baptist Theological Seminary,southern-seminary,https://southern-seminary.breezy.hr
Space Int.,space-ge,https://space-ge.breezy.hr
Spark Power,spark-power,https://spark-power.breezy.hr
Sparkbox,sparkbox,https://sparkbox.breezy.hr
Spark'd,sparkd,https://sparkd.breezy.hr
Sparks Financial,sparks-financial,https://sparks-financial.breezy.hr
Spectrum Health (Ireland),spectrumhealth,https://spectrumhealth.breezy.hr
Speedwell Construction,speedwell-construction,https://speedwell-construction.breezy.hr
Spendable,spendable,https://spendable.breezy.hr
Spike,spike95-limited,https://spike95-limited.breezy.hr
Spinrite,spinrite,https://spinrite.breezy.hr
Sportradar,sportradar,https://sportradar.breezy.hr
SpotterRFProvo,spotterrf,https://spotterrf.breezy.hr
SRS Merchandising,srs-merchandising,https://srs-merchandising.breezy.hr
Support Services Group,ssg-corp,https://ssg-corp.breezy.hr
Support Services Group Europe,ssg-emea,https://ssg-emea.breezy.hr
Support Services Group Philippines,ssg-philippines,https://ssg-philippines.breezy.hr
Support Services Group United States,ssg-texas,https://ssg-texas.breezy.hr
St.Amant,st-amant,https://st-amant.breezy.hr
StartupBlink,startupblink,https://startupblink.breezy.hr
Statusphere Inc,statusphere,https://statusphere.breezy.hr
STINSON,stinson,https://stinson.breezy.hr
Storage Scholars,storage-scholars,https://storage-scholars.breezy.hr
Strategic Systems International,strategic-systems-international,https://strategic-systems-international.breezy.hr
Stratis Group,stratis-group-llc,https://stratis-group-llc.breezy.hr
Streamhub Limited,streamhub,https://streamhub.breezy.hr
Students Without Mothers,students-without-mothers,https://students-without-mothers.breezy.hr
STUDIO,studio,https://studio.breezy.hr
SugarShot,sugarshot,https://sugarshot.breezy.hr
APL ASSOCIATES,sullivan,https://sullivan.breezy.hr
Summit,summit,https://summit.breezy.hr
Summit Integrated Systems,summit-integrated-systems,https://summit-integrated-systems.breezy.hr
Sunday,sunday,https://sunday.breezy.hr
Sunday Health,sunday-health,https://sunday-health.breezy.hr
SunEnergy1,sunenergy1,https://sunenergy1.breezy.hr
SunPower,sunpower,https://sunpower.breezy.hr
Sunrise Landscape,sunrise-landscape,https://sunrise-landscape.breezy.hr
SUNY Clinton - Clinton Community College,suny-clinton-clinton-community-college,https://suny-clinton-clinton-community-college.breezy.hr
Super Heat Fitness,super-heat-fitness,https://super-heat-fitness.breezy.hr
Superbolt,superbolt,https://superbolt.breezy.hr
SuperCare Health,supercare-health,https://supercare-health.breezy.hr
Super Dispatch,superdispatch,https://superdispatch.breezy.hr
Superlogic,superlogic,https://superlogic.breezy.hr
surefoot,surefoot-me,https://surefoot-me.breezy.hr
Surge Staffing,surge,https://surge.breezy.hr
Surge Institute,surge-institute,https://surge-institute.breezy.hr
SURJ,surj,https://surj.breezy.hr
SurveyMonkey,surveymonkey,https://surveymonkey.breezy.hr
Survivor Healthcare,survivor-healthcare,https://survivor-healthcare.breezy.hr
School of Visual Arts,sva,https://sva.breezy.hr
SWA,swa,https://swa.breezy.hr
Sway,sway,https://sway.breezy.hr
SWEAT440,sweat440,https://sweat440.breezy.hr
Sweet Fish Media,sweetfishmedia,https://sweetfishmedia.breezy.hr
Swift Charge,swift,https://swift.breezy.hr
switch,switch,https://switch.breezy.hr
Switchboard,switchboard,https://switchboard.breezy.hr
Swyft Filings,swyft-filings,https://swyft-filings.breezy.hr
Symphony,symphony,https://symphony.breezy.hr
Synthesize Bio,synthesize-bio,https://synthesize-bio.breezy.hr
Syteca,syteca,https://syteca.breezy.hr
T.Capital,t-capital,https://t-capital.breezy.hr
T3 Services Group,t3-services-group,https://t3-services-group.breezy.hr
Tabs,tabs,https://tabs.breezy.hr
Talent First,talent-first,https://talent-first.breezy.hr
Talent Venture Group,talent-venture-group,https://talent-venture-group.breezy.hr
talentC,talentc,https://talentc.breezy.hr
TalentMovers,talentmovers,https://talentmovers.breezy.hr
Talksure,talksure,https://talksure.breezy.hr
tapouts,tapouts,https://tapouts.breezy.hr
Tarion,tarion,https://tarion.breezy.hr
Taroko Software,taroko,https://taroko.breezy.hr
TaskPluto,taskpluto,https://taskpluto.breezy.hr
TBC UZ,tbc-uz,https://tbc-uz.breezy.hr
TCLA,tcla,https://tcla.breezy.hr
Teal,teal,https://teal.breezy.hr
Teangle,teangle,https://teangle.breezy.hr
TechLab,techlab,https://techlab.breezy.hr
Technologix,technologix,https://technologix.breezy.hr
Telespazio Belgium,telespazio-be,https://telespazio-be.breezy.hr
Telos Media,telos-media,https://telos-media.breezy.hr
TELUS Agriculture & Consumer Goods,telus-agriculture,https://telus-agriculture.breezy.hr
TELUS Health,telus-health-care-centers,https://telus-health-care-centers.breezy.hr
Tembo,tembo,https://tembo.breezy.hr
Templar Media,templar,https://templar.breezy.hr
Tempo Libero Cooperativa Sociale ONLUS,tempo-libero-cooperativa-sociale-onlus,https://tempo-libero-cooperativa-sociale-onlus.breezy.hr
TEN Canada (Transportation Equipment Network),ten-canada,https://ten-canada.breezy.hr
Tenor Health Foundation,tenor-health-foundation,https://tenor-health-foundation.breezy.hr
TensorOps,tensorops,https://tensorops.breezy.hr
Tenstorrent,tenstorrent,https://tenstorrent.breezy.hr
Terrá,terra,https://terra.breezy.hr
Terrestris Global Solutions,terrestris-global-solutions,https://terrestris-global-solutions.breezy.hr
Terzo Enterprises,terzo-enterprises,https://terzo-enterprises.breezy.hr
Test company,test-company,https://test-company.breezy.hr
TestYantra Software Solutions,test-yantra-eu-2,https://test-yantra-eu-2.breezy.hr
TestBox,testbox,https://testbox.breezy.hr
tester,tester,https://tester.breezy.hr
TFF,tff,https://tff.breezy.hr
TGW Logistics Group,tgw-logistics-group,https://tgw-logistics-group.breezy.hr
The Bureau,the-bureau,https://the-bureau.breezy.hr
The C2 Group,the-c2-group,https://the-c2-group.breezy.hr
The Code Zone,the-code-zone,https://the-code-zone.breezy.hr
The Commonwealth Fund,the-commonwealth-fund,https://the-commonwealth-fund.breezy.hr
The Corporate Law Academy,the-corporate-law-academy,https://the-corporate-law-academy.breezy.hr
The Digital Stronghold,the-digital-stronghold,https://the-digital-stronghold.breezy.hr
The Dyrt,the-dyrt,https://the-dyrt.breezy.hr
The English School,the-english-school,https://the-english-school.breezy.hr
The HOTH,the-hoth,https://the-hoth.breezy.hr
The Luminos Fund,the-luminos-fund,https://the-luminos-fund.breezy.hr
The Mathews Agency,the-mathews-agency,https://the-mathews-agency.breezy.hr
The Refinery,the-refinery,https://the-refinery.breezy.hr
TSG Risk Management,the-sugrue-group-llc,https://the-sugrue-group-llc.breezy.hr
The Sutherland Group of Companies,the-sutherland-group,https://the-sutherland-group.breezy.hr
Wisdom Teeth Guys,the-wisdom-teeth-guys,https://the-wisdom-teeth-guys.breezy.hr
The Faculty,thefaculty,https://thefaculty.breezy.hr
Mentoring Alliance,thementoringalliance,https://thementoringalliance.breezy.hr
Themis Insight,themis-insight,https://themis-insight.breezy.hr
The Summit Institute,thesummitinstitute,https://thesummitinstitute.breezy.hr
theta.,theta,https://theta.breezy.hr
Third and Grove,thirdandgrove,https://thirdandgrove.breezy.hr
ThirdChannel,thirdchannel-inc,https://thirdchannel-inc.breezy.hr
"THP Limited, Inc",thp,https://thp.breezy.hr
ThrasherGroup,thrasher,https://thrasher.breezy.hr
Threatscape,threatscape,https://threatscape.breezy.hr
Thrive By 5,thrive-by-5,https://thrive-by-5.breezy.hr
Throne Labs,thronelabs,https://thronelabs.breezy.hr
Tidal Partners,tidalpartners,https://tidalpartners.breezy.hr
Tier 9 Game Studios,tier-9-game-studios-ltd,https://tier-9-game-studios-ltd.breezy.hr
Tippmann Group,tippmann-group,https://tippmann-group.breezy.hr
Titans,titans,https://titans.breezy.hr
TJS Group,tjs-group,https://tjs-group.breezy.hr
Togetherhood,togetherhood,https://togetherhood.breezy.hr
Topo,topo,https://topo.breezy.hr
Total Security Limited,totalsecurityltd,https://totalsecurityltd.breezy.hr
Totalstay,totalstay,https://totalstay.breezy.hr
Totara Learning Solutions,totara-learning-solutions,https://totara-learning-solutions.breezy.hr
Turning Point Action,tpaction,https://tpaction.breezy.hr
Transact Campus,transact-campus,https://transact-campus.breezy.hr
Transparent Hiring,transparent-hiring,https://transparent-hiring.breezy.hr
Treeline,treeline,https://treeline.breezy.hr
Trialfacts,trialfacts,https://trialfacts.breezy.hr
tribegaming,tribegaming,https://tribegaming.breezy.hr
Trueline,trueline,https://trueline.breezy.hr
TruePoint Communications,truepoint-communications,https://truepoint-communications.breezy.hr
TRULEO,truleo,https://truleo.breezy.hr
TruPlace,truplace,https://truplace.breezy.hr
TrustPoint,trustpoint,https://trustpoint.breezy.hr
TSU International,tsu,https://tsu.breezy.hr
Turaco,turaco,https://turaco.breezy.hr
Turboden,turboden,https://turboden.breezy.hr
Turner Mining Group,turner-mining-group,https://turner-mining-group.breezy.hr
Turning Point USA,turning-point-usa,https://turning-point-usa.breezy.hr
Tuva,tuva,https://tuva.breezy.hr
The Weatherspoon Agency- TWA Career,twacareer,https://twacareer.breezy.hr
Argano,twelve-consulting-group,https://twelve-consulting-group.breezy.hr
United States Court of Appeals for the Sixth Circuit,u-s-courts,https://u-s-courts.breezy.hr
UC Law SF,uclawsf,https://uclawsf.breezy.hr
UDEM,udem,https://udem.breezy.hr
Under Armour,under-armour,https://under-armour.breezy.hr
"United Home Experts, Inc",united-home-experts-inc,https://united-home-experts-inc.breezy.hr
Unito,unito,https://unito.breezy.hr
Unlayer,unlayer,https://unlayer.breezy.hr
Unlimit Ventures,unlimit-ventures,https://unlimit-ventures.breezy.hr
Unmade,unmade,https://unmade.breezy.hr
UPSA,upsa,https://upsa.breezy.hr
Upskiller,upskiller,https://upskiller.breezy.hr
Upstairs,upstairs,https://upstairs.breezy.hr
Uptech,uptech,https://uptech.breezy.hr
Upwards,upwardsdotcom,https://upwardsdotcom.breezy.hr
"Upwell Revenue Software, Inc.",upwell-revenue-software-inc,https://upwell-revenue-software-inc.breezy.hr
Urbantz,urbantz,https://urbantz.breezy.hr
Urrly,urrly,https://urrly.breezy.hr
U.S. Digital Response,us-digital-response,https://us-digital-response.breezy.hr
US Service Animals,us-service-animals,https://us-service-animals.breezy.hr
Usual,usual,https://usual.breezy.hr
UTN,utn,https://utn.breezy.hr
Uvation,uvation,https://uvation.breezy.hr
UX Woman,ux-woman,https://ux-woman.breezy.hr
VALD,vald,https://vald.breezy.hr
Valital Technologies,valital-technologies,https://valital-technologies.breezy.hr
Vanguard-IP,vanguard-ip,https://vanguard-ip.breezy.hr
Vantage Point Solutions,vantage-point-solutions-inc,https://vantage-point-solutions-inc.breezy.hr
Vaxart,vaxart-inc,https://vaxart-inc.breezy.hr
Veev,veev,https://veev.breezy.hr
VENTURE.co,venture-co,https://venture-co.breezy.hr
Venture Forge,venture-forge,https://venture-forge.breezy.hr
Veta Virtual,veta-virtual-inc,https://veta-virtual-inc.breezy.hr
"VETRO, Inc",vetro-fibermap-inc,https://vetro-fibermap-inc.breezy.hr
VetsEZ,vetsez,https://vetsez.breezy.hr
Vetster,vetster,https://vetster.breezy.hr
Vetted Pet Health,vetted-pet-health,https://vetted-pet-health.breezy.hr
Victory,victory,https://victory.breezy.hr
Vigilante Coffee,vigilante-coffee,https://vigilante-coffee.breezy.hr
Quirk Auto Group Maine,village-car-company,https://village-car-company.breezy.hr
Virtualitics,virtualitics,https://virtualitics.breezy.hr
VISITS,visits,https://visits.breezy.hr
Vita Coco,vitacoco,https://vitacoco.breezy.hr
VitalCheck Wellness,vitalcheck-wellness,https://vitalcheck-wellness.breezy.hr
Vitality Hospice,vitality-hospice,https://vitality-hospice.breezy.hr
Vivint,vivint,https://vivint.breezy.hr
Vivo Missouri,vivo-missouri,https://vivo-missouri.breezy.hr
VM Drilling PTY LTD,vm-drilling-pty-ltd,https://vm-drilling-pty-ltd.breezy.hr
Voiceflow,voiceflow,https://voiceflow.breezy.hr
Vontive,vontive,https://vontive.breezy.hr
Vosyn,vosyn,https://vosyn.breezy.hr
VOXDATA,voxdata,https://voxdata.breezy.hr
Voyagu,voyagu,https://voyagu.breezy.hr
VVater,vvater-llc,https://vvater-llc.breezy.hr
Vyde,vyde,https://vyde.breezy.hr
Vyntra,vyntra,https://vyntra.breezy.hr
WAPCo,wagpco,https://wagpco.breezy.hr
Waiter.com,waiter-com,https://waiter-com.breezy.hr
Wallester,wallester,https://wallester.breezy.hr
Wanderu,wanderu,https://wanderu.breezy.hr
Warren Wilson,warren-wilson,https://warren-wilson.breezy.hr
Warrior Coal,warrior-coal-llc,https://warrior-coal-llc.breezy.hr
Water Works Engineers,water-works-engineers,https://water-works-engineers.breezy.hr
Wavelength Strategy,wavelength-strategy,https://wavelength-strategy.breezy.hr
Wavetronix,wavetronix,https://wavetronix.breezy.hr
Wayy,wayy-llc,https://wayy-llc.breezy.hr
We Are Futures,we-are-futures,https://we-are-futures.breezy.hr
Wealthy Group of Companies LLC,wealthy-recruiting,https://wealthy-recruiting.breezy.hr
WearLinq,wearlinq,https://wearlinq.breezy.hr
WeAssist.io,weassist-io,https://weassist-io.breezy.hr
WeBox,webox-jobs,https://webox-jobs.breezy.hr
WECO Hospitality,weco-hospitality,https://weco-hospitality.breezy.hr
wega Informatik AG,wega-informatik-ag,https://wega-informatik-ag.breezy.hr
Weight Doctors Group,weight-doctors,https://weight-doctors.breezy.hr
Wersirius,wersirius,https://wersirius.breezy.hr
Westphalia Holdings,westphalia-holdings,https://westphalia-holdings.breezy.hr
Westrocon,westrocon,https://westrocon.breezy.hr
WeVideo,wevideo,https://wevideo.breezy.hr
Wild Earth,wild-earth,https://wild-earth.breezy.hr
Willful,willful,https://willful.breezy.hr
Winter Environmental,winter-environmental,https://winter-environmental.breezy.hr
WiseChoice Senior Advisor,wise-choice,https://wise-choice.breezy.hr
Wolf Games,wolf-games,https://wolf-games.breezy.hr
Wolfe,wolfe-llc,https://wolfe-llc.breezy.hr
LINE MAN Wongnai,wongnai-media-co-ltd,https://wongnai-media-co-ltd.breezy.hr
Words First Ltd,words-first-ltd,https://words-first-ltd.breezy.hr
World Makers,world-makers-ltd,https://world-makers-ltd.breezy.hr
Departamento de Recursos Humanos WT,worldtennis,https://worldtennis.breezy.hr
Xeni,xeni,https://xeni.breezy.hr
XL Batteries,xl-batteries,https://xl-batteries.breezy.hr
XpanseHR,xpansehr,https://xpansehr.breezy.hr
Xtream Adminz,xtream-adminz,https://xtream-adminz.breezy.hr
Yalla Fel Sekka,yalla-fel-sekka,https://yalla-fel-sekka.breezy.hr
YallaPlay,yallaplay,https://yallaplay.breezy.hr
The Yay Company,yay-lunch,https://yay-lunch.breezy.hr
Yego,yego,https://yego.breezy.hr
YiYiEnglish,yiyienglish,https://yiyienglish.breezy.hr
YMCA of Central Texas,ymca-of-central-texas,https://ymca-of-central-texas.breezy.hr
Yokly,yokly,https://yokly.breezy.hr
Your Money Line,your-money-line,https://your-money-line.breezy.hr
Your Paths To Life,your-paths-to-life,https://your-paths-to-life.breezy.hr
Youtopia LLC,youtopia-llc,https://youtopia-llc.breezy.hr
Yox,yox,https://yox.breezy.hr
Yrefy LLC,yrefy-llc,https://yrefy-llc.breezy.hr
EYouth,ywth,https://ywth.breezy.hr
zact,zact,https://zact.breezy.hr
Zact Inc.,zact-inc,https://zact-inc.breezy.hr
Zantech,zantech-it,https://zantech-it.breezy.hr
Zeal,zeal,https://zeal.breezy.hr
Zeeks Pizza,zeeks-pizza,https://zeeks-pizza.breezy.hr
Zeelo,zeelo,https://zeelo.breezy.hr
Zendar,zendar,https://zendar.breezy.hr
Zeno Power,zeno-power,https://zeno-power.breezy.hr
Zero-G,zero-g,https://zero-g.breezy.hr
zerohash,zero-hash,https://zero-hash.breezy.hr
Zetier,zetier,https://zetier.breezy.hr
Zifty,zifty,https://zifty.breezy.hr
Zinier,zinier,https://zinier.breezy.hr
ZwitterCo,zwitterco,https://zwitterco.breezy.hr
RightBlue Labs Inc,021-strategic,https://021-strategic.breezy.hr
1-grid,1-grid,https://1-grid.breezy.hr
1234S.org,1234s,https://1234s.breezy.hr
American Equipment Services,1aes,https://1aes.breezy.hr
"1st Edge, LLC",1st-edge-llc,https://1st-edge-llc.breezy.hr
25madison,25madison-llc,https://25madison-llc.breezy.hr
2ULaundry,2ulaundry,https://2ulaundry.breezy.hr
3 Forks Services,3-forks-services,https://3-forks-services.breezy.hr
360 Apartment Renovations,360-apartment-renovations,https://360-apartment-renovations.breezy.hr
3 Brasseurs Canada,3brasseurs,https://3brasseurs.breezy.hr
75F,75f,https://75f.breezy.hr
75F APAC,75f-apac,https://75f-apac.breezy.hr
A-Core Concrete Specialists,a-core-concrete-specialists,https://a-core-concrete-specialists.breezy.hr
A.M.T.A.E. Solutions,a-m-t-a-e-solutions,https://a-m-t-a-e-solutions.breezy.hr
Merante,a-merante-contracting-inc,https://a-merante-contracting-inc.breezy.hr
ABC arbitrage,abc-arbitrage,https://abc-arbitrage.breezy.hr
Abel & Cole,abel-cole,https://abel-cole.breezy.hr
Aberdeen Home Care,aberdeen-home-care,https://aberdeen-home-care.breezy.hr
Zeus Fire and Security,absolute-security,https://absolute-security.breezy.hr
AccelOne,accelone,https://accelone.breezy.hr
Accordus,accordus,https://accordus.breezy.hr
ACE & Company,aceandcompany,https://aceandcompany.breezy.hr
Actimage,actimage,https://actimage.breezy.hr
Activate Group Limited,activate-group-limited,https://activate-group-limited.breezy.hr
Adah International part of pmX Group,adah-international-llc,https://adah-international-llc.breezy.hr
ADfusion Contract Management Services (Pty) Ltd,adfusion,https://adfusion.breezy.hr
Adolescent Wellness Academy,adolescent-wellness-academy,https://adolescent-wellness-academy.breezy.hr
AdQuick,adquick,https://adquick.breezy.hr
Advance Financial,advance-financial,https://advance-financial.breezy.hr
"Advanced Crypto Services, Inc.",advanced-crypto-services-inc,https://advanced-crypto-services-inc.breezy.hr
Advanced Disaster Recovery,advanced-dri,https://advanced-dri.breezy.hr
Advantage Design Group,advantage-design-group,https://advantage-design-group.breezy.hr
Advisicon,advisicon,https://advisicon.breezy.hr
AF,af,https://af.breezy.hr
Gates Foundation,agileone,https://agileone.breezy.hr
Aion,aion,https://aion.breezy.hr
AIR HR,air-hr,https://air-hr.breezy.hr
"Airplus Refrigeration, Inc.",airplus-refrigeration-inc,https://airplus-refrigeration-inc.breezy.hr
Alabama Oncology,alabama-oncology,https://alabama-oncology.breezy.hr
Alabaster City Schools,alabaster-city-schools,https://alabaster-city-schools.breezy.hr
Alarm Guard Security Services Inc.,alarm-guard-security-services-inc,https://alarm-guard-security-services-inc.breezy.hr
ALEM Sistem,alem-sistem,https://alem-sistem.breezy.hr
AlemHealth,alemhealth,https://alemhealth.breezy.hr
Alfabs,alfabs,https://alfabs.breezy.hr
Align Custom Fit,align-custom-fit-footwear-footcare,https://align-custom-fit-footwear-footcare.breezy.hr
All About Kids,all-about-kids,https://all-about-kids.breezy.hr
Allana Buick & Bers,allana-buick-bers,https://allana-buick-bers.breezy.hr
Alliance,alliance,https://alliance.breezy.hr
Alliance Coal and Affiliates Internship Program,alliance-coal-and-affiliates-internship-program,https://alliance-coal-and-affiliates-internship-program.breezy.hr
Alliance Coal LLC,alliance-resource-partners-lp,https://alliance-resource-partners-lp.breezy.hr
Allora HR,allora-hr,https://allora-hr.breezy.hr
Allure Aesthetics,allure-aesthetics,https://allure-aesthetics.breezy.hr
alooola,alooola,https://alooola.breezy.hr
Alpin,alpin-gmbh,https://alpin-gmbh.breezy.hr
Altierra,altierra,https://altierra.breezy.hr
Altitude Roofing,altitude-roofing-ltd,https://altitude-roofing-ltd.breezy.hr
Altodia,altodia,https://altodia.breezy.hr
"Altus, LLC",altus-llc,https://altus-llc.breezy.hr
Altus Pediatric Billing,altus-pediatric-billing,https://altus-pediatric-billing.breezy.hr
AmazingCo,amazingco,https://amazingco.breezy.hr
American Academy,american-academy,https://american-academy.breezy.hr
American Antiquarian Society,american-antiquarian-society,https://american-antiquarian-society.breezy.hr
American Council of Engineering Companies,american-council-of-engineering-companies,https://american-council-of-engineering-companies.breezy.hr
Amity Solutions,amity-solutions,https://amity-solutions.breezy.hr
Ampersand Rwanda Ltd,ampersand-rwanda-ltd,https://ampersand-rwanda-ltd.breezy.hr
Analyst Institute,analyst-institute,https://analyst-institute.breezy.hr
Ancient Crunch Inc.,ancient-crunch,https://ancient-crunch.breezy.hr
Local Restaurant Group,andolini-s-llc,https://andolini-s-llc.breezy.hr
DIETIVO,andonovo,https://andonovo.breezy.hr
Andrews Senior Care,andrews-senior-care,https://andrews-senior-care.breezy.hr
Anka,anka,https://anka.breezy.hr
Answer Aide,answeraide,https://answeraide.breezy.hr
Anthem Engineering,anthem-engineering,https://anthem-engineering.breezy.hr
antidote,antidote,https://antidote.breezy.hr
APM Music,apm-music,https://apm-music.breezy.hr
Apollo After School,apollo-after-school,https://apollo-after-school.breezy.hr
Applied Imagination,applied-imagination,https://applied-imagination.breezy.hr
Apption,apption,https://apption.breezy.hr
April Health,april-health,https://april-health.breezy.hr
Apriorit,apriorit,https://apriorit.breezy.hr
AQUA BLUE POOLS,aqua-blue-pools,https://aqua-blue-pools.breezy.hr
Aquino Capital Group LLC empowered by NEXA Mortgage LLC,aquino-capital-group-llc-empowered-by-nexa-mortgage-llc,https://aquino-capital-group-llc-empowered-by-nexa-mortgage-llc.breezy.hr
Guardian Fire Services,arapahoe-fire,https://arapahoe-fire.breezy.hr
Archangel Lightworks,archangellightworks,https://archangellightworks.breezy.hr
Arclight Painting,arclight-painting-llc,https://arclight-painting-llc.breezy.hr
ARRCC,arrcc,https://arrcc.breezy.hr
Artifex Interior Systems Limited,artifex-interior-systems-limited,https://artifex-interior-systems-limited.breezy.hr
"Artis, LLC",artis-llc,https://artis-llc.breezy.hr
Arts & Science Undergraduate Society,arts-science-undergraduate-society,https://arts-science-undergraduate-society.breezy.hr
Ascent Robotics,ascent-robotics,https://ascent-robotics.breezy.hr
Ashber Offshore Sdn Bhd (Brunei),ashber-offshore-sdn-bhd,https://ashber-offshore-sdn-bhd.breezy.hr
ASSC - HES sortants 2026,assc-hes-apprentissage-hfr,https://assc-hes-apprentissage-hfr.breezy.hr
Assignar,assignar,https://assignar.breezy.hr
Associated Services Inspections,associated-services-inspections,https://associated-services-inspections.breezy.hr
AtWork Personnel,at-work-cincy,https://at-work-cincy.breezy.hr
"Atec, Inc.",atec-inc,https://atec-inc.breezy.hr
Athletes First,athletes-first,https://athletes-first.breezy.hr
"Atlanta Cycling, Trek Chattanooga, Trek South Carolina",atlanta-cycling,https://atlanta-cycling.breezy.hr
Witham Family Hotels,atlanticoceansidehotel,https://atlanticoceansidehotel.breezy.hr
Atlas RFID,atlas-rfid-solutions-store-llc,https://atlas-rfid-solutions-store-llc.breezy.hr
ATP Flight School,atp-flight-school,https://atp-flight-school.breezy.hr
Augment Life,augment-life,https://augment-life.breezy.hr
AURIC,auric,https://auric.breezy.hr
Aurora Patents,aurora-consulting,https://aurora-consulting.breezy.hr
Austin Retina Associates,austin-retina-associates,https://austin-retina-associates.breezy.hr
JNR Recruiting LLC,authority-brands-woofies,https://authority-brands-woofies.breezy.hr
Autotiv,autotiv,https://autotiv.breezy.hr
Avalon Salons I Spa,avalon-salons-and-spa,https://avalon-salons-and-spa.breezy.hr
AVTECH Global,aviation-technology-associates-llc,https://aviation-technology-associates-llc.breezy.hr
Awarri,awarri,https://awarri.breezy.hr
"Axis Construction Mgmt., LLC.",axis-construction-mgmt--llc,https://axis-construction-mgmt--llc.breezy.hr
B/SPOKE Studios,b-spoke-studios,https://b-spoke-studios.breezy.hr
Babylonstoren,babylonstoren,https://babylonstoren.breezy.hr
Baisch Engineering,baisch-engineering,https://baisch-engineering.breezy.hr
Baked Bros™,baked-bros,https://baked-bros.breezy.hr
Balani Custom Clothiers,balani-custom-clothiers,https://balani-custom-clothiers.breezy.hr
Witham Family Hotels,barharborinn,https://barharborinn.breezy.hr
Barloworld Equipment,barloworldequipment,https://barloworldequipment.breezy.hr
Barriques,barriques,https://barriques.breezy.hr
BasicBlock Inc.,basicblock-inc,https://basicblock-inc.breezy.hr
MGI Bass Gordon,bassgordon,https://bassgordon.breezy.hr
Baymeadows Movers,baymeadows-movers,https://baymeadows-movers.breezy.hr
Be Caring,be-caring-ltd,https://be-caring-ltd.breezy.hr
Beacon Inspection,beacon-inspection,https://beacon-inspection.breezy.hr
Beagle Services,beagle-services,https://beagle-services.breezy.hr
Beam,beam,https://beam.breezy.hr
Bear,bear-group,https://bear-group.breezy.hr
Bederr,bederr,https://bederr.breezy.hr
Bedford Commons OBGYN,bedford-commons-obgyn,https://bedford-commons-obgyn.breezy.hr
Beets Hospitality Group,beets-catering,https://beets-catering.breezy.hr
Behavior Intervention Group,behavior-intervention-group,https://behavior-intervention-group.breezy.hr
Behavior Treatment & Analysis,behavior-treatment-analysis,https://behavior-treatment-analysis.breezy.hr
Behavioral Health Field,behavioral-health-field-inc,https://behavioral-health-field-inc.breezy.hr
Bellesa,bellesa,https://bellesa.breezy.hr
"Beta Bionics, Inc.",beta-bionics-inc,https://beta-bionics-inc.breezy.hr
Betaworks,betaworks,https://betaworks.breezy.hr
BETER,beter,https://beter.breezy.hr
BetterMynd,bettermynd,https://bettermynd.breezy.hr
Splash Sports,betterpool,https://betterpool.breezy.hr
Bettersource,bettersource,https://bettersource.breezy.hr
BeyondFS,beyondfs,https://beyondfs.breezy.hr
BibRave,bibrave,https://bibrave.breezy.hr
Bicom Systems,bicom-systems,https://bicom-systems.breezy.hr
Big Fat Smile Group LTD,big-fat-smile-group-ltd,https://big-fat-smile-group-ltd.breezy.hr
Big Leap Health,big-leap-health,https://big-leap-health.breezy.hr
NEXT School,big-picture,https://big-picture.breezy.hr
Birthday App,birthday-capsule,https://birthday-capsule.breezy.hr
Bitfire Games,bitfire-games,https://bitfire-games.breezy.hr
Bitwave,bitwave,https://bitwave.breezy.hr
Bizintek,bizintek-innova,https://bizintek-innova.breezy.hr
Black Airplane,black-airplane,https://black-airplane.breezy.hr
"Black Ink Business Services, LLC",black-ink-business-services,https://black-ink-business-services.breezy.hr
Black & McDonald Français,black-mcdonald-francais,https://black-mcdonald-francais.breezy.hr
Black Men Talk Tech,black-men-talk-tech,https://black-men-talk-tech.breezy.hr
Blanton-Peale Institute,blanton-peale-institute,https://blanton-peale-institute.breezy.hr
blended.io,blended,https://blended.breezy.hr
Blessings in a Backpack,blessings-in-a-backpack,https://blessings-in-a-backpack.breezy.hr
Blue Sky Pest Control,blue-sky-pest-control,https://blue-sky-pest-control.breezy.hr
Blue Bear Waste Services,bluebearwaste,https://bluebearwaste.breezy.hr
BlueConduit,blueconduit,https://blueconduit.breezy.hr
Bluegrass Digital,bluegrass-technologies-pty-ltd,https://bluegrass-technologies-pty-ltd.breezy.hr
Blueprint Smiles,blueprint-smiles,https://blueprint-smiles.breezy.hr
Bluestem Biosciences,bluestem-biosciences,https://bluestem-biosciences.breezy.hr
BMOC Group,bmoc-group,https://bmoc-group.breezy.hr
Bold Metrics,bold-metrics,https://bold-metrics.breezy.hr
Boldare,boldare,https://boldare.breezy.hr
Boll & Branch,boll-branch,https://boll-branch.breezy.hr
Bond,bond,https://bond.breezy.hr
Border State Security,border-state-security,https://border-state-security.breezy.hr
BOSS Tech,boss-tech,https://boss-tech.breezy.hr
Boston Scally,boston-scally,https://boston-scally.breezy.hr
Bounce Therapy,bounce-therapy,https://bounce-therapy.breezy.hr
Boxbar Tech,boxbar-tech,https://boxbar-tech.breezy.hr
Boxtro LLP 123,boxtro,https://boxtro.breezy.hr
BPR Consulting Group LLC,bpr-consulting-group-llc,https://bpr-consulting-group-llc.breezy.hr
Bradshaw Home,bradshaw-home,https://bradshaw-home.breezy.hr
Brain Box Automations,brainbox-automations,https://brainbox-automations.breezy.hr
Brainscape,brainscape,https://brainscape.breezy.hr
Brandista España,brandista,https://brandista.breezy.hr
BrandLovers,brandlovrs,https://brandlovrs.breezy.hr
Brand Momentum,brandmomentum,https://brandmomentum.breezy.hr
Braun Transition Team,brauntransitionteam,https://brauntransitionteam.breezy.hr
Breakthrough,breakthrough,https://breakthrough.breezy.hr
Breakthrough Discoveries,breakthrough-discoveries,https://breakthrough-discoveries.breezy.hr
Bridge Strategies (former KasaHR),bridge-strategies,https://bridge-strategies.breezy.hr
BridgePoint Bible Church,bridgepoint-bible,https://bridgepoint-bible.breezy.hr
Bridger Aerospace,bridger-aerospace,https://bridger-aerospace.breezy.hr
Brisbane Powerhouse,brisbane-powerhouse,https://brisbane-powerhouse.breezy.hr
Bristow and Sutor Group,bristow-and-sutor-group,https://bristow-and-sutor-group.breezy.hr
Brookside Church,brookside-church,https://brookside-church.breezy.hr
Budapest School,budapest-school,https://budapest-school.breezy.hr
Bulk Equipment Corp.,bulk-equipment-corp,https://bulk-equipment-corp.breezy.hr
Bulla Dairy Foods,bulla,https://bulla.breezy.hr
bungalow,bungalow,https://bungalow.breezy.hr
Business Staffing of America,business-staffing-of-america-inc,https://business-staffing-of-america-inc.breezy.hr
Business System Solutions,business-system-solutions,https://business-system-solutions.breezy.hr
C3 Trucking,c3-trucking,https://c3-trucking.breezy.hr
Cal.com,cal-com,https://cal-com.breezy.hr
Caliber,caliber-fitness,https://caliber-fitness.breezy.hr
Cambridge Security Services,cambridge-security-services,https://cambridge-security-services.breezy.hr
Campbell & Company,campbell-company,https://campbell-company.breezy.hr
Canadian Base Operators,canadian-base-operators,https://canadian-base-operators.breezy.hr
Capitol Hill Consortium for Counseling & Consultation,capitolhill-consortium-for-consulting-consultation-llc-cccc-llc,https://capitolhill-consortium-for-consulting-consultation-llc-cccc-llc.breezy.hr
captainbook,captainbook,https://captainbook.breezy.hr
Carbonhound,carbonhound-inc,https://carbonhound-inc.breezy.hr
"Cardiology Associates of Altoona, L.L.P.",cardiology-associates-of-altoona-l-l-p,https://cardiology-associates-of-altoona-l-l-p.breezy.hr
Hankook Tire,careers-hankooktire,https://careers-hankooktire.breezy.hr
Cartesoft,cartesoft,https://cartesoft.breezy.hr
The SPEAK Center for Language and Learning,casa-speech-and-development,https://casa-speech-and-development.breezy.hr
Cascade Bio,cascade-biocatalysts,https://cascade-biocatalysts.breezy.hr
Limitlessli,casm-limitlessli,https://casm-limitlessli.breezy.hr
Caxy Interactive,caxy-interactive,https://caxy-interactive.breezy.hr
CCCHURCH,ccchurch,https://ccchurch.breezy.hr
CEFALY Technology,cefaly-technology,https://cefaly-technology.breezy.hr
Center for a New American Security,center-for-a-new-american-security,https://center-for-a-new-american-security.breezy.hr
Center for Care Innovations,center-for-care-innovations,https://center-for-care-innovations.breezy.hr
Center for Responsive Schools,center-for-responsive-schools,https://center-for-responsive-schools.breezy.hr
Hakuba Central Snowsports,central-snowsports,https://central-snowsports.breezy.hr
Central Bank of Lesotho,centralbankoflesotho,https://centralbankoflesotho.breezy.hr
Centurion Information Security,centurion-information-security,https://centurion-information-security.breezy.hr
Century Consulting Services,century-consulting-services,https://century-consulting-services.breezy.hr
Ceresti Health,ceresti-health,https://ceresti-health.breezy.hr
Construction Force Services,cfs,https://cfs.breezy.hr
ChargeSpot,chargespot,https://chargespot.breezy.hr
CHAT ASSASSINS,chat-assassins,https://chat-assassins.breezy.hr
Chayn CIO,chayn-cio,https://chayn-cio.breezy.hr
Chazin,chazin-company,https://chazin-company.breezy.hr
Chesapeake Specialty Care,chesapeake-specialty-care,https://chesapeake-specialty-care.breezy.hr
Chess Wizards,chess-wizards,https://chess-wizards.breezy.hr
Child Communication and Behavior Specialists,child-communication-and-behavior-specialists,https://child-communication-and-behavior-specialists.breezy.hr
Children's Dental FunZone,children-s-dental-funzone,https://children-s-dental-funzone.breezy.hr
Children's Healing Center,children-s-healing-center,https://children-s-healing-center.breezy.hr
Chinook Systems,chinook-systems,https://chinook-systems.breezy.hr
ChromePMS,chromepms,https://chromepms.breezy.hr
Church of the Highlands,church-of-the-highlands,https://church-of-the-highlands.breezy.hr
Citiside Property Management,citiside-property-management,https://citiside-property-management.breezy.hr
City of Moab,city-of-moab,https://city-of-moab.breezy.hr
The City Reporter,city-report-inc,https://city-report-inc.breezy.hr
Citybook Services LTD,citybook,https://citybook.breezy.hr
CIYIS,ciyis-llc,https://ciyis-llc.breezy.hr
Clarke Consulting,clarke-consulting,https://clarke-consulting.breezy.hr
Clear Behavioral Health,clear-behavioral-health,https://clear-behavioral-health.breezy.hr
ClearOne Advantage,clear-one-advantange,https://clear-one-advantange.breezy.hr
Clever Bee Academy,cleverbee-academy-llc,https://cleverbee-academy-llc.breezy.hr
CleverClicks,cleverclicks,https://cleverclicks.breezy.hr
Click Tie,click-tie,https://click-tie.breezy.hr
Climate Defiance Action,climate-defiance,https://climate-defiance.breezy.hr
Climavision,climavision,https://climavision.breezy.hr
CloudCommerce,cloudcommerce,https://cloudcommerce.breezy.hr
CloudCure,cloudcure,https://cloudcure.breezy.hr
Clove & Twine,clove-twine,https://clove-twine.breezy.hr
Cloverleaf Care,cloverleaf-care,https://cloverleaf-care.breezy.hr
Clovyr,clovyr,https://clovyr.breezy.hr
ClubRunner,clubrunner,https://clubrunner.breezy.hr
SwissVet Group,cluster-1-sa,https://cluster-1-sa.breezy.hr
Coakley Brothers Company,coakley-brothers-company,https://coakley-brothers-company.breezy.hr
COC Consulting,coc-consulting,https://coc-consulting.breezy.hr
Codebase,codebase,https://codebase.breezy.hr
Cogent Labs,cogentlabs,https://cogentlabs.breezy.hr
Cognizo,cognizo,https://cognizo.breezy.hr
Collectiv,collectiv,https://collectiv.breezy.hr
College Contact,college-contact,https://college-contact.breezy.hr
Colnago,colnago-ernesto-e-c-srl,https://colnago-ernesto-e-c-srl.breezy.hr
Colonial Surety Company,colonial-surety-company,https://colonial-surety-company.breezy.hr
Colorado Children's Campaign,coloradokids,https://coloradokids.breezy.hr
Colossus,colossus,https://colossus.breezy.hr
Columbia-Greene Community College,columbia-greene-community-college,https://columbia-greene-community-college.breezy.hr
Cometeer,cometeer,https://cometeer.breezy.hr
Commercial Cleaning Services,commercial-cleaning-services,https://commercial-cleaning-services.breezy.hr
Commerzbank AG – Poland,commerzbank-poland,https://commerzbank-poland.breezy.hr
Commonwealth Institute,commonwealth-institute,https://commonwealth-institute.breezy.hr
Community Health Net,community-health-net,https://community-health-net.breezy.hr
Community Influencer,community-influencer-r,https://community-influencer-r.breezy.hr
Community Youth Network,community-youth-network,https://community-youth-network.breezy.hr
Commutatus,commutatus,https://commutatus.breezy.hr
Compass Family Services,compass-family-services,https://compass-family-services.breezy.hr
"Competitive Range Solutions, LLC",competitive-range-solutions-llc,https://competitive-range-solutions-llc.breezy.hr
Conducive,conducive-consulting-inc,https://conducive-consulting-inc.breezy.hr
Confidence Health Resources,confidence-health-resources,https://confidence-health-resources.breezy.hr
Connect2BPO,connect2bpo-sas,https://connect2bpo-sas.breezy.hr
Consolidated Bus Transit,consolidated-bus-transit,https://consolidated-bus-transit.breezy.hr
Contender,contender-labs,https://contender-labs.breezy.hr
Controller Chaos,controller-chaos,https://controller-chaos.breezy.hr
ControlPoint Technologies,controlpoint-technologies,https://controlpoint-technologies.breezy.hr
Converge Strategies,converge-strategies,https://converge-strategies.breezy.hr
Cool Transports & Merit Oil,cool-transports,https://cool-transports.breezy.hr
MEG,core-mkt,https://core-mkt.breezy.hr
Cornerstone Christian Counseling,cornerstone-christian-counseling,https://cornerstone-christian-counseling.breezy.hr
Corporate Traffic Logistics,corporate-traffic-logistics,https://corporate-traffic-logistics.breezy.hr
Cosmic Delivery,cosmic-delivery,https://cosmic-delivery.breezy.hr
Cox PLLC,cox-pllc,https://cox-pllc.breezy.hr
CQ Floors,cq-floors-llc,https://cq-floors-llc.breezy.hr
CRC - PERU Cruceros,crc-peru,https://crc-peru.breezy.hr
Creaholic,creaholic-sa,https://creaholic-sa.breezy.hr
Creative Capsule,creative-capsule,https://creative-capsule.breezy.hr
Creative Spirit,creative-spirit,https://creative-spirit.breezy.hr
Crodu,crodu,https://crodu.breezy.hr
Cromwell Architects Engineers,cromwell-architects-engineers-inc-e1e86af4125f,https://cromwell-architects-engineers-inc-e1e86af4125f.breezy.hr
Crowd Cow,crowd-cow,https://crowd-cow.breezy.hr
Crush City Innovation,crush-city-innovation,https://crush-city-innovation.breezy.hr
CT United FC,ct-united-fc,https://ct-united-fc.breezy.hr
CTCP,ctcp,https://ctcp.breezy.hr
Ctrack,ctrack,https://ctrack.breezy.hr
Cumplo,cumplo,https://cumplo.breezy.hr
Cumula 3 Group,cumula3,https://cumula3.breezy.hr
Custom Foods,customfoods,https://customfoods.breezy.hr
Cyber Advisors,cyber-advisors,https://cyber-advisors.breezy.hr
Hyperclear Tech,cyberlogic,https://cyberlogic.breezy.hr
Cyberpuerta,cyberpuerta,https://cyberpuerta.breezy.hr
Cycan Industries,cycan-industries,https://cycan-industries.breezy.hr
CZ Logistics,cz-logistics,https://cz-logistics.breezy.hr
Daffodil Storage,daffodil-storage,https://daffodil-storage.breezy.hr
Dalet,dalet,https://dalet.breezy.hr
Damas Jewellery,damas-jewellery,https://damas-jewellery.breezy.hr
Dance To EvOLvE,dance-to-evolve,https://dance-to-evolve.breezy.hr
Dapi,dapi,https://dapi.breezy.hr
DBA,daring-bit-assembly,https://daring-bit-assembly.breezy.hr
Darwins,darwins,https://darwins.breezy.hr
Datalere,datalere,https://datalere.breezy.hr
DataMap,datamap,https://datamap.breezy.hr
"Dayton Granger, Inc.",dayton-granger-inc,https://dayton-granger-inc.breezy.hr
De Young Properties,de-young-properties,https://de-young-properties.breezy.hr
Deako,deako,https://deako.breezy.hr
DealMachine,dealmachine-llc,https://dealmachine-llc.breezy.hr
DeanHouston,deanhouston,https://deanhouston.breezy.hr
Third Wave Business Systems,deca-development-group,https://deca-development-group.breezy.hr
DECA Games,deca-games,https://deca-games.breezy.hr
DeepAR,deepar,https://deepar.breezy.hr
DeGate,degate,https://degate.breezy.hr
"Delan Associates, Inc",delan-associates-inc,https://delan-associates-inc.breezy.hr
Dental Depot,dental-depot,https://dental-depot.breezy.hr
Desert of Maine Campground,desert-of-maine,https://desert-of-maine.breezy.hr
Developex,developex,https://developex.breezy.hr
Development Gateway,development-gateway,https://development-gateway.breezy.hr
DevelopmentNow,developmentnow,https://developmentnow.breezy.hr
Device Insight,device-insight,https://device-insight.breezy.hr
PS2G,digidoc-inc-dba-public-sector-solutions-group,https://digidoc-inc-dba-public-sector-solutions-group.breezy.hr
DigiSay,digisay,https://digisay.breezy.hr
"Digital FastForward, Inc.",digital-fast-forward,https://digital-fast-forward.breezy.hr
"Digital Onboarding, Inc.",digital-onboarding-inc,https://digital-onboarding-inc.breezy.hr
Digitus,digitus,https://digitus.breezy.hr
DiMercurio Advisors LLC,dimercurio-advisors-llc,https://dimercurio-advisors-llc.breezy.hr
DivaDance,divadance,https://divadance.breezy.hr
Djamo,djamo,https://djamo.breezy.hr
DMS International,dms-international,https://dms-international.breezy.hr
Dog Daycare,dogdaycare,https://dogdaycare.breezy.hr
Dogma Alares,dogma-alares,https://dogma-alares.breezy.hr
Radiant Plumbing and Air Conditioning,done-plumbing-and-heating,https://done-plumbing-and-heating.breezy.hr
Douglass & Runger PLLC,douglass-runger-pllc,https://douglass-runger-pllc.breezy.hr
Downtown Denver Partnership,downtown-denver-partnership,https://downtown-denver-partnership.breezy.hr
DP Logistics,dp-logistics,https://dp-logistics.breezy.hr
Drips,drips,https://drips.breezy.hr
Driving Academy,driving-academy,https://driving-academy.breezy.hr
Drodex,drodex,https://drodex.breezy.hr
Drone Harmony,drone-harmony,https://drone-harmony.breezy.hr
DropGenie,drop-genie,https://drop-genie.breezy.hr
Dropit Shopping,dropit,https://dropit.breezy.hr
DS2,ds2,https://ds2.breezy.hr
Duncan Family Farms,duncan-family-farms-inc,https://duncan-family-farms-inc.breezy.hr
E & E Tech,e-e-tech,https://e-e-tech.breezy.hr
Eagle Technologies LLC,eagle-technologies-llc,https://eagle-technologies-llc.breezy.hr
Huntey's Clubhouse,early-learning-company,https://early-learning-company.breezy.hr
Earth Angels Home Care,earth-angels-home-care,https://earth-angels-home-care.breezy.hr
eCare Vault,ecare-vault-inc,https://ecare-vault-inc.breezy.hr
Echelon Solar Power,echelon-solar-power,https://echelon-solar-power.breezy.hr
"ECHO, Leahy Center for Lake Champlain",echo-leahy-center-for-lake-champlain,https://echo-leahy-center-for-lake-champlain.breezy.hr
Export Credit Insurance Corporation of SA SOC Ltd,ecic,https://ecic.breezy.hr
eCore Services,ecore-services,https://ecore-services.breezy.hr
EDF power solutions South Africa,edfpowersolutions,https://edfpowersolutions.breezy.hr
Edrolo,edrolo,https://edrolo.breezy.hr
Edunation Holdings,eduevolve,https://eduevolve.breezy.hr
eeproperty SA,eeproperty-sa,https://eeproperty-sa.breezy.hr
Elan Preschool,elan-preschool,https://elan-preschool.breezy.hr
Eldercare Resource Planning,eldercare-resource-planning,https://eldercare-resource-planning.breezy.hr
Elevate Commercial,elevate-commercial,https://elevate-commercial.breezy.hr
Elevate Counseling + Wellness,elevate-counseling-wellness,https://elevate-counseling-wellness.breezy.hr
Elevation Church Worship Teams,elevation-worship,https://elevation-worship.breezy.hr
Witham Family Hotels,ellsworthhamtptoninn,https://ellsworthhamtptoninn.breezy.hr
Elvis Eckardt Recruitment & Sales Solutions Limited,elvis-eckardt-recruitment-sales-solutions-limited,https://elvis-eckardt-recruitment-sales-solutions-limited.breezy.hr
Emplicit,emplicit-inc,https://emplicit-inc.breezy.hr
Empyrean Hospice,empyrean-hospice,https://empyrean-hospice.breezy.hr
Enapter,enapter-gmbh,https://enapter-gmbh.breezy.hr
EncorEstate Plans,encorestate-plans,https://encorestate-plans.breezy.hr
Engineer Up,engineer-up,https://engineer-up.breezy.hr
enginzyme,enginzyme,https://enginzyme.breezy.hr
English Musicals Korea,english-musicals-korea,https://english-musicals-korea.breezy.hr
Ensemble Performing Arts,ensemble-performing-arts,https://ensemble-performing-arts.breezy.hr
Enterprise Ventures Corporation,enterprise-ventures-corporation,https://enterprise-ventures-corporation.breezy.hr
enVention,envention,https://envention.breezy.hr
Epic Cleantec,epic-cleantec,https://epic-cleantec.breezy.hr
EQ3,eq3-ltd,https://eq3-ltd.breezy.hr
equipal,equipal,https://equipal.breezy.hr
Erdman Anthony,erdman-anthony,https://erdman-anthony.breezy.hr
ETEL Transformers,etel-transformers,https://etel-transformers.breezy.hr
ETIQA,etiqa-srl,https://etiqa-srl.breezy.hr
Eureka Robotics,eurekarobotics,https://eurekarobotics.breezy.hr
European Pubs,european-pubs,https://european-pubs.breezy.hr
Euvori Aquatics,euvori-aquatics,https://euvori-aquatics.breezy.hr
"Eventus Advisory Group, LLC",eventus-advisory-group-llc,https://eventus-advisory-group-llc.breezy.hr
Everspring Inc,everspring-inc,https://everspring-inc.breezy.hr
Evolve Studios,evolvestudios,https://evolvestudios.breezy.hr
excellent recruitment,excellent-recruitment,https://excellent-recruitment.breezy.hr
Transworld Business Advisors of Grand Rapids and Lansing,exit-factor-of-grand-rapids-and-lansing,https://exit-factor-of-grand-rapids-and-lansing.breezy.hr
ARNVIND GROUP,exo-arnvind,https://exo-arnvind.breezy.hr
Experience Columbus,experience-columbus,https://experience-columbus.breezy.hr
Expression,expression-networks,https://expression-networks.breezy.hr
Extreme Hair,extremehair,https://extremehair.breezy.hr
Eyes On Eyecare,eyesoneyecare,https://eyesoneyecare.breezy.hr
FabStation,fabstation,https://fabstation.breezy.hr
Factal,factal,https://factal.breezy.hr
Fair Trade Outsourcing,fair-trade-outsourcing,https://fair-trade-outsourcing.breezy.hr
Fairgrounds,fairgrounds,https://fairgrounds.breezy.hr
FairSquare,fairsquare,https://fairsquare.breezy.hr
FAMCO Logistics,famcologistics,https://famcologistics.breezy.hr
Farmshelf,farmshelf,https://farmshelf.breezy.hr
Fastenal Europe,fastenal,https://fastenal.breezy.hr
Fastship.co,fastship-co,https://fastship-co.breezy.hr
Fathom,fathom,https://fathom.breezy.hr
FatturaElettronica APP,fatturaelettronicapa,https://fatturaelettronicapa.breezy.hr
Fawkes,fawkes,https://fawkes.breezy.hr
FC Renew,fc-renew-llc,https://fc-renew-llc.breezy.hr
"Frequency Electronics, Inc",fei,https://fei.breezy.hr
Felician Sisters of North America,felician-sisters-of-north-america,https://felician-sisters-of-north-america.breezy.hr
Feminists for Life,femin,https://femin.breezy.hr
Finnrick Analytics,finnrick-analytics,https://finnrick-analytics.breezy.hr
First Priority Manufacturing,first-priority-manufacturing,https://first-priority-manufacturing.breezy.hr
FixMeStick Technologies,fixmestick-technologies,https://fixmestick-technologies.breezy.hr
Flat Bridge,flat-bridge,https://flat-bridge.breezy.hr
Flossy,flossy,https://flossy.breezy.hr
FLOWER CO.,flower-company,https://flower-company.breezy.hr
FocusNet GmbH,focusnet-gmbh,https://focusnet-gmbh.breezy.hr
Fohr,fohr,https://fohr.breezy.hr
Foodcraft,foodcraft-catering-events,https://foodcraft-catering-events.breezy.hr
Forestown,forestown,https://forestown.breezy.hr
Forrest Technical Coatings,forrest-technical-coatings,https://forrest-technical-coatings.breezy.hr
Fort Worth STEAM Academy,fort-worth-steam-academy,https://fort-worth-steam-academy.breezy.hr
FortyAU,fortyau,https://fortyau.breezy.hr
Foundation for Jewish Camp,foundation-for-jewish-camp,https://foundation-for-jewish-camp.breezy.hr
Four Eyes Financial,four-eyes-financial,https://four-eyes-financial.breezy.hr
Fractal River,fractal-river,https://fractal-river.breezy.hr
Frasal,frasal,https://frasal.breezy.hr
Freedom2o,freedom2o,https://freedom2o.breezy.hr
Freehouse Partners,freehouse-partners,https://freehouse-partners.breezy.hr
Freeman Herbs,freeman-herbs,https://freeman-herbs.breezy.hr
"Freyer & Laureta, Inc.",freyer-laureta-inc,https://freyer-laureta-inc.breezy.hr
"Freyssinet, Inc",freyssinet-incorporated,https://freyssinet-incorporated.breezy.hr
Fugo Games,fugo-games,https://fugo-games.breezy.hr
GALIMBERTI LEGNO E BIOEDILIZIA,galimberti,https://galimberti.breezy.hr
Galveston County Health District,galveston-county-health-district,https://galveston-county-health-district.breezy.hr
GAMUT Behavioral Services,gamut-behavioral-services,https://gamut-behavioral-services.breezy.hr
Garner Foods,garner-foods,https://garner-foods.breezy.hr
Gateway Domestic Violence Services,gatewayshelter,https://gatewayshelter.breezy.hr
The Center,gaycenter,https://gaycenter.breezy.hr
GCI Security,gci-security-inc,https://gci-security-inc.breezy.hr
"Gen Nine, Inc.",gen-nine-inc,https://gen-nine-inc.breezy.hr
Genex Systems,genex-systems,https://genex-systems.breezy.hr
"George F. Young, Inc.",george-f-young,https://george-f-young.breezy.hr
George’s Tradition,george-s-tradition,https://george-s-tradition.breezy.hr
Gibson County Coal LLC,gibson-county-coal-llc,https://gibson-county-coal-llc.breezy.hr
GigaLayer,gigalayer,https://gigalayer.breezy.hr
GigSmart,gigsmart,https://gigsmart.breezy.hr
Glassman Wealth Services,glassman-wealth-services,https://glassman-wealth-services.breezy.hr
"Global Charter Services, Inc.",global-charter-services-inc,https://global-charter-services-inc.breezy.hr
Global Fund for Children,global-fund-for-children,https://global-fund-for-children.breezy.hr
Global Health Investment Corporation,global-health-investment-corporation,https://global-health-investment-corporation.breezy.hr
Glocalzone OÜ,glocalzone,https://glocalzone.breezy.hr
GNO Partners,gno-partners,https://gno-partners.breezy.hr
GoGun,gogun,https://gogun.breezy.hr
GolfNorth Properties,golfnorth-properties-inc,https://golfnorth-properties-inc.breezy.hr
Good Company Doughnuts & Cafe,good-company,https://good-company.breezy.hr
GoodPlanet Belgium,goodplanet-vzw,https://goodplanet-vzw.breezy.hr
GP Socials,gp-socials,https://gp-socials.breezy.hr
Granite Hills Group,granite-hills-group,https://granite-hills-group.breezy.hr
Great Keppel Island Hideaway,great-keppel-island-hideaway,https://great-keppel-island-hideaway.breezy.hr
Green Bay Converting,green-bay-converting,https://green-bay-converting.breezy.hr
FounderBrands,greenbox-storage,https://greenbox-storage.breezy.hr
Grid Aero,grid-aero,https://grid-aero.breezy.hr
Grid United,grid-united,https://grid-united.breezy.hr
GripFusion,gripfusion,https://gripfusion.breezy.hr
Groupe Unigesco,groupe-unigesco,https://groupe-unigesco.breezy.hr
Guitar Shed,guitar-shed,https://guitar-shed.breezy.hr
HaHa App,haha-app,https://haha-app.breezy.hr
Hahow,hahow,https://hahow.breezy.hr
Hall Ambulance,hall-ambulance,https://hall-ambulance.breezy.hr
Hanlon Acoustical Ceilings,hanlon-acoustical-ceilings,https://hanlon-acoustical-ceilings.breezy.hr
HappyMed,happymed,https://happymed.breezy.hr
Harding Academy of Memphis,harding-academy-of-memphis,https://harding-academy-of-memphis.breezy.hr
Harlem Lacrosse,harlem-lacrosse,https://harlem-lacrosse.breezy.hr
HJ Staffing,harris-jones-staffing-recruiting-llc,https://harris-jones-staffing-recruiting-llc.breezy.hr
Haven Birth and Wellness,haven-birth-and-wellness,https://haven-birth-and-wellness.breezy.hr
"Haven Health Group, Inc.",haven-health-group-inc,https://haven-health-group-inc.breezy.hr
HCTec,hctec,https://hctec.breezy.hr
Heartland Women's Health,heartland-womens-health,https://heartland-womens-health.breezy.hr
Heartwood Community School,heartwood-community-school,https://heartwood-community-school.breezy.hr
Heath Media,heath-media,https://heath-media.breezy.hr
Hedgehog Technologies Inc.,hedgehog-technologies-inc,https://hedgehog-technologies-inc.breezy.hr
"Helping Hand Nurse, LLC",helping-hand-nurse-llc,https://helping-hand-nurse-llc.breezy.hr
Hendriks Greenhouses,hendriks-greenhouses,https://hendriks-greenhouses.breezy.hr
HEO,heo,https://heo.breezy.hr
"Heritage Construction Co., LLC",heritage-roofing-and-construction,https://heritage-roofing-and-construction.breezy.hr
"HFI,LLC",hfi-llc-active,https://hfi-llc-active.breezy.hr
ThrasherGroup,hgcareers,https://hgcareers.breezy.hr
Hidden Talent,hidden-talent,https://hidden-talent.breezy.hr
High Output Ventures,high-output-ventures,https://high-output-ventures.breezy.hr
Hispanic Access Foundation,hispanic-access-foundation,https://hispanic-access-foundation.breezy.hr
Home Maid Better,home-maid-better,https://home-maid-better.breezy.hr
"HomeBuys, Inc.",homebuys-inc,https://homebuys-inc.breezy.hr
Breezy HR,jobs,https://jobs.breezy.hr
KitchenMate,kitchenmate,https://kitchenmate.breezy.hr
Lamont Bros.,lamont-bros-llc,https://lamont-bros-llc.breezy.hr
Landfriend,landfriend,https://landfriend.breezy.hr
Lastro,lastro,https://lastro.breezy.hr
LATOKEN,latoken,https://latoken.breezy.hr
Lava,lava,https://lava.breezy.hr
LeadDesk,leaddesk,https://leaddesk.breezy.hr
LeadFuze,leadfuze,https://leadfuze.breezy.hr
LEAP Digital Marketing,leap-digital-marketing,https://leap-digital-marketing.breezy.hr
Ondemand Education Company Limited (Head Office),learn-corporation,https://learn-corporation.breezy.hr
The Learning People,learning-people,https://learning-people.breezy.hr
LedgerGurus,ledgergurus,https://ledgergurus.breezy.hr
Lemonlight,lemonlight,https://lemonlight.breezy.hr
Leobit,leobit,https://leobit.breezy.hr
LESTARS MANAGEMENT CONSULTANCY,lestars-management-consultancy-l-l-c,https://lestars-management-consultancy-l-l-c.breezy.hr
Levy Electric,levy-electric-inc,https://levy-electric-inc.breezy.hr
"LiB Consulting (Thailand) Co., Ltd.",lib-consulting-thailand-co-ltd,https://lib-consulting-thailand-co-ltd.breezy.hr
Life Balance Chiropractic,lifebalancechiropractic,https://lifebalancechiropractic.breezy.hr
LifeSpice Ingredients,lifespicecareers,https://lifespicecareers.breezy.hr
"Lighthouse Buick GMC, Inc.",lighthouse-buick-gmc-inc,https://lighthouse-buick-gmc-inc.breezy.hr
Lighting New York,lighting-new-york,https://lighting-new-york.breezy.hr
Brand Momentum,lindt-sprunglicanada,https://lindt-sprunglicanada.breezy.hr
LineLeader,lineleader,https://lineleader.breezy.hr
linqd.,linqd,https://linqd.breezy.hr
Lionsville,lionsville,https://lionsville.breezy.hr
Lite e-Commerce,lite-e-commerce,https://lite-e-commerce.breezy.hr
Lithios Inc,lithios-inc,https://lithios-inc.breezy.hr
LITOSTROJ POWER d.o.o.,litostroj-power,https://litostroj-power.breezy.hr
Little Voice,little-voice,https://little-voice.breezy.hr
Logan A/C & Heat Services,logan-a-c-heat-services-b29ac6f9712d,https://logan-a-c-heat-services-b29ac6f9712d.breezy.hr
Lorain County Commissioners,lorain-county-commissioners,https://lorain-county-commissioners.breezy.hr
Love Serve Remember,love-serve-remember,https://love-serve-remember.breezy.hr
LunaJets SA,lunajets-sa,https://lunajets-sa.breezy.hr
Luxury Living,luxury-living,https://luxury-living.breezy.hr
M2W,m2w-inc-experiential-staffing,https://m2w-inc-experiential-staffing.breezy.hr
Macro Connect,macro-connect,https://macro-connect.breezy.hr
Made Media,made-media,https://made-media.breezy.hr
Madison Core Laboratories,madison-core-laboratories,https://madison-core-laboratories.breezy.hr
MADVENTURE,madventure,https://madventure.breezy.hr
Magellan AI,magellan-ai,https://magellan-ai.breezy.hr
Magenta Consulting,magenta-consulting,https://magenta-consulting.breezy.hr
MagMod,magmod,https://magmod.breezy.hr
Magpie Health Analytics,magpie-health-analytics,https://magpie-health-analytics.breezy.hr
MainStreaming,mainstreaming-spa,https://mainstreaming-spa.breezy.hr
MakerKids,makerkids,https://makerkids.breezy.hr
Manabie,manabie,https://manabie.breezy.hr
Manara,manara,https://manara.breezy.hr
MarinHealth,marinhealth-medical-network,https://marinhealth-medical-network.breezy.hr
MarketDial,marketdial,https://marketdial.breezy.hr
MARKETview,marketview-education-technology,https://marketview-education-technology.breezy.hr
Marsie,marsie,https://marsie.breezy.hr
MN Talent Recruitment,marta-nores,https://marta-nores.breezy.hr
Martin Horn,martin-horn-inc,https://martin-horn-inc.breezy.hr
Zeus Fire and Security,martin-systems,https://martin-systems.breezy.hr
Mary Technology,mary-technology,https://mary-technology.breezy.hr
Matheson Constructors,matheson-constructors,https://matheson-constructors.breezy.hr
Matter Family Office,matter-family-office,https://matter-family-office.breezy.hr
Maventri,maventri,https://maventri.breezy.hr
Maverick Collective,maverick-collective,https://maverick-collective.breezy.hr
McCarthy Uniforms,mccarthy-uniforms,https://mccarthy-uniforms.breezy.hr
McSteen Land Surveyors,mcsteen-land-surveyors,https://mcsteen-land-surveyors.breezy.hr
Meals on Wheels Central Texas In Home Care,meals-on-wheels-central-texas-in-home-care,https://meals-on-wheels-central-texas-in-home-care.breezy.hr
Megasol Energie AG,megasol-energie-ag,https://megasol-energie-ag.breezy.hr
mello,mello,https://mello.breezy.hr
MelodyArc,melodyarc,https://melodyarc.breezy.hr
Meltzer Hellrung LLC,meltzer-hellrung-llc,https://meltzer-hellrung-llc.breezy.hr
Mercy Street,mercy-street-inc,https://mercy-street-inc.breezy.hr
Meridian University,meridian-university,https://meridian-university.breezy.hr
Meron Financial Agency,meron-financial-agency,https://meron-financial-agency.breezy.hr
Méthode Srl,methode,https://methode.breezy.hr
Metrum Research Group,metrum-research-group,https://metrum-research-group.breezy.hr
Mezzanine Ware,mezzanine-ware,https://mezzanine-ware.breezy.hr
"Midstate Spring, Inc.",midstate-spring-inc,https://midstate-spring-inc.breezy.hr
Midtown Home Improvements,midtown-home-improvements,https://midtown-home-improvements.breezy.hr
MCI,midwest-catv,https://midwest-catv.breezy.hr
Mile High Labs,mile-high-labs,https://mile-high-labs.breezy.hr
Millbrook School,millbrook-school,https://millbrook-school.breezy.hr
Miravoice,miravoice,https://miravoice.breezy.hr
Mirkin Solutions - Your People Operations People,mirkin-solutions-llc,https://mirkin-solutions-llc.breezy.hr
OXOMIO,miscrianti,https://miscrianti.breezy.hr
MKThink,mk-think,https://mk-think.breezy.hr
MOBILion Systems,mobilion-systems-inc,https://mobilion-systems-inc.breezy.hr
Modak Live,modak-live,https://modak-live.breezy.hr
Modern Pediatrics,modern-pediatrics,https://modern-pediatrics.breezy.hr
Modern Thyroid Clinic,modern-thyroid-clinic,https://modern-thyroid-clinic.breezy.hr
Mohawk Ambulance,mohawk-ambulance-service,https://mohawk-ambulance-service.breezy.hr
MOI Global,moi-global,https://moi-global.breezy.hr
Mojo Recruit,mojorecruit,https://mojorecruit.breezy.hr
Montel Intergalactic,montel-intergalactic,https://montel-intergalactic.breezy.hr
Mooncolony,mooncolony,https://mooncolony.breezy.hr
Mots-Cles,mots-cles,https://mots-cles.breezy.hr
Mott Haven Academy Charter School,mott-haven-academy-charter-school,https://mott-haven-academy-charter-school.breezy.hr
Movandi,movandi,https://movandi.breezy.hr
Movn Health,movnhealth,https://movnhealth.breezy.hr
Mozaic,mozaic,https://mozaic.breezy.hr
MSI Credit Solutions,msi-credit-solutions,https://msi-credit-solutions.breezy.hr
MTI,mti-efc42e758443,https://mti-efc42e758443.breezy.hr
Murphy's Pharmacies,murphy-s-pharmacies,https://murphy-s-pharmacies.breezy.hr
My Burger,my-burger,https://my-burger.breezy.hr
My Hero VA,my-hero-va,https://my-hero-va.breezy.hr
My Naturi,my-naturi,https://my-naturi.breezy.hr
"MYER Companies, LLC",myer-companies-llc,https://myer-companies-llc.breezy.hr
MySide,myside,https://myside.breezy.hr
Mysoft,mysoft,https://mysoft.breezy.hr
Napthens LLP,napthens-llp,https://napthens-llp.breezy.hr
National Energy Foundation,national-energy-foundation,https://national-energy-foundation.breezy.hr
"NationsBenefits, LLC",nationsbenefits,https://nationsbenefits.breezy.hr
Native Network,native-network-inc,https://native-network-inc.breezy.hr
Naturecan,naturecan-careers,https://naturecan-careers.breezy.hr
Nature's Herbs and Wellness / High Plainz Strains,natures-herbs-and-wellness,https://natures-herbs-and-wellness.breezy.hr
Nectiv,nectiv,https://nectiv.breezy.hr
Capacity,needle,https://needle.breezy.hr
Netsync Network Solutions,netsync-network-solutions,https://netsync-network-solutions.breezy.hr
Neuro Wellness Spa,neuro-wellness-spa,https://neuro-wellness-spa.breezy.hr
New England Science & Sailing Foundation,new-england-science-sailing-foundation,https://new-england-science-sailing-foundation.breezy.hr
New Era ADR,new-era-adr,https://new-era-adr.breezy.hr
"New Horizon Services, Inc",new-horizon-services-inc,https://new-horizon-services-inc.breezy.hr
New Riff Distillery,new-riff-distillery,https://new-riff-distillery.breezy.hr
Newfangled Studios,newfangled-studios,https://newfangled-studios.breezy.hr
Newhouse Project Consulting,newhouse-project-consulting,https://newhouse-project-consulting.breezy.hr
NewWorld Inc.,newworld-inc,https://newworld-inc.breezy.hr
NexScale,nexscale,https://nexscale.breezy.hr
NEXU,nexu,https://nexu.breezy.hr
"NGC Transmission Equipment (America), Inc.",ngc-transmission-equipment-america-inc,https://ngc-transmission-equipment-america-inc.breezy.hr
niceplay games,niceplay-games,https://niceplay-games.breezy.hr
Nimble Credit Solutions,nimble-group,https://nimble-group.breezy.hr
Noblewins,noblewins-llc,https://noblewins-llc.breezy.hr
Norima Consulting,norima-consulting,https://norima-consulting.breezy.hr
Guardian Fire Services,norred-fire,https://norred-fire.breezy.hr
Norte Digital,nortedigital,https://nortedigital.breezy.hr
North East Transportation Company CTtransit Waterbury,north-east-transportation-company,https://north-east-transportation-company.breezy.hr
North River Home Care,north-river-home-care,https://north-river-home-care.breezy.hr
Northland Area FCU,northland-area-fcu,https://northland-area-fcu.breezy.hr
Northwestern Connecticut Transit District,northwest-connecticut-transit-district,https://northwest-connecticut-transit-district.breezy.hr
NOVA Plastic Surgery and Dermatology,nova-plastic-surgery,https://nova-plastic-surgery.breezy.hr
NOVACES,novaces-llc,https://novaces-llc.breezy.hr
"Noventech, Inc.",noventech-inc,https://noventech-inc.breezy.hr
Noze Inc.,noze,https://noze.breezy.hr
NuSpine Chiropractic,nuspine-chiropractic,https://nuspine-chiropractic.breezy.hr
"O&M Plumbing Services, Inc.",o-m-plumbing-services-inc,https://o-m-plumbing-services-inc.breezy.hr
O8,o8,https://o8.breezy.hr
Oaktenn,oak-tenn,https://oak-tenn.breezy.hr
Object Edge,object-edge-inc,https://object-edge-inc.breezy.hr
Observador,observador,https://observador.breezy.hr
Octav,octav,https://octav.breezy.hr
Office Puzzle,office-puzzle,https://office-puzzle.breezy.hr
"Officetotal Food Brands, Lda",officetotal-food-brands-lda,https://officetotal-food-brands-lda.breezy.hr
Offit Kurman,offit-kurman,https://offit-kurman.breezy.hr
OffWeGo,offwego,https://offwego.breezy.hr
"On Call Computer Solutions, LLC",on-call-computer-solutions-llc,https://on-call-computer-solutions-llc.breezy.hr
Ondas Inc.,ondas-networks,https://ondas-networks.breezy.hr
One Dynamic,one-dynamic,https://one-dynamic.breezy.hr
One Step,one-step,https://one-step.breezy.hr
OnePort 365,oneport-365,https://oneport-365.breezy.hr
Online Labels Group,online-labels,https://online-labels.breezy.hr
OnSpot Travel Solutions,onspot,https://onspot.breezy.hr
ONYX Insight,onyx-insight,https://onyx-insight.breezy.hr
Open Contracting Partnership,open-contracting-partnership,https://open-contracting-partnership.breezy.hr
OpenDrives,opendrives-llc,https://opendrives-llc.breezy.hr
OpenResearch,openresearch-gmbh,https://openresearch-gmbh.breezy.hr
OpenTent,opentent,https://opentent.breezy.hr
Optieum,optieum,https://optieum.breezy.hr
Optimal Resourcing,optimal-resourcing,https://optimal-resourcing.breezy.hr
ORANGE TALENT GROUP,orange-talent-group,https://orange-talent-group.breezy.hr
Orbit Talent,orbit-talent-partner,https://orbit-talent-partner.breezy.hr
Orbital Paradigm,orbital-paradigm,https://orbital-paradigm.breezy.hr
Organization for Research and Learning,organization-for-research-and-learning,https://organization-for-research-and-learning.breezy.hr
OurAssistants,ourassistants,https://ourassistants.breezy.hr
Out of the Box,out-of-the-box,https://out-of-the-box.breezy.hr
OUTA,outa,https://outa.breezy.hr
OWOW,owow,https://owow.breezy.hr
Paccurate,paccurate-inc,https://paccurate-inc.breezy.hr
Pagefreezer,pagefreezer-software-inc,https://pagefreezer-software-inc.breezy.hr
PaintJet,paintjet,https://paintjet.breezy.hr
PALS Home Health,pals-home-health,https://pals-home-health.breezy.hr
Panhandle Getaways,panhandle-getaways,https://panhandle-getaways.breezy.hr
Parent Possible,parentpossible,https://parentpossible.breezy.hr
Park Avenue Center,park-avenue-center,https://park-avenue-center.breezy.hr
Park West Gallery,park-west-gallery,https://park-west-gallery.breezy.hr
Passion City Church DC,passiondc,https://passiondc.breezy.hr
PathSpot,pathspot,https://pathspot.breezy.hr
PAVE Academy Charter School,pave-academy-charter-school,https://pave-academy-charter-school.breezy.hr
Payquad Solutions,payquad,https://payquad.breezy.hr
pbc,pbc,https://pbc.breezy.hr
PCN Entertainment Group Inc.,pcn-entertainment-group-inc,https://pcn-entertainment-group-inc.breezy.hr
Pensa Labs,pensa-labs,https://pensa-labs.breezy.hr
People Performance Resources,people-performance-resources,https://people-performance-resources.breezy.hr
PeopleJoy,peoplejoy,https://peoplejoy.breezy.hr
Peptone,peptone,https://peptone.breezy.hr
Percent,percent-technologies,https://percent-technologies.breezy.hr
Percival Engineering,percival-engineering,https://percival-engineering.breezy.hr
Permutable.AI,permutableai,https://permutableai.breezy.hr
Petite Plume,petite-plume,https://petite-plume.breezy.hr
Pillar Properties,pillar-properties,https://pillar-properties.breezy.hr
Pillr Health,pillrhealth,https://pillrhealth.breezy.hr
Pinnacle Cares,pinnacle-cares,https://pinnacle-cares.breezy.hr
Pipo Saúde,pipo-saude,https://pipo-saude.breezy.hr
Pixel,pixel,https://pixel.breezy.hr
Pizza Luce,pizza-luce,https://pizza-luce.breezy.hr
Plan Eval,plan-consultoria-e-pesquisa-em-ci-ncias-sociais-ltda,https://plan-consultoria-e-pesquisa-em-ci-ncias-sociais-ltda.breezy.hr
Plan Left,plan-left-llc,https://plan-left-llc.breezy.hr
Platinum Fundraising,platinum-fundraising,https://platinum-fundraising.breezy.hr
PlaybookUX,playbookux,https://playbookux.breezy.hr
Playdead,playdead,https://playdead.breezy.hr
PlayMe Studio,playme-studio,https://playme-studio.breezy.hr
Bluetile,playvalve-s-l,https://playvalve-s-l.breezy.hr
Plexure,plexure,https://plexure.breezy.hr
Plexxis Software,plexxis-software,https://plexxis-software.breezy.hr
Polco,polco,https://polco.breezy.hr
Positrigo,positrigo-ag,https://positrigo-ag.breezy.hr
Powerverse,powerverse-development-ltd,https://powerverse-development-ltd.breezy.hr
PR Volt,pr-volt,https://pr-volt.breezy.hr
Power Precision,precision-power,https://precision-power.breezy.hr
Precursive,precursive,https://precursive.breezy.hr
PREDICTIVA,predictiva,https://predictiva.breezy.hr
LTG,preloaded,https://preloaded.breezy.hr
Prelude Prep,prelude-prep,https://prelude-prep.breezy.hr
Premier Health Group,premier-health-group,https://premier-health-group.breezy.hr
Preventia,preventia-group-llc,https://preventia-group-llc.breezy.hr
Prica Global Enterprises Inc.,prica-global-enterprises-inc,https://prica-global-enterprises-inc.breezy.hr
Primeforge,primeforge,https://primeforge.breezy.hr
Adolescent Wellness Academy,principles-recovery,https://principles-recovery.breezy.hr
PrivacyWorks Consulting Inc.,privacyworks-consulting-inc,https://privacyworks-consulting-inc.breezy.hr
ProDev,prodev,https://prodev.breezy.hr
Production Club,production-club,https://production-club.breezy.hr
Revendo,revendo-new,https://revendo-new.breezy.hr
Revenued Albania,revenued-albania,https://revenued-albania.breezy.hr
"RevOps, Inc.",revops-inc,https://revops-inc.breezy.hr
Ritholtz Wealth Management,ritholtz-wealth-management,https://ritholtz-wealth-management.breezy.hr
Servos,servos,https://servos.breezy.hr
Seven Arrows Recovery,seven-arrows-recovery,https://seven-arrows-recovery.breezy.hr
Sfermion,sfermion,https://sfermion.breezy.hr
Shamil Translation,shamil-translation,https://shamil-translation.breezy.hr
Share,share,https://share.breezy.hr
Share Local Media,share-local-media,https://share-local-media.breezy.hr
Sharesource Australia,sharesource,https://sharesource.breezy.hr
Sheared The Barbershop,sheared-the-barbershop,https://sheared-the-barbershop.breezy.hr
Shearwater Aerospace,shearwater-aerospace,https://shearwater-aerospace.breezy.hr
Shiny Go Clean Madison,shiny-go-clean,https://shiny-go-clean.breezy.hr
ShipScience,shipscience,https://shipscience.breezy.hr
Studio for High-Performance Design and Construction,shpdc,https://shpdc.breezy.hr
ShyftOff,shyftoff,https://shyftoff.breezy.hr
Sideworx Connect Inc,sideworxconnect,https://sideworxconnect.breezy.hr
Siebert Williams Shank,siebert-williams-shank-co,https://siebert-williams-shank-co.breezy.hr
Sigao,sigao-studios,https://sigao-studios.breezy.hr
Signature Aviation,signatureaviation,https://signatureaviation.breezy.hr
SikhRI,sikhri,https://sikhri.breezy.hr
Simple Organic Beauty,simple-organic-beauty,https://simple-organic-beauty.breezy.hr
SINAI Technologies Inc.,sinai,https://sinai.breezy.hr
SINE Education,sine-education,https://sine-education.breezy.hr
skoah,skoah,https://skoah.breezy.hr
SkyNano,skynano,https://skynano.breezy.hr
Skywire Networks,skywirenetworks,https://skywirenetworks.breezy.hr
Small Potato Trucking,small-potato-trucking,https://small-potato-trucking.breezy.hr
Smart Africa Group,smart-codes-eae513730598,https://smart-codes-eae513730598.breezy.hr
Smart Role,smart-role,https://smart-role.breezy.hr
Smart Hires,smarthires,https://smarthires.breezy.hr
SMDigital,smdigital,https://smdigital.breezy.hr
Smith Hair Salon LLC,smith-hair-salon-llc,https://smith-hair-salon-llc.breezy.hr
Town of Smyrna,smyrna-police-department,https://smyrna-police-department.breezy.hr
Snake Oil Cocktail Company,snake-oil-cocktail-company,https://snake-oil-cocktail-company.breezy.hr
Soccer Shots East and South SD,soccer-shots-east-and-south-sd,https://soccer-shots-east-and-south-sd.breezy.hr
Social Currant,social-currant,https://social-currant.breezy.hr
Social Nature,social-nature,https://social-nature.breezy.hr
PT Software Services Indonesia,softwareseni,https://softwareseni.breezy.hr
Sola Kids Dental,sola-kids-dental,https://sola-kids-dental.breezy.hr
Sola Wood Flowers,sola-wood-flowers,https://sola-wood-flowers.breezy.hr
Solace Elixirs,solace-elixirs-llc,https://solace-elixirs-llc.breezy.hr
Soliant Consulting,soliant-consulting,https://soliant-consulting.breezy.hr
Barnakademin - Solidum Sverige AB,solidum-sverige-ab,https://solidum-sverige-ab.breezy.hr
Solomons Europe,solomons-europe,https://solomons-europe.breezy.hr
Sonno,sonno-malaysia,https://sonno-malaysia.breezy.hr
Sonus Microsystems,sonus-microsystems,https://sonus-microsystems.breezy.hr
Sourcefin,sourcefin,https://sourcefin.breezy.hr
Sourcemap,sourcemap-inc,https://sourcemap-inc.breezy.hr
Sourceworx,sourceworx,https://sourceworx.breezy.hr
South Mountain Company,south-mountain-company,https://south-mountain-company.breezy.hr
Southern California Institute of Technology,southern-california-institute-of-technology,https://southern-california-institute-of-technology.breezy.hr
Southland Pediatric Therapy,southland-therapy-services,https://southland-therapy-services.breezy.hr
Spacewell,spacewell,https://spacewell.breezy.hr
"Span Construction & Engineering, Inc.",span-construction-engineering-inc,https://span-construction-engineering-inc.breezy.hr
SPARC,sparc,https://sparc.breezy.hr
Sparkle Freshness,sparkle-freshness,https://sparkle-freshness.breezy.hr
Sparx Hockey,sparx-hockey,https://sparx-hockey.breezy.hr
SPHERICAL,spherical,https://spherical.breezy.hr
SPIN Global,spin-global,https://spin-global.breezy.hr
SPOKE,spoke-phone,https://spoke-phone.breezy.hr
SponsorUnited,sponsorunited,https://sponsorunited.breezy.hr
Sports Reference,sports-reference-llc,https://sports-reference-llc.breezy.hr
Squam Supply,squam-supply,https://squam-supply.breezy.hr
St. Julian Winery & Distillery,st-julian,https://st-julian.breezy.hr
St. Mark’s School,st-mark-s-school,https://st-mark-s-school.breezy.hr
St. Martin Parish Sheriff's Office,st-martin-parish-sheriff-office,https://st-martin-parish-sheriff-office.breezy.hr
Stack Influence,stack-influence,https://stack-influence.breezy.hr
Stacklet,stacklet,https://stacklet.breezy.hr
StaffMill,staffmill-oy,https://staffmill-oy.breezy.hr
Stake,stake,https://stake.breezy.hr
Stake Capital Group,stake-capital-group,https://stake-capital-group.breezy.hr
Startup Wonders,startup-wonders,https://startup-wonders.breezy.hr
State of Tomorrow,state-of-tomorrow,https://state-of-tomorrow.breezy.hr
Stateline Family YMCA,stateline-family-ymca,https://stateline-family-ymca.breezy.hr
Stego Industries,stego-industries,https://stego-industries.breezy.hr
STEM Learning,stem-learning-ltd,https://stem-learning-ltd.breezy.hr
Step-Up,step-up-team,https://step-up-team.breezy.hr
Sterling Fleet Outfitters,sterling-fleet-outfitters,https://sterling-fleet-outfitters.breezy.hr
Stoss,stoss-inc,https://stoss-inc.breezy.hr
"Strata-G, LLC",strata-g-llc,https://strata-g-llc.breezy.hr
Stratos Solutions,stratos-solutions,https://stratos-solutions.breezy.hr
Study Association STAR,study-association-star,https://study-association-star.breezy.hr
SUBSCRIBE,subscribe,https://subscribe.breezy.hr
Sultans,sultans,https://sultans.breezy.hr
Sumeru Equity Partners,sumeru-equity-partners,https://sumeru-equity-partners.breezy.hr
Surfviken i Sverige AB,surfviken-i-sverige-ab,https://surfviken-i-sverige-ab.breezy.hr
Suricats Consulting,suricats-consulting,https://suricats-consulting.breezy.hr
Surrey Choices,surrey-choices,https://surrey-choices.breezy.hr
SWA Group,swa-group,https://swa-group.breezy.hr
SWEAT DC,sweat-dc,https://sweat-dc.breezy.hr
Swing Left and Vote Forward,swing-left,https://swing-left.breezy.hr
swipejobs,swipejobs,https://swipejobs.breezy.hr
Swivl,swivl,https://swivl.breezy.hr
Synergetics,synergetics,https://synergetics.breezy.hr
Synergy,synergy-inc,https://synergy-inc.breezy.hr
Synnefa,synnefa,https://synnefa.breezy.hr
Tactibit Technologies LLC,tactibit-technologies-llc,https://tactibit-technologies-llc.breezy.hr
TagsforHope,tagsforhope,https://tagsforhope.breezy.hr
Talent Acquisition Concepts,talent-acquisition-concepts,https://talent-acquisition-concepts.breezy.hr
Talentuch,talentuch,https://talentuch.breezy.hr
Talk Recruitment,talk-recruitment-limited,https://talk-recruitment-limited.breezy.hr
Talleco JobTarget Philippines,talleco,https://talleco.breezy.hr
Tanzanian Children's Fund,tanzanian-children-s-fund,https://tanzanian-children-s-fund.breezy.hr
Tau Six,tau-six,https://tau-six.breezy.hr
tawk.to,tawk-to,https://tawk-to.breezy.hr
TEACH,teach-llc,https://teach-llc.breezy.hr
"Teacher's Pension Services, Inc.",teacher-s-pension-services-inc,https://teacher-s-pension-services-inc.breezy.hr
Team 201,team-201,https://team-201.breezy.hr
Team UIS,team-uis,https://team-uis.breezy.hr
Technica Mining,technica-mining,https://technica-mining.breezy.hr
Ten Fifteen Beauty,ten-fifteen,https://ten-fifteen.breezy.hr
Texas Ecogrow,texas-ecogrow,https://texas-ecogrow.breezy.hr
Abyssinian Baptist Church,the-abyssinian-baptist-church,https://the-abyssinian-baptist-church.breezy.hr
The Alinea Group,the-alinea-group,https://the-alinea-group.breezy.hr
TheAssistant,the-assistant,https://the-assistant.breezy.hr
The Berkeley,the-berkeley,https://the-berkeley.breezy.hr
The Borgen Project,the-borgen-project,https://the-borgen-project.breezy.hr
The Campbell Foundation,the-campbell-foundation,https://the-campbell-foundation.breezy.hr
The Care Bureau,the-care-bureau,https://the-care-bureau.breezy.hr
The Chateau,the-chateau,https://the-chateau.breezy.hr
The Clear Brands,the-clear-brands,https://the-clear-brands.breezy.hr
The Court Reporting Academy,the-court-reporting-academy,https://the-court-reporting-academy.breezy.hr
The Croghan Colonial Bank,the-croghan-colonial-bank,https://the-croghan-colonial-bank.breezy.hr
The Educator's Room,the-educator-s-room,https://the-educator-s-room.breezy.hr
EngSoc,the-engineering-society-of-queen-s-university,https://the-engineering-society-of-queen-s-university.breezy.hr
The Garden Foundation,the-garden-foundation,https://the-garden-foundation.breezy.hr
MobilityData,the-international-data-organization-for-transport,https://the-international-data-organization-for-transport.breezy.hr
"The Kidney Experts, PLLC",the-kidney-experts-pllc,https://the-kidney-experts-pllc.breezy.hr
The Moran Group,the-moran-group,https://the-moran-group.breezy.hr
The MusicianShip,the-musicianship,https://the-musicianship.breezy.hr
The Pros Weddings,the-pros-weddings,https://the-pros-weddings.breezy.hr
The San Francisco Standard,the-san-francisco-standard,https://the-san-francisco-standard.breezy.hr
The Story Church,the-story-church,https://the-story-church.breezy.hr
The SwimSquad,the-swim-squad,https://the-swim-squad.breezy.hr
The Timothy School,the-timothy-school,https://the-timothy-school.breezy.hr
The Tustin Group,the-tustin-group,https://the-tustin-group.breezy.hr
The Tutorverse,the-tutorverse,https://the-tutorverse.breezy.hr
The Crossing Church,thecrossing,https://thecrossing.breezy.hr
The Egg Company,theegg,https://theegg.breezy.hr
Therapia,therapia,https://therapia.breezy.hr
Therapy Associates,therapy-associates,https://therapy-associates.breezy.hr
There is Talent,there-is-talent,https://there-is-talent.breezy.hr
Thermosoft Corporation,thermosoft,https://thermosoft.breezy.hr
Thirdwave,thirdwave,https://thirdwave.breezy.hr
Thoroughbred Express Auto Wash,thoroughbred-express,https://thoroughbred-express.breezy.hr
Thrivable,thrivable,https://thrivable.breezy.hr
Thrive Ministry,thrive-ministry,https://thrive-ministry.breezy.hr
The Tie Bar,tie-bar,https://tie-bar.breezy.hr
Tigo Guatemala,tigo,https://tigo.breezy.hr
TikTak,tiktak,https://tiktak.breezy.hr
Tile + Stone Source,tile-stone-source,https://tile-stone-source.breezy.hr
Timeless,timeless-select-llc,https://timeless-select-llc.breezy.hr
TMTG,tmtg,https://tmtg.breezy.hr
Toker's Guide,toker-s-guide,https://toker-s-guide.breezy.hr
Tonti Properties,tonti-properties,https://tonti-properties.breezy.hr
TopManage,topmanage,https://topmanage.breezy.hr
Topo Advisors,topo-advisors,https://topo-advisors.breezy.hr
Trailmix Games,trailmix,https://trailmix.breezy.hr
Transak,transak-inc,https://transak-inc.breezy.hr
Transcend Specialized Dentistry,transcend-specialized-dentistry,https://transcend-specialized-dentistry.breezy.hr
Transita,transita,https://transita.breezy.hr
TravelLab Africa Group,travellab,https://travellab.breezy.hr
Tread Athletics,tread-athletics,https://tread-athletics.breezy.hr
Tri-County Mennonite Homes,tri-county-mennonite-homes,https://tri-county-mennonite-homes.breezy.hr
Triad Electronic Technologies,triad-electronic-technologies,https://triad-electronic-technologies.breezy.hr
Triple Cities Network Solutions,triple-cities-network-solutions,https://triple-cities-network-solutions.breezy.hr
Trochu Motors,trochu-motors,https://trochu-motors.breezy.hr
True Tape Sports GmbH,true-tape-sports-gmbh,https://true-tape-sports-gmbh.breezy.hr
Tsunami Tsolutions,tsunami-tsolutions,https://tsunami-tsolutions.breezy.hr
Turbulent,turbulent,https://turbulent.breezy.hr
Turner Mining Group,turnerstaffing,https://turnerstaffing.breezy.hr
Tuyo,tuyo,https://tuyo.breezy.hr
Two Hands America Inc,two-hands-america-inc,https://two-hands-america-inc.breezy.hr
Tyton Partners,tyton-partners,https://tyton-partners.breezy.hr
Udext,udext,https://udext.breezy.hr
UMAI,umai,https://umai.breezy.hr
Uncle Mike's,uncle-mike-s,https://uncle-mike-s.breezy.hr
UniConcepts,uniconcepts,https://uniconcepts.breezy.hr
"Unifin, Inc",unifin-inc,https://unifin-inc.breezy.hr
Unio Digital,unio-digital,https://unio-digital.breezy.hr
Unitarian Universalist Association,unitarian-universalist-association,https://unitarian-universalist-association.breezy.hr
Uniting Capital,uniting-capital,https://uniting-capital.breezy.hr
Unlimited Biking,unlimited-biking,https://unlimited-biking.breezy.hr
UpGrow,upgrow,https://upgrow.breezy.hr
Upskillable,upskillable,https://upskillable.breezy.hr
Upsourced Accounting,upsourced-accounting,https://upsourced-accounting.breezy.hr
UQUAL,uqual,https://uqual.breezy.hr
Urbana,urbana,https://urbana.breezy.hr
US Inspect,us-inspect,https://us-inspect.breezy.hr
UUabc,uuabc,https://uuabc.breezy.hr
V-Thru,v-thru,https://v-thru.breezy.hr
VA Desk,vadesk,https://vadesk.breezy.hr
Vagaro,vagaro,https://vagaro.breezy.hr
Vahura,vahura,https://vahura.breezy.hr
Vale Concepts,vale-concepts,https://vale-concepts.breezy.hr
Valley Veterinary Clinic,valley-veterinary-clinic,https://valley-veterinary-clinic.breezy.hr
Value Store It Self Storage,value-store-it-management,https://value-store-it-management.breezy.hr
"BRight Co., Ltd.",value-virtual-assistants,https://value-virtual-assistants.breezy.hr
"Van Clemens & Co., Inc",van-clemens-co-inc,https://van-clemens-co-inc.breezy.hr
Vanguard College Prep,vanguard-college-prep,https://vanguard-college-prep.breezy.hr
Vaporus Inc,vaporus-inc,https://vaporus-inc.breezy.hr
VAWAA,vawaa,https://vawaa.breezy.hr
Vector Trading,vector-trading,https://vector-trading.breezy.hr
Velomedi,velomedi,https://velomedi.breezy.hr
VELOX,velox,https://velox.breezy.hr
Verdes Cannabis,verdes-cannabis,https://verdes-cannabis.breezy.hr
Verity,verity-ag,https://verity-ag.breezy.hr
Verity IT,verity-it,https://verity-it.breezy.hr
Vert Environmental,vert-environmental,https://vert-environmental.breezy.hr
Viamo,viamo-inc,https://viamo-inc.breezy.hr
Vianai Systems,vianai-systems,https://vianai-systems.breezy.hr
TXP,vigil-global,https://vigil-global.breezy.hr
Virtual Construction Assistants,virtual-construction-assistants,https://virtual-construction-assistants.breezy.hr
Visolis,visolis,https://visolis.breezy.hr
VITRA Health,vitra-health,https://vitra-health.breezy.hr
Vodworks,vodworks,https://vodworks.breezy.hr
Voice 8 System,voice-8-system,https://voice-8-system.breezy.hr
Splat Lab,voices-advance-llc-dba-anthropology-arts,https://voices-advance-llc-dba-anthropology-arts.breezy.hr
Volley LLC,volley-llc,https://volley-llc.breezy.hr
Voltpost,voltpost,https://voltpost.breezy.hr
@Vote,vote-online,https://vote-online.breezy.hr
VoteAmerica,voteamerica,https://voteamerica.breezy.hr
Voters of Tomorrow,voters-of-tomorrow,https://voters-of-tomorrow.breezy.hr
VotingWorks,votingworks,https://votingworks.breezy.hr
VSA,vsa,https://vsa.breezy.hr
WABO ROOFING SYSTEMS,wabo-roofing-systems,https://wabo-roofing-systems.breezy.hr
WaGoMu #JapaneseClass needs you,wagomu,https://wagomu.breezy.hr
WalkerHughes,walkerhughes,https://walkerhughes.breezy.hr
"Walters Gilbreath, PLLC",walters-gilbreath-pllc,https://walters-gilbreath-pllc.breezy.hr
Warhorse Studios,warhorsestudios,https://warhorsestudios.breezy.hr
Wash Associates,wash-associates,https://wash-associates.breezy.hr
WashU Carwash,washu-carwash,https://washu-carwash.breezy.hr
WMC,wmc,https://wmc.breezy.hr
Zedge Lithuania,zedge,https://zedge.breezy.hr
