name,slug,url
Smithtown Nissan,112certified,https://careers.hireology.com/112certified/
1st Honda,1sthonda,https://careers.hireology.com/1sthonda/
24 Ford of Easton,24fordofeaston,https://careers.hireology.com/24fordofeaston/
360 SHS,360shs,https://careers.hireology.com/360shs/
365 Labs,365labs,https://careers.hireology.com/365labs/
Stoney Brook of Hewitt,4-khousinginc,https://careers.hireology.com/4-khousinginc/
5 Star Roofing and Contracting,5starroofingandcontracting,https://careers.hireology.com/5starroofingandcontracting/
6TH Avenue Honda,6thavenuehonda,https://careers.hireology.com/6thavenuehonda/
"Columbia Gorge Hotel Hood River, OR",a-1hospitalitygroup,https://careers.hireology.com/a-1hospitalitygroup/
AbaCares Services,abacaresservices,https://careers.hireology.com/abacaresservices/
Abeloff Auto Group,abeloffautogroup,https://careers.hireology.com/abeloffautogroup/
Abernathy Home Care,abernathyhomecare,https://careers.hireology.com/abernathyhomecare/
Absolute Healthcare Resources,absolutehealthcareresources,https://careers.hireology.com/absolutehealthcareresources/
Abstrakt Marketing Group,abstraktmarketinggroup,https://careers.hireology.com/abstraktmarketinggroup/
ACASA Senior Care of Northern Colorado,acasaseniorcare-company,https://careers.hireology.com/acasaseniorcare-company/
Acclaim Home Health,acclaimhomehealth,https://careers.hireology.com/acclaimhomehealth/
AccuCare Home Health Care of St. Louis,accucarehomehealthcare,https://careers.hireology.com/accucarehomehealthcare/
Ace Ford,acemotorsalesinc,https://careers.hireology.com/acemotorsalesinc/
Acti-Kare Responsive In-Home Care - Bellevue,acti-kareresponsiveinhomecare-bellevue,https://careers.hireology.com/acti-kareresponsiveinhomecare-bellevue/
Action Power Sports,actionpowersports,https://careers.hireology.com/actionpowersports/
"Acton Ford, Inc.",actonfordinc,https://careers.hireology.com/actonfordinc/
"Actual Homecare, LLC",actualhomecarellc,https://careers.hireology.com/actualhomecarellc/
Aculabs,aculabs,https://careers.hireology.com/aculabs/
ACURA CARLAND,acuracarland,https://careers.hireology.com/acuracarland/
Acura of Austin North,acuraofaustinnorth,https://careers.hireology.com/acuraofaustinnorth/
Acura of Avon,acuraofavon,https://careers.hireology.com/acuraofavon/
Acura of Berlin,acuraofberlin,https://careers.hireology.com/acuraofberlin/
Acura of Little Rock,acuraoflittlerock,https://careers.hireology.com/acuraoflittlerock/
Acura of Memphis,acuraofmemphis,https://careers.hireology.com/acuraofmemphis/
Acura of Milford,acuraofmilford,https://careers.hireology.com/acuraofmilford/
"Addario’s, Inc.",addariosinc,https://careers.hireology.com/addariosinc/
Advacare Homecare,advacarehomecare,https://careers.hireology.com/advacarehomecare/
Advanced Care of St. Joseph,advancedcareofstjoseph,https://careers.hireology.com/advancedcareofstjoseph/
"Advance Specialty Care North, Inc",advancespecialtycarenorthinc,https://careers.hireology.com/advancespecialtycarenorthinc/
Elders Inn,aecliving,https://careers.hireology.com/aecliving/
Aegis Health and Rehabilitation,aegishealthandrehabilitation,https://careers.hireology.com/aegishealthandrehabilitation/
Blue Compass RV Prescott Valley,affinityrvservicesalesrentals-prescottvalley,https://careers.hireology.com/affinityrvservicesalesrentals-prescottvalley/
Affordable Family Care Services - Charlotte,affordablefamilycareservices,https://careers.hireology.com/affordablefamilycareservices/
Affordable Family Care Services - Charlotte,affordablefamilycareservices-charlotte,https://careers.hireology.com/affordablefamilycareservices-charlotte/
Affordable Family Care Services - Greensboro,affordablefamilycareservices-greensboro,https://careers.hireology.com/affordablefamilycareservices-greensboro/
Affordable Family Care Services - Raleigh,affordablefamilycareservices-raleigh,https://careers.hireology.com/affordablefamilycareservices-raleigh/
The UPS Store,afmailing,https://careers.hireology.com/afmailing/
Afton Oaks Nursing & Rehabilitation Center,aftonoaksnursingrehabilitationcenter,https://careers.hireology.com/aftonoaksnursingrehabilitationcenter/
Astoria Senior Living at Omaha,agemarkseniorliving,https://careers.hireology.com/agemarkseniorliving/
Agility Health and Rehabilitation,agilityhealthandrehabilitation,https://careers.hireology.com/agilityhealthandrehabilitation/
Aging In Place LLC,aginginplace,https://careers.hireology.com/aginginplace/
Agri-Cover,agricover,https://careers.hireology.com/agricover/
"A Helping Hand Home Care Services, LLC",ahelpinghandhomecare,https://careers.hireology.com/ahelpinghandhomecare/
The Heritage Memory Care,ahmg-heritage-texas,https://careers.hireology.com/ahmg-heritage-texas/
Airport Chrysler Dodge Jeep,airportchryslerdodgejeep,https://careers.hireology.com/airportchryslerdodgejeep/
Airport Marina Honda,airportmarinahonda,https://careers.hireology.com/airportmarinahonda/
Airstream of Austin,airstreamofaustin,https://careers.hireology.com/airstreamofaustin/
Airstream of Lebanon ME,airstreamoflebanonme,https://careers.hireology.com/airstreamoflebanonme/
A.J. Desmond & Sons Funeral Directors,ajdesmondsonsfuneraldirectors,https://careers.hireology.com/ajdesmondsonsfuneraldirectors/
Akins Ford,akinsford,https://careers.hireology.com/akinsford/
Albany Chrysler Dodge Jeep Ram,albanychryslerdodgejeepram,https://careers.hireology.com/albanychryslerdodgejeepram/
Stagecoach Inn & Restaurant,alexamgmt,https://careers.hireology.com/alexamgmt/
Alexander Guest House,alexanderguesthouse,https://careers.hireology.com/alexanderguesthouse/
All About Kids at Wards Corner,allaboutkidsatwardscorner,https://careers.hireology.com/allaboutkidsatwardscorner/
All American Ford of Old Bridge,allamericanfordofoldbridge,https://careers.hireology.com/allamericanfordofoldbridge/
Allan Vigil Ford Lincoln,allanvigilfordlincoln,https://careers.hireology.com/allanvigilfordlincoln/
Allen Honda,allenhonda,https://careers.hireology.com/allenhonda/
"East Coast Facilities, Inc. - Allentown Service Center",allentownservicecenter,https://careers.hireology.com/allentownservicecenter/
Alt Fuel Innovations,allfuelinnovations,https://careers.hireology.com/allfuelinnovations/
All Home Care Services,allhomecareservices,https://careers.hireology.com/allhomecareservices/
Alliance Home Care,alliancehomecare,https://careers.hireology.com/alliancehomecare/
"Alliance Material Handling, Inc",alliancematerialhandlinginc-jessupmd,https://careers.hireology.com/alliancematerialhandlinginc-jessupmd/
All Lift Service Co. Inc.,allliftservicecoinc,https://careers.hireology.com/allliftservicecoinc/
"Almost Family CO, LLC - Fort Collins",almostfamily-co,https://careers.hireology.com/almostfamily-co/
"Almost Family, LLC",almostfamily-corporate-bend,https://careers.hireology.com/almostfamily-corporate-bend/
Almost Family - Eugene,almostfamily-eugene,https://careers.hireology.com/almostfamily-eugene/
Almost Family - Portland Area,almostfamily-tigard,https://careers.hireology.com/almostfamily-tigard/
Almost Family - Bend,almostfamily-ultimateparent,https://careers.hireology.com/almostfamily-ultimateparent/
Aloft Omaha Aksarben Village,aloftaksarbenvillage,https://careers.hireology.com/aloftaksarbenvillage/
Aloft/Element Lovefield,aloftelementdallodalel,https://careers.hireology.com/aloftelementdallodalel/
Aloft Fort Lauderdale Airport,aloftfortlauderdaleairport,https://careers.hireology.com/aloftfortlauderdaleairport/
Aloft West Chester,aloftwestchester,https://careers.hireology.com/aloftwestchester/
Blue Compass RV Albuquerque,aloharvinc,https://careers.hireology.com/aloharvinc/
"Aloma Healthcare, Inc.",alomahealthcareinc,https://careers.hireology.com/alomahealthcareinc/
Alpine Breeze Health and Wellness,alpinebreezehealthandwellness,https://careers.hireology.com/alpinebreezehealthandwellness/
Alvarado Meadows Nursing and Rehabilitation,alvaradomeadowsnursingandrehabilitation,https://careers.hireology.com/alvaradomeadowsnursingandrehabilitation/
Always Best Care Cleveland South,alwaysbestcare-keithmccurdyparent,https://careers.hireology.com/alwaysbestcare-keithmccurdyparent/
"Always Best Care Senior Services- Seattle, WA",alwaysbestcare-seattlewa,https://careers.hireology.com/alwaysbestcare-seattlewa/
Always Best Care Senior Services- West and Central El Paso,alwaysbestcareelpaso,https://careers.hireology.com/alwaysbestcareelpaso/
Always Best Care Senior Services - Naperville,alwaysbestcarenaperville,https://careers.hireology.com/alwaysbestcarenaperville/
Always Best Care Round Rock,alwaysbestcareroundrock,https://careers.hireology.com/alwaysbestcareroundrock/
Always Best Care Senior Services - Albuquerque,alwaysbestcareseniorservices-albuquerque,https://careers.hireology.com/alwaysbestcareseniorservices-albuquerque/
"Always Best Care Senior Services - Alexandria, Virginia",alwaysbestcareseniorservices-alexandriavirginia,https://careers.hireology.com/alwaysbestcareseniorservices-alexandriavirginia/
Always Best Care Senior Services - Atlanta/Buckhead,alwaysbestcareseniorservices-atlanta,https://careers.hireology.com/alwaysbestcareseniorservices-atlanta/
"Always Best Care Senior Services - Baltimore, MD",alwaysbestcareseniorservices-baltimoremd,https://careers.hireology.com/alwaysbestcareseniorservices-baltimoremd/
"Always Best Care Senior Services - Basking Ridge, NJ",alwaysbestcareseniorservices-baskingridgenj,https://careers.hireology.com/alwaysbestcareseniorservices-baskingridgenj/
Always Best Care Senior Services - Cleveland South,alwaysbestcareseniorservices-bereaoh,https://careers.hireology.com/alwaysbestcareseniorservices-bereaoh/
Always Best Care Senior Services - Greater Milwaukee,alwaysbestcareseniorservices-brookfieldwi,https://careers.hireology.com/alwaysbestcareseniorservices-brookfieldwi/
"Always Best Care Senior Services - Cypress, TX",alwaysbestcareseniorservices-cypresstx,https://careers.hireology.com/alwaysbestcareseniorservices-cypresstx/
"Always Best Care Senior Services - Dallas, TX",alwaysbestcareseniorservices-dallastx,https://careers.hireology.com/alwaysbestcareseniorservices-dallastx/
"Always Best Care Senior Services - Chester County, PA",alwaysbestcareseniorservices-extonpa,https://careers.hireology.com/alwaysbestcareseniorservices-extonpa/
"Always Best Care Senior Services - Morris, NJ",alwaysbestcareseniorservices-flandersnj,https://careers.hireology.com/alwaysbestcareseniorservices-flandersnj/
Always Best Care Senior Services - Greater Nashville,alwaysbestcareseniorservices-franklintn,https://careers.hireology.com/alwaysbestcareseniorservices-franklintn/
Always Best Care Senior Services - Glenview & The North Shore,alwaysbestcareseniorservices-glenviewil,https://careers.hireology.com/alwaysbestcareseniorservices-glenviewil/
Always Best Care of Fairfax,alwaysbestcareseniorservices-herndonva,https://careers.hireology.com/alwaysbestcareseniorservices-herndonva/
Always Best Care South Florida,alwaysbestcareseniorservices-hobesoundfl,https://careers.hireology.com/alwaysbestcareseniorservices-hobesoundfl/
"Always Best Care Senior Services - Greater West Houston and Fort Bend Cty, TX",alwaysbestcareseniorservices-katytx,https://careers.hireology.com/alwaysbestcareseniorservices-katytx/
"Always Best Care Senior Services - Knoxville, TN",alwaysbestcareseniorservices-knoxvilletn,https://careers.hireology.com/alwaysbestcareseniorservices-knoxvilletn/
"Always Best Care Senior Services - Loudoun, VA",alwaysbestcareseniorservices-leesburgva,https://careers.hireology.com/alwaysbestcareseniorservices-leesburgva/
Always Best Care Senior Services - Fresno,alwaysbestcareseniorservices-lemooreca,https://careers.hireology.com/alwaysbestcareseniorservices-lemooreca/
Always Best Care Senior Services - Boulder County & North Metro Denver,alwaysbestcareseniorservices-longmontco,https://careers.hireology.com/alwaysbestcareseniorservices-longmontco/
Always Best Care Senior Services - Central Connecticut,alwaysbestcareseniorservices-manchesterct,https://careers.hireology.com/alwaysbestcareseniorservices-manchesterct/
"Always Best Care Senior Services -Toledo, OH",alwaysbestcareseniorservices-maumeeoh,https://careers.hireology.com/alwaysbestcareseniorservices-maumeeoh/
"Always Best Care Senior Services - Memphis, TN",alwaysbestcareseniorservices-memphistn,https://careers.hireology.com/alwaysbestcareseniorservices-memphistn/
Always Best Care of Gloucester City,alwaysbestcareseniorservices-newjersey,https://careers.hireology.com/alwaysbestcareseniorservices-newjersey/
Always Best Care Senior Services - Oahu,alwaysbestcareseniorservices-oahu,https://careers.hireology.com/alwaysbestcareseniorservices-oahu/
Always Best Care Senior Services of Pittsburgh,alwaysbestcareseniorservices-oakmontpennsylvania,https://careers.hireology.com/alwaysbestcareseniorservices-oakmontpennsylvania/
Always Best Care Senior Services - Desert Cities,alwaysbestcareseniorservices-palmdesertca,https://careers.hireology.com/alwaysbestcareseniorservices-palmdesertca/
Always Best Care Senior Services - DuPage/ Cook and Will County,alwaysbestcareseniorservices-palosanddupage,https://careers.hireology.com/alwaysbestcareseniorservices-palosanddupage/
"Always Best Care Senior Services - Philly, Lower Bucks & Delaware Counties, and Main Line Area",alwaysbestcareseniorservices-philadelphiapa,https://careers.hireology.com/alwaysbestcareseniorservices-philadelphiapa/
"Always Best Care Senior Services - Pleasanton, CA",alwaysbestcareseniorservices-pleasantonca,https://careers.hireology.com/alwaysbestcareseniorservices-pleasantonca/
Always Best Care Senior Services - Roswell,alwaysbestcareseniorservices-roswell,https://careers.hireology.com/alwaysbestcareseniorservices-roswell/
"Always Best Care Senior Services - Sacramento, CA",alwaysbestcareseniorservices-sacramentoca,https://careers.hireology.com/alwaysbestcareseniorservices-sacramentoca/
Always Best Care Senior Services - San Diego,alwaysbestcareseniorservices-sandiegosouth,https://careers.hireology.com/alwaysbestcareseniorservices-sandiegosouth/
"Always Best Care Senior Services - Shalimar, FL",alwaysbestcareseniorservices-shalimarfl,https://careers.hireology.com/alwaysbestcareseniorservices-shalimarfl/
Always Best Care Senior Services - Northwest Louisiana,alwaysbestcareseniorservices-shreveportla,https://careers.hireology.com/alwaysbestcareseniorservices-shreveportla/
Always Best Care Senior Services- Thousand Oaks,alwaysbestcareseniorservices-simivalley,https://careers.hireology.com/alwaysbestcareseniorservices-simivalley/
Always Best Care Senior Services- Spring Tomball,alwaysbestcareseniorservices-tomballtx,https://careers.hireology.com/alwaysbestcareseniorservices-tomballtx/
"Always Best Care Senior Services - Philly, Lower Bucks & Delaware Counties, and Main Line Area",alwaysbestcareseniorservices-wilmingtonde,https://careers.hireology.com/alwaysbestcareseniorservices-wilmingtonde/
Always Best Care Senior Services of Greater Lexington,alwaysbestcareseniorservicesofgreaterlexington,https://careers.hireology.com/alwaysbestcareseniorservicesofgreaterlexington/
Always Best Care Senior Services - Utah,alwaysbestcarestgeorge,https://careers.hireology.com/alwaysbestcarestgeorge/
Amada - East Texas,amada-easttexas,https://careers.hireology.com/amada-easttexas/
Amada Senior Care - NW Chicagoland,amadaseniorcare-nw-chicagoland,https://careers.hireology.com/amadaseniorcare-nw-chicagoland/
Amada Senior Care - Oregon/Washington,amadaseniorcare-oregonwashington,https://careers.hireology.com/amadaseniorcare-oregonwashington/
Amada Senior Care - Central Houston,amadaseniorcare-pearlandtx,https://careers.hireology.com/amadaseniorcare-pearlandtx/
Amarillo Center for Skilled Care,amarillocenterforskilledcare,https://careers.hireology.com/amarillocenterforskilledcare/
Amazing Explorers Academy of Windermere,amazingexplorersacademyoflakenona,https://careers.hireology.com/amazingexplorersacademyoflakenona/
Amazing Explorers Academy of Windermere,amazingexplorersacademyofwindermere,https://careers.hireology.com/amazingexplorersacademyofwindermere/
Ambo Properties,amboproperties,https://careers.hireology.com/amboproperties/
Americana Davison,americanadavison,https://careers.hireology.com/americanadavison/
American Dental Associates Ltd.,americandentalassociates,https://careers.hireology.com/americandentalassociates/
Hilltop of Greenville Memory Care,americanhealthcaremanagementgroup,https://careers.hireology.com/americanhealthcaremanagementgroup/
"American Leak Detection - San Jose, CA",americanleakdetection-ca-sanjoseplumbingdivision,https://careers.hireology.com/americanleakdetection-ca-sanjoseplumbingdivision/
"American Leak Detection - Santa Barbara, CA",americanleakdetection-ca-santabarbara,https://careers.hireology.com/americanleakdetection-ca-santabarbara/
American Leak Detection of Colorado,americanleakdetection-colorado,https://careers.hireology.com/americanleakdetection-colorado/
"American Leak Detection - Southeast, MI",americanleakdetection-mi-southeast,https://careers.hireology.com/americanleakdetection-mi-southeast/
"American Leak Detection of Minneapolis‚ Saint Paul, MN",americanleakdetection-mn-stpaul,https://careers.hireology.com/americanleakdetection-mn-stpaul/
"American Leak Detection - St. Louis, MO",americanleakdetection-mo-stlouis,https://careers.hireology.com/americanleakdetection-mo-stlouis/
"American Leak Detection of Central, Mid, & North New Jersey",americanleakdetection-nj-midjersey,https://careers.hireology.com/americanleakdetection-nj-midjersey/
"American Leak Detection - College Station, TX",americanleakdetection-tx-collegestation,https://careers.hireology.com/americanleakdetection-tx-collegestation/
"American Leak Detection - Dallas, TX",americanleakdetection-tx-dallas,https://careers.hireology.com/americanleakdetection-tx-dallas/
American Motors,americantruckcenters,https://careers.hireology.com/americantruckcenters/
ameriCARE - Chicagoland West,americare-chicagolandwest,https://careers.hireology.com/americare-chicagolandwest/
ameriCARE Denver,americare-denver,https://careers.hireology.com/americare-denver/
ameriCARE - Mid Atlantic,americare-midatlantic,https://careers.hireology.com/americare-midatlantic/
ameriCARE - Pinellas,americare-pinellas,https://careers.hireology.com/americare-pinellas/
ameriCARE - Portland,americare-portland,https://careers.hireology.com/americare-portland/
ameriCARE San Francisco,americare-sanfrancisco,https://careers.hireology.com/americare-sanfrancisco/
ameriCARE Weatherford,americare-weatherfordtexas,https://careers.hireology.com/americare-weatherfordtexas/
ameriCARE High Plains,americarehighplains,https://careers.hireology.com/americarehighplains/
America's Home Health - Harrisburg,americashomehealth-harrisburg,https://careers.hireology.com/americashomehealth-harrisburg/
America's Home Health - Wilkes Barre,americashomehealth-wilkesbarre,https://careers.hireology.com/americashomehealth-wilkesbarre/
America's Home Health Services,americashomehealthservices,https://careers.hireology.com/americashomehealthservices/
Ameriprise Financial - Washington,ameriprisefinancial-washington,https://careers.hireology.com/ameriprisefinancial-washington/
AM Ford,amford,https://careers.hireology.com/amford/
Amistad Nursing & Rehabilitation Center,amistadnursingrehabilitationcenter,https://careers.hireology.com/amistadnursingrehabilitationcenter/
Ancira Partners Chevrolet GMC,anciraautogroup,https://careers.hireology.com/anciraautogroup/
Ancira Chevrolet,ancirachevrolet,https://careers.hireology.com/ancirachevrolet/
Ancira Chrysler Dodge Jeep Ram,ancirachryslerdodgejeepram,https://careers.hireology.com/ancirachryslerdodgejeepram/
Ancira Partners Chevrolet GMC,ancirapartnerschevroletgmc,https://careers.hireology.com/ancirapartnerschevroletgmc/
Ancira RV,ancirarv,https://careers.hireology.com/ancirarv/
Andean Chevrolet,andeanchevrolet,https://careers.hireology.com/andeanchevrolet/
Anderson Ford of St. Joseph,andersonautogroup,https://careers.hireology.com/andersonautogroup/
Anderson Chrysler Dodge Jeep Ram of Grand Island,andersoncdjrofgrandisland,https://careers.hireology.com/andersoncdjrofgrandisland/
Anderson's Rock River Ford,andersonchryslerdodgejeepram,https://careers.hireology.com/andersonchryslerdodgejeepram/
Anderson Ford,andersonford,https://careers.hireology.com/andersonford/
Anderson Ford,andersonford1,https://careers.hireology.com/andersonford1/
Anderson Ford Bullhead,andersonfordbullhead,https://careers.hireology.com/andersonfordbullhead/
Anderson Ford of Lincoln North,andersonfordoflincoln,https://careers.hireology.com/andersonfordoflincoln/
Anderson Ford of St. Joseph,andersonfordofstjoe,https://careers.hireology.com/andersonfordofstjoe/
"Anderson & Koch Ford, Inc",andersonkochfordinc,https://careers.hireology.com/andersonkochfordinc/
UPS Store 2468,andreaparentaccount,https://careers.hireology.com/andreaparentaccount/
Andrews Cadillac,andrewscadillac,https://careers.hireology.com/andrewscadillac/
Andy Mohr Ford,andymohrford,https://careers.hireology.com/andymohrford/
Angela Krause Ford,angelakrauseford,https://careers.hireology.com/angelakrauseford/
Antebellum James Burgess,antebellumjamesburgess,https://careers.hireology.com/antebellumjamesburgess/
Antwerpen CJDR,antwerpencjdr,https://careers.hireology.com/antwerpencjdr/
Antwerpen Clarksville Autopark,antwerpenclarksvilleautopark,https://careers.hireology.com/antwerpenclarksvilleautopark/
Anvaya Solutions,anvayasolutions,https://careers.hireology.com/anvayasolutions/
"Anytime Fitness - Fargo, ND (South)",anytimefitness-bandonfitnesstexas,https://careers.hireology.com/anytimefitness-bandonfitnesstexas/
Bluefield Anytime Fitness,anytimefitness-bluefield,https://careers.hireology.com/anytimefitness-bluefield/
"Anytime Fitness - Chesapeake, VA (1501 Cedar RD)",anytimefitness-chesapeakeva1501cedarrd,https://careers.hireology.com/anytimefitness-chesapeakeva1501cedarrd/
"Anytime Fitness - Clayton, NC",anytimefitness-claytonnc,https://careers.hireology.com/anytimefitness-claytonnc/
"Anytime Fitness - Cleveland, GA",anytimefitness-clevelandga,https://careers.hireology.com/anytimefitness-clevelandga/
Anytime Fitness,anytimefitness-concordcaconcordave,https://careers.hireology.com/anytimefitness-concordcaconcordave/
Anytime Fitness - David Atkins - Parent Account,anytimefitness-davidatkins-parentaccount,https://careers.hireology.com/anytimefitness-davidatkins-parentaccount/
"Anytime Fitness - Evansville, WI",anytimefitness-evansville,https://careers.hireology.com/anytimefitness-evansville/
"Anytime Fitness - Fargo, ND",anytimefitness-fargond,https://careers.hireology.com/anytimefitness-fargond/
"Anytime Fitness - Fargo, ND (South)",anytimefitness-fargondsouth1,https://careers.hireology.com/anytimefitness-fargondsouth1/
Anytime Fitness - Gilroy CA,anytimefitness-gilroy,https://careers.hireology.com/anytimefitness-gilroy/
Anytime Fitness - James Janetopoulos - Parent Account,anytimefitness-jamesjanetopoulos-parentaccount,https://careers.hireology.com/anytimefitness-jamesjanetopoulos-parentaccount/
"Anytime Fitness - Janesville, WI",anytimefitness-janesville,https://careers.hireology.com/anytimefitness-janesville/
Anytime Fitness - Latrobe,anytimefitness-latrobe,https://careers.hireology.com/anytimefitness-latrobe/
"Anytime Fitness - Livermore, CA",anytimefitness-livermoreca,https://careers.hireology.com/anytimefitness-livermoreca/
Anytime Fitness - Marshfield WI,anytimefitness-marshfield,https://careers.hireology.com/anytimefitness-marshfield/
"Anytime Fitness - Midvale, UT",anytimefitness-midvaleut,https://careers.hireology.com/anytimefitness-midvaleut/
"Anytime Fitness - Monroe, WI",anytimefitness-monroe,https://careers.hireology.com/anytimefitness-monroe/
"Anytime Fitness - Muskego, WI",anytimefitness-muskego,https://careers.hireology.com/anytimefitness-muskego/
"Anytime Fitness - Orland Park, IL",anytimefitness-orlandparkil,https://careers.hireology.com/anytimefitness-orlandparkil/
"Anytime Fitness - Plymouth, MA",anytimefitness-plymouthma,https://careers.hireology.com/anytimefitness-plymouthma/
"Anytime Fitness - Romeoville, IL",anytimefitness-romeovilleil,https://careers.hireology.com/anytimefitness-romeovilleil/
Anytime Fitness in Alaska,anytimefitness-soldotna,https://careers.hireology.com/anytimefitness-soldotna/
Anytime Fitness Springdale,anytimefitness-springdalear,https://careers.hireology.com/anytimefitness-springdalear/
"Anytime Fitness - Streamwood, IL",anytimefitness-streamwoodil,https://careers.hireology.com/anytimefitness-streamwoodil/
"Anytime Fitness - Verona, WI",anytimefitness-verona,https://careers.hireology.com/anytimefitness-verona/
"Anytime Fitness - Willis, TX",anytimefitness-willistx,https://careers.hireology.com/anytimefitness-willistx/
"Anytime Fitness - Wisconsin Dells, WI",anytimefitness-wisconsindells,https://careers.hireology.com/anytimefitness-wisconsindells/
"Anytime Fitness - Sandbridge, Virginia Beach",anytimefitnessmultilocationownerjoshuagibbs,https://careers.hireology.com/anytimefitnessmultilocationownerjoshuagibbs/
Anytime Fitness,anytimefitnessteambaze,https://careers.hireology.com/anytimefitnessteambaze/
Anytime Fitness,anytimevirgina,https://careers.hireology.com/anytimevirgina/
Appalachian Dental Care,appalachiandentalcare,https://careers.hireology.com/appalachiandentalcare/
"Appel Ford, Inc",appelfordinc,https://careers.hireology.com/appelfordinc/
Apple Ford White Bear Lake,appleautosminnesota,https://careers.hireology.com/appleautosminnesota/
Apple Chrysler Dodge Jeep Ram,applechryslerdodgejeepram,https://careers.hireology.com/applechryslerdodgejeepram/
Apple Ford Shakopee,applefordshakopee,https://careers.hireology.com/applefordshakopee/
Apple Ford White Bear Lake,applefordwhitebearlake,https://careers.hireology.com/applefordwhitebearlake/
Apple Mitsubishi,applemitsubishi,https://careers.hireology.com/applemitsubishi/
Apple Ford Apple Valley,applevalleyford,https://careers.hireology.com/applevalleyford/
Apple Valley Place - Osage,applevalleyplace-osage,https://careers.hireology.com/applevalleyplace-osage/
Blue Compass RV Liberty Lake,applewayrvlibertylake,https://careers.hireology.com/applewayrvlibertylake/
Aradi Properties,aradiproperties-exxonglade360,https://careers.hireology.com/aradiproperties-exxonglade360/
The Arboretum of Winnie,arboretumnursingandrehabcenter,https://careers.hireology.com/arboretumnursingandrehabcenter/
Arbors at Amherst,arborsatamherst,https://careers.hireology.com/arborsatamherst/
Arbors at Chicopee,arborsatchicopee,https://careers.hireology.com/arborsatchicopee/
Arbors at Dracut,arborsatdracut,https://careers.hireology.com/arborsatdracut/
Arbors at Greenfield,arborsatgreenfield,https://careers.hireology.com/arborsatgreenfield/
Arbors at Stoneham,arborsatstoneham,https://careers.hireology.com/arborsatstoneham/
Arbors at Taunton,arborsattaunton,https://careers.hireology.com/arborsattaunton/
Arbors at Westfield,arborsatwestfield,https://careers.hireology.com/arborsatwestfield/
Ivy at Ellington (ALSA),arborsofellington,https://careers.hireology.com/arborsofellington/
Ivy at Watertown (ALSA),arborsofwatertown,https://careers.hireology.com/arborsofwatertown/
"Arceneaux Ford, Inc",arceneauxfordinc,https://careers.hireology.com/arceneauxfordinc/
ArchCity Defenders,archcitydefenders,https://careers.hireology.com/archcitydefenders/
"Archie Cochrane Motors, Inc",archiecochranemotorsinc,https://careers.hireology.com/archiecochranemotorsinc/
Ardenwoods,ardenwoodsretirementcmnty,https://careers.hireology.com/ardenwoodsretirementcmnty/
Ardmore Toyota,ardmoretoyota,https://careers.hireology.com/ardmoretoyota/
Arkel Motors - New Windsor,arkelmotors,https://careers.hireology.com/arkelmotors/
Arlington Heights Health & Rehabilitation Center,arlingtonheightshealthrehabilitationcenter,https://careers.hireology.com/arlingtonheightshealthrehabilitationcenter/
Arlington Place at Oelwein,arlingtonplaceatoelwein,https://careers.hireology.com/arlingtonplaceatoelwein/
Arlington Place at Pocahontas,arlingtonplaceatpocahontas,https://careers.hireology.com/arlingtonplaceatpocahontas/
Arlington Toyota,arlingtontoyota,https://careers.hireology.com/arlingtontoyota/
Arlo Williamsburg,arlo-williamsburg,https://careers.hireology.com/arlo-williamsburg/
Arlo Chicago,arlochicago,https://careers.hireology.com/arlochicago/
Arlo DC,arlodc,https://careers.hireology.com/arlodc/
Arlo NoMad,arlohotelsheadoffice,https://careers.hireology.com/arlohotelsheadoffice/
Arlo Midtown,arlomidtown,https://careers.hireology.com/arlomidtown/
Arlo NoMad,arlonomad,https://careers.hireology.com/arlonomad/
Arlo SoHo,arlosoho,https://careers.hireology.com/arlosoho/
Arlo Wynwood,arlowynwood,https://careers.hireology.com/arlowynwood/
Arnie Bauer Buick Cadillac GMC,arniebauerbuickcadillacgmc,https://careers.hireology.com/arniebauerbuickcadillacgmc/
Arnie Bauer Chevrolet GMC,arniebauerchevroletbuick,https://careers.hireology.com/arniebauerchevroletbuick/
A. Rose Pediatric Therapy Center,arosepediatrictherapycenter,https://careers.hireology.com/arosepediatrictherapycenter/
Arrow Ford,arrowford,https://careers.hireology.com/arrowford/
Arrowhead Lexus,arrowheadlexus,https://careers.hireology.com/arrowheadlexus/
Artex Truck Center - Texarkana,artextruckcenter,https://careers.hireology.com/artextruckcenter/
"Access NurseCare, Inc.",ascend,https://careers.hireology.com/ascend/
Asheville Chevrolet,ashevillechevrolet,https://careers.hireology.com/ashevillechevrolet/
Ash Street Place,ashstreetplace,https://careers.hireology.com/ashstreetplace/
A Special Touch In Home Care,aspecialtouchinhomecare,https://careers.hireology.com/aspecialtouchinhomecare/
Aspen Point Health and Rehabilitation,aspenpointhealthandrehabilitation,https://careers.hireology.com/aspenpointhealthandrehabilitation/
Assisted Care For Seniors,assistedcareforseniors,https://careers.hireology.com/assistedcareforseniors/
"Assisted Family Care, LLC",assistedfamilycarellc,https://careers.hireology.com/assistedfamilycarellc/
Astoria Ford,astoriaford,https://careers.hireology.com/astoriaford/
Astoria Senior Living at Omaha,astoriaseniorlivingatomaha,https://careers.hireology.com/astoriaseniorlivingatomaha/
"As You Wish, LLC",asyouwishllc,https://careers.hireology.com/asyouwishllc/
ATC Montgomery,atc-montgomery,https://careers.hireology.com/atc-montgomery/
ATC Oakland County,atc-oaklandcounty,https://careers.hireology.com/atc-oaklandcounty/
ATC Birmingham,atcbirmingham,https://careers.hireology.com/atcbirmingham/
ATC Chicago,atcchicago,https://careers.hireology.com/atcchicago/
ATC Columbia,atccolumbia,https://careers.hireology.com/atccolumbia/
ATC Columbus,atccolumbus,https://careers.hireology.com/atccolumbus/
ATC Las Vegas,atclasvegas,https://careers.hireology.com/atclasvegas/
ATC Mount Laurel,atcmountlaurel,https://careers.hireology.com/atcmountlaurel/
ATC Nassau County,atcnassaucounty,https://careers.hireology.com/atcnassaucounty/
ATC Northwest FL,atcnorthwestfl,https://careers.hireology.com/atcnorthwestfl/
ATC Philadelphia,atcphiladelphia,https://careers.hireology.com/atcphiladelphia/
ATC Portland,atcportland,https://careers.hireology.com/atcportland/
ATC Richmond,atcrichmond,https://careers.hireology.com/atcrichmond/
ATC Seattle,atcseattle,https://careers.hireology.com/atcseattle/
ATC Union,atcunion,https://careers.hireology.com/atcunion/
ATC Youngstown,atcyoungstown,https://careers.hireology.com/atcyoungstown/
Athene Nursing and Rehabilitation,athenenursingandrehabilitation,https://careers.hireology.com/athenenursingandrehabilitation/
At Home Senior Care,athomeseniorcare-manchester,https://careers.hireology.com/athomeseniorcare-manchester/
At Home Services For Independent Living,athomeservicesforindependentliving,https://careers.hireology.com/athomeservicesforindependentliving/
Mercedes-Benz of Atlanta Northeast,atlantaclassiccars,https://careers.hireology.com/atlantaclassiccars/
Atlanta Marriott Northeast/Emory Area,atlantamarriottnortheastemoryarea,https://careers.hireology.com/atlantamarriottnortheastemoryarea/
Atlanta Marriott Perimeter Center,atlantamarriottperimetercenter,https://careers.hireology.com/atlantamarriottperimetercenter/
Atrium Place Health and Rehabilitation,atriumplacehealthandrehabilitation,https://careers.hireology.com/atriumplacehealthandrehabilitation/
Attend Home Care - Illinois,attendhomecare-illinois,https://careers.hireology.com/attendhomecare-illinois/
Attend Home Care - Kentucky,attendhomecare-kentucky,https://careers.hireology.com/attendhomecare-kentucky/
Attend Home Care - New Hampshire,attendhomecare-newhampshire,https://careers.hireology.com/attendhomecare-newhampshire/
Attend Home Care - New Jersey,attendhomecare-newjersey,https://careers.hireology.com/attendhomecare-newjersey/
Attend Home Care - Virginia,attendhomecare-virginia,https://careers.hireology.com/attendhomecare-virginia/
Attentive Home Care,attentivehomecare,https://careers.hireology.com/attentivehomecare/
AUDI JLR LOTUS BMW MOTO,audicapefear,https://careers.hireology.com/audicapefear/
Audi Clearwater,audiclearwater,https://careers.hireology.com/audiclearwater/
Audi Fort Myers,audifortmyers,https://careers.hireology.com/audifortmyers/
Lamborghini South Dade & Audi Miami South,audilamborghinisouthdadebythecollection,https://careers.hireology.com/audilamborghinisouthdadebythecollection/
International Autos Milwaukee,audimilwaukee,https://careers.hireology.com/audimilwaukee/
Audi North Shore,audinorthshore,https://careers.hireology.com/audinorthshore/
Audi Nyack,audinyak,https://careers.hireology.com/audinyak/
Audi Charleston,audiofcharleston-mcdaniels,https://careers.hireology.com/audiofcharleston-mcdaniels/
Audi Memphis,audiofmemphis,https://careers.hireology.com/audiofmemphis/
Audi Richfield,audiofrichfield,https://careers.hireology.com/audiofrichfield/
Audi of Tucson,audioftucson,https://careers.hireology.com/audioftucson/
Audi Orland Park,audiorlandpark,https://careers.hireology.com/audiorlandpark/
Audi Reno Tahoe,audirenotahoe,https://careers.hireology.com/audirenotahoe/
Audi Rocklin,audirocklin,https://careers.hireology.com/audirocklin/
Auffenberg Dealer Group,auffenbergdealergroup,https://careers.hireology.com/auffenbergdealergroup/
Auffenberg Ford Belleville,auffenbergfordbelleville,https://careers.hireology.com/auffenbergfordbelleville/
Auffenberg Ford O'Fallon,auffenbergfordofallon,https://careers.hireology.com/auffenbergfordofallon/
Aurora Health and Rehabiliation,aurorahealthandrehabiliation,https://careers.hireology.com/aurorahealthandrehabiliation/
Auto Auction of New England,autoauctionofnewengland,https://careers.hireology.com/autoauctionofnewengland/
Autobarn VW Of Countryside,autobarnvwofcountryside,https://careers.hireology.com/autobarnvwofcountryside/
Auto Collision and Repair,autocollisionandrepair,https://careers.hireology.com/autocollisionandrepair/
Autohaus Of Peoria,autohausofpeoria,https://careers.hireology.com/autohausofpeoria/
Autoland Toyota Chrysler Jeep Dodge Ram,autolandtoyotachryslerdodgejeepram,https://careers.hireology.com/autolandtoyotachryslerdodgejeepram/
Autonomous,autonomous,https://careers.hireology.com/autonomous/
Auto Park Ford Bremen,autoparkfordbremen,https://careers.hireology.com/autoparkfordbremen/
Auto Park Ford Sturgis,autoparkfordsturgis,https://careers.hireology.com/autoparkfordsturgis/
Auto Training,autotraining,https://careers.hireology.com/autotraining/
Autumn Grace,autumngrace,https://careers.hireology.com/autumngrace/
Autumn Leaves Nursing & Rehab Center,autumnleavesnursingrehabcenter,https://careers.hireology.com/autumnleavesnursingrehabcenter/
Avalon Place Kirbyville,avalonplacekirbyville,https://careers.hireology.com/avalonplacekirbyville/
Avalon View Health and Wellness,avalonviewhealthandwellness,https://careers.hireology.com/avalonviewhealthandwellness/
Avanti Health Systems,avantihealthsystems,https://careers.hireology.com/avantihealthsystems/
Avatar Managed Services,avatarmanagedservices,https://careers.hireology.com/avatarmanagedservices/
Ave Maria Home,avemariahome,https://careers.hireology.com/avemariahome/
Avid Hotel - Richmond North,avidhotel-richmondnorth,https://careers.hireology.com/avidhotel-richmondnorth/
AVID Hotel Conyers,avidhotelconyers,https://careers.hireology.com/avidhotelconyers/
Avis Rent a Car-Bismarck,avisrentacar-bismarck,https://careers.hireology.com/avisrentacar-bismarck/
Award Homecare,awardhomecare,https://careers.hireology.com/awardhomecare/
Azalea Commons of Springdale,azaleacommonsofspringdale,https://careers.hireology.com/azaleacommonsofspringdale/
Azalea Estates of Gonzales,azaleaestatesofgonzales,https://careers.hireology.com/azaleaestatesofgonzales/
Aztec Chevrolet GMC,aztecchevroletbuickgmc,https://careers.hireology.com/aztecchevroletbuickgmc/
"Aztec Ford, Inc",aztecfordinc,https://careers.hireology.com/aztecfordinc/
Transition Home Healthcare,aztexhealthservicesincdbatransitionhomehealthcare,https://careers.hireology.com/aztexhealthservicesincdbatransitionhomehealthcare/
Bach to Rock: America's Music School,bachtorock-corporate-ultimateparent,https://careers.hireology.com/bachtorock-corporate-ultimateparent/
"Bach to Rock - Denville, NJ",bachtorock-denvillenj,https://careers.hireology.com/bachtorock-denvillenj/
Bach to Rock - Leawood,bachtorock-leawood,https://careers.hireology.com/bachtorock-leawood/
"Bach to Rock - Midlothian, VA",bachtorock-midlothianva,https://careers.hireology.com/bachtorock-midlothianva/
Bach to Rock - Virginia Beach,bachtorock-virginiabeach,https://careers.hireology.com/bachtorock-virginiabeach/
Bach to Rock - Warminster,bachtorock-warminster,https://careers.hireology.com/bachtorock-warminster/
Bach to Rock: America's Music School,bachtorockbristow,https://careers.hireology.com/bachtorockbristow/
Bacon Park Golf Course,baconparkgolfcourse,https://careers.hireology.com/baconparkgolfcourse/
Baierl Ford,baierlford,https://careers.hireology.com/baierlford/
Baker Allegan,bakerallegan,https://careers.hireology.com/bakerallegan/
Baker Auto Group,bakerauto,https://careers.hireology.com/bakerauto/
Baker Buick (Hudsonville),bakerbuick,https://careers.hireology.com/bakerbuick/
Baker Cadillac,bakercadillac,https://careers.hireology.com/bakercadillac/
Baker Chevrolet Buick (Coopersville),bakerchevroletbuick,https://careers.hireology.com/bakerchevroletbuick/
Baker Chevrolet GMC (Big Rapids),bakerchevroletbuickgmcbigrapids,https://careers.hireology.com/bakerchevroletbuickgmcbigrapids/
Baker Ford of Ludington,bakerfordofludington,https://careers.hireology.com/bakerfordofludington/
Baker South Haven,bakersouthhavenchevy,https://careers.hireology.com/bakersouthhavenchevy/
Ballinger Healthcare and Rehabilitation,ballingerhealthcareandrehabilitation,https://careers.hireology.com/ballingerhealthcareandrehabilitation/
Moonshine Flats,ballparkeatsentertainmentinc-moonshineflats,https://careers.hireology.com/ballparkeatsentertainmentinc-moonshineflats/
Bambini Montessori Academy,bambinimontessoriacademy,https://careers.hireology.com/bambinimontessoriacademy/
Bambini Montessori Academy - Ellicot City,bambinimontessoriacademy-ellicotcity,https://careers.hireology.com/bambinimontessoriacademy-ellicotcity/
Bambini Montessori Academy - Gambrills,bambinimontessoriacademy-gambrills,https://careers.hireology.com/bambinimontessoriacademy-gambrills/
Banner Ford of Monroe,bannerautomotivegroup,https://careers.hireology.com/bannerautomotivegroup/
Banner Chevrolet,bannerchevrolet,https://careers.hireology.com/bannerchevrolet/
Banner Ford of Monroe,bannerfordofmonroe,https://careers.hireology.com/bannerfordofmonroe/
Barbee's Freeway Ford,barbeesfreewayfordinc,https://careers.hireology.com/barbeesfreewayfordinc/
Barefoot Hide A Way Grill,barefoothideawaygrill,https://careers.hireology.com/barefoothideawaygrill/
Barton Ford,bartonford,https://careers.hireology.com/bartonford/
Bartow Ford,bartowford,https://careers.hireology.com/bartowford/
Corner Chophouse,barvaute,https://careers.hireology.com/barvaute/
Bates Ford of Lebanon,batesford,https://careers.hireology.com/batesford/
Battlefield Chevrolet,battlefieldchevrolet,https://careers.hireology.com/battlefieldchevrolet/
Bay Bluffs - Emmet County Medical Care Facility,baybluffs-emmetcountymedicalcarefacility,https://careers.hireology.com/baybluffs-emmetcountymedicalcarefacility/
Baymont Inn & Suites Fremont,baymontinnsuitesfremont,https://careers.hireology.com/baymontinnsuitesfremont/
Baymont Inn & Suites Rawlins,baymontinnsuitesrawlins,https://careers.hireology.com/baymontinnsuitesrawlins/
Bayshore Home Care,bayshorehomecare,https://careers.hireology.com/bayshorehomecare/
Bayview,bayviewretirementcommunity,https://careers.hireology.com/bayviewretirementcommunity/
Bayview Trucks - Fredericton,bayviewtrucks-fredericton,https://careers.hireology.com/bayviewtrucks-fredericton/
Bayview Trucks - Woodstock,bayviewtrucks-jacksonville,https://careers.hireology.com/bayviewtrucks-jacksonville/
Bayview Trucks - New Glasgow,bayviewtrucks-newglasgow,https://careers.hireology.com/bayviewtrucks-newglasgow/
BCI Electrical Inc,bcielectricalinc,https://careers.hireology.com/bcielectricalinc/
"BCI Mechanical, Inc",bcimechanicalinc,https://careers.hireology.com/bcimechanicalinc/
Beach Chevrolet,beachchevrolet,https://careers.hireology.com/beachchevrolet/
Beachcomber Beachfront Hotel,beachcomberbeachfronthotel,https://careers.hireology.com/beachcomberbeachfronthotel/
Beach Ford,beachford,https://careers.hireology.com/beachford/
Beach Truck & RV Center,beachtruckrvcenter,https://careers.hireology.com/beachtruckrvcenter/
"Collage Nursing and Home Care Partners, LLC",beaconcare,https://careers.hireology.com/beaconcare/
Beaumont Nursing & Rehabilitation Center,beaumontnursingrehabilitationcenter,https://careers.hireology.com/beaumontnursingrehabilitationcenter/
"Beauregard Equipment - Scarborough, ME",beauregard-scarboroughme,https://careers.hireology.com/beauregard-scarboroughme/
Beau Ridge Oxford Farms,beauridgeoxfordfarms,https://careers.hireology.com/beauridgeoxfordfarms/
Beaverhead Motors,beaverheadmotors,https://careers.hireology.com/beaverheadmotors/
Beaverhead Motorsports,beaverheadmotorsports,https://careers.hireology.com/beaverheadmotorsports/
Beaver Mazda,beavermazda,https://careers.hireology.com/beavermazda/
Beaver Mitsubishi,beavermitsubishi,https://careers.hireology.com/beavermitsubishi/
Beaver Toyota St. Augustine,beavertoyotastaugustine,https://careers.hireology.com/beavertoyotastaugustine/
beBright,bebright,https://careers.hireology.com/bebright/
Bobcat of Cleveland- Leppo Rents,bedfordheightsoh,https://careers.hireology.com/bedfordheightsoh/
BELLAMY STRICKLAND CHEVROLET GMC,bellamystricklandchevroletbuickgmc,https://careers.hireology.com/bellamystricklandchevroletbuickgmc/
Belleview Care Center,belleviewcarecenter,https://careers.hireology.com/belleviewcarecenter/
Bell Ford,bellford,https://careers.hireology.com/bellford/
Bell Ford Arlington,bellford1,https://careers.hireology.com/bellford1/
"Beloit Auto & Truck Plaza, Inc",beloitautotruckplazainc,https://careers.hireology.com/beloitautotruckplazainc/
Beltline Rehabilitation Center,beltlinerehabilitationcenter,https://careers.hireology.com/beltlinerehabilitationcenter/
Benetrends Financial,benetrendsfinancial,https://careers.hireology.com/benetrendsfinancial/
"Bentley Truck Services - Miami, FL",bentleytruckservices2,https://careers.hireology.com/bentleytruckservices2/
Bentley Truck Services - Logan Township,bentleytruckservices3,https://careers.hireology.com/bentleytruckservices3/
Bentley Truck Services - Landenberg,bentleytruckservices4,https://careers.hireology.com/bentleytruckservices4/
Bentley Truck Services - New Castle,bentleytruckservices6,https://careers.hireology.com/bentleytruckservices6/
Bentley Truck Services - Maple Shade,bentleytruckservices7,https://careers.hireology.com/bentleytruckservices7/
Bentley Truck Services,bentleytruckservicesinc,https://careers.hireology.com/bentleytruckservicesinc/
"Bentley Truck Services, Inc. - Luzerne",bentleytruckservicesinc-luzerne,https://careers.hireology.com/bentleytruckservicesinc-luzerne/
Benton Convention Center,bentonconventioncenter,https://careers.hireology.com/bentonconventioncenter/
Bell Ford,bergeautogroup,https://careers.hireology.com/bergeautogroup/
Berger Chevrolet,bergerchevrolet,https://careers.hireology.com/bergerchevrolet/
Berglund Automotive,berglundautomotivegroup,https://careers.hireology.com/berglundautomotivegroup/
Berglund Chevrolet,berglundchevrolet,https://careers.hireology.com/berglundchevrolet/
Berglund Chrysler Jeep Dodge Ram Fiat,berglundchryslerjeepdodgeramfiat,https://careers.hireology.com/berglundchryslerjeepdodgeramfiat/
Berglund Luxury Auto Lynchburg,berglundluxuryautolynchburg,https://careers.hireology.com/berglundluxuryautolynchburg/
Berglund Luxury Roanoke,berglundluxuryroanoke,https://careers.hireology.com/berglundluxuryroanoke/
Berglund Of Bedford,berglundofbedford,https://careers.hireology.com/berglundofbedford/
Bert Ogden Ford,bertogdenford,https://careers.hireology.com/bertogdenford/
Bertram Nursing & Rehabilitation Center,bertramnursingrehabilitationcenter,https://careers.hireology.com/bertramnursingrehabilitationcenter/
Agate Beach Inn & Sea Glass Bistro,bestwesternplusagatebeach,https://careers.hireology.com/bestwesternplusagatebeach/
Best Western Savannah Historic District,bestwesternsavannahhistoricdistrict,https://careers.hireology.com/bestwesternsavannahhistoricdistrict/
Bethany Village Graceworks,bethanyvillage,https://careers.hireology.com/bethanyvillage/
Bethany Village- Home Health Care,bethanyvillage-homehealthcare,https://careers.hireology.com/bethanyvillage-homehealthcare/
Betten Chevrolet GMC Cadillac,bettenautogroup,https://careers.hireology.com/bettenautogroup/
Betten Honda,bettenhonda,https://careers.hireology.com/bettenhonda/
Better Living SL,betterlivingsl,https://careers.hireology.com/betterlivingsl/
"Beuckman Ford, Inc",beuckmanfordinc,https://careers.hireology.com/beuckmanfordinc/
Beyer Kia of Falls Church,beyerkiaoffallschurch,https://careers.hireology.com/beyerkiaoffallschurch/
Beyer Subaru  Alexandria,beyersubaru,https://careers.hireology.com/beyersubaru/
Berkshire Hathaway Automotive,bha,https://careers.hireology.com/bha/
Broadwell Hospitality Group,bhg,https://careers.hireology.com/bhg/
Southern Honda Powersports,bigredpowersports,https://careers.hireology.com/bigredpowersports/
Big Spring Center for Skilled Care,bigspringctrforskilledcr,https://careers.hireology.com/bigspringctrforskilledcr/
BigTime Software,bigtime,https://careers.hireology.com/bigtime/
Bill Cole Automall of Bluefield,billcoleautomallofbluefield,https://careers.hireology.com/billcoleautomallofbluefield/
"Bill Cramer Chevrolet Cadillac GMC, Inc",billcramerchevroletcadillacgmcinc,https://careers.hireology.com/billcramerchevroletcadillacgmcinc/
"Bill Grant Ford, Inc",billgrantfordinc,https://careers.hireology.com/billgrantfordinc/
Bill Harris Dealerships,billharrisautocenterinc,https://careers.hireology.com/billharrisautocenterinc/
Bill Harris Ford,billharrisford,https://careers.hireology.com/billharrisford/
Bill Hood Chevrolet,billhoodchevrolet,https://careers.hireology.com/billhoodchevrolet/
"Bill Jarrett Ford, Inc",billjarrettfordinc,https://careers.hireology.com/billjarrettfordinc/
Blue Compass RV Winston-Salem,billplemmonsrvworldwinston-salem,https://careers.hireology.com/billplemmonsrvworldwinston-salem/
Bill Russell Ford,billrussellford,https://careers.hireology.com/billrussellford/
Birchwood Nursing & Rehabilitation,birchwoodnursingrehabilitation,https://careers.hireology.com/birchwoodnursingrehabilitation/
Bird Kultgen Ford,birdkultgen,https://careers.hireology.com/birdkultgen/
Bishop Place Senior Living,bishopplaceseniorliving,https://careers.hireology.com/bishopplaceseniorliving/
Bishop’s Common at St Luke,bishopscommonatstluke,https://careers.hireology.com/bishopscommonatstluke/
Black Buick GMC,blackautomotivegroup,https://careers.hireology.com/blackautomotivegroup/
Black Buick GMC,blackbuickgmc,https://careers.hireology.com/blackbuickgmc/
Blake Fulenwider CDJ - Clyde,blakefulenwidercdj-clyde,https://careers.hireology.com/blakefulenwidercdj-clyde/
Blake Fulenwider Chevrolet,blakefulenwiderchevrolet,https://careers.hireology.com/blakefulenwiderchevrolet/
Blake Fulenwider Dodge,blakefulenwiderdodge,https://careers.hireology.com/blakefulenwiderdodge/
Blake Street House,blakest,https://careers.hireology.com/blakest/
Blasius Auto Centers,blasiusautocenters,https://careers.hireology.com/blasiusautocenters/
Blasius Auto Group,blasiusautogroup,https://careers.hireology.com/blasiusautogroup/
Blasius Kia,blasiuskia,https://careers.hireology.com/blasiuskia/
Blayzer Digital,blayzerdigitalmarketing,https://careers.hireology.com/blayzerdigitalmarketing/
Bloom Care Solutions,bloomcaresolutions,https://careers.hireology.com/bloomcaresolutions/
Lincoln of Bloomington,bloomingtonlincoln,https://careers.hireology.com/bloomingtonlincoln/
Bloomington Normal Auto Mall,bloomingtonnormalautomall,https://careers.hireology.com/bloomingtonnormalautomall/
"Blue Ash Health & Rehab, LLC",blueashhealthrehabllc,https://careers.hireology.com/blueashhealthrehabllc/
Blue Bell Place,bluebellplace,https://careers.hireology.com/bluebellplace/
Bluebonnet Nursing & Rehabilitation,bluebonnetnursingrehabilitation,https://careers.hireology.com/bluebonnetnursingrehabilitation/
Bluebonnet Point Wellness,bluebonnetpointewellness,https://careers.hireology.com/bluebonnetpointewellness/
Blue Compass RV Dayton,bluecompassrv,https://careers.hireology.com/bluecompassrv/
Shared Service Center,bluecompassrv-sharedservicecenter,https://careers.hireology.com/bluecompassrv-sharedservicecenter/
Blue Compass RV St. George,bluecompassrvstgeorge,https://careers.hireology.com/bluecompassrvstgeorge/
Blue Compass RV Las Vegas,bluedogrv-lasvegas,https://careers.hireology.com/bluedogrv-lasvegas/
Blue Compass RV Post Falls,bluedogrv-postfalls,https://careers.hireology.com/bluedogrv-postfalls/
Blue Compass RV Redding,bluedogrv-redding,https://careers.hireology.com/bluedogrv-redding/
Blue Compass RV Bakersfield,bluedogrvbakersfield,https://careers.hireology.com/bluedogrvbakersfield/
Blue Compass RV Bend,bluedogrvbend,https://careers.hireology.com/bluedogrvbend/
Blue Compass RV Medford,bluedogrvmedford,https://careers.hireology.com/bluedogrvmedford/
Blue Compass RV Redmond,bluedogrvredmond,https://careers.hireology.com/bluedogrvredmond/
Blust Motor Service,blustmotorservice,https://careers.hireology.com/blustmotorservice/
BMW Concord,bmwconcord,https://careers.hireology.com/bmwconcord/
BMW Myrtle Beach,bmwmyrtlebeach,https://careers.hireology.com/bmwmyrtlebeach/
BMW OF ASHEVILLE,bmwofashville,https://careers.hireology.com/bmwofashville/
BMW of Bloomington,bmwofbloomington,https://careers.hireology.com/bmwofbloomington/
BMW of Peoria,bmwofpeoria,https://careers.hireology.com/bmwofpeoria/
BMW of Wichita Falls,bmwofwichitafalls,https://careers.hireology.com/bmwofwichitafalls/
BMW Toronto,bmwtoronto,https://careers.hireology.com/bmwtoronto/
Boardman Subaru,boardmansubaru,https://careers.hireology.com/boardmansubaru/
Bob Bell Chevrolet of Baltimore,bobbellchevroletofbaltimore,https://careers.hireology.com/bobbellchevroletofbaltimore/
Bob Bell Chevrolet of Bel Air,bobbellchevroletofbelairbaltimoreparent,https://careers.hireology.com/bobbellchevroletofbelairbaltimoreparent/
Bob Bell Nissan/Kia,bobbellnissan,https://careers.hireology.com/bobbellnissan/
Bob Brown Buick GMC,bobbrownbuickgmc,https://careers.hireology.com/bobbrownbuickgmc/
Rohrman Hyundai Lafayette,bobrohrmanautogroup,https://careers.hireology.com/bobrohrmanautogroup/
"Bob Ruth Ford, Inc.",bobruthfordinc,https://careers.hireology.com/bobruthfordinc/
Bob Thomas Ford Lincoln North,bobthomasfordlincolnnorth,https://careers.hireology.com/bobthomasfordlincolnnorth/
Bob Thomas Ford West,bobthomasfordwest,https://careers.hireology.com/bobthomasfordwest/
Bob Valenti Auto Group,bobvalentiautogroup,https://careers.hireology.com/bobvalentiautogroup/
"Bolivar Motor Company, Inc",bolivarmotorcompanyinc,https://careers.hireology.com/bolivarmotorcompanyinc/
Bondy's Ford,bondysford,https://careers.hireology.com/bondysford/
Border International,borderinternational,https://careers.hireology.com/borderinternational/
Border International - Las Cruces,borderinternational-lascruces,https://careers.hireology.com/borderinternational-lascruces/
"Borgman Ford Sales, Inc",borgmanfordsalesinc,https://careers.hireology.com/borgmanfordsalesinc/
Borrego Springs Resort & Spa,borregospringsresortspa,https://careers.hireology.com/borregospringsresortspa/
Bosch Truck Group Inc. - Camrose,boschtruckgroupinc-camrose,https://careers.hireology.com/boschtruckgroupinc-camrose/
Boshears Ford Sales Inc,boshearsfordsalesinc,https://careers.hireology.com/boshearsfordsalesinc/
"Boulevard Auto Sales, Inc",boulevardautosalesinc,https://careers.hireology.com/boulevardautosalesinc/
Blue Compass RV Mobile,br,https://careers.hireology.com/br/
"Brad Deery Ford, Inc",braddeeryfordinc,https://careers.hireology.com/braddeeryfordinc/
Brad Manning Ford Inc,bradmanningfordinc,https://careers.hireology.com/bradmanningfordinc/
Brandon Dodge Chrysler Jeep Ram,brandondodgechryslerjeepram,https://careers.hireology.com/brandondodgechryslerjeepram/
Courtyard Fargo,brandthospitalitygroup,https://careers.hireology.com/brandthospitalitygroup/
Brasserie La Banque,brasserielabanque,https://careers.hireology.com/brasserielabanque/
Brazos Home Care,brazoshomecare,https://careers.hireology.com/brazoshomecare/
Villa Haven Health and Rehabilitation Center,breckenridgetxllc,https://careers.hireology.com/breckenridgetxllc/
Bredemann Toyota,bredemanntoyota,https://careers.hireology.com/bredemanntoyota/
Breneman Ford,brenemanford,https://careers.hireology.com/brenemanford/
Brentwood Terrace CSNHC,brentwoodterracehealthcareandrehabilitationcenter,https://careers.hireology.com/brentwoodterracehealthcareandrehabilitationcenter/
Brickmont of Acworth,brickmontofacworth,https://careers.hireology.com/brickmontofacworth/
Brickmont of Johns Creek,brickmontofjohnscreek,https://careers.hireology.com/brickmontofjohnscreek/
Brickmont of Roswell,brickmontofroswell,https://careers.hireology.com/brickmontofroswell/
Brickmont of West Cobb,brickmontofwestcobb,https://careers.hireology.com/brickmontofwestcobb/
Brickmont of Woodstock,brickmontofwoodstock,https://careers.hireology.com/brickmontofwoodstock/
Bridges by EPOCH at Hingham,bridgesbyepochathingham,https://careers.hireology.com/bridgesbyepochathingham/
Bridges by EPOCH at Lexington,bridgesbyepochatlexington,https://careers.hireology.com/bridgesbyepochatlexington/
Bridges by EPOCH at Mashpee,bridgesbyepochatmashpee,https://careers.hireology.com/bridgesbyepochatmashpee/
Bridges by EPOCH at Nashua,bridgesbyepochatnashua,https://careers.hireology.com/bridgesbyepochatnashua/
Bridges by EPOCH at Norwalk,bridgesbyepochatnorwalk,https://careers.hireology.com/bridgesbyepochatnorwalk/
Bridges by EPOCH at Pembroke,bridgesbyepochatpembroke,https://careers.hireology.com/bridgesbyepochatpembroke/
Bridges by EPOCH at Sudbury,bridgesbyepochatsudbury,https://careers.hireology.com/bridgesbyepochatsudbury/
Bridges by EPOCH at Trumbull,bridgesbyepochattrumbull,https://careers.hireology.com/bridgesbyepochattrumbull/
Bridges by EPOCH at Westford,bridgesbyepochatwestford,https://careers.hireology.com/bridgesbyepochatwestford/
Bridges by EPOCH at Westwood,bridgesbyepochatwestwood,https://careers.hireology.com/bridgesbyepochatwestwood/
Briggs Automotive Group,briggsautomotivegroup,https://careers.hireology.com/briggsautomotivegroup/
BrightStar Care - Anchorage,brightstarcare-anchorage,https://careers.hireology.com/brightstarcare-anchorage/
BrightStar Care of Lawrenceville,brightstarcare-athenslawrencevillega,https://careers.hireology.com/brightstarcare-athenslawrencevillega/
BrightStar Care of Greater Austin,brightstarcare-austintx,https://careers.hireology.com/brightstarcare-austintx/
Brightstar Care of Ft. Myers/Naples,brightstarcare-bonitaspringsfla,https://careers.hireology.com/brightstarcare-bonitaspringsfla/
Brightstar Care of Carlsbad,brightstarcare-carlsbadca,https://careers.hireology.com/brightstarcare-carlsbadca/
BrightStar Care of Central Western Riverside Co.,brightstarcare-centralwesternriversideca,https://careers.hireology.com/brightstarcare-centralwesternriversideca/
BrightStar Care Charlotte,brightstarcare-charlottenc,https://careers.hireology.com/brightstarcare-charlottenc/
Brightstar Care of Chicago and La Grange,brightstarcare-chicago,https://careers.hireology.com/brightstarcare-chicago/
BrightStar Care of Elmwood Park,brightstarcare-elmwoodparkil,https://careers.hireology.com/brightstarcare-elmwoodparkil/
"BrightStar Care Fayetteville, GA",brightstarcare-fayettevillega,https://careers.hireology.com/brightstarcare-fayettevillega/
BrightStar Care South Minneapolis Metro/Burnsville,brightstarcare-greaterminneapolismarket,https://careers.hireology.com/brightstarcare-greaterminneapolismarket/
BrightStar Care of Honolulu,brightstarcare-hawaii,https://careers.hireology.com/brightstarcare-hawaii/
BrightStar Care,brightstarcare-hiltonhead,https://careers.hireology.com/brightstarcare-hiltonhead/
BrightStar Care of Huntington Beach,brightstarcare-huntingtonbeachca,https://careers.hireology.com/brightstarcare-huntingtonbeachca/
BrightStar Care of Indianapolis,brightstarcare-indianapolisin,https://careers.hireology.com/brightstarcare-indianapolisin/
BrightStar Care,brightstarcare-knoxvilletn,https://careers.hireology.com/brightstarcare-knoxvilletn/
BrightStar Care of Metro San Antonio,brightstarcare-lanedistx,https://careers.hireology.com/brightstarcare-lanedistx/
BrightStar Care of Laredo,brightstarcare-laredotx,https://careers.hireology.com/brightstarcare-laredotx/
BrightStar Care of Louisville,brightstarcare-louisvilleky,https://careers.hireology.com/brightstarcare-louisvilleky/
BrightStar Care of Lubbock,brightstarcare-lubbocktx,https://careers.hireology.com/brightstarcare-lubbocktx/
BrightStar Care,brightstarcare-mariettaga,https://careers.hireology.com/brightstarcare-mariettaga/
BrightStar Care of The Mid Ohio Valley,brightstarcare-mid-ohiovalley,https://careers.hireology.com/brightstarcare-mid-ohiovalley/
BrightStar Care of Naperville/South DuPage,brightstarcare-oakbrook-naperville,https://careers.hireology.com/brightstarcare-oakbrook-naperville/
BrightStar Care of Richmond,brightstarcare-richmondva,https://careers.hireology.com/brightstarcare-richmondva/
"BrightStar Care - Rio Grande Valley, TX",brightstarcare-riograndevalleytx,https://careers.hireology.com/brightstarcare-riograndevalleytx/
BrightStar Care of North Sarasota,brightstarcare-sarasotafl,https://careers.hireology.com/brightstarcare-sarasotafl/
BrightStar Care of Tucson/Sierra Vista,brightstarcare-sierravistatucson,https://careers.hireology.com/brightstarcare-sierravistatucson/
BrightStar Care of Somerset,brightstarcare-somersetnj,https://careers.hireology.com/brightstarcare-somersetnj/
BrightStar Care of Springfield/Decatur,brightstarcare-springfieldil,https://careers.hireology.com/brightstarcare-springfieldil/
BrightStar Care of St. Paul,brightstarcare-stpaulmn,https://careers.hireology.com/brightstarcare-stpaulmn/
BrightStar Care of Northern Michigan,brightstarcare-traversecitymi,https://careers.hireology.com/brightstarcare-traversecitymi/
BrightStar Care of Westfield,brightstarcare-unioncountynj,https://careers.hireology.com/brightstarcare-unioncountynj/
BrightStar Care of Valparaiso,brightstarcare-valpo,https://careers.hireology.com/brightstarcare-valpo/
BrightStar Care of Venice/Port Charlotte,brightstarcare-venicefl,https://careers.hireology.com/brightstarcare-venicefl/
BrightStar Care of West Bend,brightstarcare-westbend,https://careers.hireology.com/brightstarcare-westbend/
BrightStar Care of Central DuPage,brightstarcare-wheatondupage,https://careers.hireology.com/brightstarcare-wheatondupage/
BrightStar Care of Pembroke Pines,brightstarcareofpembrokepines,https://careers.hireology.com/brightstarcareofpembrokepines/
"BrightStar Care Sterling Heights, MI",brightstarcareofsterlingheightsmi,https://careers.hireology.com/brightstarcareofsterlingheightsmi/
"Brinson Auto Group - Athens, Corsicana, Kaufman TX",brinsonautogroup,https://careers.hireology.com/brinsonautogroup/
Brinson CDJR,brinsoncdjr,https://careers.hireology.com/brinsoncdjr/
Brinson Chevrolet,brinsonchevrolet,https://careers.hireology.com/brinsonchevrolet/
Brinson Ford of Corsicana,brinsonfordlincoln-corsicana,https://careers.hireology.com/brinsonfordlincoln-corsicana/
Brinson Powersports of Corsicana,brinsonpowersportsofcorsicana,https://careers.hireology.com/brinsonpowersportsofcorsicana/
Bristol Honda,bristolhonda,https://careers.hireology.com/bristolhonda/
Brondes Ford Maumee,brondesfordmaumee,https://careers.hireology.com/brondesfordmaumee/
Brookridge A Thrive More Community,brookridgecommunity,https://careers.hireology.com/brookridgecommunity/
Brookshire Hyundai,brookshirehyundai,https://careers.hireology.com/brookshirehyundai/
Brooksville Ford,brooksvilleford,https://careers.hireology.com/brooksvilleford/
Brownfield Rehabilitation and Care Center,brownfieldtxllc,https://careers.hireology.com/brownfieldtxllc/
Brownwood Nursing & Rehabilitation,brownwood,https://careers.hireology.com/brownwood/
Shelton Ford,brucetitusfordshelton,https://careers.hireology.com/brucetitusfordshelton/
Bruner Motors Inc,brunerautofamily,https://careers.hireology.com/brunerautofamily/
Bruner Toyota,brunerautogroup,https://careers.hireology.com/brunerautogroup/
Bruner Motors Inc,brunermotorsinc,https://careers.hireology.com/brunermotorsinc/
Brustolon Buick - GMC,brustolonbuick-gmc,https://careers.hireology.com/brustolonbuick-gmc/
"Bryden Ford, Inc",brydenfordinc,https://careers.hireology.com/brydenfordinc/
Buchanan Auto Park,buchananautostores,https://careers.hireology.com/buchananautostores/
Buchanan Subaru,buchanansubaru,https://careers.hireology.com/buchanansubaru/
Buckeye Nissan,buckeyenissan,https://careers.hireology.com/buckeyenissan/
Buckeye Toyota,buckeyetoyota,https://careers.hireology.com/buckeyetoyota/
Budd Baer Automotive,buddbaerauto,https://careers.hireology.com/buddbaerauto/
Buena Vida Odessa,buenavidaodessa,https://careers.hireology.com/buenavidaodessa/
Buena Vida Nursing & Rehabilitation Center San Antonio,buenavidasanantonio,https://careers.hireology.com/buenavidasanantonio/
Bulley & Andrews,bulleyandrews,https://careers.hireology.com/bulleyandrews/
Butcher & Bull,butcherbull,https://careers.hireology.com/butcherbull/
"Italian Imports (Alfa Romeo, Fiat, Maserati)",butlerautogroupindianapolis,https://careers.hireology.com/butlerautogroupindianapolis/
Hyundai of Carmel,butlerhyundai,https://careers.hireology.com/butlerhyundai/
Kia of Fishers,butlerkiaoffishers,https://careers.hireology.com/butlerkiaoffishers/
Hertz Columbus HLE,byerscarrentalsllc,https://careers.hireology.com/byerscarrentalsllc/
Byers Chrysler Jeep Dodge Ram,byerscdjr,https://careers.hireology.com/byerscdjr/
Byers Ford,byersford,https://careers.hireology.com/byersford/
Byers Imports,byersimport,https://careers.hireology.com/byersimport/
Byers Subaru Dublin,byersmazdasubarudublin,https://careers.hireology.com/byersmazdasubarudublin/
Byers Toyota,byerstoyota,https://careers.hireology.com/byerstoyota/
CAG Acceptance,cagacceptance,https://careers.hireology.com/cagacceptance/
Calgary TELUS Convention Centre,calgarytelusconventioncentre,https://careers.hireology.com/calgarytelusconventioncentre/
Cal Pacific Truck Center,calpacifictruckcenter,https://careers.hireology.com/calpacifictruckcenter/
DoubleTree Greenville,cambrianhotelgreenville,https://careers.hireology.com/cambrianhotelgreenville/
Cambridge Caregivers - Dallas,cambridgecaregivers,https://careers.hireology.com/cambridgecaregivers/
Cambridge Caregivers - Fort Worth,cambridgecaregivers-fortworth,https://careers.hireology.com/cambridgecaregivers-fortworth/
John Hirsh’s Cambridge Motors,cambridgemotors,https://careers.hireology.com/cambridgemotors/
Camelback Ford,camelbackford,https://careers.hireology.com/camelbackford/
Camelback Subaru Volkswagen,camelbacksubaruvolkswagen,https://careers.hireology.com/camelbacksubaruvolkswagen/
Camellia Place,camelliaplace,https://careers.hireology.com/camelliaplace/
Campbell Kia of Missoula,campbellkiaofmissoula,https://careers.hireology.com/campbellkiaofmissoula/
Campbell Nissan Edmonds,campbellnissanedmonds,https://careers.hireology.com/campbellnissanedmonds/
Camp Cold Springs,campcoldsprings,https://careers.hireology.com/campcoldsprings/
Camp Smile Pediatric Dentistry & Orthodontics,campsmilemn,https://careers.hireology.com/campsmilemn/
Campus Automotive,campusautomotive,https://careers.hireology.com/campusautomotive/
Campus Auxiliary Services - SUNY Geneseo,campusauxiliaryservices-sunygeneseo,https://careers.hireology.com/campusauxiliaryservices-sunygeneseo/
"Candy Ford, Inc",candyfordinc,https://careers.hireology.com/candyfordinc/
Cannery Pier Hotel & Spa,cannerypierhotelspa,https://careers.hireology.com/cannerypierhotelspa/
Cannon Ford of Cleveland,cannonfordofcleveland,https://careers.hireology.com/cannonfordofcleveland/
CAN of Minnesota,canofminnesota,https://careers.hireology.com/canofminnesota/
Cantio Hotel,cantiohotel,https://careers.hireology.com/cantiohotel/
Bobcat of Canton- Leppo Rents,cantonoh1,https://careers.hireology.com/cantonoh1/
Bobcat of Medina - Leppo Rents,cantonoh2,https://careers.hireology.com/cantonoh2/
CAP3,cap3,https://careers.hireology.com/cap3/
Cape Wildlife Services Inc.,capewildlifeservicesinc,https://careers.hireology.com/capewildlifeservicesinc/
Capistrano Volkswagen,capistranoauto,https://careers.hireology.com/capistranoauto/
Capital Chevrolet of Wake Forest,capitalautomotivegroup,https://careers.hireology.com/capitalautomotivegroup/
Capital Chrysler Jeep Dodge Ram of Garner,capitalcdjrofgarner,https://careers.hireology.com/capitalcdjrofgarner/
Capital CDJR of Indian Trail,capitalcdjrofindiantrail,https://careers.hireology.com/capitalcdjrofindiantrail/
Capital Chevrolet GMC of Lexington,capitalchevroletgmcoflexington,https://careers.hireology.com/capitalchevroletgmcoflexington/
Capital Chevrolet of Shallotte,capitalchevroletofshallotte,https://careers.hireology.com/capitalchevroletofshallotte/
Capital Chevrolet of Wake Forest,capitalchevroletwakeforest,https://careers.hireology.com/capitalchevroletwakeforest/
Capital Mercedes Benz - Porsche Tallahassee,capitaleurocarsinc,https://careers.hireology.com/capitaleurocarsinc/
Capital Ford Raleigh,capitalfordinc,https://careers.hireology.com/capitalfordinc/
Capital Ford Lincoln of Rocky Mount,capitalfordlincolnofrockymount,https://careers.hireology.com/capitalfordlincolnofrockymount/
Capital Ford of Charlotte,capitalfordofcharlotte,https://careers.hireology.com/capitalfordofcharlotte/
Capital Ford of Hillsborough,capitalfordofhillsborough,https://careers.hireology.com/capitalfordofhillsborough/
Capital Ford of Lillington,capitalfordoflillington,https://careers.hireology.com/capitalfordoflillington/
Capital Hyundai of Jacksonville,capitalhyundaiofjacksonville,https://careers.hireology.com/capitalhyundaiofjacksonville/
Capital Hyundai of Greensboro,capitalhyundaisubaru,https://careers.hireology.com/capitalhyundaisubaru/
Capital Nissan of Wilmington,capitalnissan,https://careers.hireology.com/capitalnissan/
Capital Lincoln Mazda of Cary,capitalofcary,https://careers.hireology.com/capitalofcary/
Capital Subaru of Greensboro,capitalsubaruofgreensboro,https://careers.hireology.com/capitalsubaruofgreensboro/
Capital Subaru of Greenville,capitalsubaruofgreenville,https://careers.hireology.com/capitalsubaruofgreenville/
Capitol Chevrolet,capitolchevroletbha,https://careers.hireology.com/capitolchevroletbha/
Capitol City Ford,capitolcityford,https://careers.hireology.com/capitolcityford/
Capitol City Ford of Greenfield,capitolcityfordofgreenfield,https://careers.hireology.com/capitolcityfordofgreenfield/
Capitol Ford,capitolford,https://careers.hireology.com/capitolford/
Capitol Hyundai,capitolhyundai,https://careers.hireology.com/capitolhyundai/
Capitol Mazda,capitolmazda,https://careers.hireology.com/capitolmazda/
Capitol Subaru,capitolsubaru,https://careers.hireology.com/capitolsubaru/
Caprock Nursing & Rehabilitation,caprock,https://careers.hireology.com/caprock/
Cap Sante Court Retirement Community,capsantecourtretirementcommunity,https://careers.hireology.com/capsantecourtretirementcommunity/
Care360 Hospice,care360hospice,https://careers.hireology.com/care360hospice/
Care Around the Block - Knoxville TN,carearoundtheblock-knoxvilletn,https://careers.hireology.com/carearoundtheblock-knoxvilletn/
CareCruiz Home Care Agency,carecruizhomecareagency,https://careers.hireology.com/carecruizhomecareagency/
Care Healthcare of Washington - King Office,carehealthcareofwashington,https://careers.hireology.com/carehealthcareofwashington/
Care Nursing & Rehabilitation,carenursingrehabilitation,https://careers.hireology.com/carenursingrehabilitation/
"Care Runners Home Care Services, Inc.",carerunnershomecareservicesinc,https://careers.hireology.com/carerunnershomecareservicesinc/
Care Suites of Harrison/Maple Esplanade,caresuitesofharrisonmapleesplanade,https://careers.hireology.com/caresuitesofharrisonmapleesplanade/
CareWorks Health Services,careworkshealthservices,https://careers.hireology.com/careworkshealthservices/
Caring Hands Caregivers,caringhandscaregivers,https://careers.hireology.com/caringhandscaregivers/
Carman Ford,carmanford,https://careers.hireology.com/carmanford/
Blue Compass RV Hickory,carolinacoachcamper,https://careers.hireology.com/carolinacoachcamper/
Carolina CoPacking,carolinacopackingllc,https://careers.hireology.com/carolinacopackingllc/
Carolinas Collision Center of Rocky Mount,carolinascollisioncentersofrockymount,https://careers.hireology.com/carolinascollisioncentersofrockymount/
Carol Milgard Breast Center,carolmilgardbreastcenter,https://careers.hireology.com/carolmilgardbreastcenter/
Carriage Inn Bryan,carriageinnbryan,https://careers.hireology.com/carriageinnbryan/
Carriage Inn Conroe,carriageinnconroe,https://careers.hireology.com/carriageinnconroe/
Carriage Inn Huntsville,carriageinnhuntsville,https://careers.hireology.com/carriageinnhuntsville/
Carriage Inn Katy,carriageinnkaty,https://careers.hireology.com/carriageinnkaty/
Carriage Inn Lake Jackson,carriageinnlakejackson,https://careers.hireology.com/carriageinnlakejackson/
Carter Chevrolet,carterchevrolet,https://careers.hireology.com/carterchevrolet/
Car Town Kia USA Florence,cartownkiausaflorence,https://careers.hireology.com/cartownkiausaflorence/
Caruso Ford,carusoford,https://careers.hireology.com/carusoford/
C. A. Russell Ford,carussellford,https://careers.hireology.com/carussellford/
CarVision Inc.,carvision,https://careers.hireology.com/carvision/
Casey Auto Group,caseyautogroup,https://careers.hireology.com/caseyautogroup/
Casey BMW,caseybmw,https://careers.hireology.com/caseybmw/
Casey Chevrolet,caseychevrolet,https://careers.hireology.com/caseychevrolet/
Casey Honda,caseyhonda,https://careers.hireology.com/caseyhonda/
Casey Kia,caseykia,https://careers.hireology.com/caseykia/
Casey Subaru,caseysubaru,https://careers.hireology.com/caseysubaru/
Casey Toyota,caseytoyota,https://careers.hireology.com/caseytoyota/
Casey Volkswagen,caseyvolkswagen,https://careers.hireology.com/caseyvolkswagen/
Castle Volkswagen of Schaumburg,castlecarsofschaumburgllc,https://careers.hireology.com/castlecarsofschaumburgllc/
Castle Chevrolet,castlechevrolet,https://careers.hireology.com/castlechevrolet/
Castlegar Toyota,castlegartoyota,https://careers.hireology.com/castlegartoyota/
"Castle GMC, Cadillac, Chevrolet of McHenry",castlemchenry,https://careers.hireology.com/castlemchenry/
Castle Pines Health & Rehab,castlepineshealthrehab,https://careers.hireology.com/castlepineshealthrehab/
Castle Rock CDJR,castlerockcdjr,https://careers.hireology.com/castlerockcdjr/
Castongia Tractor Fowler,castongiatractorfowler,https://careers.hireology.com/castongiatractorfowler/
Castongia Tractor Rensselaer,castongiatractorrensselaer,https://careers.hireology.com/castongiatractorrensselaer/
Cavalier Mazda,cavalierautogroup,https://careers.hireology.com/cavalierautogroup/
C&C Lift Truck Inc,cclifttruckinc,https://careers.hireology.com/cclifttruckinc/
Cedar City Motor Co,cedarcitymotorco,https://careers.hireology.com/cedarcitymotorco/
Cedar Creek Nursing & Rehabilitation,cedarcreek,https://careers.hireology.com/cedarcreek/
Cedar Manor Nursing and Rehabilitation,cedarmanornursingandrehabilitation,https://careers.hireology.com/cedarmanornursingandrehabilitation/
Cella Ford Inc,cellafordinc,https://careers.hireology.com/cellafordinc/
Central City Toyota,centralcitytoyota,https://careers.hireology.com/centralcitytoyota/
"Central Maine Ford, Inc.",centralmainefordinc,https://careers.hireology.com/centralmainefordinc/
Central Texas Nursing and Rehabilitation,centraltexasnursingrehabilitation,https://careers.hireology.com/centraltexasnursingrehabilitation/
Centre State,centrestate,https://careers.hireology.com/centrestate/
Legacy Kia of West Mifflin,century3kia,https://careers.hireology.com/century3kia/
Cerritos Nissan & Infiniti,cerritosnissan,https://careers.hireology.com/cerritosnissan/
CertaPro Painters Indianapolis & Dayton,certapropaintersofindianapolis,https://careers.hireology.com/certapropaintersofindianapolis/
"CertaPro Painters of North Orlando, East Orlando, Space Coast",certapropaintersofseminolecounty,https://careers.hireology.com/certapropaintersofseminolecounty/
Certified Benz & Beemer,certifiedbenzbeemer,https://careers.hireology.com/certifiedbenzbeemer/
Champion Chevrolet of Avon,championchevroletofavon,https://careers.hireology.com/championchevroletofavon/
Champion Chevrolet GMC,championchevroletpontiacbuickinc,https://careers.hireology.com/championchevroletpontiacbuickinc/
Champion Ford,championford,https://careers.hireology.com/championford/
Chandler’s Square Retirement Community,chandlerssquareretirementcommunity,https://careers.hireology.com/chandlerssquareretirementcommunity/
Chaparral Ford,chaparralford,https://careers.hireology.com/chaparralford/
Chapman Honda,chapmanautomotivegroup,https://careers.hireology.com/chapmanautomotivegroup/
Chapman BMW on Camelback,chapmanbmwoncamelback,https://careers.hireology.com/chapmanbmwoncamelback/
Chapman Chevrolet,chapmanchevrolet,https://careers.hireology.com/chapmanchevrolet/
Chapman Chrysler Jeep,chapmanchryslerjeep,https://careers.hireology.com/chapmanchryslerjeep/
Chapman Dodge Chrysler Jeep Ram Scottsdale,chapmandodgechryslerjeepramscottsdale,https://careers.hireology.com/chapmandodgechryslerjeepramscottsdale/
Chapman Ford,chapmanford,https://careers.hireology.com/chapmanford/
Chapman Ford of Horsham,chapmanfordofhorsham,https://careers.hireology.com/chapmanfordofhorsham/
Chapman Honda,chapmanhonda,https://careers.hireology.com/chapmanhonda/
Chapman Bell Rd. Hyundai,chapmanhyundaionbellroad,https://careers.hireology.com/chapmanhyundaionbellroad/
Chapman Hyundai Scottsdale,chapmanhyundaiscottsdale,https://careers.hireology.com/chapmanhyundaiscottsdale/
Chapman Collision Centers and Used Cars Tucson,chapmanpaloverdeusedcars,https://careers.hireology.com/chapmanpaloverdeusedcars/
Chapman Payson Auto Center,chapmanpaysonautocenter,https://careers.hireology.com/chapmanpaysonautocenter/
Chapman Tucson Market,chapmantucson-nebyonas,https://careers.hireology.com/chapmantucson-nebyonas/
Chapman Volkswagen Scottsdale,chapmanvolkswagen-scottsdale,https://careers.hireology.com/chapmanvolkswagen-scottsdale/
Chapman Volkswagen Tucson,chapmanvolkswagen-tucson,https://careers.hireology.com/chapmanvolkswagen-tucson/
Charlie's Dodge Chrysler Jeep Ram,charliesdodgechryslerjeepram,https://careers.hireology.com/charliesdodgechryslerjeepram/
C. Harper Buick GMC,charperbuickgmc,https://careers.hireology.com/charperbuickgmc/
C. Harper CDJR,charpercdjr,https://careers.hireology.com/charpercdjr/
C. Harper CDJR - MonValley,charpercdjr-monvalley,https://careers.hireology.com/charpercdjr-monvalley/
C. Harper Chevrolet - East,charperchevrolet-east,https://careers.hireology.com/charperchevrolet-east/
C. Harper Chevrolet / Cadillac,charperchevroletcadillac,https://careers.hireology.com/charperchevroletcadillac/
C. Harper Ford / Kia,charperfordkia,https://careers.hireology.com/charperfordkia/
C. Harper Honda,charperhonda,https://careers.hireology.com/charperhonda/
Chastang Ford,chastangford,https://careers.hireology.com/chastangford/
Chattanooga Health and Rehab Center,chattanoogahealthandrehabcenter,https://careers.hireology.com/chattanoogahealthandrehabcenter/
"Cherished Companions Home Care, LLC",cherishedcompanionshomecarellc,https://careers.hireology.com/cherishedcompanionshomecarellc/
Cherokee Rose Nursing & Rehabilitation,cherokeerosenursingrehabilitation,https://careers.hireology.com/cherokeerosenursingrehabilitation/
Chestatee Ford,chestateeford,https://careers.hireology.com/chestateeford/
Chevrolet of Bloomsburg,chevroletcadillac-bloomsburg,https://careers.hireology.com/chevroletcadillac-bloomsburg/
Castle Chevrolet North,chevroletnorth,https://careers.hireology.com/chevroletnorth/
Chevrolet of Naperville,chevroletofnaperville,https://careers.hireology.com/chevroletofnaperville/
Chevrolet Of Troy,chevroletoftroy,https://careers.hireology.com/chevroletoftroy/
Chevrolet of Wayzata,chevroletofwayzata,https://careers.hireology.com/chevroletofwayzata/
"Bruner Chevrolet - GMC-Early, TX",chevygmcearly,https://careers.hireology.com/chevygmcearly/
Chevyland,chevyland,https://careers.hireology.com/chevyland/
Chicago Marriott Northwest,chicagomarriottnorthwest,https://careers.hireology.com/chicagomarriottnorthwest/
Chino Hills Ford,chinohillsford,https://careers.hireology.com/chinohillsford/
Chisholm Trail  Nursing & Rehabilitation Center,chisolmtrainnursingrehabilitationcenter,https://careers.hireology.com/chisolmtrainnursingrehabilitationcenter/
Auffenberg of Carbondale,chrisauffenbergautogroup,https://careers.hireology.com/chrisauffenbergautogroup/
Chris Auffenberg Ford (Washington MO),chrisauffenbergfordwashingtonmo,https://careers.hireology.com/chrisauffenbergfordwashingtonmo/
Chris Auffenberg Hyundai of Cape Girardeau,chrisauffenberghyundaiofcapegirardeau,https://careers.hireology.com/chrisauffenberghyundaiofcapegirardeau/
Chris Auffenberg Kia,chrisauffenbergkia,https://careers.hireology.com/chrisauffenbergkia/
"Chris Collins, Inc.",chriscollinsinc,https://careers.hireology.com/chriscollinsinc/
Warner Robins Chrysler Dodge Jeep Ram Fiat,chryslerdodgejeepramofwarnerrobins,https://careers.hireology.com/chryslerdodgejeepramofwarnerrobins/
Cibolo Creek Health & Rehabilitation,cibolocreekhealthandrehabilitation,https://careers.hireology.com/cibolocreekhealthandrehabilitation/
CINCINNATI CADILLAC,cincinnaticadillac-josephgroup,https://careers.hireology.com/cincinnaticadillac-josephgroup/
Ciocca Ford of York,cioccafordofyork,https://careers.hireology.com/cioccafordofyork/
Circle BMW,circlebmw,https://careers.hireology.com/circlebmw/
Circle BMW,circlemotorgroup,https://careers.hireology.com/circlemotorgroup/
City Kia Of Orlando,citykiaoforlando,https://careers.hireology.com/citykiaoforlando/
"CKL Engineers, LLC",cklengineers,https://careers.hireology.com/cklengineers/
The Claiborne - Corporate,claiborneseniorlivingllc,https://careers.hireology.com/claiborneseniorlivingllc/
Clair Tappaan Lodge,clairtappaanlodge,https://careers.hireology.com/clairtappaanlodge/
Clark Knapp Honda,clarkknapphonda,https://careers.hireology.com/clarkknapphonda/
Classic Chrysler Jeep Dodge RAM -Goldsboro,classicchryslerjeepdodgeram-goldsboro,https://careers.hireology.com/classicchryslerjeepdodgeram-goldsboro/
Classic Chrysler Jeep Dodge RAM - Pineville,classicchryslerjeepdodgeram-pineville,https://careers.hireology.com/classicchryslerjeepdodgeram-pineville/
Classic Ford - Shelby,classicford-shelby,https://careers.hireology.com/classicford-shelby/
Classic Ford Lincoln - Columbia,classicfordlincoln-columbia,https://careers.hireology.com/classicfordlincoln-columbia/
Classic Hyundai - Wilkesboro,classichyundai-wilkesboro,https://careers.hireology.com/classichyundai-wilkesboro/
Classic Kia,classickia2,https://careers.hireology.com/classickia2/
Classic Nissan - Sanford,classicnissan-sanford,https://careers.hireology.com/classicnissan-sanford/
Classic Toyota - Wilkesboro,classictoyota-wilkesboro,https://careers.hireology.com/classictoyota-wilkesboro/
Classic Toyota,classictoyotascion2,https://careers.hireology.com/classictoyotascion2/
Clayton Oaks Living,claytonoaksliving,https://careers.hireology.com/claytonoaksliving/
Clearview Building Maintenance,clearviewbuildingmaintenance,https://careers.hireology.com/clearviewbuildingmaintenance/
Clearwater Agritopia,clearwateragritopia,https://careers.hireology.com/clearwateragritopia/
Clearwater Ahwatukee,clearwaterahwatukee,https://careers.hireology.com/clearwaterahwatukee/
Clearwater at Glendora,clearwateratglendora,https://careers.hireology.com/clearwateratglendora/
Clearwater at North Tustin,clearwateratnorthtustin,https://careers.hireology.com/clearwateratnorthtustin/
Clearwater at Rancharrah,clearwateratrancharrah,https://careers.hireology.com/clearwateratrancharrah/
Clearwater at Riverpark,clearwateratriverpark,https://careers.hireology.com/clearwateratriverpark/
Clearwater at The Arboretum,clearwateratthearboretum,https://careers.hireology.com/clearwateratthearboretum/
Clearwater at the Heights,clearwaterattheheights,https://careers.hireology.com/clearwaterattheheights/
Clearwater Mayo Blvd,clearwaterliving,https://careers.hireology.com/clearwaterliving/
Clearwater Living Highland Park,clearwaterlivinghighlandpark,https://careers.hireology.com/clearwaterlivinghighlandpark/
Clearwater Mayo Blvd,clearwatermayoblvd,https://careers.hireology.com/clearwatermayoblvd/
Clearwater Newport Beach,clearwaternewportbeach,https://careers.hireology.com/clearwaternewportbeach/
"Clement Ford, LLC",clementfordllc,https://careers.hireology.com/clementfordllc/
Clift Buick GMC,cliftbuickgmc,https://careers.hireology.com/cliftbuickgmc/
Cloninger Ford of Hickory,cloningerfordofhickory,https://careers.hireology.com/cloningerfordofhickory/
Cloninger Ford of Morganton,cloningerfordofmorgantoninc,https://careers.hireology.com/cloningerfordofmorgantoninc/
Closet Factory - Houston,closetfactory,https://careers.hireology.com/closetfactory/
"Closet Factory - Baltimore, MD",closetfactory-baltimoremd,https://careers.hireology.com/closetfactory-baltimoremd/
Closet Factory - Birmingham,closetfactory-birmingham,https://careers.hireology.com/closetfactory-birmingham/
Closet Factory - Houston,closetfactory-houston,https://careers.hireology.com/closetfactory-houston/
"Closet Factory - Jacksonville, FL",closetfactory-jacksonvillefl,https://careers.hireology.com/closetfactory-jacksonvillefl/
Closet Factory - Phoenix,closetfactory-phoenix,https://careers.hireology.com/closetfactory-phoenix/
Closet Factory of Salt Lake City,closetfactory-saltlakecity,https://careers.hireology.com/closetfactory-saltlakecity/
Closet Factory Knoxville TN,closetfactoryknoxvilletn,https://careers.hireology.com/closetfactoryknoxvilletn/
Closet Factory of Kentucky,closetfactorylouisville,https://careers.hireology.com/closetfactorylouisville/
Closet Factory of Delaware Valley,closetfactoryofdelawarevalley,https://careers.hireology.com/closetfactoryofdelawarevalley/
Closet Factory of Detroit,closetfactoryofdetroit,https://careers.hireology.com/closetfactoryofdetroit/
Closet Factory of Pittsburgh,closetfactoryofpittsburgh,https://careers.hireology.com/closetfactoryofpittsburgh/
"Closet Factory of Portland, OR",closetfactoryofportlandor,https://careers.hireology.com/closetfactoryofportlandor/
Closet Factory,closetfactoryofsacramento,https://careers.hireology.com/closetfactoryofsacramento/
Closet Factory of Seattle,closetfactoryofseattle,https://careers.hireology.com/closetfactoryofseattle/
Closet Factory of St. Louis,closetfactoryofstlouis,https://careers.hireology.com/closetfactoryofstlouis/
Closet Factory of Westchester,closetfactoryofwestchester,https://careers.hireology.com/closetfactoryofwestchester/
Closet Factory of Wisconsin,closetfactoryofwisconsin,https://careers.hireology.com/closetfactoryofwisconsin/
Closet Factory Omaha,closetfactoryomaha,https://careers.hireology.com/closetfactoryomaha/
Clover Ridge Place,cloverridgeplace,https://careers.hireology.com/cloverridgeplace/
"Club Pilates - Easton/Nazareth, PA",clubpilates-acworthga,https://careers.hireology.com/clubpilates-acworthga/
Club Pilates,clubpilates-cliftonpark,https://careers.hireology.com/clubpilates-cliftonpark/
Club Pilates,clubpilates-mandeville,https://careers.hireology.com/clubpilates-mandeville/
Empowered Pilates - AZ,clubpilates-mesaaz,https://careers.hireology.com/clubpilates-mesaaz/
Club Pilates Rice Military,clubpilates-ricemilitary,https://careers.hireology.com/clubpilates-ricemilitary/
Club Pilates,clubpilates-tarynhenderson,https://careers.hireology.com/clubpilates-tarynhenderson/
Club Pilates - Teasley Commons,clubpilates-teasleycommons,https://careers.hireology.com/clubpilates-teasleycommons/
Club Pilates of North Houston,clubpilatescincoranch,https://careers.hireology.com/clubpilatescincoranch/
Club Pilates Cross Roads,clubpilatescrossroads,https://careers.hireology.com/clubpilatescrossroads/
Club Pilates Corporate,clubpilateslafayette,https://careers.hireology.com/clubpilateslafayette/
CMA Flodyne Hydradyne,cmafh,https://careers.hireology.com/cmafh/
Coastal Bend CDJR,coastalbendcjdr,https://careers.hireology.com/coastalbendcjdr/
Coastal Bend Ford,coastalbendford,https://careers.hireology.com/coastalbendford/
Coast Buick GMC Cadillac,coastautomotive,https://careers.hireology.com/coastautomotive/
Cobourg KIA,cobourgkia,https://careers.hireology.com/cobourgkia/
Cochrane Toyota,cochranetoyota,https://careers.hireology.com/cochranetoyota/
Cocoa Ford,cocoaford,https://careers.hireology.com/cocoaford/
"Cocoa Hyundai, Inc.",cocoahyundaiinc,https://careers.hireology.com/cocoahyundaiinc/
Coffee Haven,coffeehaven,https://careers.hireology.com/coffeehaven/
Coffman International,coffmaninternational,https://careers.hireology.com/coffmaninternational/
Coggins Auto Group,cogginsautogroup,https://careers.hireology.com/cogginsautogroup/
Cogswell Ford,cogswellford,https://careers.hireology.com/cogswellford/
Blue Compass RV Cincinnati,colerainfamilyrv-cincinnati,https://careers.hireology.com/colerainfamilyrv-cincinnati/
Blue Compass RV Columbus,colerainfamilyrv-columbus,https://careers.hireology.com/colerainfamilyrv-columbus/
Blue Compass RV Dayton,colerainfamilyrv-dayton,https://careers.hireology.com/colerainfamilyrv-dayton/
Blue Compass RV Indianapolis,colerainfamilyrv-indianapolis,https://careers.hireology.com/colerainfamilyrv-indianapolis/
Hueston Woods Lodge & Conference Center,collegecorner-huestonwoodslodgecottages,https://careers.hireology.com/collegecorner-huestonwoodslodgecottages/
Colletta Cary,colletta-raleigh,https://careers.hireology.com/colletta-raleigh/
Colonel Landscaping Inc,colonellandscapinginc,https://careers.hireology.com/colonellandscapinginc/
Colonial Cadillac,colonialcadillac,https://careers.hireology.com/colonialcadillac/
Colonial Chevrolet of Acton,colonialchevroletofacton,https://careers.hireology.com/colonialchevroletofacton/
Colonial Heritage Club,colonialheritageclub,https://careers.hireology.com/colonialheritageclub/
The Colonnade Hotel,colonnadehotel,https://careers.hireology.com/colonnadehotel/
"Columbia Gorge Hotel Hood River, OR",columbiagorgehotelhoodriveror,https://careers.hireology.com/columbiagorgehotelhoodriveror/
Kufleitner Auto Group,columbianachryslerjeepdodgeram,https://careers.hireology.com/columbianachryslerjeepdodgeram/
Hertz Columbus HLE,columbushle,https://careers.hireology.com/columbushle/
Comfort Inn & Suites - Florence,comfortflorence,https://careers.hireology.com/comfortflorence/
Comfort Inn Charleston Downtown,comfortinncharlestondowntown,https://careers.hireology.com/comfortinncharlestondowntown/
"Comfort Keepers - Easton, MD",comfortkeepers-eastonmd,https://careers.hireology.com/comfortkeepers-eastonmd/
"Comfort Keepers - Gulfport, MS",comfortkeepers-gulfportms,https://careers.hireology.com/comfortkeepers-gulfportms/
Comfort Keepers - Madison,comfortkeepers-madison,https://careers.hireology.com/comfortkeepers-madison/
Comfort Keepers - Wallingford,comfortkeepers-wallingford,https://careers.hireology.com/comfortkeepers-wallingford/
Comfort Keepers - Waterford,comfortkeepers-waterford,https://careers.hireology.com/comfortkeepers-waterford/
Comfort Keepers #581,comfortkeepers581,https://careers.hireology.com/comfortkeepers581/
Comfort Keepers of Central Florida - New Port Richey,comfortkeepersofcentralflorida,https://careers.hireology.com/comfortkeepersofcentralflorida/
"Comfort Suites - Prestonsburg, KY",comfortsuites-prestonsburgky,https://careers.hireology.com/comfortsuites-prestonsburgky/
Comfort Suites Southport,comfortsuitessouthport,https://careers.hireology.com/comfortsuitessouthport/
Commonwealth Senior Living Corporate Office,commonwealthseniorliving,https://careers.hireology.com/commonwealthseniorliving/
Commonwealth Senior Living at Abingdon,commonwealthseniorlivingatabingdon,https://careers.hireology.com/commonwealthseniorlivingatabingdon/
Commonwealth Senior Living at Bon Air,commonwealthseniorlivingatbonair,https://careers.hireology.com/commonwealthseniorlivingatbonair/
Commonwealth Senior Living at Cedar Bluff,commonwealthseniorlivingatcedarbluff,https://careers.hireology.com/commonwealthseniorlivingatcedarbluff/
Commonwealth Senior Living at Cedar Manor,commonwealthseniorlivingatcedarmanor,https://careers.hireology.com/commonwealthseniorlivingatcedarmanor/
Commonwealth Senior Living at Charlottesville,commonwealthseniorlivingatcharlottesville,https://careers.hireology.com/commonwealthseniorlivingatcharlottesville/
Commonwealth Senior Living at Chesterfield,commonwealthseniorlivingatchesterfield,https://careers.hireology.com/commonwealthseniorlivingatchesterfield/
Commonwealth Senior Living at Churchland House,commonwealthseniorlivingatchurchlandhouse,https://careers.hireology.com/commonwealthseniorlivingatchurchlandhouse/
Commonwealth Senior Living at East Paris,commonwealthseniorlivingateastparis,https://careers.hireology.com/commonwealthseniorlivingateastparis/
Commonwealth Senior Living at Farnham,commonwealthseniorlivingatfarnham,https://careers.hireology.com/commonwealthseniorlivingatfarnham/
Commonwealth Senior Living at Gloucester House,commonwealthseniorlivingatgloucesterhouse,https://careers.hireology.com/commonwealthseniorlivingatgloucesterhouse/
Commonwealth Senior Living at Grand Rapids,commonwealthseniorlivingatgrandrapids,https://careers.hireology.com/commonwealthseniorlivingatgrandrapids/
Commonwealth Senior Living at Haddam,commonwealthseniorlivingathaddam,https://careers.hireology.com/commonwealthseniorlivingathaddam/
Commonwealth Senior Living at Hampton,commonwealthseniorlivingathampton,https://careers.hireology.com/commonwealthseniorlivingathampton/
Commonwealth Senior Living at Hillsville,commonwealthseniorlivingathillsville,https://careers.hireology.com/commonwealthseniorlivingathillsville/
Commonwealth Senior Living at Kilmarnock,commonwealthseniorlivingatkilmarnock,https://careers.hireology.com/commonwealthseniorlivingatkilmarnock/
Commonwealth Senior Living at Kings Grant House,commonwealthseniorlivingatkingsgranthouse,https://careers.hireology.com/commonwealthseniorlivingatkingsgranthouse/
Commonwealth Senior Living at Leigh Hall,commonwealthseniorlivingatleighhall,https://careers.hireology.com/commonwealthseniorlivingatleighhall/
Commonwealth Senior Living at Manassas,commonwealthseniorlivingatmanassas,https://careers.hireology.com/commonwealthseniorlivingatmanassas/
Commonwealth Senior Living at North Byron,commonwealthseniorlivingatnorthbyron,https://careers.hireology.com/commonwealthseniorlivingatnorthbyron/
Commonwealth Senior Living at Stratford House,commonwealthseniorlivingatstratfordhouse,https://careers.hireology.com/commonwealthseniorlivingatstratfordhouse/
Commonwealth Senior Living at the Devonshire,commonwealthseniorlivingatthedevonshire,https://careers.hireology.com/commonwealthseniorlivingatthedevonshire/
Commonwealth Senior Living at the West End,commonwealthseniorlivingatthewestend,https://careers.hireology.com/commonwealthseniorlivingatthewestend/
Commonwealth Senior Living at Williamsburg,commonwealthseniorlivingatwilliamsburg,https://careers.hireology.com/commonwealthseniorlivingatwilliamsburg/
Commonwealth Senior Living at Willow Grove,commonwealthseniorlivingatwillowgrove,https://careers.hireology.com/commonwealthseniorlivingatwillowgrove/
Community Legal Services,communitylegalservicesofmid-florida,https://careers.hireology.com/communitylegalservicesofmid-florida/
St Luke Health Services,communitywellnesspartners,https://careers.hireology.com/communitywellnesspartners/
Companion Care Home Care,companioncarehomecare,https://careers.hireology.com/companioncarehomecare/
Companion Healthcare,companionhealthcare,https://careers.hireology.com/companionhealthcare/
Compass Rose Foundation,compassrosefoundation,https://careers.hireology.com/compassrosefoundation/
Computechsale,computechsale,https://careers.hireology.com/computechsale/
Concho Health and Rehabilitation Center,conchohealthrehabcenter,https://careers.hireology.com/conchohealthrehabcenter/
Open Arms & FCS,conciergecare,https://careers.hireology.com/conciergecare/
"Concierge Care- Amelia Island, FL",conciergecare-ameliaislandfl,https://careers.hireology.com/conciergecare-ameliaislandfl/
"Concierge Care- Daytona, FL",conciergecare-daytonafl,https://careers.hireology.com/conciergecare-daytonafl/
Concierge Care- Fort Myers / Naples,conciergecare-fortmyersfl,https://careers.hireology.com/conciergecare-fortmyersfl/
"Concierge Care- Gainesville, FL",conciergecare-gainesvillefl,https://careers.hireology.com/conciergecare-gainesvillefl/
"Concierge Care- Jacksonville, FL",conciergecare-jacksonvillefl,https://careers.hireology.com/conciergecare-jacksonvillefl/
"Concierge Care- Orange Park, FL",conciergecare-orangepark,https://careers.hireology.com/conciergecare-orangepark/
"Concierge Care- Orlando, FL",conciergecare-orlandofl,https://careers.hireology.com/conciergecare-orlandofl/
"Concierge Care- Palm Beach, FL",conciergecare-palmbeachfl,https://careers.hireology.com/conciergecare-palmbeachfl/
"Concierge Care- Palm Coast, FL",conciergecare-palmcoastfl,https://careers.hireology.com/conciergecare-palmcoastfl/
Concierge Care VA Agency,conciergecare-parentaccount,https://careers.hireology.com/conciergecare-parentaccount/
"Concierge Care- St. Augustine, FL",conciergecare-staugustinefl,https://careers.hireology.com/conciergecare-staugustinefl/
Concierge Care- Tampa Bay / Clearwater,conciergecare-tampafl,https://careers.hireology.com/conciergecare-tampafl/
Concierge Care- Villages/Ocala,conciergecare-villagesocala,https://careers.hireology.com/conciergecare-villagesocala/
Concierge Care VA Agency,conciergecarestaffing,https://careers.hireology.com/conciergecarestaffing/
Outside Unlimited/Conserva Irrigation,conservairrigationofmanchester,https://careers.hireology.com/conservairrigationofmanchester/
"Construction Machinery Industrial, LLC",constructionmachineryindustrialllc-anchorage,https://careers.hireology.com/constructionmachineryindustrialllc-anchorage/
Continental Toyota,continentaltoyotascion,https://careers.hireology.com/continentaltoyotascion/
"Cooperative Home Care, Inc",cooperativehomecareinc,https://careers.hireology.com/cooperativehomecareinc/
Cooper Motors Lincoln,coopermotorslincoln,https://careers.hireology.com/coopermotorslincoln/
CSC Management - OKC,cooperstreetcapital,https://careers.hireology.com/cooperstreetcapital/
Copeland Chevrolet,copelandchevrolet,https://careers.hireology.com/copelandchevrolet/
Copeland Chevrolet  Hudson,copelandhyannis,https://careers.hireology.com/copelandhyannis/
Copeland Toyota,copelandtoyota,https://careers.hireology.com/copelandtoyota/
Copperas Hollow Nursing and Rehabilitation,copperashollownursingandrehabilitation,https://careers.hireology.com/copperashollownursingandrehabilitation/
Copper Creek Senior Living,coppercreekseniorliving,https://careers.hireology.com/coppercreekseniorliving/
Sheraton Augusta Hotel,corehotelsllc,https://careers.hireology.com/corehotelsllc/
Nissan of Gadsden,corinthnissan,https://careers.hireology.com/corinthnissan/
Golden Lodge Assisted Living,cornerstonecompanies,https://careers.hireology.com/cornerstonecompanies/
Golden Lodge Assisted Living,cornerstonemanagement,https://careers.hireology.com/cornerstonemanagement/
Cornhusker International Trucks,cornhuskerinternationaltrucks,https://careers.hireology.com/cornhuskerinternationaltrucks/
Corridor Crossing Place,corridorcrossingplace,https://careers.hireology.com/corridorcrossingplace/
Corwin Ford of Springfield,corwinfordofspringfield,https://careers.hireology.com/corwinfordofspringfield/
Heritage Ford,corydonheritageford,https://careers.hireology.com/corydonheritageford/
Cosmetic Solutions,cosmeticsolutions,https://careers.hireology.com/cosmeticsolutions/
Cottonwood Nursing & Rehabilitation,cottonwoodnursingrehabilitation,https://careers.hireology.com/cottonwoodnursingrehabilitation/
Coulter Buick GMC Tempe,coulterbuickgmctempe,https://careers.hireology.com/coulterbuickgmctempe/
Country House at Lincoln (70 & O),countryhouseatlincoln70o,https://careers.hireology.com/countryhouseatlincoln70o/
Country House at Lincoln (84th & Pine Lake),countryhouseatlincoln84thpinelake,https://careers.hireology.com/countryhouseatlincoln84thpinelake/
CountryHouse in Elkhorn,countryhouseinelkhorn,https://careers.hireology.com/countryhouseinelkhorn/
Country Meadow Place,countrymeadowplace,https://careers.hireology.com/countrymeadowplace/
Countryview Nursing & Rehabilitation,countryviewnursingrehabilitation,https://careers.hireology.com/countryviewnursingrehabilitation/
County Motor Company Inc,countymotorcompanyinc,https://careers.hireology.com/countymotorcompanyinc/
Courage Kia,couragekia,https://careers.hireology.com/couragekia/
Court at Round Rock,courtatroundrock,https://careers.hireology.com/courtatroundrock/
Courtesy Chevrolet San Diego,courtesychevrolet-sandiego,https://careers.hireology.com/courtesychevrolet-sandiego/
Courtesy Chevrolet Phoenix,courtesychevroletaz,https://careers.hireology.com/courtesychevroletaz/
Courtesy Chevrolet Phoenix,courtesychevroletphoenix,https://careers.hireology.com/courtesychevroletphoenix/
Courtesy CDJR,courtesychryslerdodgejeepramofsuperstitionsprings,https://careers.hireology.com/courtesychryslerdodgejeepramofsuperstitionsprings/
Courtesy Ford Trucks,courtesyfordtrucks,https://careers.hireology.com/courtesyfordtrucks/
Courtyard - Columbus Airport,courtyard-columbusoh,https://careers.hireology.com/courtyard-columbusoh/
Courtyard Banner Elk,courtyardbannerelk,https://careers.hireology.com/courtyardbannerelk/
Courtyard By Marriott - Philadelphia Great Valley/Malvern,courtyardbymarriott-philadelphiagreatvallymalvern,https://careers.hireology.com/courtyardbymarriott-philadelphiagreatvallymalvern/
Courtyard By Marriott - Somerset,courtyardbymarriott-somerset,https://careers.hireology.com/courtyardbymarriott-somerset/
Courtyard By Marriott - West Orange,courtyardbymarriott-westorange,https://careers.hireology.com/courtyardbymarriott-westorange/
Courtyard By Marriott Naples,courtyardbymarriottnaples,https://careers.hireology.com/courtyardbymarriottnaples/
Courtyard by Marriott Richmond,courtyardbymarriottrichmonddowntown,https://careers.hireology.com/courtyardbymarriottrichmonddowntown/
Courtyard Columbus,courtyardcolumbus,https://careers.hireology.com/courtyardcolumbus/
Courtyard Fargo,courtyardfargo-sanfordmedicalcenter,https://careers.hireology.com/courtyardfargo-sanfordmedicalcenter/
Courtyard Noblesville,courtyardnoblesville,https://careers.hireology.com/courtyardnoblesville/
Courtyard Speedway,courtyardspeedway,https://careers.hireology.com/courtyardspeedway/
Blue Compass RV Colorado Springs,cousinsrvcoloradosprings,https://careers.hireology.com/cousinsrvcoloradosprings/
Blue Compass RV Longmont,cousinsrvlongmont,https://careers.hireology.com/cousinsrvlongmont/
Blue Compass RV Wheat Ridge,cousinsrvwheatridge,https://careers.hireology.com/cousinsrvwheatridge/
Covenant Glen of Frankenmuth,covenantglenassistedliving,https://careers.hireology.com/covenantglenassistedliving/
Covert Cadillac of Austin,covertcadillacofaustin,https://careers.hireology.com/covertcadillacofaustin/
Cowboy Dodge Chrysler Jeep Ram,cowboydodgechryslerjeepram,https://careers.hireology.com/cowboydodgechryslerjeepram/
Craig and Landreth Cars - St. Matthews,craigandlandrethautogroup,https://careers.hireology.com/craigandlandrethautogroup/
Craig and Landreth Clarksville,craigandlandrethcars-clarksville,https://careers.hireology.com/craigandlandrethcars-clarksville/
Crane Home Care Inc,cranehomecareinc,https://careers.hireology.com/cranehomecareinc/
Southern Specialty Rehabilitation and Nursing,creativesolutionsinhealthcare-west,https://careers.hireology.com/creativesolutionsinhealthcare-west/
Crest Cadillac,crestautogroup,https://careers.hireology.com/crestautogroup/
Crest Cadillac,crestcadillac,https://careers.hireology.com/crestcadillac/
Crest Ford Center Line,crestfordcenterline,https://careers.hireology.com/crestfordcenterline/
Crest Lincoln Inc,crestlincolninc,https://careers.hireology.com/crestlincolninc/
Crest Volvo Cars,crestvolvocars,https://careers.hireology.com/crestvolvocars/
Crews Chevrolet,crewschevrolet,https://careers.hireology.com/crewschevrolet/
Critical Care Transport,criticalcaretransport,https://careers.hireology.com/criticalcaretransport/
"CRITTER SITTERS OF LEXINGTON,INC.",crittersittersoflexingtoninc,https://careers.hireology.com/crittersittersoflexingtoninc/
Cronin Chrysler Jeep Dodge Ram,croninchryslerjeepdodgeram,https://careers.hireology.com/croninchryslerjeepdodgeram/
Cronin Ford North,croninfordnorth,https://careers.hireology.com/croninfordnorth/
Crossroads Auto Group,crossroadsautogroup,https://careers.hireology.com/crossroadsautogroup/
Crossroads Nursing & Rehabilitation,crossroadsnursingrehabilitation,https://careers.hireology.com/crossroadsnursingrehabilitation/
Crown Automotive Group,crownauto,https://careers.hireology.com/crownauto/
Crown Buick GMC,crownautomotive-pinnellasdivision,https://careers.hireology.com/crownautomotive-pinnellasdivision/
Crown Buick GMC,crownbuickgmc,https://careers.hireology.com/crownbuickgmc/
Crown Chrysler Dodge Jeep Ram- OH,crownchryslerdodgejeepram-oh,https://careers.hireology.com/crownchryslerdodgejeepram-oh/
Crown Chrysler Dodge Jeep Ram FIAT,crownchryslerdodgejeepramfiat,https://careers.hireology.com/crownchryslerdodgejeepramfiat/
Crown Eurocars,crowneurocars,https://careers.hireology.com/crowneurocars/
Crown Eurocars of Dublin,crowneurocarsofdublin,https://careers.hireology.com/crowneurocarsofdublin/
Crown Honda,crownhonda,https://careers.hireology.com/crownhonda/
Crown Hyundai,crownhyundai,https://careers.hireology.com/crownhyundai/
Crown KIA,crownkia-florida,https://careers.hireology.com/crownkia-florida/
Crown Nissan,crownnissan,https://careers.hireology.com/crownnissan/
Crown Point Retirement Center,crownpointretirementcenter,https://careers.hireology.com/crownpointretirementcenter/
Crown Subaru,crownsubaru,https://careers.hireology.com/crownsubaru/
Crown Volvo Cars,crownvolvocars,https://careers.hireology.com/crownvolvocars/
Crowson Auto World,crowsonautoworld,https://careers.hireology.com/crowsonautoworld/
Home Health Advantage INC.,crshomehealthadvantage,https://careers.hireology.com/crshomehealthadvantage/
"CRS Home Therapy, P.C",crshometherapypc,https://careers.hireology.com/crshometherapypc/
Crystal Tractor of Homosassa,crystalchryslerdodgejeepofhomosassa,https://careers.hireology.com/crystalchryslerdodgejeepofhomosassa/
Crystal Tractor of Ocala,crystalmotorsports,https://careers.hireology.com/crystalmotorsports/
Crystal Tractor of Leesburg,crystaltractorofleesburg,https://careers.hireology.com/crystaltractorofleesburg/
CSA Homecare,csahomecare,https://careers.hireology.com/csahomecare/
CSA Psychiatric Healing Center,csapsychiatrichealingcenter,https://careers.hireology.com/csapsychiatrichealingcenter/
CSC Management - Dallas,cscmanagement-dallas,https://careers.hireology.com/cscmanagement-dallas/
CSC Management - EL Paso,cscmanagement-elpaso,https://careers.hireology.com/cscmanagement-elpaso/
CSC Management - Lexington,cscmanagement-lexington,https://careers.hireology.com/cscmanagement-lexington/
CSC Management - OKC,cscmanagement-okc,https://careers.hireology.com/cscmanagement-okc/
CSC Management - Portland,cscmanagement-portland,https://careers.hireology.com/cscmanagement-portland/
CSC Management - San Antonio,cscmanagement-sanantonio,https://careers.hireology.com/cscmanagement-sanantonio/
CSC Management - Spokane,cscmanagement-spokane,https://careers.hireology.com/cscmanagement-spokane/
Bach To Rock - Nanuet,csmusicparentaccount,https://careers.hireology.com/csmusicparentaccount/
"Cumberland International Trucks - Ocala, FL",cumberlandinternational-ocala,https://careers.hireology.com/cumberlandinternational-ocala/
"Cumberland International Trucks - Orlando/Idealease, FL",cumberlandinternational-orlandoidealease,https://careers.hireology.com/cumberlandinternational-orlandoidealease/
"Cumberland International Trucks - Ocala, FL",cumberlandinternationaltrucks,https://careers.hireology.com/cumberlandinternationaltrucks/
Cumberland International Trucks - Nashville,cumberlandinternationaltrucks-tn,https://careers.hireology.com/cumberlandinternationaltrucks-tn/
Current River Ford Inc,currentriverfordinc,https://careers.hireology.com/currentriverfordinc/
"Curry Auto Center, Inc.",curryautocenter-buick,https://careers.hireology.com/curryautocenter-buick/
Nissan of Lexington Park,curtisautogroup,https://careers.hireology.com/curtisautogroup/
Cusanza Ent LLC dba Sylvan Learning Centers,cusanzaenterprisesllc,https://careers.hireology.com/cusanzaenterprisesllc/
Custer State Park Resorts,custerstateparkresorts-regencycspventuresltdptnsp,https://careers.hireology.com/custerstateparkresorts-regencycspventuresltdptnsp/
Cyclebar - Colorado,cyclebar-littletonco,https://careers.hireology.com/cyclebar-littletonco/
CycleBar of United Fitness,cyclebaroftexas,https://careers.hireology.com/cyclebaroftexas/
Cypress Pointe Health & Wellness,cypresspointe,https://careers.hireology.com/cypresspointe/
DAC Engineered Products LLC,dacengineeredproductsllc,https://careers.hireology.com/dacengineeredproductsllc/
Dairy Queen Alvarado,dairyqueenalvarado,https://careers.hireology.com/dairyqueenalvarado/
Dairy Queen Burleson - 1620 SW Wilshire,dairyqueenburleson-1620swwilshire,https://careers.hireology.com/dairyqueenburleson-1620swwilshire/
Dairy Queen Cleburne (Henderson St),dairyqueencleburnehendersonst,https://careers.hireology.com/dairyqueencleburnehendersonst/
Dairy Queen Giddings,dairyqueengiddings,https://careers.hireology.com/dairyqueengiddings/
Dairy Queen Gilmer,dairyqueengilmer,https://careers.hireology.com/dairyqueengilmer/
Dairy Queen Glen Rose,dairyqueenglenrose,https://careers.hireology.com/dairyqueenglenrose/
Dairy Queen Leander,dairyqueenleander,https://careers.hireology.com/dairyqueenleander/
Dairy Queen Round Rock,dairyqueenroundrock,https://careers.hireology.com/dairyqueenroundrock/
Dairy Queen Sulphur Springs - Broadway St.,dairyqueensulfersprings-broadwayst,https://careers.hireology.com/dairyqueensulfersprings-broadwayst/
Dallas Direct Auto,dallasdirect,https://careers.hireology.com/dallasdirect/
East Dallas Volkswagen,dallasvolkswagen,https://careers.hireology.com/dallasvolkswagen/
Dalton’s Place at Waldron,daltonsplaceatwaldron,https://careers.hireology.com/daltonsplaceatwaldron/
Damascus Home Care LLC,damascushomecarellc,https://careers.hireology.com/damascushomecarellc/
Damerow Ford,damerowford,https://careers.hireology.com/damerowford/
Danbury Chrysler Dodge Jeep RAM,danburychryslerdodgejeepram,https://careers.hireology.com/danburychryslerdodgejeepram/
Danbury Hyundai,danburyhyundai,https://careers.hireology.com/danburyhyundai/
Dan Cummins Ford Lincoln,dancumminsford,https://careers.hireology.com/dancumminsford/
Dan Cummins of Georgetown,dancumminsofgeorgetown,https://careers.hireology.com/dancumminsofgeorgetown/
Danvers Ford,danversford,https://careers.hireology.com/danversford/
D'Arcy Automobiles,darcybuickgmc,https://careers.hireology.com/darcybuickgmc/
D'Arcy Automobiles,darcymotors,https://careers.hireology.com/darcymotors/
Dave Wright Nissan Subaru,davewrightnissansubaru,https://careers.hireology.com/davewrightnissansubaru/
Canaan Valley Resort,davis-canaanvalleylodgecabins,https://careers.hireology.com/davis-canaanvalleylodgecabins/
Davis Chevrolet,davischevrolet,https://careers.hireology.com/davischevrolet/
"Daystar Ford of Garrettsville, LLC",daystarfordofgarrettsvillellc,https://careers.hireology.com/daystarfordofgarrettsvillellc/
Hertz Dayton HLE,daytonhle,https://careers.hireology.com/daytonhle/
Dealer Source Limited,dealersourcelimited,https://careers.hireology.com/dealersourcelimited/
Deep Roots Montessori,deeprootsmontessori,https://careers.hireology.com/deeprootsmontessori/
Deerings Nursing & Rehabilitation,deeringsnursingrehabilitation,https://careers.hireology.com/deeringsnursingrehabilitation/
DeHaven Chevrolet,dehavenchevy,https://careers.hireology.com/dehavenchevy/
DeLacy Ford,delacyfordinc,https://careers.hireology.com/delacyfordinc/
De Leon Nursing and Rehabilitation,deleonnursingandrehabilitation,https://careers.hireology.com/deleonnursingandrehabilitation/
Del Grande Dealer Group,delgrandedealergroup,https://careers.hireology.com/delgrandedealergroup/
DELLA Auto Group,dellaautogroup,https://careers.hireology.com/dellaautogroup/
Della Chevrolet,dellachevrolet,https://careers.hireology.com/dellachevrolet/
Delray Buick GMC,delraybuickgmc,https://careers.hireology.com/delraybuickgmc/
Delray Sands Resort,delraysandsresort,https://careers.hireology.com/delraysandsresort/
Delta Hotels by Marriott Richmond Downtown,deltahotelsbymarriottrichmonddowntown,https://careers.hireology.com/deltahotelsbymarriottrichmonddowntown/
Delta Hotel by Marriott Utica,deltautica,https://careers.hireology.com/deltautica/
Dillon Auto Group,dennisdillonautogroup,https://careers.hireology.com/dennisdillonautogroup/
Dillon RV Marine Power Sports,dennisdillonrvmarinepowersports,https://careers.hireology.com/dennisdillonrvmarinepowersports/
DePaula Chevrolet,depaulachevrolet,https://careers.hireology.com/depaulachevrolet/
DePaula Ford,depaulaford,https://careers.hireology.com/depaulaford/
DePaula Mazda,depaulamazda,https://careers.hireology.com/depaulamazda/
"Desire Home Care, Inc",desirehomecare,https://careers.hireology.com/desirehomecare/
DeSoto Nursing & Rehabilitation,desotonursingrehabilitation,https://careers.hireology.com/desotonursingrehabilitation/
Webber Family Motors,detroitlakesford,https://careers.hireology.com/detroitlakesford/
Devine Health and Rehabilitation,devinehealthrehabilitation,https://careers.hireology.com/devinehealthrehabilitation/
DeVoe Subaru,devoesubaru,https://careers.hireology.com/devoesubaru/
DeVoe Buick GMC,devoesubarubuickgmc,https://careers.hireology.com/devoesubarubuickgmc/
DINW – 222 Puyallup,diagnosticimagingnorthwest222sunrise,https://careers.hireology.com/diagnosticimagingnorthwest222sunrise/
Diamond Buick GMC,diamondbuickgmc,https://careers.hireology.com/diamondbuickgmc/
Diamond Truck Centre - Fort Mcmurray,diamondgroup,https://careers.hireology.com/diamondgroup/
Diamond Truck Centre - Edmonton,diamondtruckcentre-edmonton,https://careers.hireology.com/diamondtruckcentre-edmonton/
Diamond Truck Centre - Fort Mcmurray,diamondtruckcentre-fortmcmurray,https://careers.hireology.com/diamondtruckcentre-fortmcmurray/
Diamond Truck Centre - Lloydminster,diamondtruckcentre-lloydminster,https://careers.hireology.com/diamondtruckcentre-lloydminster/
Dick Hannah Acura,dickhannahacura,https://careers.hireology.com/dickhannahacura/
Dick Hannah Chevrolet,dickhannahchevy,https://careers.hireology.com/dickhannahchevy/
Dick Hannah Chrysler Jeep Dodge,dickhannahchryslerjeepdodge,https://careers.hireology.com/dickhannahchryslerjeepdodge/
Dick Hannah Vancouver Auto Body Shop,dickhannahcollision,https://careers.hireology.com/dickhannahcollision/
Dick Hannah Ford,dickhannahdealerships,https://careers.hireology.com/dickhannahdealerships/
Dick Hannah Dick Says Yes,dickhannahdicksaysyes,https://careers.hireology.com/dickhannahdicksaysyes/
Dick Hannah Ford,dickhannahford,https://careers.hireology.com/dickhannahford/
Dick Hannah Honda,dickhannahhonda,https://careers.hireology.com/dickhannahhonda/
Dick Hannah Insurance Agency,dickhannahinsuranceagency,https://careers.hireology.com/dickhannahinsuranceagency/
Dick Hannah Kia,dickhannahkia,https://careers.hireology.com/dickhannahkia/
Dick Hannah Nissan,dickhannahnissan,https://careers.hireology.com/dickhannahnissan/
Pro Caliber Bend,dickhannahprocaliberbend,https://careers.hireology.com/dickhannahprocaliberbend/
Dick Hannah Toyota,dickhannahtoyota,https://careers.hireology.com/dickhannahtoyota/
Dick Hannah Volkswagen,dickhannahvolkswagen,https://careers.hireology.com/dickhannahvolkswagen/
Dick's Canby Ford,dickscanbyford,https://careers.hireology.com/dickscanbyford/
Diehl Automotive Group,diehlautomotivegroup,https://careers.hireology.com/diehlautomotivegroup/
Diehl CDJR of Butler,diehlcdjrofbutler,https://careers.hireology.com/diehlcdjrofbutler/
Diehl CDJR of Grove City,diehlcdjrofgrovecity,https://careers.hireology.com/diehlcdjrofgrovecity/
Diehl CDJR of Moon,diehlcdjrofmoon,https://careers.hireology.com/diehlcdjrofmoon/
Diehl CDJR of Robinson,diehlcdjrofrobinson,https://careers.hireology.com/diehlcdjrofrobinson/
Diehl Chevrolet Buick Cadillac of Grove City,diehlchevroletbuickcadillacofgrovecity,https://careers.hireology.com/diehlchevroletbuickcadillacofgrovecity/
Diehl Chevrolet of Hermitage,diehlchevroletofhermitage,https://careers.hireology.com/diehlchevroletofhermitage/
Diehl Ford of Beaver,diehlfordofbeaver,https://careers.hireology.com/diehlfordofbeaver/
Diehl Ford of Sharon,diehlfordofsharon,https://careers.hireology.com/diehlfordofsharon/
Diehl Kia of Beaver,diehlkiaofbeaver,https://careers.hireology.com/diehlkiaofbeaver/
Diehl KIA of Hermitage,diehlkiaofhermitage,https://careers.hireology.com/diehlkiaofhermitage/
Diehl KIA of Massillon,diehlkiaofmassillon,https://careers.hireology.com/diehlkiaofmassillon/
Diehl Subaru of Massillon,diehlsubaruofmassillon,https://careers.hireology.com/diehlsubaruofmassillon/
Diehl Toyota of Butler,diehltoyotaofbutler,https://careers.hireology.com/diehltoyotaofbutler/
Diehl Toyota of Hermitage,diehltoyotaofhermitage,https://careers.hireology.com/diehltoyotaofhermitage/
Digital Direction,digitaldirection,https://careers.hireology.com/digitaldirection/
Dixie Buick GMC,dixiebuickgmc,https://careers.hireology.com/dixiebuickgmc/
Dogtopia of Southlake,dogtopiaofsouthlake,https://careers.hireology.com/dogtopiaofsouthlake/
DogWalkingDC,dogwalkingdc,https://careers.hireology.com/dogwalkingdc/
Dogwood Trails Manor,dogwoodtrailsmanor,https://careers.hireology.com/dogwoodtrailsmanor/
Lakeland Chrysler Dodge Jeep,dohertyautomotive,https://careers.hireology.com/dohertyautomotive/
Don Ayres Honda,donayersautogroup,https://careers.hireology.com/donayersautogroup/
Don Ayres Honda,donayreshonda,https://careers.hireology.com/donayreshonda/
Beyer Volvo of Falls Church,donbeyerautogroup,https://careers.hireology.com/donbeyerautogroup/
Dondelinger Ford CDJR,dondelingerautogroup,https://careers.hireology.com/dondelingerautogroup/
Dondelinger Ford CDJR,dondelingerford,https://careers.hireology.com/dondelingerford/
Dondelinger Hyundai,dondelingerhyundai,https://careers.hireology.com/dondelingerhyundai/
Don Hattan Ford,donhattan,https://careers.hireology.com/donhattan/
Don Hinds Ford Inc,donhindsfordinc,https://careers.hireology.com/donhindsfordinc/
Don Larson Ford,donlarsonford,https://careers.hireology.com/donlarsonford/
Sponsler Donley Ford Ashland,donleyfordashland,https://careers.hireology.com/donleyfordashland/
Sponsler Donley Ford Mt. Vernon,donleyfordmtvernon,https://careers.hireology.com/donleyfordmtvernon/
Mercedes Benz of Salem,donofriosdealerships,https://careers.hireology.com/donofriosdealerships/
Skyline Ford,donofriosskylineford,https://careers.hireology.com/donofriosskylineford/
Don Thornton Volkswagen of Tulsa,donthorntonautomotive,https://careers.hireology.com/donthorntonautomotive/
Don Thornton Cadillac,donthorntoncadillac,https://careers.hireology.com/donthorntoncadillac/
Don Thornton Volkswagen of Tulsa,donthorntonvolkswagenoftulsa,https://careers.hireology.com/donthorntonvolkswagenoftulsa/
Don Vance Auto Group,donvancefordinc,https://careers.hireology.com/donvancefordinc/
Doral Corporation,doral,https://careers.hireology.com/doral/
D'Orazio Ford,dorazioford,https://careers.hireology.com/dorazioford/
DoubleTree - Tudor Arms,doubletree-tudorarms,https://careers.hireology.com/doubletree-tudorarms/
DoubleTree By Hilton Hotel Chattanooga Downtown,doubletreebyhiltonhotelchattanoogadowntown,https://careers.hireology.com/doubletreebyhiltonhotelchattanoogadowntown/
DoubleTree by Hilton Miami Airport Convention Center,doubletreebyhiltonmiamiarptconventionctr,https://careers.hireology.com/doubletreebyhiltonmiamiarptconventionctr/
DoubleTree by Hilton Rochester,doubletreebyhiltonrochester,https://careers.hireology.com/doubletreebyhiltonrochester/
DoubleTree by Hilton South Bend,doubletreebyhiltonsouthbend,https://careers.hireology.com/doubletreebyhiltonsouthbend/
DoubleTree By Hilton Wilmington,doubletreebyhiltonwilmington,https://careers.hireology.com/doubletreebyhiltonwilmington/
Doubletree Columbia,doubletreecolumbia,https://careers.hireology.com/doubletreecolumbia/
DoubleTree Dublin,doubletreedublin,https://careers.hireology.com/doubletreedublin/
DoubleTree Hotel/Bradley International Airport,doubletreehotelbradleyinternationalairport,https://careers.hireology.com/doubletreehotelbradleyinternationalairport/
Wyndham Midland Downtown,doubletreemidlandplazahotel,https://careers.hireology.com/doubletreemidlandplazahotel/
DoubleTree Suites By Hilton Hotel Nashville Airport,doubletreesuitesbyhiltonhotelnashvilleairport,https://careers.hireology.com/doubletreesuitesbyhiltonhotelnashvilleairport/
DoubleTree Suites By Hilton Lexington,doubletreesuitesbyhiltonlexington,https://careers.hireology.com/doubletreesuitesbyhiltonlexington/
Douglas Volkswagen,douglasmotorscorp,https://careers.hireology.com/douglasmotorscorp/
Doug Smith CDJR Spanish Fork,dougsmithcdjrspanishfork,https://careers.hireology.com/dougsmithcdjrspanishfork/
Doug Smith Chrysler Dodge Jeep Ram American Fork,dougsmithchryslerdodgejeepramamericanfork,https://careers.hireology.com/dougsmithchryslerdodgejeepramamericanfork/
Doug Smith Subaru,dougsmithsubaru,https://careers.hireology.com/dougsmithsubaru/
Downtown Toyota of Oakland,downtownautocenter,https://careers.hireology.com/downtownautocenter/
Downtown Health & Rehabilitation Center,downtownhealthrehabilitationcenter,https://careers.hireology.com/downtownhealthrehabilitationcenter/
Nashville Nissan,downtownnashvillenissan,https://careers.hireology.com/downtownnashvillenissan/
US 129 Dragon Harley-Davidson,dragonharleydavidson,https://careers.hireology.com/dragonharleydavidson/
"Drama Kids - Hillsborough County, FL",dramakids-hillsboroughcountyfl,https://careers.hireology.com/dramakids-hillsboroughcountyfl/
Drapery Connection,draperyconnection,https://careers.hireology.com/draperyconnection/
Dr. Bermel and Associates,drbermelandassociates,https://careers.hireology.com/drbermelandassociates/
DreamMaker Bath & Kitchen of NW Arkansas,dreammakerbathkitchenofnwarkansas,https://careers.hireology.com/dreammakerbathkitchenofnwarkansas/
Drive Family First,drivefamilyfirst,https://careers.hireology.com/drivefamilyfirst/
"DSP Connections, Inc",dspconnectionsinc,https://careers.hireology.com/dspconnectionsinc/
DT Home Reno,dthousecare,https://careers.hireology.com/dthousecare/
Dublin Buick GMC,dublinbuickgmc,https://careers.hireology.com/dublinbuickgmc/
Dublin Chevrolet Cadillac,dublinchevroletcadillac,https://careers.hireology.com/dublinchevroletcadillac/
Dublin Nissan,dublinnissan,https://careers.hireology.com/dublinnissan/
Duluth Chrysler Dodge Jeep RAM,duluthchryslerdodgejeepram,https://careers.hireology.com/duluthchryslerdodgejeepram/
Duncan Automotive Network,duncanautomotivenetwork,https://careers.hireology.com/duncanautomotivenetwork/
Blue Compass RV Nashville,dunlapfamilyrv-nashville,https://careers.hireology.com/dunlapfamilyrv-nashville/
DuPratt Ford Auburn,duprattfordauburn,https://careers.hireology.com/duprattfordauburn/
DuPratt Ford Dixon,duprattforddixon,https://careers.hireology.com/duprattforddixon/
Dutch Miller Chevrolet Hyundai,dutchmillerauto,https://careers.hireology.com/dutchmillerauto/
Dutch Miller Chevrolet Hyundai,dutchmillerchevrolethyundai,https://careers.hireology.com/dutchmillerchevrolethyundai/
Dutch Miller Chrysler Dodge Jeep RAM,dutchmillerchryslerdodgejeepramkia,https://careers.hireology.com/dutchmillerchryslerdodgejeepramkia/
Dutch Miller Kia of Charlotte,dutchmillerkiaofcharlotte,https://careers.hireology.com/dutchmillerkiaofcharlotte/
Dutch Miller Nissan of Bristol,dutchmillernissanofbristol,https://careers.hireology.com/dutchmillernissanofbristol/
Dutch Miller of Ashland,dutchmillerofashland,https://careers.hireology.com/dutchmillerofashland/
Dutch Miller of Ripley,dutchmillerofripley,https://careers.hireology.com/dutchmillerofripley/
Dutch Miller of Wytheville,dutchmillerofwythevilleinc,https://careers.hireology.com/dutchmillerofwythevilleinc/
Dutch Miller's Beckley Auto Mall,dutchmillersbeckleyautomall,https://careers.hireology.com/dutchmillersbeckleyautomall/
Dutch's Ford,dutchsford1,https://careers.hireology.com/dutchsford1/
Dutro Ford,dutroford,https://careers.hireology.com/dutroford/
Dutton Motor Company,duttonmotorcompany,https://careers.hireology.com/duttonmotorcompany/
Duval Ford,duvalford,https://careers.hireology.com/duvalford/
Duval Ford,duvalmotorcompany,https://careers.hireology.com/duvalmotorcompany/
Jonesboro Dwarf House,dwarfhouse-jonesboro,https://careers.hireology.com/dwarfhouse-jonesboro/
"Newly Weds Foods - Dyersburg, TN",dyersburg,https://careers.hireology.com/dyersburg/
Eagle Pass Nursing & Rehabilitation,eaglepassnursingrehabilitation,https://careers.hireology.com/eaglepassnursingrehabilitation/
Eagle River Ford,eagleriverford,https://careers.hireology.com/eagleriverford/
Edible Arrangements of Middleburg Heights,eaofmiddleburgheights,https://careers.hireology.com/eaofmiddleburgheights/
Edible Arrangements of Twinsburg,eaoftwinsburg,https://careers.hireology.com/eaoftwinsburg/
Earl Stewart Toyota,earlstewarttoyota,https://careers.hireology.com/earlstewarttoyota/
Earnhardt Ford,earnhardtford,https://careers.hireology.com/earnhardtford/
"East Coast Facilities, Inc.",eastcoastfacilities,https://careers.hireology.com/eastcoastfacilities/
East Coast Facilities - Harrisburg Service Center,eastcoastfacilities-harrisburg,https://careers.hireology.com/eastcoastfacilities-harrisburg/
East Coast Facilities - Hartford Service Center,eastcoastfacilities-hartford,https://careers.hireology.com/eastcoastfacilities-hartford/
East Coast Facilities - South Chicago Service Center,eastcoastfacilities-southchicagoservicecenter,https://careers.hireology.com/eastcoastfacilities-southchicagoservicecenter/
East Coast Toyota,eastcoasttoyota,https://careers.hireology.com/eastcoasttoyota/
East End Home Care,eastendhomecarenew,https://careers.hireology.com/eastendhomecarenew/
"East Texas Mack Sales, LLC",easttexasmack,https://careers.hireology.com/easttexasmack/
East Village Place,eastvillageplaceassistedliving,https://careers.hireology.com/eastvillageplaceassistedliving/
Eau Claire Ford Lincoln,eauclairefordlincoln,https://careers.hireology.com/eauclairefordlincoln/
Team Chevrolet - Las Vegas,edbozarthnevada1chevrolet,https://careers.hireology.com/edbozarthnevada1chevrolet/
"Eddie Gilstrap Motors, Inc",eddiegilstrapmotorsinc,https://careers.hireology.com/eddiegilstrapmotorsinc/
"Eden Home Healthcare, Inc.",edenhomehealthcareinc,https://careers.hireology.com/edenhomehealthcareinc/
Edgewater Beach Hotel,edgewaterbeachresort,https://careers.hireology.com/edgewaterbeachresort/
Menifee Meadows,edgewoodestates,https://careers.hireology.com/edgewoodestates/
Hicks Automotive Group,edhicksautomotive,https://careers.hireology.com/edhicksautomotive/
"Ed Hicks Imports, Ltd.",edhicksimportsltd,https://careers.hireology.com/edhicksimportsltd/
Ed Hicks Infiniti,edhicksinfiniti,https://careers.hireology.com/edhicksinfiniti/
Ed Hicks Nissan,edhicksnissan,https://careers.hireology.com/edhicksnissan/
ED Howard Lincoln,edhowardlincoln,https://careers.hireology.com/edhowardlincoln/
Edible Arrangements Manoa Marketplace,ediblearrangements-texasparent,https://careers.hireology.com/ediblearrangements-texasparent/
Edible Arrangements - Cedar Hill,ediblearrangements-tj,https://careers.hireology.com/ediblearrangements-tj/
Ed Martin Acura,edmartinacura,https://careers.hireology.com/edmartinacura/
Ed Martin Buick GMC,edmartinbuickgmc,https://careers.hireology.com/edmartinbuickgmc/
Ed Martin Buick GMC of Anderson,edmartinbuickgmcofanderson,https://careers.hireology.com/edmartinbuickgmcofanderson/
Ed Martin Ford,edmartinford,https://careers.hireology.com/edmartinford/
Ed Martin Honda,edmartinhonda,https://careers.hireology.com/edmartinhonda/
Ed Martin Toyota,edmartintoyota,https://careers.hireology.com/edmartintoyota/
Edmond Hyundai,edmondhyundai,https://careers.hireology.com/edmondhyundai/
Edmonds Village Senior Living,edmondsvillage,https://careers.hireology.com/edmondsvillage/
Ed Morse Ford - Sierra Vista,edmorseford,https://careers.hireology.com/edmorseford/
Edmund’s Original,edmundsoastrestaurant,https://careers.hireology.com/edmundsoastrestaurant/
Elmhurst Acura Kia,ednapletonacurakia,https://careers.hireology.com/ednapletonacurakia/
St. Peters Honda,ednapletonhonda,https://careers.hireology.com/ednapletonhonda/
Oak Lawn Honda,ednapletonhondainoaklawn,https://careers.hireology.com/ednapletonhondainoaklawn/
Ed Rinke Chevrolet Buick GMC,edrinkechevroletbuickgmc,https://careers.hireology.com/edrinkechevroletbuickgmc/
Eide Chrysler St Cloud,eidecdjrstcloud,https://careers.hireology.com/eidecdjrstcloud/
Eide Chevrolet,eidechevrolet,https://careers.hireology.com/eidechevrolet/
Eide Ford Mandan,eidefordmandan,https://careers.hireology.com/eidefordmandan/
EJ Equipment - Central Minneapolis,ejequipment-centralminneapolis,https://careers.hireology.com/ejequipment-centralminneapolis/
El Milagro Inc.,el-milagroinc,https://careers.hireology.com/el-milagroinc/
Electrex Industrial,electrexindustrial,https://careers.hireology.com/electrexindustrial/
Tripp Transportation Services Inc,elegantetransportationservices,https://careers.hireology.com/elegantetransportationservices/
Element Portland Beaverton,elementportlandbeaverton,https://careers.hireology.com/elementportlandbeaverton/
Elite Home Care Day Centers & Transportation Pickens,elitehomecare--pickens,https://careers.hireology.com/elitehomecare--pickens/
Elite Home Care  Day Centers & Transportation  Greenville,elitehomecare-greenville,https://careers.hireology.com/elitehomecare-greenville/
Elite Home Care  Day Centers & Transportation  Laurens,elitehomecare-laurens,https://careers.hireology.com/elitehomecare-laurens/
Elite Home Care  Day Centers & Transportation  Greenwood,elitehomecare-pickens,https://careers.hireology.com/elitehomecare-pickens/
Elite Home Care  Day Centers & Transportation Spartanburg,elitehomecare-spartanburg,https://careers.hireology.com/elitehomecare-spartanburg/
Elite Home Care  Day Centers & Transportation,elitehomecareofsouthcarolina,https://careers.hireology.com/elitehomecareofsouthcarolina/
Elk Grove Power Sports,elkgrovepowersports,https://careers.hireology.com/elkgrovepowersports/
Elko Motor Company,elkomotorcompany,https://careers.hireology.com/elkomotorcompany/
El Paso Health & Rehabilitation Center,elpasohealthrehabilitationcenter,https://careers.hireology.com/elpasohealthrehabilitationcenter/
Embassy Suites - Brunswick,embassysuites-vesta,https://careers.hireology.com/embassysuites-vesta/
"Embassy Suites Atlanta/Sugarloaf, GA",embassysuitesatlantasugarloafga,https://careers.hireology.com/embassysuitesatlantasugarloafga/
Embassy Suites - Jacksonville,embassysuitesbaymeadows,https://careers.hireology.com/embassysuitesbaymeadows/
Embassy Suites By Hilton Atlanta Perimeter Center,embassysuitesbyhiltonatlantaperimeter,https://careers.hireology.com/embassysuitesbyhiltonatlantaperimeter/
Embassy Suites By Hilton Detroit Troy Auburn Hills,embassysuitesbyhiltondetroittroyauburnhills,https://careers.hireology.com/embassysuitesbyhiltondetroittroyauburnhills/
Embassy Suites by Hilton San Rafael at Marin Center,embassysuitesbyhiltonsanrafael-marincounty,https://careers.hireology.com/embassysuitesbyhiltonsanrafael-marincounty/
Embassy Suites by Hilton St. Augustine,embassysuitesbyhiltonstaugustineoceanfrontresort,https://careers.hireology.com/embassysuitesbyhiltonstaugustineoceanfrontresort/
"Embassy Suites Columbus, OH",embassysuitescolumbusoh,https://careers.hireology.com/embassysuitescolumbusoh/
Embassy Suites DFW,embassysuitesdfw,https://careers.hireology.com/embassysuitesdfw/
Embassy Suites by Hilton Knoxville Downtown,embassysuitesknoxvilledowntowntn,https://careers.hireology.com/embassysuitesknoxvilledowntowntn/
Embassy Suites Phoenix Downtown North,embassysuitesphoenixdowntownnorth,https://careers.hireology.com/embassysuitesphoenixdowntownnorth/
Embassy Suites Pigeon Forge,embassysuitespigeonforge,https://careers.hireology.com/embassysuitespigeonforge/
Emich Chevrolet,emichchevrolet,https://careers.hireology.com/emichchevrolet/
Emmetsburg Ford,emmetsburgford,https://careers.hireology.com/emmetsburgford/
McNeill Chevrolet,empirechevroletmcneillchevrolet,https://careers.hireology.com/empirechevroletmcneillchevrolet/
Employer Flexible,employerflexiblehr,https://careers.hireology.com/employerflexiblehr/
Empowered Pilates - CO,empoweredpilates-littleton,https://careers.hireology.com/empoweredpilates-littleton/
Super 8 Livermore,enhanced179julianllcdbasuper8livermore,https://careers.hireology.com/enhanced179julianllcdbasuper8livermore/
Bridges by EPOCH at Westford,epochseniorliving,https://careers.hireology.com/epochseniorliving/
ES Hospitality,eshospitalitybos,https://careers.hireology.com/eshospitalitybos/
Estates Healthcare and Rehabilitation Center,estateshealthcareandrehabilitationcenter,https://careers.hireology.com/estateshealthcareandrehabilitationcenter/
"European Wax Center - Ann Arbor, MI",europeanwaxcenter-annarbormi,https://careers.hireology.com/europeanwaxcenter-annarbormi/
European Wax Center- Austin- Escarpment,europeanwaxcenter-austin-escarpment,https://careers.hireology.com/europeanwaxcenter-austin-escarpment/
European Wax Center- Austin- Southpark Meadows,europeanwaxcenter-austin-southparkmeadows,https://careers.hireology.com/europeanwaxcenter-austin-southparkmeadows/
European Wax Center - Bala Cynwyd,europeanwaxcenter-balacynwyd,https://careers.hireology.com/europeanwaxcenter-balacynwyd/
European Wax Center - Brookhaven,europeanwaxcenter-brookhaven,https://careers.hireology.com/europeanwaxcenter-brookhaven/
European Wax Center- Cedar Hill,europeanwaxcenter-cedarhill,https://careers.hireology.com/europeanwaxcenter-cedarhill/
"European Wax Center - Grand Rapids, MI",europeanwaxcenter-grandrapidsmi,https://careers.hireology.com/europeanwaxcenter-grandrapidsmi/
European Wax Center- Houston River Oaks,europeanwaxcenter-houstonriveroaks,https://careers.hireology.com/europeanwaxcenter-houstonriveroaks/
European Wax Center - Jenkintown,europeanwaxcenter-jenkintown,https://careers.hireology.com/europeanwaxcenter-jenkintown/
"European Wax Center - Kingwood, TX",europeanwaxcenter-kingwoodtx,https://careers.hireology.com/europeanwaxcenter-kingwoodtx/
European Wax Center - Knoxville Bearden,europeanwaxcenter-knoxville2,https://careers.hireology.com/europeanwaxcenter-knoxville2/
European Wax Center- Kyle,europeanwaxcenter-kyle,https://careers.hireology.com/europeanwaxcenter-kyle/
European Wax Center- Live Oak- The Forum,europeanwaxcenter-liveoak-theforum,https://careers.hireology.com/europeanwaxcenter-liveoak-theforum/
European Wax Center - Missouri City,europeanwaxcenter-missouricity,https://careers.hireology.com/europeanwaxcenter-missouricity/
European Wax Center - New Forest Crossing,europeanwaxcenter-newforestcrossing,https://careers.hireology.com/europeanwaxcenter-newforestcrossing/
European Wax Center- San Antonio- Alamo Ranch,europeanwaxcenter-sanantonio-alamoranch,https://careers.hireology.com/europeanwaxcenter-sanantonio-alamoranch/
European Wax Center- San Antonio- The Rim,europeanwaxcenter-sanantonio-therim,https://careers.hireology.com/europeanwaxcenter-sanantonio-therim/
"European Wax Center - Santee, CA",europeanwaxcenter-santeeca,https://careers.hireology.com/europeanwaxcenter-santeeca/
European Wax Center- Temple,europeanwaxcenter-temple,https://careers.hireology.com/europeanwaxcenter-temple/
European Wax Center- The Woodlands Market Street,europeanwaxcenter-thewoodlandsmarketstreet,https://careers.hireology.com/europeanwaxcenter-thewoodlandsmarketstreet/
European Wax Center - Astoria,europeanwaxcenterastoriany,https://careers.hireology.com/europeanwaxcenterastoriany/
European Wax Center Brick NJ,europeanwaxcenterbricknj,https://careers.hireology.com/europeanwaxcenterbricknj/
"European Wax Center -- Philadelphia, Midtown Village PA",europeanwaxcentermidtownvillagepa,https://careers.hireology.com/europeanwaxcentermidtownvillagepa/
European Wax Center -- Philadelphia Rittenhouse,europeanwaxcenterrittenhousepa,https://careers.hireology.com/europeanwaxcenterrittenhousepa/
Ever Fresh Fruit Co,everfreshfruitco,https://careers.hireology.com/everfreshfruitco/
"Ever Fresh Fruit Company - Warren, IN",everfreshfruitcompany-warrenin,https://careers.hireology.com/everfreshfruitcompany-warrenin/
Evergreen Ford,evergreenford,https://careers.hireology.com/evergreenford/
Evexias Health Solutions,evexias,https://careers.hireology.com/evexias/
Ewald Automotive Group,ewaldautomotivegroup,https://careers.hireology.com/ewaldautomotivegroup/
European Wax Center - Cherry Hill,ewcpierremachalanyparentaccount,https://careers.hireology.com/ewcpierremachalanyparentaccount/
The UPS Store,excelsiorshippingandprinting,https://careers.hireology.com/excelsiorshippingandprinting/
Executive Acura,executiveacura,https://careers.hireology.com/executiveacura/
Acura of Berlin,executiveautogroup,https://careers.hireology.com/executiveautogroup/
Executive Chevrolet,executivechevrolet,https://careers.hireology.com/executivechevrolet/
Executive Jeep Nissan,executivejeepnissan,https://careers.hireology.com/executivejeepnissan/
Executive Kia,executivekia,https://careers.hireology.com/executivekia/
Executive Volkswagen,executivevolkswagen,https://careers.hireology.com/executivevolkswagen/
Expedition Pediatric Dentistry & Orthodontics,expeditionpediatricdentistry,https://careers.hireology.com/expeditionpediatricdentistry/
Blue Compass RV Katy,exploreusakaty,https://careers.hireology.com/exploreusakaty/
Blue Compass RV Houston,exploreusarvsupercenteralvin,https://careers.hireology.com/exploreusarvsupercenteralvin/
Blue Compass RV Beaumont,exploreusarvsupercenterbeaumont,https://careers.hireology.com/exploreusarvsupercenterbeaumont/
Blue Compass RV Boerne,exploreusarvsupercenterboerne,https://careers.hireology.com/exploreusarvsupercenterboerne/
Blue Compass RV Denton,exploreusarvsupercenterdenton,https://careers.hireology.com/exploreusarvsupercenterdenton/
Blue Compass RV Fort Worth,exploreusarvsupercenterfortworth,https://careers.hireology.com/exploreusarvsupercenterfortworth/
Blue Compass RV San Antonio,exploreusarvsupercentersanantonio,https://careers.hireology.com/exploreusarvsupercentersanantonio/
Blue Compass RV Tyler,exploreusarvsupercentertyler,https://careers.hireology.com/exploreusarvsupercentertyler/
Blue Compass RV Rockport,exploreusarvsuperstorerockport,https://careers.hireology.com/exploreusarvsuperstorerockport/
Expressway Ford,expresswayford,https://careers.hireology.com/expresswayford/
Fairfield Auto Group,fairfieldford,https://careers.hireology.com/fairfieldford/
Fairfield Indianapolis Airport,fairfieldindianapolis,https://careers.hireology.com/fairfieldindianapolis/
Fairfield Inn - Sioux Falls Airport,fairfieldinn-siouxfallsairport,https://careers.hireology.com/fairfieldinn-siouxfallsairport/
Fairfield Inn & Suites Avon,fairfieldinnavon,https://careers.hireology.com/fairfieldinnavon/
"Fairfield Inn by Marriott Columbus/New Albany, OH",fairfieldinnbymarriott-columbusnewalbanyoh,https://careers.hireology.com/fairfieldinnbymarriott-columbusnewalbanyoh/
Fairfield Inn & Suites Deerfield Beach,fairfieldinndeerfieldbeach,https://careers.hireology.com/fairfieldinndeerfieldbeach/
Fairfield Inn & Suites Seymour,fairfieldinnseymour,https://careers.hireology.com/fairfieldinnseymour/
Fairfield Inn & Suites - Charlotte University Research Park,fairfieldinnsuites-charlotteuniversityresearchpark,https://careers.hireology.com/fairfieldinnsuites-charlotteuniversityresearchpark/
"Fairfield Inn & Suites - Princeton, WV",fairfieldinnsuites-princetonwv,https://careers.hireology.com/fairfieldinnsuites-princetonwv/
Fairfield Inn & Suites Boise West,fairfieldinnsuitesboise,https://careers.hireology.com/fairfieldinnsuitesboise/
Fairfield Inn & Suites By Marriott - Charlotte Matthews,fairfieldinnsuitesbymarriott-charlottematthews,https://careers.hireology.com/fairfieldinnsuitesbymarriott-charlottematthews/
Fairfield Inn & Suites Lincoln Southeast,fairfieldinnsuiteslincolnsoutheast,https://careers.hireology.com/fairfieldinnsuiteslincolnsoutheast/
Fairfield Inn & Suites Woodstock,fairfieldinnsuiteswoodstock,https://careers.hireology.com/fairfieldinnsuiteswoodstock/
Fairfield Nursing & Rehabilitation,fairfieldnursingrehabilitation,https://careers.hireology.com/fairfieldnursingrehabilitation/
Fairmont Ford,fairmontford,https://careers.hireology.com/fairmontford/
Fair Park Health & Rehabilitation Center,fairparkhealthrehabilitationcenter,https://careers.hireology.com/fairparkhealthrehabilitationcenter/
Familiar Roads Home Healthcare Agency,familiarroadshomehealthcareagency,https://careers.hireology.com/familiarroadshomehealthcareagency/
Family Ford of Enfield,familyfordofenfield,https://careers.hireology.com/familyfordofenfield/
Family & Nursing Care- New Jersey (Select),familynursingcare-centralmdselect,https://careers.hireology.com/familynursingcare-centralmdselect/
Family & Nursing Care- Maryland (Classic),familynursingcare-silverspringclassic,https://careers.hireology.com/familynursingcare-silverspringclassic/
Family & Nursing Care- Maryland (Select),familynursingcare-silverspringselect,https://careers.hireology.com/familynursingcare-silverspringselect/
Family & Nursing Care- Eastern PA (Select),familynursingcarekingofprussiapa,https://careers.hireology.com/familynursingcarekingofprussiapa/
Family Pillars Homecare,familypillarshomecare,https://careers.hireology.com/familypillarshomecare/
Farrow - Ward Ford Inc,farrow-wardfordinc,https://careers.hireology.com/farrow-wardfordinc/
FASTSIGNS Aiken,fastsignsofaikensc,https://careers.hireology.com/fastsignsofaikensc/
"FASTSIGNS® of Louisville, KY",fastsignsoflouisvilleky,https://careers.hireology.com/fastsignsoflouisvilleky/
"FASTSIGNS® of Windsor, CA - Sonoma County",fastsignsofwindsorca-sonomacounty,https://careers.hireology.com/fastsignsofwindsorca-sonomacounty/
FeatherShark,feathershark,https://careers.hireology.com/feathershark/
Ferguson Superstore,fergusonsuperstore,https://careers.hireology.com/fergusonsuperstore/
Ferrari Maserati of Fort Lauderdale,ferrarimaseratioffortlauderdale,https://careers.hireology.com/ferrarimaseratioffortlauderdale/
Ferrari of Naples,ferrariofnaples,https://careers.hireology.com/ferrariofnaples/
Ferrari Palm Beach,ferraripalmbeach,https://careers.hireology.com/ferraripalmbeach/
Feyer Auto Group,feyerautogroup,https://careers.hireology.com/feyerautogroup/
Feyer Ford of Ahoskie,feyerfordofahoskie,https://careers.hireology.com/feyerfordofahoskie/
"F&F Realty Partners, LLC",ffrealtypropertiesparentaccount,https://careers.hireology.com/ffrealtypropertiesparentaccount/
MERCEDES-BENZ OF LYNNWOOD,fieldsautogroup,https://careers.hireology.com/fieldsautogroup/
FIELDS BMW LAKELAND,fieldsbmwlakeland,https://careers.hireology.com/fieldsbmwlakeland/
FIELDS BMW OF DAYTONA BEACH,fieldsbmwofdaytona,https://careers.hireology.com/fieldsbmwofdaytona/
FIELDS BMW NORTHFIELD,fieldsbmwofnorthfield,https://careers.hireology.com/fieldsbmwofnorthfield/
FIELDS BMW SOUTH ORLANDO,fieldsbmwsouthorlando,https://careers.hireology.com/fieldsbmwsouthorlando/
FIELDS BMW WINTER PARK,fieldsbmwwinterpark,https://careers.hireology.com/fieldsbmwwinterpark/
FIELDS CHRYSLER JEEP DODGE RAM (GLENVIEW),fieldschryslerjeepdodgeram,https://careers.hireology.com/fieldschryslerjeepdodgeram/
JAGUAR LAND ROVER VOLVO MADISON,fieldsjaguarlandrovervolvomadison,https://careers.hireology.com/fieldsjaguarlandrovervolvomadison/
FIELDS MERCEDES - BENZ ROMEOVILLE,fieldsmercedes-benzromeoville,https://careers.hireology.com/fieldsmercedes-benzromeoville/
FIELDS MOTORCARS OF LAKELAND,fieldsmotorcarslakeland,https://careers.hireology.com/fieldsmotorcarslakeland/
Fiesta Lincoln,fiestalincoln,https://careers.hireology.com/fiestalincoln/
Findlay Acura,findlayacura,https://careers.hireology.com/findlayacura/
Findlay Cadillac,findlaycadillac,https://careers.hireology.com/findlaycadillac/
Findlay Chevrolet,findlaychevrolet,https://careers.hireology.com/findlaychevrolet/
Findlay Honda Henderson,findlayhondahenderson,https://careers.hireology.com/findlayhondahenderson/
Findlay Hyundai St. George,findlayhyundai-subarustgeorge,https://careers.hireology.com/findlayhyundai-subarustgeorge/
Findlay Hyundai Prescott,findlayhyundaiprescott,https://careers.hireology.com/findlayhyundaiprescott/
Findlay Kia of Las Vegas,findlaykia,https://careers.hireology.com/findlaykia/
Findlay Nissan Henderson,findlaynissanhenderson,https://careers.hireology.com/findlaynissanhenderson/
Findlay Toyota Prescott,findlaytoyotaprescott,https://careers.hireology.com/findlaytoyotaprescott/
Findlay Volkswagen Henderson,findlayvolkswagenhenderson,https://careers.hireology.com/findlayvolkswagenhenderson/
Finish Excavating Inc,finishexcavatinginc,https://careers.hireology.com/finishexcavatinginc/
Finnegan Chevrolet Buick GMC,finneganchevrolet,https://careers.hireology.com/finneganchevrolet/
Finnegan Chrysler Jeep Dodge Ram,finneganchryslerjeepsouth,https://careers.hireology.com/finneganchryslerjeepsouth/
Firkins CDJR,firkinscdjr,https://careers.hireology.com/firkinscdjr/
FirstLight Home Care of Asheville,firstlighthomecareofasheville,https://careers.hireology.com/firstlighthomecareofasheville/
FirstLight Home Care of Napa,firstlighthomecareofnapa,https://careers.hireology.com/firstlighthomecareofnapa/
Five Points at Lake Highlands Nursing and Rehabilitation,fivepointsatlakehighlandsnursingandrehabilitation,https://careers.hireology.com/fivepointsatlakehighlandsnursingandrehabilitation/
Five Points Nursing and Rehab of DeSoto,fivepointsnursingandrehabdesoto,https://careers.hireology.com/fivepointsnursingandrehabdesoto/
Five Points Nursing & Rehabilitation,fivepointsnursingrehabilitation,https://careers.hireology.com/fivepointsnursingrehabilitation/
Five Points Nursing & Rehabilitation of College Station,fivepointsnursingrehabilitationofcollegestation,https://careers.hireology.com/fivepointsnursingrehabilitationofcollegestation/
Mercedes-Benz of Indianapolis,fivestarautomotivegroup,https://careers.hireology.com/fivestarautomotivegroup/
Five Star Automotive Group,fivestarautomotivegroup-divisionaccount,https://careers.hireology.com/fivestarautomotivegroup-divisionaccount/
Five Star Chevy Florence,fivestarchevrolet-florence,https://careers.hireology.com/fivestarchevrolet-florence/
Five Star Ford Stone Mountain,fivestarfordstonemountain,https://careers.hireology.com/fivestarfordstonemountain/
Five Star Nissan Warner Robins,fivestarnissan-warnerrobins,https://careers.hireology.com/fivestarnissan-warnerrobins/
Five Star Nissan of Florence,fivestarnissanofflorence,https://careers.hireology.com/fivestarnissanofflorence/
Five Star Toyota,fivestartoyota,https://careers.hireology.com/fivestartoyota/
Flatirons Subaru,flatironssubaru,https://careers.hireology.com/flatironssubaru/
Flemington BMW,flemingtonbmw,https://careers.hireology.com/flemingtonbmw/
Flex HR,flexhr,https://careers.hireology.com/flexhr/
Flood Ford of East Greenwich,floodfordofeastgreenwich,https://careers.hireology.com/floodfordofeastgreenwich/
Flood Ford of Narragansett,floodfordofnarragansett,https://careers.hireology.com/floodfordofnarragansett/
Flowers Auto Group,flowersautogroup,https://careers.hireology.com/flowersautogroup/
Blue Compass RV Oklahoma City,floyds,https://careers.hireology.com/floyds/
Hilton Garden Inn - EL Paso Airport,flynnhospitalityhireologycareers,https://careers.hireology.com/flynnhospitalityhireologycareers/
Blue Compass RV Sacramento,folsomlakervcenter,https://careers.hireology.com/folsomlakervcenter/
Fondomonte Arizona LLC,fondomontearizonallc,https://careers.hireology.com/fondomontearizonallc/
Fondomonte California LLC,fondomontecaliforniallc,https://careers.hireology.com/fondomontecaliforniallc/
Foothill Ford,foothillford,https://careers.hireology.com/foothillford/
Mazda Infiniti Roseville,foranyauto,https://careers.hireology.com/foranyauto/
Audi Dallas,forbestoddgroup,https://careers.hireology.com/forbestoddgroup/
Ford Fairfield,fordfairfield,https://careers.hireology.com/fordfairfield/
Duncan Ford Lincoln Mazda,fordlincolnmazda,https://careers.hireology.com/fordlincolnmazda/
McCandless Ford Meadville,fordmeadville,https://careers.hireology.com/fordmeadville/
Ford of Corinth,fordofcorinth,https://careers.hireology.com/fordofcorinth/
Ford of Dalton,fordofdalton,https://careers.hireology.com/fordofdalton/
Ford of Helena,fordofhelena,https://careers.hireology.com/fordofhelena/
Ford of Jones County,fordofjonescounty,https://careers.hireology.com/fordofjonescounty/
Ford of Murfreesboro,fordofmurfreesboro,https://careers.hireology.com/fordofmurfreesboro/
Ford's Colony Country Club,fordscolonycountryclub,https://careers.hireology.com/fordscolonycountryclub/
Fort Bragg Harley Davidson,fortbraggharleydavidson,https://careers.hireology.com/fortbraggharleydavidson/
Fort Brewery,fortbrewery,https://careers.hireology.com/fortbrewery/
Fort Collins Chrysler Jeep Dodge Ram,fortcollinschryslerjeepdodgeram,https://careers.hireology.com/fortcollinschryslerjeepdodgeram/
Fort Collins Kia,fortcollinskia,https://careers.hireology.com/fortcollinskia/
Fort Collins Nissan,fortcollinsnissan,https://careers.hireology.com/fortcollinsnissan/
Fort Dodge Ford Lincoln Toyota,fortdodgefordlincolntoyota,https://careers.hireology.com/fortdodgefordlincolntoyota/
Fort Dodge Chrysler Dodge Jeep Ram Fiat,fortdodgejeepramchryslerdodgefiat,https://careers.hireology.com/fortdodgejeepramchryslerdodgefiat/
Fortress Nursing and Rehabilitation,fortressnursingrehabilitations,https://careers.hireology.com/fortressnursingrehabilitations/
Don Ayres Acura,fortwayneacura,https://careers.hireology.com/fortwayneacura/
Fort Wayne KIA,fortwaynekia,https://careers.hireology.com/fortwaynekia/
Forum at Desert Harbor,forumatdesertharbor,https://careers.hireology.com/forumatdesertharbor/
Forum at Tucson,forumattucson,https://careers.hireology.com/forumattucson/
Foss Motors,fossmotors,https://careers.hireology.com/fossmotors/
Foundation Chevrolet,foundationautomotivecorporation,https://careers.hireology.com/foundationautomotivecorporation/
Foundation KIA,foundationkia,https://careers.hireology.com/foundationkia/
Coal Town Public House,fourchordsllccoaltownpublichouse,https://careers.hireology.com/fourchordsllccoaltownpublichouse/
Four Pillars Hospice,fourpillarshospice,https://careers.hireology.com/fourpillarshospice/
Four Points by Sheraton Richmond,fourpointsbysheratonrichmond,https://careers.hireology.com/fourpointsbysheratonrichmond/
Four Points by Sheraton Richmond Airport,fourpointsbysheratonrichmondairport,https://careers.hireology.com/fourpointsbysheratonrichmondairport/
Fox Subacute - Mechanicsburg,foxsubacute-mechanicsburg,https://careers.hireology.com/foxsubacute-mechanicsburg/
Fox Subacute - Philadelphia,foxsubacute-philadelphia,https://careers.hireology.com/foxsubacute-philadelphia/
"American Leak Detection - Augusta, GA",franchisedivacct10-daveedwards,https://careers.hireology.com/franchisedivacct10-daveedwards/
Heim BBQ - Weatherford,frankkentmotorcompany,https://careers.hireology.com/frankkentmotorcompany/
Franklin Heights Nursing & Rehabilitation Center,franklinheightsnursingrehabilitationcenter,https://careers.hireology.com/franklinheightsnursingrehabilitationcenter/
Franklin Nursing Home,franklinnursinghome,https://careers.hireology.com/franklinnursinghome/
Frank's Truck Center,frankstruckcenter,https://careers.hireology.com/frankstruckcenter/
Fred Beans Ford of Exton,fredbeansfordofexton,https://careers.hireology.com/fredbeansfordofexton/
Fredericksburg GMC/Subaru,fredericksburgbuickgmcsubaru,https://careers.hireology.com/fredericksburgbuickgmcsubaru/
Fredericksburg Inn & Suites,fredericksburginnsuites,https://careers.hireology.com/fredericksburginnsuites/
Fred Martin Motor Company,fredmartinsuperstore,https://careers.hireology.com/fredmartinsuperstore/
Frederick Living,fredrickliving,https://careers.hireology.com/fredrickliving/
Freedom Ford of Claypool Hill,freedomfordofclaypoolhill,https://careers.hireology.com/freedomfordofclaypoolhill/
Freedom Waterworks,freedomwaterworks,https://careers.hireology.com/freedomwaterworks/
Freeland Chevy Superstore,freelandmanagement,https://careers.hireology.com/freelandmanagement/
Northwoods Ford Inc,freeportfordllc,https://careers.hireology.com/freeportfordllc/
"Freese Motors, Inc","freesemotors,inc",https://careers.hireology.com/freesemotors%2Cinc/
Freeway Chevrolet,freewaychevrolet,https://careers.hireology.com/freewaychevrolet/
Freeway Ford,freewayford,https://careers.hireology.com/freewayford/
Fremont Chevrolet,fremontchevrolet,https://careers.hireology.com/fremontchevrolet/
Fremont Hyundai,fremonthyundai1,https://careers.hireology.com/fremonthyundai1/
Friendly Acura of Middletown,friendlyacura,https://careers.hireology.com/friendlyacura/
Friendly Chevrolet (TX),friendlychevrolettx,https://careers.hireology.com/friendlychevrolettx/
Friendly Faces Senior Care,friendlyfacesseniorcare,https://careers.hireology.com/friendlyfacesseniorcare/
Friendly Ford - Las Vegas,friendlyford-lasvegas,https://careers.hireology.com/friendlyford-lasvegas/
Friendly Ford of Roselle,friendlyfordofroselle,https://careers.hireology.com/friendlyfordofroselle/
Friendly Honda,friendlyhonda,https://careers.hireology.com/friendlyhonda/
Friends For Life,friendsforlifeinc,https://careers.hireology.com/friendsforlifeinc/
Friendship Automotive,friendshipautomotive,https://careers.hireology.com/friendshipautomotive/
Frontier Ford,frontierford1,https://careers.hireology.com/frontierford1/
Fuel Powersports,fuelpowersports,https://careers.hireology.com/fuelpowersports/
Fuller Dental Practice,fullerdental,https://careers.hireology.com/fullerdental/
Fuller Ford OH,fullerfordoh,https://careers.hireology.com/fullerfordoh/
Fullerton Ford,fullertonford,https://careers.hireology.com/fullertonford/
Fury Ford Waconia,furyfordwaconia,https://careers.hireology.com/furyfordwaconia/
Gabrielli Truck Sales,gabriellitrucksales,https://careers.hireology.com/gabriellitrucksales/
Gailey Eye Clinic,gaileyeyeclinic,https://careers.hireology.com/gaileyeyeclinic/
Gainesville Nissan,gainesvillenissan,https://careers.hireology.com/gainesvillenissan/
Gallaher Signature Living - Varenna,gallahersignatureliving-varenna,https://careers.hireology.com/gallahersignatureliving-varenna/
Gallaher Signature Living - Villa Capri,gallahersignatureliving-villacapri,https://careers.hireology.com/gallahersignatureliving-villacapri/
Gallery Ford of Pekin LLC,galleryfordofpekinllc,https://careers.hireology.com/galleryfordofpekinllc/
Ganado Nursing and Rehabilitation Center,ganadonursingrehabilitationcenter,https://careers.hireology.com/ganadonursingrehabilitationcenter/
Gandrud Nissan,gandrudnissan,https://careers.hireology.com/gandrudnissan/
Garavel Chrysler Jeep Dodge Ram,garavelchryslerjeepdodgeram,https://careers.hireology.com/garavelchryslerjeepdodgeram/
Garavel Subaru,garavelsubaru,https://careers.hireology.com/garavelsubaru/
Garcia Automotive Group of El Paso,garciasubaruofelpaso,https://careers.hireology.com/garciasubaruofelpaso/
Garden Estates of Corpus Christi,gardenestatesofcorpuschristi,https://careers.hireology.com/gardenestatesofcorpuschristi/
Gardens of Scottsdale,gardensofscottsdale,https://careers.hireology.com/gardensofscottsdale/
Garden Spot Village,gardenspotvillage,https://careers.hireology.com/gardenspotvillage/
Garnett Place Retirement Cmnty,garnettplaceretirementcmnty,https://careers.hireology.com/garnettplaceretirementcmnty/
Gary Yeomans Ford Knoxville,garyyeomansfordknoxville,https://careers.hireology.com/garyyeomansfordknoxville/
The Element Hotel Gaston,gastonelementdalea,https://careers.hireology.com/gastonelementdalea/
Gates Automotive Group,gatesautomotivegroup,https://careers.hireology.com/gatesautomotivegroup/
Gates Chevy World,gateschevyworld,https://careers.hireology.com/gateschevyworld/
Gator Chrysler Dodge Jeep,gatorchryslerdodgejeep,https://careers.hireology.com/gatorchryslerdodgejeep/
Gay Buick GMC,gaybuickgmc,https://careers.hireology.com/gaybuickgmc/
Generations Ford,generationsford,https://careers.hireology.com/generationsford/
Generations Home Care,generationshomecare,https://careers.hireology.com/generationshomecare/
Generations Home Care - Spokane,generationshomecare-spokane,https://careers.hireology.com/generationshomecare-spokane/
Generations Home Care Bremerton,generationshomecarebremerton,https://careers.hireology.com/generationshomecarebremerton/
Gene's Chrysler Center AK,geneschryslercenterak,https://careers.hireology.com/geneschryslercenterak/
Genesis of Carmel,genesisofcarmel,https://careers.hireology.com/genesisofcarmel/
Genesis of Edmond,genesisofedmond,https://careers.hireology.com/genesisofedmond/
Genesis of Lindon,genesisoflindon,https://careers.hireology.com/genesisoflindon/
Genesis Orthopedics & Sports Medicine,genesisorthopedicssportsmedicine,https://careers.hireology.com/genesisorthopedicssportsmedicine/
Gene Steffy Auto Group,genesteffychryslerjeepdodgeram,https://careers.hireology.com/genesteffychryslerjeepdodgeram/
Geneva Marina,geneva-genevamarina,https://careers.hireology.com/geneva-genevamarina/
George Coleman Ford,georgecolemanford,https://careers.hireology.com/georgecolemanford/
George Nunnally Chevrolet,georgenunnallychevrolet,https://careers.hireology.com/georgenunnallychevrolet/
Georgia Families in Transition,georgiafamiliesintransition,https://careers.hireology.com/georgiafamiliesintransition/
Georgia Manor Nursing Home,georgiamanornursinghome,https://careers.hireology.com/georgiamanornursinghome/
Germain Cadillac of Easton,germaincadillacofeaston,https://careers.hireology.com/germaincadillacofeaston/
Germain Land Rover North Hills,germaincars,https://careers.hireology.com/germaincars/
Germain Ford of Beavercreek,germainfordofbeavercreek,https://careers.hireology.com/germainfordofbeavercreek/
Germain Honda of Beavercreek,germainhondaofbeavercreek,https://careers.hireology.com/germainhondaofbeavercreek/
Germain Honda of Dublin,germainhondaofdublin,https://careers.hireology.com/germainhondaofdublin/
Germain Honda of Naples,germainhondaofnaples,https://careers.hireology.com/germainhondaofnaples/
Germain Lexus Of Naples,germainlexusofnaples,https://careers.hireology.com/germainlexusofnaples/
Germain Land Rover North Hills,germainofnorthhills,https://careers.hireology.com/germainofnorthhills/
Germain Yachts,germainyachts,https://careers.hireology.com/germainyachts/
Get Fast Shirt Apparel,getfastshirt,https://careers.hireology.com/getfastshirt/
Griswold Home Care for South Bend and Elkhart,ghcforsouthbendandelkhart,https://careers.hireology.com/ghcforsouthbendandelkhart/
Gibbs Truck Centers - Bakersfield,gibbsinternational-bakersfield,https://careers.hireology.com/gibbsinternational-bakersfield/
Gibbs Truck Centers - Oxnard,gibbsinternational-oxnard,https://careers.hireology.com/gibbsinternational-oxnard/
Gibbs Truck Centers - Santa Maria,gibbsinternational-santamaria,https://careers.hireology.com/gibbsinternational-santamaria/
Gilbert's Family of Companies,gilbertfamilyofcompanies,https://careers.hireology.com/gilbertfamilyofcompanies/
Gilboy Ford,gilboyautomotivegroup,https://careers.hireology.com/gilboyautomotivegroup/
Giles Subaru,gilesautomotive,https://careers.hireology.com/gilesautomotive/
Mr. Bubbles Auto Spa,gilesclearancecenter,https://careers.hireology.com/gilesclearancecenter/
Giles Hyundai,gileshyundai,https://careers.hireology.com/gileshyundai/
Giles Nissan Lafayette,gilesnissanoflafayette,https://careers.hireology.com/gilesnissanoflafayette/
Giles Nissan  Opelousas,gilesnissanofopelousas,https://careers.hireology.com/gilesnissanofopelousas/
Gillespie Ford,gillespieford,https://careers.hireology.com/gillespieford/
Gilmer Nursing & Rehabilitation,gilmernursingrehabilitation,https://careers.hireology.com/gilmernursingrehabilitation/
Gilroy Chevrolet Cadillac,gilroychevroletcadillac,https://careers.hireology.com/gilroychevroletcadillac/
Tera Ford,gjovikfordinc,https://careers.hireology.com/gjovikfordinc/
Glass Light Hotel & Gallery,glasslighthotel,https://careers.hireology.com/glasslighthotel/
Glavan Ford of Clay Center,glavanfordofclaycenter,https://careers.hireology.com/glavanfordofclaycenter/
Glendale Chrysler Jeep Dodge Ram (St. Louis),glendalechryslerjeepdodge,https://careers.hireology.com/glendalechryslerjeepdodge/
Glenwood Place,glenwoodplace,https://careers.hireology.com/glenwoodplace/
Glenwood Springs Ford,glenwoodspringsford,https://careers.hireology.com/glenwoodspringsford/
Global Machinery,globalmachinery,https://careers.hireology.com/globalmachinery/
Global Machinery- Denver,globalmachinery-denver,https://careers.hireology.com/globalmachinery-denver/
Burr Oak Lodge and Conference Center,glouster-burroakstateparklodge,https://careers.hireology.com/glouster-burroakstateparklodge/
Golden Age Nursing Home,goldenagenursinghomeofguthrie,https://careers.hireology.com/goldenagenursinghomeofguthrie/
Golden Care,goldencare,https://careers.hireology.com/goldencare/
"Golden Circle Ford, Inc",goldencirclefordinc,https://careers.hireology.com/goldencirclefordinc/
"Golden Circle Ford, Parsons",goldencirclefordparsons,https://careers.hireology.com/goldencirclefordparsons/
Golden Oaks Village of Stillwater,goldenoaksvillageofstillwater,https://careers.hireology.com/goldenoaksvillageofstillwater/
Golden Orchard managed by CSL,goldenorchardmanagedbycsl,https://careers.hireology.com/goldenorchardmanagedbycsl/
Golf Mill Ford,golfmillford,https://careers.hireology.com/golfmillford/
Goodhue Boat Company,goodhueboatcompany,https://careers.hireology.com/goodhueboatcompany/
Goodman Truck & Tractor,goodmantrucktractor,https://careers.hireology.com/goodmantrucktractor/
Gordie Boucher Ford of Janesville,gordieboucherfordofjanesville,https://careers.hireology.com/gordieboucherfordofjanesville/
"Gordie Boucher Ford of Kenosha, Inc",gordieboucherfordofkenoshainc,https://careers.hireology.com/gordieboucherfordofkenoshainc/
"Gordie Boucher Ford of Menomonee Falls, Inc",gordieboucherfordofmenomoneefallsinc,https://careers.hireology.com/gordieboucherfordofmenomoneefallsinc/
Gosch Ford Temecula,goschfordtemecula,https://careers.hireology.com/goschfordtemecula/
Gossett Chrysler Jeep Dodge Ram Fiat,gossettchryslerjeepdodgeramfiat,https://careers.hireology.com/gossettchryslerjeepdodgeramfiat/
Gossett Hyundai Mitsubishi Genesis,gossetthyundaimitsubishigenesis,https://careers.hireology.com/gossetthyundaimitsubishigenesis/
Gossett Kia,gossettkia,https://careers.hireology.com/gossettkia/
Gossett Kia Hyundai South,gossettkiahyundaisouth,https://careers.hireology.com/gossettkiahyundaisouth/
Gossett Motors,gossettmotors,https://careers.hireology.com/gossettmotors/
Gossett VW and Porsche,gossettvwandporsche,https://careers.hireology.com/gossettvwandporsche/
Gossett VW Germantown,gossettvwgermantown,https://careers.hireology.com/gossettvwgermantown/
Grace Pointe Wellness Center,gracepointewellnesscenter,https://careers.hireology.com/gracepointewellnesscenter/
Bethany Village Graceworks,graceworks,https://careers.hireology.com/graceworks/
Graceworks Enhanced Living,graceworksenhancedliving,https://careers.hireology.com/graceworksenhancedliving/
Graff Auto Campus,graffautocampus,https://careers.hireology.com/graffautocampus/
Graff Chevrolet of Bay City,graffchevroletofbaycity,https://careers.hireology.com/graffchevroletofbaycity/
Graff Ford of Chesterton,graffford,https://careers.hireology.com/graffford/
Graham International,grahaminternationalinc,https://careers.hireology.com/grahaminternationalinc/
Graham Oaks Care Center,grahamoakscarecenter,https://careers.hireology.com/grahamoakscarecenter/
Granbury Care Center,granburycarecenter,https://careers.hireology.com/granburycarecenter/
Grand Island Motor Company,grandislandmotorcompany,https://careers.hireology.com/grandislandmotorcompany/
Grand Pines Assisted Living Center,grandpinesassistedlivingcenter,https://careers.hireology.com/grandpinesassistedlivingcenter/
Residence Inn Dallas Grand Prairie,grandpraire,https://careers.hireology.com/grandpraire/
Grand Reserve Inn,grandreserveinn,https://careers.hireology.com/grandreserveinn/
Grand River Health Clinic West,grandriverhealthclinicwest,https://careers.hireology.com/grandriverhealthclinicwest/
Grand River Health Main Campus,grandriverhealthmaincampus,https://careers.hireology.com/grandriverhealthmaincampus/
Granite Automotive,graniteautomotive,https://careers.hireology.com/graniteautomotive/
Gratitude Homecare,gratitudehomecarenewjersey,https://careers.hireology.com/gratitudehomecarenewjersey/
Blue Compass RV Gassville,greatescapesrvgassville,https://careers.hireology.com/greatescapesrvgassville/
Blue Compass RV Springfield,greatescapesrvofspringfield,https://careers.hireology.com/greatescapesrvofspringfield/
Great Lakes Ford of Muskegon,greatlakesfordofmuskegon,https://careers.hireology.com/greatlakesfordofmuskegon/
Great Lakes Hospitality Group,greatlakeshospitality,https://careers.hireology.com/greatlakeshospitality/
Great Northern Equipment,greatnorthernequipmentdistributing,https://careers.hireology.com/greatnorthernequipmentdistributing/
Great Plains Nursing and Rehabilitation,greatplainsnursingrehabilitation,https://careers.hireology.com/greatplainsnursingrehabilitation/
Greeley Auto,greeleynissan,https://careers.hireology.com/greeleynissan/
Greenacres Nissan,greenacresnissan2,https://careers.hireology.com/greenacresnissan2/
Greenbier Motor Company CDJR,greenbrierautomotivegroup,https://careers.hireology.com/greenbrierautomotivegroup/
Greenbrier Nursing and Rehabilitation Center of Palestine,greenbriernursingofpalestine,https://careers.hireology.com/greenbriernursingofpalestine/
Greenbrier Nursing and Rehabilitation Center of Tyler,greenbriernursingoftyler,https://careers.hireology.com/greenbriernursingoftyler/
Green Ford,greenford,https://careers.hireology.com/greenford/
Greenhill Villas of Mount Pleasant,greenhillvillasfkavillasofmountpleasant,https://careers.hireology.com/greenhillvillasfkavillasofmountpleasant/
Green's Toyota of Lexington,greenstoyotaoflexington,https://careers.hireology.com/greenstoyotaoflexington/
Greenville Chrysler Dodge Jeep RAM,greenvilleauto,https://careers.hireology.com/greenvilleauto/
Greenville Chrysler Dodge Jeep RAM,greenvilledodgechryslerjeepram,https://careers.hireology.com/greenvilledodgechryslerjeepram/
"Gregg Smith Ford Lincoln, Inc",greggsmithfordlincolninc,https://careers.hireology.com/greggsmithfordlincolninc/
Grieco Ford of Delray Beach,griecofordofdelraybeach,https://careers.hireology.com/griecofordofdelraybeach/
Griffin Auto Group,griffinford,https://careers.hireology.com/griffinford/
"Griffin Ford Fort Atkinson, Inc",griffinfordfortatkinsoninc,https://careers.hireology.com/griffinfordfortatkinsoninc/
"Griffith Ford, Inc",griffithfordinc,https://careers.hireology.com/griffithfordinc/
Griffith Ford Seguin,griffithfordseguin,https://careers.hireology.com/griffithfordseguin/
Griswold Home Care for Blair County,griswold-blairpa,https://careers.hireology.com/griswold-blairpa/
Griswold Home Care For Cupertino,griswold-cupertino,https://careers.hireology.com/griswold-cupertino/
Griswold Home Care for Delaware County,griswold-delawarecounty,https://careers.hireology.com/griswold-delawarecounty/
Griswold Home Care for Montgomery County,griswold-montgomery-county,https://careers.hireology.com/griswold-montgomery-county/
Griswold Home Care for NEPA,griswold-wilkesbarre,https://careers.hireology.com/griswold-wilkesbarre/
"Griswold Care Pairing for Anderson, Laurens, Pickens and Oconee Counties",griswoldandersonlaurenssc,https://careers.hireology.com/griswoldandersonlaurenssc/
Griswold Home Care for Southeast Michigan,griswoldannarborbloomfieldmi,https://careers.hireology.com/griswoldannarborbloomfieldmi/
Griswold Home Care for Atlanta,griswoldatlantametroga,https://careers.hireology.com/griswoldatlantametroga/
"Griswold Home Care for Baton Rouge, LA",griswoldbatonrougela,https://careers.hireology.com/griswoldbatonrougela/
"Griswold Home Care for Cumberland Co, PA",griswoldblaircumberlandcopa,https://careers.hireology.com/griswoldblaircumberlandcopa/
Griswold Care Pairing for Broward County,griswoldbrowardcofl,https://careers.hireology.com/griswoldbrowardcofl/
Griswold Home Care - Greensboro NC,griswoldburlingtongreensboronc,https://careers.hireology.com/griswoldburlingtongreensboronc/
Griswold Home Care for Camden County,griswoldcamdenconj,https://careers.hireology.com/griswoldcamdenconj/
Griswold Home Care for Cape May & Atlantic Counties,griswoldcape-atlanticnj,https://careers.hireology.com/griswoldcape-atlanticnj/
Griswold Care Pairing for Chester & Lancaster Counties,griswoldchestercountypa,https://careers.hireology.com/griswoldchestercountypa/
Griswold Home Care for Colorado Springs,griswoldcoloradospringsco,https://careers.hireology.com/griswoldcoloradospringsco/
Griswold Home Care for Dauphin County,griswolddauphincopa,https://careers.hireology.com/griswolddauphincopa/
Griswold Care Pairing for Florida Keys,griswoldfloridakeysfl,https://careers.hireology.com/griswoldfloridakeysfl/
Griswold Care Pairing for  Southwest Florida,griswoldfloridaswfl,https://careers.hireology.com/griswoldfloridaswfl/
Griswold Home Care for Chevy Chase,griswoldforchevychase,https://careers.hireology.com/griswoldforchevychase/
"Griswold Home Care for Burlington County, NJ",griswoldgloucester-salemhunterdonconj,https://careers.hireology.com/griswoldgloucester-salemhunterdonconj/
Griswold Home Care for Greenville & Spartanburg,griswoldgreenville-spartanburgsc,https://careers.hireology.com/griswoldgreenville-spartanburgsc/
Griswold Home Care for Anoka County,griswoldhomecare-anokacounty,https://careers.hireology.com/griswoldhomecare-anokacounty/
Griswold Home Care for the Poconos,griswoldhomecare-corporateownedofficesparent,https://careers.hireology.com/griswoldhomecare-corporateownedofficesparent/
Griswold Home Care for Oahu,griswoldhomecare-honoluluhi,https://careers.hireology.com/griswoldhomecare-honoluluhi/
Griswold Home Care for Greater Newport Beach,griswoldhomecare-newportbeachca,https://careers.hireology.com/griswoldhomecare-newportbeachca/
Griswold Home Care For Thousand Oaks,griswoldhomecare-thousandoaksca,https://careers.hireology.com/griswoldhomecare-thousandoaksca/
Griswold Care Pairing for Myrtle Beach,griswoldhomecarecumberlandcapeatlanticparent,https://careers.hireology.com/griswoldhomecarecumberlandcapeatlanticparent/
Griswold Home Care Cumberland County,griswoldhomecarecumberlandcounty,https://careers.hireology.com/griswoldhomecarecumberlandcounty/
Griswold Home Care for East Louisville,griswoldhomecareforeastlouisville,https://careers.hireology.com/griswoldhomecareforeastlouisville/
Griswold Home Care for Edmond & Yukon,griswoldhomecareforedmondyukon,https://careers.hireology.com/griswoldhomecareforedmondyukon/
Griswold Home Care for Greensburg,griswoldhomecareforgreensburg,https://careers.hireology.com/griswoldhomecareforgreensburg/
"Griswold Home Care for Howard County, Maryland",griswoldhomecareforhowardcounty,https://careers.hireology.com/griswoldhomecareforhowardcounty/
Griswold Home Care For Lakeville and Shakopee,griswoldhomecareforlakevilleandshakopee,https://careers.hireology.com/griswoldhomecareforlakevilleandshakopee/
Griswold Home Care for Oklahoma City North,griswoldhomecareforoklahoma,https://careers.hireology.com/griswoldhomecareforoklahoma/
Griswold Home Care for Saint Louis Park,griswoldhomecareforsaintlouispark,https://careers.hireology.com/griswoldhomecareforsaintlouispark/
Griswold Home Care for West Houston,griswoldhomecarekatyspringvalleytx,https://careers.hireology.com/griswoldhomecarekatyspringvalleytx/
Griswold Home Care of Greater Temecula,griswoldhomecareofgreatertemecula,https://careers.hireology.com/griswoldhomecareofgreatertemecula/
Griswold Care Pairing for Myrtle Beach,griswoldhomecareofmyrtlebeach,https://careers.hireology.com/griswoldhomecareofmyrtlebeach/
Griswold Home Care for South Columbus & Fairfield County,griswoldhomecarescolumbusfairfieldcounty,https://careers.hireology.com/griswoldhomecarescolumbusfairfieldcounty/
Griswold Home Care for South St. Louis,griswoldhomecaresouthstlouis,https://careers.hireology.com/griswoldhomecaresouthstlouis/
Griswold Home Care for Merrimack Valley,griswoldlawrence-andoverma,https://careers.hireology.com/griswoldlawrence-andoverma/
Griswold Home Care for Harford & Cecil Counties,griswoldmaryland-harfordcecil,https://careers.hireology.com/griswoldmaryland-harfordcecil/
Griswold Home Care for Baltimore,griswoldmaryland-harfordcecilbaltimorehoward,https://careers.hireology.com/griswoldmaryland-harfordcecilbaltimorehoward/
"Griswold Home Care for Medina, Wayne & Western Stark Counties",griswoldmedinaoh,https://careers.hireology.com/griswoldmedinaoh/
Griswold Home Care for Mesquite,griswoldmesquitetx,https://careers.hireology.com/griswoldmesquitetx/
Griswold Home Care for Monmouth County,griswoldmonmouthoceanconj,https://careers.hireology.com/griswoldmonmouthoceanconj/
Griswold Home Care for North Nashville,griswoldnashvilletn,https://careers.hireology.com/griswoldnashvilletn/
Griswold Home Care for Northern Vermont,griswoldnorthernvermont,https://careers.hireology.com/griswoldnorthernvermont/
Griswold Home Care for Fort Worth & Southlake,griswoldnorthfortworthtx,https://careers.hireology.com/griswoldnorthfortworthtx/
Griswold Home Care for Northern Virginia East,griswoldnovaeastva,https://careers.hireology.com/griswoldnovaeastva/
Griswold Home Care for Northern Virginia West,griswoldnovawestva,https://careers.hireology.com/griswoldnovawestva/
Griswold Care Pairing for Pasadena,griswoldpasadenaca,https://careers.hireology.com/griswoldpasadenaca/
"Griswold Care Pairing for Pinehurst, Southern Pines, Aberdeen, & Sanford",griswoldpinevillenc,https://careers.hireology.com/griswoldpinevillenc/
Griswold Home Care for Plano,griswoldplanotx,https://careers.hireology.com/griswoldplanotx/
Griswold Home Care for the Poconos,griswoldpoconospa,https://careers.hireology.com/griswoldpoconospa/
Griswold Rabinovitz Division,griswoldrabinovitzdivision,https://careers.hireology.com/griswoldrabinovitzdivision/
Griswold Home Care for Raleigh,griswoldraleighnc,https://careers.hireology.com/griswoldraleighnc/
Griswold Home Care For Lower Eastern Shore,griswoldsalisburymd,https://careers.hireology.com/griswoldsalisburymd/
Griswold Care Pairing for Sarasota County,griswoldsarasotacofl,https://careers.hireology.com/griswoldsarasotacofl/
"Griswold Care Pairing for St. Charles, St. Louis & Warren Counties",griswoldstcharlesmo,https://careers.hireology.com/griswoldstcharlesmo/
Griswold Care Pairing for Summit & Southern Cuyahoga Counties,griswoldsummitsoutherncuyahogaoh,https://careers.hireology.com/griswoldsummitsoutherncuyahogaoh/
"Griswold Home Care for Troy, Utica & Macomb",griswoldtroymacombmi,https://careers.hireology.com/griswoldtroymacombmi/
Griswold Home Care for Tulsa,griswoldtulsaok,https://careers.hireology.com/griswoldtulsaok/
Griswold Home Care for Lehigh Valley,griswoldupperpa-lehighnorthamptonwilkes-barre,https://careers.hireology.com/griswoldupperpa-lehighnorthamptonwilkes-barre/
"Griswold Home Care for Westminster, Broomfield & Boulder",griswoldwestminster-broomfieldbouldercountyco,https://careers.hireology.com/griswoldwestminster-broomfieldbouldercountyco/
Griswold Home Care for Wilmington,griswoldwilmingtonnc,https://careers.hireology.com/griswoldwilmingtonnc/
Grubbs Cadillac GMC of Wichita Falls,grubbsgmcofwichitafalls,https://careers.hireology.com/grubbsgmcofwichitafalls/
Grubbs Hyundai of Wichita Falls,grubbshyundaiofwichitafalls,https://careers.hireology.com/grubbshyundaiofwichitafalls/
Grubbs Mazda of Wichita Falls,grubbsmazdaofwichitafalls,https://careers.hireology.com/grubbsmazdaofwichitafalls/
Grubbs Volvo Cars - Grapevine,grubbsvolvocars-grapevine,https://careers.hireology.com/grubbsvolvocars-grapevine/
Gulfport Nissan,gulfportnissan,https://careers.hireology.com/gulfportnissan/
Guntersville Chevrolet,guntersvillechevrolet,https://careers.hireology.com/guntersvillechevrolet/
Gurney's Inn Resort & Spa,gurneysmontauk,https://careers.hireology.com/gurneysmontauk/
Gwinnett Chrysler Dodge Jeep Ram,gwinnettchryslerdodgejeepram,https://careers.hireology.com/gwinnettchryslerdodgejeepram/
Gwinnett Place Nissan,gwinnettplacenissan,https://careers.hireology.com/gwinnettplacenissan/
Hacienda Del Sol Resort,haciendadelsolresort,https://careers.hireology.com/haciendadelsolresort/
Haddad Toyota,haddadautogroup-parent,https://careers.hireology.com/haddadautogroup-parent/
Haddad GMC,haddadgmc,https://careers.hireology.com/haddadgmc/
Haddad Subaru,haddadsubaru,https://careers.hireology.com/haddadsubaru/
Haddad Subaru of St. Albans,haddadsubaruofstalbans,https://careers.hireology.com/haddadsubaruofstalbans/
Haddad Toyota,haddadtoyota1,https://careers.hireology.com/haddadtoyota1/
Hagerstown Ford,hagerstownford,https://careers.hireology.com/hagerstownford/
Haggerty Buick GMC,haggertybuickgmc,https://careers.hireology.com/haggertybuickgmc/
Haigler Hotel,haiglerhotel,https://careers.hireology.com/haiglerhotel/
Haldeman Auto Group,haldemanautogroup,https://careers.hireology.com/haldemanautogroup/
Haldeman Ford Rt. 33,haldemanfordrt33,https://careers.hireology.com/haldemanfordrt33/
Haldeman Ford US Hwy. 130,haldemanfordushwy130,https://careers.hireology.com/haldemanfordushwy130/
Haldeman Lexus of Princeton,haldemanlexusofprinceton,https://careers.hireology.com/haldemanlexusofprinceton/
Halladay Subaru,halladaysubaru,https://careers.hireology.com/halladaysubaru/
Hall Motor Company,hallmotorcompany,https://careers.hireology.com/hallmotorcompany/
Hamblock Ford,hamblockford,https://careers.hireology.com/hamblockford/
"Hampton/Home2 Dual Brand in Hattiesburg, MS",hamptonhome2dualbrandinhattiesburgms,https://careers.hireology.com/hamptonhome2dualbrandinhattiesburgms/
"Hampton/Home2 Dual Brand in Louisville/Hurstbourne, KY",hamptonhome2dualbrandinlouisvillehurstbourneky,https://careers.hireology.com/hamptonhome2dualbrandinlouisvillehurstbourneky/
"Hampton Inn - Kirksville, MO",hamptoninn-kirksvillemo,https://careers.hireology.com/hamptoninn-kirksvillemo/
"Hampton Inn - Lafayette, IN",hamptoninn-lafayettein,https://careers.hireology.com/hamptoninn-lafayettein/
Hampton Inn - Pittsburgh University/Medical Center,hamptoninn-pittsburghuniversitymedicalcenter,https://careers.hireology.com/hamptoninn-pittsburghuniversitymedicalcenter/
Hampton Inn - Wheatridge,hamptoninn-wheatridge,https://careers.hireology.com/hamptoninn-wheatridge/
"Hampton Inn Birmingham/Lakeshore Drive, AL",hamptoninnbirminghamlakeshoredriveal,https://careers.hireology.com/hamptoninnbirminghamlakeshoredriveal/
Hampton Inn Boston-Natick,hamptoninnboston-natick,https://careers.hireology.com/hamptoninnboston-natick/
Hampton Inn Charleston - North,hamptoninncharleston-north,https://careers.hireology.com/hamptoninncharleston-north/
Hampton Inn Columbus/Easton,hamptoninncolumbuseaston,https://careers.hireology.com/hamptoninncolumbuseaston/
Hampton Inn Dayton Vandalia,hamptoninndayton,https://careers.hireology.com/hamptoninndayton/
"Hampton Inn Easton, PA",hamptoninneastonpa,https://careers.hireology.com/hamptoninneastonpa/
Hampton Inn Grapevine,hamptoninngvdalgp,https://careers.hireology.com/hamptoninngvdalgp/
Hampton Inn Marietta,hamptoninnmarietta,https://careers.hireology.com/hamptoninnmarietta/
Hampton Inn Ogallala,hamptoninnogallala,https://careers.hireology.com/hamptoninnogallala/
Hampton Inn & Suites Richmond,hamptoninnrichmond,https://careers.hireology.com/hamptoninnrichmond/
"Hampton Inn & Suites - Dexter, MO",hamptoninnsuites-dexter,https://careers.hireology.com/hamptoninnsuites-dexter/
Hampton Inn & Suites - Gulf Breeze,hamptoninnsuites-gulfbreeze,https://careers.hireology.com/hamptoninnsuites-gulfbreeze/
Hampton Inn Jacksonville Beach/Oceanfront,hamptoninnsuites-jacksonvillebeachoceanfront,https://careers.hireology.com/hamptoninnsuites-jacksonvillebeachoceanfront/
Comfort Suites Fresno River Park,hamptoninnsuites-roseville,https://careers.hireology.com/hamptoninnsuites-roseville/
Hampton Inn & Suites Avon,hamptoninnsuitesavon,https://careers.hireology.com/hamptoninnsuitesavon/
Hampton Inn & Suites Columbia Killian Road,hamptoninnsuitescolumbiakillianroad,https://careers.hireology.com/hamptoninnsuitescolumbiakillianroad/
Hampton Inn & Suites Speedway,hamptoninnsuitesspeedway,https://careers.hireology.com/hamptoninnsuitesspeedway/
Hampton Inn Waldorf,hamptoninnwaldorf,https://careers.hireology.com/hamptoninnwaldorf/
Hampton Inn & Suites West Lafayette,hamptoninnwestlafayette,https://careers.hireology.com/hamptoninnwestlafayette/
Handi Medical Supply,handimedicalsupply,https://careers.hireology.com/handimedicalsupply/
Hands at Home Care Services,handsathomecareservices,https://careers.hireology.com/handsathomecareservices/
Comfort Keepers,handsinneedinc,https://careers.hireology.com/handsinneedinc/
Harbor Auto Group,harborauto,https://careers.hireology.com/harborauto/
Harbor Chevrolet,harborchevrolet,https://careers.hireology.com/harborchevrolet/
"Harborside Hotel, Spa & Marina",harborsidehotelspamarina,https://careers.hireology.com/harborsidehotelspamarina/
Hard Rock Hotel Daytona Beach,hardrockhoteldaytonabeach,https://careers.hireology.com/hardrockhoteldaytonabeach/
Harper Jaguar Maserati Alfa Romeo,harperalfaromeofiat,https://careers.hireology.com/harperalfaromeofiat/
Harper Auto Wash,harperautowash,https://careers.hireology.com/harperautowash/
Harper Infiniti,harperinfiniti,https://careers.hireology.com/harperinfiniti/
Harper Jeep Ram Chrysler Dodge Fiat,harperjeepramchryslerdodge,https://careers.hireology.com/harperjeepramchryslerdodge/
Harr Motor Group,harrmotorgroup,https://careers.hireology.com/harrmotorgroup/
Harvard Square Hotel,harvardsquarehotel,https://careers.hireology.com/harvardsquarehotel/
Harvey & Company,harveycompany,https://careers.hireology.com/harveycompany/
"Haselden Brothers, Inc",haseldenbrothersinc,https://careers.hireology.com/haseldenbrothersinc/
Hastings Chrysler Dodge Jeep Ram,hastingschryslerdodgejeepram,https://careers.hireology.com/hastingschryslerdodgejeepram/
Hastings Ford,hastingsford,https://careers.hireology.com/hastingsford/
"Hastings Ford, Inc",hastingsfordinc,https://careers.hireology.com/hastingsfordinc/
Haven Home Care,havenhomecare,https://careers.hireology.com/havenhomecare/
Hawaiian Building Maintenance,hawaiianbuildingmaintenance,https://careers.hireology.com/hawaiianbuildingmaintenance/
HAWK Advisers,hawkadvisers,https://careers.hireology.com/hawkadvisers/
Hawk Auto Group,hawkautogroup,https://careers.hireology.com/hawkautogroup/
Hawk Chevrolet Cadillac of Joliet,hawkcadillacofjoliet,https://careers.hireology.com/hawkcadillacofjoliet/
Hawk CDJR Fiat,hawkcdjrfiat,https://careers.hireology.com/hawkcdjrfiat/
Hawk Chevrolet Nissan Mercedes of Peru,hawkchevroletnissanmercedesofperu,https://careers.hireology.com/hawkchevroletnissanmercedesofperu/
Hawk Ford of St Charles,hawkfordofstcharles,https://careers.hireology.com/hawkfordofstcharles/
Hawk Nissan of St Charles,hawknissanofstcharles,https://careers.hireology.com/hawknissanofstcharles/
Hawk Subaru,hawksubaru,https://careers.hireology.com/hawksubaru/
Hawk Volkswagen of Joliet,hawkvolkswagenofjoliet,https://careers.hireology.com/hawkvolkswagenofjoliet/
Hawk Volkswagen of Monroeville,hawkvolkswagenofmonroeville,https://careers.hireology.com/hawkvolkswagenofmonroeville/
"Hawthorn Suites By Wyndham - Odessa, TX",hawthornsuitesbywyndham-odessatx,https://careers.hireology.com/hawthornsuitesbywyndham-odessatx/
Headquarter Honda,headquarterhonda,https://careers.hireology.com/headquarterhonda/
Headquarter Toyota,headquartertoyota,https://careers.hireology.com/headquartertoyota/
Healey Ford Lincoln,healeyford,https://careers.hireology.com/healeyford/
Hope's Creek Retirement Living,healthmarkservicesinc,https://careers.hireology.com/healthmarkservicesinc/
Heartbreakers Hideaway,heartbreakershideaway,https://careers.hireology.com/heartbreakershideaway/
The Aspenwood Company - Heartis Mid Cities,heartismidcities,https://careers.hireology.com/heartismidcities/
Heartland Ford,heartlandford1,https://careers.hireology.com/heartlandford1/
The Heartwood at Vassar,heartwoodhotel,https://careers.hireology.com/heartwoodhotel/
Heim BBQ - Fort Worth,heimbbq-fortworth,https://careers.hireology.com/heimbbq-fortworth/
Heim BBQ - White Settlement,heimbbq-whitesettlement,https://careers.hireology.com/heimbbq-whitesettlement/
Heinrich Chevrolet,heinrichchevrolet,https://careers.hireology.com/heinrichchevrolet/
Pahrump Valley Auto Plaza,heinrichgroup,https://careers.hireology.com/heinrichgroup/
Heller Chevrolet GMC LLC,hellerchevroletgmcllc,https://careers.hireology.com/hellerchevroletgmcllc/
Heller Ford Sales Inc,hellerfordsalesinc,https://careers.hireology.com/hellerfordsalesinc/
Heller Motors Inc,hellermotorsinc,https://careers.hireology.com/hellermotorsinc/
Heller Ford Sales Inc,hellerstores,https://careers.hireology.com/hellerstores/
Hello Subaru of Temecula,helloautogroup,https://careers.hireology.com/helloautogroup/
Hello Mazda of San Diego,hellomazdaofsandiego,https://careers.hireology.com/hellomazdaofsandiego/
Hello Subaru of Temecula,hellosubaruoftemecula,https://careers.hireology.com/hellosubaruoftemecula/
Help at Home Senior Care,helpathome-auburn,https://careers.hireology.com/helpathome-auburn/
Help at Home Senior Care Santa Rosa,helpathomeseniorcaresantarosa,https://careers.hireology.com/helpathomeseniorcaresantarosa/
Faupel Automotive Group,hendersonchevroletgmc,https://careers.hireology.com/hendersonchevroletgmc/
Henna Chevrolet,hennachevrolet,https://careers.hireology.com/hennachevrolet/
Henry Brown Buick GMC,henrybrownbuickgmc,https://careers.hireology.com/henrybrownbuickgmc/
Herb Chambers Ford,herbchambersford,https://careers.hireology.com/herbchambersford/
Heritage at Longview Healthcare Center,heritageatlongviewhealthcarecenter,https://careers.hireology.com/heritageatlongviewhealthcarecenter/
Heritage at Turner Park Health & Rehab,heritageatturnerparkhealthrehab,https://careers.hireology.com/heritageatturnerparkhealthrehab/
"Heritage Ford of Vernal, Inc",heritageautogroup,https://careers.hireology.com/heritageautogroup/
Heritage CDJR of Brigham City,heritagecdjrofbrighamcity,https://careers.hireology.com/heritagecdjrofbrighamcity/
Heritage CDJR of Logan,heritagecdjroflogan,https://careers.hireology.com/heritagecdjroflogan/
Heritage House Nursing & Rehabilitation Center,heritagehousenursingrehabilitation,https://careers.hireology.com/heritagehousenursingrehabilitation/
Heritage House of Marshall Health & Rehabilitation Center,heritagehouseofmarshallhealthrehabilitationcenter,https://careers.hireology.com/heritagehouseofmarshallhealthrehabilitationcenter/
Heritage Place of Decatur,heritageplaceofdecatur,https://careers.hireology.com/heritageplaceofdecatur/
Railside Assisted Living Center,heritageseniorcommunities,https://careers.hireology.com/heritageseniorcommunities/
Herlong Chevrolet Buick,herlongchevroletbuick,https://careers.hireology.com/herlongchevroletbuick/
Hermann Ford,hermannford,https://careers.hireology.com/hermannford/
Barn8,hermitagefarm,https://careers.hireology.com/hermitagefarm/
HERSON'S KIA,hersonsautogroup,https://careers.hireology.com/hersonsautogroup/
Hersons Honda,hersonshonda,https://careers.hireology.com/hersonshonda/
HERSON'S KIA,hersonskia,https://careers.hireology.com/hersonskia/
Hertz Dayton Airport,hertzdaytonairport,https://careers.hireology.com/hertzdaytonairport/
HHDC,hhdc,https://careers.hireology.com/hhdc/
Health at Home,hhstuartllcdbahealthathome,https://careers.hireology.com/hhstuartllcdbahealthathome/
"Hi - Line Ford, Inc",hi-linefordinc,https://careers.hireology.com/hi-linefordinc/
Hi-Tech Cabinets and Closets Inc.,hi-techclosets,https://careers.hireology.com/hi-techclosets/
Hicks Family Nissan,hicksfamilynissan,https://careers.hireology.com/hicksfamilynissan/
Highland Park Ford,highlandparkford,https://careers.hireology.com/highlandparkford/
Highway Motors,highwaymotors,https://careers.hireology.com/highwaymotors/
Hilbish Ford,hilbishford,https://careers.hireology.com/hilbishford/
Hill Country Nursing and Rehabilitation,hillcountynursingandrehabilitation,https://careers.hireology.com/hillcountynursingandrehabilitation/
Hill International Trucks - St Clairsville,hillinternationaltrucks-stclairsville,https://careers.hireology.com/hillinternationaltrucks-stclairsville/
Hillsboro Ford Inc,hillsborofordinc,https://careers.hireology.com/hillsborofordinc/
Hilltop of Greenville Memory Care,hilltopofgreenvillememorycare,https://careers.hireology.com/hilltopofgreenvillememorycare/
Hilton Albany,hiltonalbany,https://careers.hireology.com/hiltonalbany/
Hilton Garden Inn - Columbia/Harbison,hiltongardeninn-columbiaharbison,https://careers.hireology.com/hiltongardeninn-columbiaharbison/
Hilton Garden Inn - EL Paso Airport,hiltongardeninn-elpasoairport,https://careers.hireology.com/hiltongardeninn-elpasoairport/
Hilton Garden Inn - Frederick,hiltongardeninn-frederick,https://careers.hireology.com/hiltongardeninn-frederick/
Hilton Garden Inn - Portland Downtown,hiltongardeninn-portlanddowntown,https://careers.hireology.com/hiltongardeninn-portlanddowntown/
Hilton Garden Inn - Savannah Airport,hiltongardeninn-savannahairport,https://careers.hireology.com/hiltongardeninn-savannahairport/
"Hilton Garden Inn - Schaumburg, IL",hiltongardeninn-schaumbergil,https://careers.hireology.com/hiltongardeninn-schaumbergil/
Hilton Garden Inn Omaha Aksarben Village,hiltongardeninnaksarbenvillage,https://careers.hireology.com/hiltongardeninnaksarbenvillage/
Hilton Garden Inn Arvada Denver,hiltongardeninnarvadadenver,https://careers.hireology.com/hiltongardeninnarvadadenver/
Hilton Garden Inn Buckhead,hiltongardeninnbuckhead,https://careers.hireology.com/hiltongardeninnbuckhead/
Hilton Garden Inn Cartersville,hiltongardeninncartersville,https://careers.hireology.com/hiltongardeninncartersville/
"Hilton Garden Inn Charlotte/Mooresville, NC",hiltongardeninncharlottemooresvillenc,https://careers.hireology.com/hiltongardeninncharlottemooresvillenc/
Hilton Garden Inn Chicago Downtown Riverwalk,hiltongardeninnchicagodowntownriverwalk,https://careers.hireology.com/hiltongardeninnchicagodowntownriverwalk/
Hilton Garden Inn Clackamas,hiltongardeninnclackamas,https://careers.hireology.com/hiltongardeninnclackamas/
Hilton Garden Inn Columbus (GA),hiltongardeninncolumbusga,https://careers.hireology.com/hiltongardeninncolumbusga/
Hilton Garden Inn Conway,hiltongardeninnconway,https://careers.hireology.com/hiltongardeninnconway/
Hilton Garden Inn Lincoln Downtown/Haymarket,hiltongardeninndowntownhaymarket,https://careers.hireology.com/hiltongardeninndowntownhaymarket/
Hilton Garden Inn Greenville,hiltongardeninngreenville,https://careers.hireology.com/hiltongardeninngreenville/
Hilton Garden Inn Irvine,hiltongardeninnirvine,https://careers.hireology.com/hiltongardeninnirvine/
Hilton Garden Inn Louisville Downtown,hiltongardeninnlouisvilledowntown,https://careers.hireology.com/hiltongardeninnlouisvilledowntown/
Hilton Garden Inn Morgantown,hiltongardeninnmorgantown,https://careers.hireology.com/hiltongardeninnmorgantown/
Hilton Garden Inn NW Austin/Arboretum,hiltongardeninnnwaustinarboretum,https://careers.hireology.com/hiltongardeninnnwaustinarboretum/
Hilton Garden Inn Outer Banks,hiltongardeninnouterbanks,https://careers.hireology.com/hiltongardeninnouterbanks/
Hilton Garden Inn Seattle North,hiltongardeninnseattlenorth,https://careers.hireology.com/hiltongardeninnseattlenorth/
Hilton Garden Inn Springfield,hiltongardeninnspringfield,https://careers.hireology.com/hiltongardeninnspringfield/
Hilton Garden Inn Cincinnati/West Chester,hiltongardeninnwestchester,https://careers.hireology.com/hiltongardeninnwestchester/
Hilton Pennywell St Louis at The Arch,hiltonpennywellstlouisatthearch,https://careers.hireology.com/hiltonpennywellstlouisatthearch/
Hilton Sandestin Beach,hiltonsandestinbeach,https://careers.hireology.com/hiltonsandestinbeach/
Hines Park Ford,hinesparkford,https://careers.hireology.com/hinesparkford/
Hines Park Lincoln,hinesparklincoln,https://careers.hireology.com/hinesparklincoln/
Hittle Landscaping,hittlelandscaping,https://careers.hireology.com/hittlelandscaping/
Hampton Inn Myrtle Beach Northwood,hmbhamptoninnmyrtlebeachnorthwood,https://careers.hireology.com/hmbhamptoninnmyrtlebeachnorthwood/
Hocking Hills State Park Lodge,hockinghillsstateparklodge,https://careers.hireology.com/hockinghillsstateparklodge/
Holiday Automotive,holidayautomotiveparent,https://careers.hireology.com/holidayautomotiveparent/
Holiday Inn Express Boca Raton,holidayinnbocaraton,https://careers.hireology.com/holidayinnbocaraton/
Holiday Inn Boston Cambridge Area,holidayinnboston-bunkerhillarea,https://careers.hireology.com/holidayinnboston-bunkerhillarea/
"Holiday Inn Express - Rogers, MN",holidayinnexpress-rogersmn,https://careers.hireology.com/holidayinnexpress-rogersmn/
Holiday Inn Express and Suites Lima,holidayinnexpressandsuiteslima,https://careers.hireology.com/holidayinnexpressandsuiteslima/
Holiday Inn Express and Suites Lincoln Downtown,holidayinnexpressandsuiteslincoln,https://careers.hireology.com/holidayinnexpressandsuiteslincoln/
Holiday Inn Express Durango,holidayinnexpressdurango,https://careers.hireology.com/holidayinnexpressdurango/
Holiday Inn Express Knoxville Downtown,holidayinnexpressknoxvilledowntown,https://careers.hireology.com/holidayinnexpressknoxvilledowntown/
Holiday Inn Express Knoxville East,holidayinnexpressknoxvilleeasttn,https://careers.hireology.com/holidayinnexpressknoxvilleeasttn/
"Holiday Inn Express Newnan, GA",holidayinnexpressnewnanga,https://careers.hireology.com/holidayinnexpressnewnanga/
Holiday Inn Express & Suites Frazier Park,holidayinnexpresssuitesfrazierpark,https://careers.hireology.com/holidayinnexpresssuitesfrazierpark/
Holiday Inn Express & Suites Tulsa West,holidayinnexpresssuitestulsawest,https://careers.hireology.com/holidayinnexpresssuitestulsawest/
Holiday Inn Express Westlake,holidayinnexpresswestlake,https://careers.hireology.com/holidayinnexpresswestlake/
Holiday Inn Fargo (Brandt),holidayinnfargobrandt,https://careers.hireology.com/holidayinnfargobrandt/
Holiday Inn Fort Worth-Alliance,holidayinnfortworth-alliance,https://careers.hireology.com/holidayinnfortworth-alliance/
Holiday Inn Killeen - Fort Hood,holidayinnkilleen-forthood,https://careers.hireology.com/holidayinnkilleen-forthood/
Holiday Inn & Suites - Beaufort @ Highway 21,holidayinnsuites-beauforthighway21,https://careers.hireology.com/holidayinnsuites-beauforthighway21/
Holiday Inn & Suites Atlanta - Airport North,holidayinnsuitesatlanta-airportnorth,https://careers.hireology.com/holidayinnsuitesatlanta-airportnorth/
Holiday Inn Express York,holidayinnyork,https://careers.hireology.com/holidayinnyork/
Holland Farms,hollandfarms,https://careers.hireology.com/hollandfarms/
Blue Compass RV Palm Desert,hollandrvcenterpalmdesert,https://careers.hireology.com/hollandrvcenterpalmdesert/
Blue Compass RV San Marcos,hollandrvcentersanmarcos,https://careers.hireology.com/hollandrvcentersanmarcos/
Hollingsworth Richards Ford,hollingsworthrichardsford,https://careers.hireology.com/hollingsworthrichardsford/
Hollywood Beach Marriott,hollywoodbeachmarriott,https://careers.hireology.com/hollywoodbeachmarriott/
Holstein Senior Living,holsteinseniorliving,https://careers.hireology.com/holsteinseniorliving/
Holt Truck Centers,holttruckcenters,https://careers.hireology.com/holttruckcenters/
Holz Motors,holzmotors,https://careers.hireology.com/holzmotors/
Holz Motors,holzmotorsinc,https://careers.hireology.com/holzmotorsinc/
Home2 Suites Bloomington,home2bloomington,https://careers.hireology.com/home2bloomington/
Home 2 by Hilton Conway AR,home2byhiltonconwayar,https://careers.hireology.com/home2byhiltonconwayar/
Home2 Charlotte,home2charlotte,https://careers.hireology.com/home2charlotte/
Home2 Indianapolis North (InTech),home2intech,https://careers.hireology.com/home2intech/
Home2 Lafayette,home2lafayette,https://careers.hireology.com/home2lafayette/
Home2 Richmond,home2richmond,https://careers.hireology.com/home2richmond/
"Home2 Suites By Hilton - Phoenix, AZ",home2suitesbyhilton-phoenixaz,https://careers.hireology.com/home2suitesbyhilton-phoenixaz/
"Home2 Suites by Hilton Columbia/Ft Jackson, SC",home2suitesbyhiltoncolumbiaftjacksonsc,https://careers.hireology.com/home2suitesbyhiltoncolumbiaftjacksonsc/
Home2 Suites By Hilton Louisville Downtown NuLu,home2suitesbyhiltonlouisvilledowntownnulu,https://careers.hireology.com/home2suitesbyhiltonlouisvilledowntownnulu/
Home2 Suites East Hanover,home2suiteseasthanover,https://careers.hireology.com/home2suiteseasthanover/
Home 2 Suites Oxford,home2suitesoxford,https://careers.hireology.com/home2suitesoxford/
"Home2 Suites/Tru Dual Brand Murfreesboro, TN",home2suitestrudualbrandmurfreesborotn,https://careers.hireology.com/home2suitestrudualbrandmurfreesborotn/
"Home2 Suites/Tru Dual Brand Nashville/Downtown, TN",home2suitestrudualbrandnashvilledowntowntn,https://careers.hireology.com/home2suitestrudualbrandnashvilledowntowntn/
Health Care Connectors,homecareconnectors,https://careers.hireology.com/homecareconnectors/
Home Care Now,homecarenow,https://careers.hireology.com/homecarenow/
Home Center Outlet - Buford,homecenteroutlet-atlanta,https://careers.hireology.com/homecenteroutlet-atlanta/
Home Center Outlet - Buford,homecenteroutlet-buford,https://careers.hireology.com/homecenteroutlet-buford/
Home Climates Inc.,homeclimates,https://careers.hireology.com/homeclimates/
Home Health Advantage INC.,homehealthadvantageinc,https://careers.hireology.com/homehealthadvantageinc/
Home Health Services of Virginia,homehealthservicesofvirginia,https://careers.hireology.com/homehealthservicesofvirginia/
Home Instead - Brecksville,homeinstead-522,https://careers.hireology.com/homeinstead-522/
Home Instead - Austintown,homeinstead-austintown,https://careers.hireology.com/homeinstead-austintown/
"Home Instead - 212, OR",homeinstead-bendor,https://careers.hireology.com/homeinstead-bendor/
"Home Instead - Jasper, IN",homeinstead-benklipsch,https://careers.hireology.com/homeinstead-benklipsch/
Home Instead - Ames,homeinstead-bobbaumgart,https://careers.hireology.com/homeinstead-bobbaumgart/
Home Instead - Cedarburg,homeinstead-cedarburg,https://careers.hireology.com/homeinstead-cedarburg/
"Home Instead - Evansville, IN",homeinstead-evansvillein,https://careers.hireology.com/homeinstead-evansvillein/
Home Instead - Franklin,homeinstead-franklin,https://careers.hireology.com/homeinstead-franklin/
Home Instead - Lebanon,homeinstead-lebanon,https://careers.hireology.com/homeinstead-lebanon/
"Home Instead - Muncie, IN",homeinstead-munciein,https://careers.hireology.com/homeinstead-munciein/
Home Instead - Nashville,homeinstead-nashville,https://careers.hireology.com/homeinstead-nashville/
"Home Instead - Norman, OK",homeinstead-normanok,https://careers.hireology.com/homeinstead-normanok/
Home Instead - Stevens Point,homeinstead-plover,https://careers.hireology.com/homeinstead-plover/
Home Instead- Clackamas County,homeinstead-prestonroth,https://careers.hireology.com/homeinstead-prestonroth/
Home Instead - Gadsden,homeinstead-rainbowcity,https://careers.hireology.com/homeinstead-rainbowcity/
Home Instead - 139 OR,"homeinstead-salem,or",https://careers.hireology.com/homeinstead-salem%2Cor/
Home Instead - Sheboygan,homeinstead-sheboygan,https://careers.hireology.com/homeinstead-sheboygan/
"Home Instead - Spokane, WA",homeinstead-spokanewa,https://careers.hireology.com/homeinstead-spokanewa/
"Home Instead - Terre Haute, IN",homeinstead-terrehauteindianain,https://careers.hireology.com/homeinstead-terrehauteindianain/
Home Instead - Stevens Point,homeinstead-wcsc,https://careers.hireology.com/homeinstead-wcsc/
Home Instead Calgary,homeinsteadab3041,https://careers.hireology.com/homeinsteadab3041/
Home Instead of the Black Hills,homeinsteadsd790,https://careers.hireology.com/homeinsteadsd790/
HomeLife Personal Care,homelifepersonalcarellc,https://careers.hireology.com/homelifepersonalcarellc/
Home Matters of Greater Boston West,homemattersofgreaterbostonwest,https://careers.hireology.com/homemattersofgreaterbostonwest/
Homer Skelton Ford,homerskelton,https://careers.hireology.com/homerskelton/
Homer Skelton CDJR,homerskeltonchrysler,https://careers.hireology.com/homerskeltonchrysler/
Homer Skelton Ford,homerskeltonford,https://careers.hireology.com/homerskeltonford/
Homer Skelton Hyundai,homerskeltonhyundai,https://careers.hireology.com/homerskeltonhyundai/
Homewell Care Services of Maryland,homewellcareservicesofmaryland,https://careers.hireology.com/homewellcareservicesofmaryland/
Homewell Care Services,homewellcaresofclearwaterfl,https://careers.hireology.com/homewellcaresofclearwaterfl/
HomeWell of Anchorage,homewellofanchorage,https://careers.hireology.com/homewellofanchorage/
Home With Help,homewithhelp,https://careers.hireology.com/homewithhelp/
Homewood Columbus/Polaris,homewoodpolaris,https://careers.hireology.com/homewoodpolaris/
Homewood Suites Atlanta Perimeter Center,homewoodsuitesatlantaperimetercenter,https://careers.hireology.com/homewoodsuitesatlantaperimetercenter/
Homewood Suites By Hilton - Philadelphia/MT Laurel,homewoodsuitesbyhilton-philadelphiamtlaurel,https://careers.hireology.com/homewoodsuitesbyhilton-philadelphiamtlaurel/
Homewood Suites By Hilton Indianapolis Carmel,homewoodsuitesbyhiltonindianapoliscarmel,https://careers.hireology.com/homewoodsuitesbyhiltonindianapoliscarmel/
"Homewood Suites by Hilton Largo, MD",homewoodsuitesbyhiltonlargomd,https://careers.hireology.com/homewoodsuitesbyhiltonlargomd/
"Homewood Suites by Hilton Mobile, AL",homewoodsuitesbyhiltonmobile-i-65al,https://careers.hireology.com/homewoodsuitesbyhiltonmobile-i-65al/
Homewood Suites By Hilton North Charleston,homewoodsuitesbyhiltonnorthcharleston,https://careers.hireology.com/homewoodsuitesbyhiltonnorthcharleston/
Homewood Suites The Colony,homewoodsuitesdfwco,https://careers.hireology.com/homewoodsuitesdfwco/
Homewood Suites & Hampton Irvine,homewoodsuiteshamptonirvine,https://careers.hireology.com/homewoodsuiteshamptonirvine/
"Homewood Suites New Braunfels, TX",homewoodsuitesnewbraunfelstx,https://careers.hireology.com/homewoodsuitesnewbraunfelstx/
HONDA CARLAND,hondacarland,https://careers.hireology.com/hondacarland/
Honda City,hondacity,https://careers.hireology.com/hondacity/
Honda Of Fife,hondaoffife,https://careers.hireology.com/hondaoffife/
Honda of Frontenac,hondaoffrontenac,https://careers.hireology.com/hondaoffrontenac/
Honda of Greeley,hondaofgreeley,https://careers.hireology.com/hondaofgreeley/
Honda of Jonesboro,hondaofjonesboro,https://careers.hireology.com/hondaofjonesboro/
Kia of Lincoln,hondaoflincoln,https://careers.hireology.com/hondaoflincoln/
Honda of Middleburg Heights,hondaofmiddleburgheights,https://careers.hireology.com/hondaofmiddleburgheights/
Honda of the Avenues,hondaoftheavenues,https://careers.hireology.com/hondaoftheavenues/
Honda of Watertown,hondaofwatertown,https://careers.hireology.com/hondaofwatertown/
Honda World of Conway,hondaworldofconway,https://careers.hireology.com/hondaworldofconway/
Hondru Chevrolet,hondruchevroletofmanheim,https://careers.hireology.com/hondruchevroletofmanheim/
Hondru Ford,hondrufordofmanheim,https://careers.hireology.com/hondrufordofmanheim/
HoneyCar,honeycar,https://careers.hireology.com/honeycar/
HoneyCar - Roanoke,honeycar-roanoke,https://careers.hireology.com/honeycar-roanoke/
Honey Grove Nursing Center,honeygrovenursingcenter,https://careers.hireology.com/honeygrovenursingcenter/
Hope At Home Health Care,hopeathomehealthcare,https://careers.hireology.com/hopeathomehealthcare/
Hope's Creek Retirement Living,hopescreekretirementliving,https://careers.hireology.com/hopescreekretirementliving/
Horseshoe Canyon Ranch,horseshoecanyonranch,https://careers.hireology.com/horseshoecanyonranch/
Hotel deLuxe,hospitalitymanagementcorporation,https://careers.hireology.com/hospitalitymanagementcorporation/
Hotel Genevieve,hotelgenevieve,https://careers.hireology.com/hotelgenevieve/
"Hotel Indigo - Tuscaloosa, AL",hotelindigo-tuscaloosaal,https://careers.hireology.com/hotelindigo-tuscaloosaal/
Hotel Indigo Atlanta - Vinings Galleria,hotelindigoatlanta-viningsgalleria,https://careers.hireology.com/hotelindigoatlanta-viningsgalleria/
Hotel Indigo Dallas Downtown,hotelindigodallasdowntown,https://careers.hireology.com/hotelindigodallasdowntown/
Hotel Weyanoke,hotelweyanoke,https://careers.hireology.com/hotelweyanoke/
House Ford,houseford,https://careers.hireology.com/houseford/
Ameriprise Financial - California,hrcoach,https://careers.hireology.com/hrcoach/
HRM Services,hrmservices,https://careers.hireology.com/hrmservices/
HR Solutions Group,hrsolutions,https://careers.hireology.com/hrsolutions/
Hubbard Hill Estates,httpshubbardhillestates2hireologycareersjobshtml,https://careers.hireology.com/httpshubbardhillestates2hireologycareersjobshtml/
Hubler Auto Center Rushville,hublerautocenterrushville,https://careers.hireology.com/hublerautocenterrushville/
Huebner Creek Health & Rehabilitation,huebnercreekhealthrehabilitation,https://careers.hireology.com/huebnercreekhealthrehabilitation/
"Hughes Service, Inc",hughesserviceinc,https://careers.hireology.com/hughesserviceinc/
Hugh White Chevrolet Nissan Lancaster,hughwhitechevybuicklancaster,https://careers.hireology.com/hughwhitechevybuicklancaster/
Hugh White CDJR Nissan Honda Athens,hughwhitehondaathens,https://careers.hireology.com/hughwhitehondaathens/
Humboldt Ford,humboldtford,https://careers.hireology.com/humboldtford/
Huntersville Ford,huntersvilleford,https://careers.hireology.com/huntersvilleford/
"Huntington Learning Center - Knoxville, TN",huntingtonlearningcenter-knoxvilletn,https://careers.hireology.com/huntingtonlearningcenter-knoxvilletn/
Huntington Learning Center - Mandeville,huntingtonlearningcenter-mandeville,https://careers.hireology.com/huntingtonlearningcenter-mandeville/
Husker Auto Group,huskerautogroup,https://careers.hireology.com/huskerautogroup/
Huston Cadillac GMC,hustoncars,https://careers.hireology.com/hustoncars/
Hutchinson Kia of Macon,hutchinsonautogroup,https://careers.hireology.com/hutchinsonautogroup/
Hutchinson Buick GMC Cadillac,hutchinsonbuickgmccadillac,https://careers.hireology.com/hutchinsonbuickgmccadillac/
Hutchinson Kia of Albany,hutchinsonkiaofalbany,https://careers.hireology.com/hutchinsonkiaofalbany/
Hutchinson Shores Beach Resort,hutchinsonshoresbeachresort,https://careers.hireology.com/hutchinsonshoresbeachresort/
Hilton Knoxville,hvmg,https://careers.hireology.com/hvmg/
Hyatt Place Augusta,hyattplaceaugusta,https://careers.hireology.com/hyattplaceaugusta/
Hyatt Place Florence/ Downtown,hyattplaceflorencedowntown,https://careers.hireology.com/hyattplaceflorencedowntown/
Hyatt Place Harrisonburg,hyattplaceharrisonburg,https://careers.hireology.com/hyattplaceharrisonburg/
Hyatt Place Mount Pleasant Towne Centre,hyattplacemtpleasant,https://careers.hireology.com/hyattplacemtpleasant/
Hyatt Place Virginia Beach/Oceanfront,hyattplacevirginiabeachoceanfront,https://careers.hireology.com/hyattplacevirginiabeachoceanfront/
Hyatt Place Virginia Beach Town Center,hyattplacevirginiabeachtowncenter,https://careers.hireology.com/hyattplacevirginiabeachtowncenter/
Hyatt Regency Birmingham - The Wynfrey Hotel,hyattregencybirmingham-thewynfreyhotel,https://careers.hireology.com/hyattregencybirmingham-thewynfreyhotel/
Hyundai of Charleston,hyundaiofcharleston,https://careers.hireology.com/hyundaiofcharleston/
Hyundai of Cumming,hyundaiofcumming,https://careers.hireology.com/hyundaiofcumming/
Hyundai of Greeley,hyundaiofgreeley,https://careers.hireology.com/hyundaiofgreeley/
Hyundai of Kennesaw,hyundaiofkennesaw,https://careers.hireology.com/hyundaiofkennesaw/
Hyundai of Louisville,hyundaioflouisville,https://careers.hireology.com/hyundaioflouisville/
Hyundai of North Charleston,hyundaiofnorthcharleston,https://careers.hireology.com/hyundaiofnorthcharleston/
Hyundai of Union County,hyundaiofunioncounty,https://careers.hireology.com/hyundaiofunioncounty/
Hyundai of Venice,hyundaiofvenice,https://careers.hireology.com/hyundaiofvenice/
I-5 Cars,i-5cars,https://careers.hireology.com/i-5cars/
I-5 Chrysler Jeep Dodge,i-5chryslerjeepdodge,https://careers.hireology.com/i-5chryslerjeepdodge/
I5 Awesome Chevrolet,i5awesomechevrolet,https://careers.hireology.com/i5awesomechevrolet/
iCare Elder Services LLC,icareelderservicesllc,https://careers.hireology.com/icareelderservicesllc/
IDEALEASE - Central AZ,idl-centralaz,https://careers.hireology.com/idl-centralaz/
IDEALEASE - Seattle,idl-seattle,https://careers.hireology.com/idl-seattle/
Ilderton Conversion Charleston,ildertonconversioncharleston,https://careers.hireology.com/ildertonconversioncharleston/
Image One Facility Solutions,imageonefacilitysolutions,https://careers.hireology.com/imageonefacilitysolutions/
Indaco Charlotte,indaco-charlotte,https://careers.hireology.com/indaco-charlotte/
Indaco Greenville,indaco-greenville,https://careers.hireology.com/indaco-greenville/
Indaco Nashville,indaco-nashville,https://careers.hireology.com/indaco-nashville/
Indaco Alys Beach,indacoalysbeach,https://careers.hireology.com/indacoalysbeach/
Indaco West Palm,indacowestpalm,https://careers.hireology.com/indacowestpalm/
Independence Mazda,independencemazda,https://careers.hireology.com/independencemazda/
The Indigo Road Home Office,indigohomeoffice,https://careers.hireology.com/indigohomeoffice/
INEOS Grenadier,ineosgrenadier,https://careers.hireology.com/ineosgrenadier/
Infiniti of Akron,infinitiofakron,https://careers.hireology.com/infinitiofakron/
Infiniti of Lexington,infinitioflexington,https://careers.hireology.com/infinitioflexington/
INFINITI of Memphis,infinitiofmemphis,https://careers.hireology.com/infinitiofmemphis/
Infiniti of San Jose,infinitiofsanjose,https://careers.hireology.com/infinitiofsanjose/
Inn By the Sea,innbythesea,https://careers.hireology.com/innbythesea/
Innovative Human Services,innovativehumanservices,https://careers.hireology.com/innovativehumanservices/
Inspire Hospice Duluth,inspirehospiceduluth,https://careers.hireology.com/inspirehospiceduluth/
Inspire Hospice Kennesaw,inspirehospicekennesaw,https://careers.hireology.com/inspirehospicekennesaw/
Inspire Hospice Newnan,inspirehospicenewnan,https://careers.hireology.com/inspirehospicenewnan/
Inspire Hospice Duluth,inspirehospicepalliativecare,https://careers.hireology.com/inspirehospicepalliativecare/
Integra Home Health,integrahomehealth,https://careers.hireology.com/integrahomehealth/
Integral Hospitality,integralhospitality,https://careers.hireology.com/integralhospitality/
Community Home Health Care & CIHC,integratedhomecaregroup,https://careers.hireology.com/integratedhomecaregroup/
IntegriCare,integricare-ga,https://careers.hireology.com/integricare-ga/
Integrity Ford of Bellefontaine LLC,integrityford,https://careers.hireology.com/integrityford/
"Interim Healthcare of El Paso, TX",interim-elpasotx,https://careers.hireology.com/interim-elpasotx/
"Interim HealthCare - Allentown, PA",interimhealthcare-allentownpa,https://careers.hireology.com/interimhealthcare-allentownpa/
"Interim HealthCare of Annapolis, MD",interimhealthcare-annapolismd,https://careers.hireology.com/interimhealthcare-annapolismd/
Interim HealthCare Of Ann Arbor,interimhealthcare-annarbormi,https://careers.hireology.com/interimhealthcare-annarbormi/
"Interim HealthCare - Atlanta, GA",interimhealthcare-atlantaga,https://careers.hireology.com/interimhealthcare-atlantaga/
Interim HealthCare  of Augusta,interimhealthcare-augustaga,https://careers.hireology.com/interimhealthcare-augustaga/
Interim HealthCare of Bellevue,interimhealthcare-bellevuewa,https://careers.hireology.com/interimhealthcare-bellevuewa/
"Interim HealthCare of Bend, OR",interimhealthcare-bendor,https://careers.hireology.com/interimhealthcare-bendor/
"Interim HealthCare - Blakely, PA",interimhealthcare-blakelypa,https://careers.hireology.com/interimhealthcare-blakelypa/
"Interim HealthCare of Bowie, MD",interimhealthcare-bowiemd,https://careers.hireology.com/interimhealthcare-bowiemd/
Interim HealthCare of Central VA,interimhealthcare-charlottesvilleva,https://careers.hireology.com/interimhealthcare-charlottesvilleva/
Interim HealthCare of Chester County,interimhealthcare-chestercounty,https://careers.hireology.com/interimhealthcare-chestercounty/
"Interim HealthCare of Chesterfield, MO",interimhealthcare-chesterfieldmo,https://careers.hireology.com/interimhealthcare-chesterfieldmo/
Interim HealthCare - Louisiana,interimhealthcare-covingtonla,https://careers.hireology.com/interimhealthcare-covingtonla/
"Interim HealthCare of Pelham, AL",interimhealthcare-dothanal,https://careers.hireology.com/interimhealthcare-dothanal/
"Interim HealthCare - Dubois, PA",interimhealthcare-duboispa,https://careers.hireology.com/interimhealthcare-duboispa/
"Interim HealthCare of Duluth, MN",interimhealthcare-duluthmn,https://careers.hireology.com/interimhealthcare-duluthmn/
"Interim HealthCare - Farmington, CT",interimhealthcare-farmingtonct,https://careers.hireology.com/interimhealthcare-farmingtonct/
"Interim HealthCare of Chesterfield, MO",interimhealthcare-fentonmo,https://careers.hireology.com/interimhealthcare-fentonmo/
"Interim HealthCare of Fort Myers, FL",interimhealthcare-fortmyers,https://careers.hireology.com/interimhealthcare-fortmyers/
Interim Healthcare of Lower Montgomery County,interimhealthcare-fortwashingtonpa,https://careers.hireology.com/interimhealthcare-fortwashingtonpa/
"Interim HealthCare - Fresno, CA",interimhealthcare-fresnoca,https://careers.hireology.com/interimhealthcare-fresnoca/
"Interim HealthCare - Fort Lauderdale, FL",interimhealthcare-ftlauderdalefl,https://careers.hireology.com/interimhealthcare-ftlauderdalefl/
"Interim HealthCare of Gainesville, GA",interimhealthcare-gainesvillega,https://careers.hireology.com/interimhealthcare-gainesvillega/
"Interim HealthCare of Gilbert, AZ",interimhealthcare-gilbertaz,https://careers.hireology.com/interimhealthcare-gilbertaz/
Interim HealthCare of Southern Illinois,interimhealthcare-herrinil,https://careers.hireology.com/interimhealthcare-herrinil/
"Interim HealthCare - Highlands Ranch, CO",interimhealthcare-highlandsranchco,https://careers.hireology.com/interimhealthcare-highlandsranchco/
"Interim HealthCare - Houston, TX (Bloomer)",interimhealthcare-houstontxblooomer,https://careers.hireology.com/interimhealthcare-houstontxblooomer/
"Interim HealthCare - Houston, TX (McCoy)",interimhealthcare-houstontxmccoy,https://careers.hireology.com/interimhealthcare-houstontxmccoy/
"Interim HealthCare - Indianapolis, IN",interimhealthcare-indianapolisin,https://careers.hireology.com/interimhealthcare-indianapolisin/
"Interim HealthCare - Irvine, CA",interimhealthcare-irvineca,https://careers.hireology.com/interimhealthcare-irvineca/
"Interim HealthCare- Kittanning, PA",interimhealthcare-kittanningpa,https://careers.hireology.com/interimhealthcare-kittanningpa/
"Interim HealthCare of Lexington, MA",interimhealthcare-lexingtonma,https://careers.hireology.com/interimhealthcare-lexingtonma/
"Interim HealthCare - Lincoln, NE",interimhealthcare-lincolnne,https://careers.hireology.com/interimhealthcare-lincolnne/
Interim HealthCare of Central Georgia,interimhealthcare-maconga,https://careers.hireology.com/interimhealthcare-maconga/
Interim HealthCare- Maine,interimhealthcare-maine,https://careers.hireology.com/interimhealthcare-maine/
Interim HealthCare of Mercer,interimhealthcare-mercercounty,https://careers.hireology.com/interimhealthcare-mercercounty/
"Interim HealthCare - Miami, FL",interimhealthcare-miamifl,https://careers.hireology.com/interimhealthcare-miamifl/
"Interim HealthCare - Modesto, CA",interimhealthcare-modestoca,https://careers.hireology.com/interimhealthcare-modestoca/
Interim Healthcare of Montgomery & Robertson County,interimhealthcare-montgomerytn,https://careers.hireology.com/interimhealthcare-montgomerytn/
"Interim HealthCare - Mooresville, NC",interimhealthcare-mooresvillenc,https://careers.hireology.com/interimhealthcare-mooresvillenc/
Interim HealthCare of East Tennessee,interimhealthcare-morristowntn,https://careers.hireology.com/interimhealthcare-morristowntn/
Interim HealthCare of North Central Pennsylvania,interimhealthcare-muncypa,https://careers.hireology.com/interimhealthcare-muncypa/
"Interim HealthCare - New Boston, OH",interimhealthcare-newbostonoh,https://careers.hireology.com/interimhealthcare-newbostonoh/
Interim Delaware,interimhealthcare-newcastlede,https://careers.hireology.com/interimhealthcare-newcastlede/
Interim HealthCare - New Hampshire,interimhealthcare-newhampshire,https://careers.hireology.com/interimhealthcare-newhampshire/
"Interim HealthCare - North Charleston, SC",interimhealthcare-northcharlestonsc,https://careers.hireology.com/interimhealthcare-northcharlestonsc/
Interim HealthCare- Northern Colorado,interimhealthcare-northerncolorado,https://careers.hireology.com/interimhealthcare-northerncolorado/
"Interim HealthCare - Novi, MI",interimhealthcare-novimi,https://careers.hireology.com/interimhealthcare-novimi/
"Interim Healthcare - OKC, OK",interimhealthcare-okcok,https://careers.hireology.com/interimhealthcare-okcok/
"Interim HealthCare - Overland Park, KS",interimhealthcare-overlandparkks,https://careers.hireology.com/interimhealthcare-overlandparkks/
"Interim Healthcare - Peoria, AZ",interimhealthcare-peoriaaz,https://careers.hireology.com/interimhealthcare-peoriaaz/
"Interim Healthcare - Queen Creek, AZ",interimhealthcare-queencreekaz,https://careers.hireology.com/interimhealthcare-queencreekaz/
Interim HealthCare of the Black Hills,interimhealthcare-rapidcitysd,https://careers.hireology.com/interimhealthcare-rapidcitysd/
"Interim HealthCare - Richmond, VA",interimhealthcare-richmondva,https://careers.hireology.com/interimhealthcare-richmondva/
"Interim HealthCare - Home Care and Hospice | Rochester, MN",interimhealthcare-rochestermn,https://careers.hireology.com/interimhealthcare-rochestermn/
Interim HealthCare of Northwest Georgia,interimhealthcare-romega,https://careers.hireology.com/interimhealthcare-romega/
Interim HealthCare of the Twin Cities,interimhealthcare-rosevillemn,https://careers.hireology.com/interimhealthcare-rosevillemn/
Interim HealthCare of Salem (Roanoke),interimhealthcare-salemva,https://careers.hireology.com/interimhealthcare-salemva/
"Interim HealthCare - Santa Rosa, CA",interimhealthcare-santarosaca,https://careers.hireology.com/interimhealthcare-santarosaca/
Interim HealthCare of Sarasota County,interimhealthcare-sarasotafl,https://careers.hireology.com/interimhealthcare-sarasotafl/
"Interim HealthCare - Sioux Falls, SD",interimhealthcare-siouxfallssd,https://careers.hireology.com/interimhealthcare-siouxfallssd/
Interim HealthCare - Ringling Group,interimhealthcare-southerncoloradoandtucson,https://careers.hireology.com/interimhealthcare-southerncoloradoandtucson/
Interim HealthCare of South Plainfield,interimhealthcare-southplainfieldnj,https://careers.hireology.com/interimhealthcare-southplainfieldnj/
Interim HealthCare -  FL Panhandle,interimhealthcare-tallahasseefl,https://careers.hireology.com/interimhealthcare-tallahasseefl/
Interim HealthCare - Topeka KS,interimhealthcare-topekaks,https://careers.hireology.com/interimhealthcare-topekaks/
"Interim HealthCare - Birmingham, AL",interimhealthcare-vestaviahillsal,https://careers.hireology.com/interimhealthcare-vestaviahillsal/
"Interim HealthCare - Walnut Creek, CA",interimhealthcare-walnutcreekca,https://careers.hireology.com/interimhealthcare-walnutcreekca/
Interim HealthCare - Wayne NJ,interimhealthcare-waynenj,https://careers.hireology.com/interimhealthcare-waynenj/
"Interim HealthCare - West Springfield, MA",interimhealthcare-westspringfieldma,https://careers.hireology.com/interimhealthcare-westspringfieldma/
"Interim HealthCare of Christiansburg, VA",interimhealthcare-whitevillenc,https://careers.hireology.com/interimhealthcare-whitevillenc/
Interim HealthCare of Wichita,interimhealthcare-wichitaks,https://careers.hireology.com/interimhealthcare-wichitaks/
"Interim HealthCare - Charlotte, NC",interimhealthcare-wilsonnc,https://careers.hireology.com/interimhealthcare-wilsonnc/
"Interim HealthCare of Christiansburg, VA",interimhealthcarechristiansburgva,https://careers.hireology.com/interimhealthcarechristiansburgva/
Interim HealthCare of Northwest Georgia,interimhealthcareknausorganization,https://careers.hireology.com/interimhealthcareknausorganization/
"Interim HealthCare Northern CA, NV, OR",interimhealthcarenortherncanvor,https://careers.hireology.com/interimhealthcarenortherncanvor/
"Interim HealthCare of Bend, OR",interimhealthcareofbendor,https://careers.hireology.com/interimhealthcareofbendor/
Interim HealthCare of Central Montana,interimhealthcareofcentralmontana,https://careers.hireology.com/interimhealthcareofcentralmontana/
"Interim HealthCare of Collinsville, VA",interimhealthcareofcollinsvilleva,https://careers.hireology.com/interimhealthcareofcollinsvilleva/
"Interim HealthCare of Dublin, VA",interimhealthcareofdublinva,https://careers.hireology.com/interimhealthcareofdublinva/
"Interim HealthCare of Fayetteville, NC",interimhealthcareoffayettevillenc,https://careers.hireology.com/interimhealthcareoffayettevillenc/
"Interim HealthCare of Gold River, CA",interimhealthcareofgoldriverca,https://careers.hireology.com/interimhealthcareofgoldriverca/
"Interim HealthCare of Lumberton, NC",interimhealthcareoflumbertonnc,https://careers.hireology.com/interimhealthcareoflumbertonnc/
"Interim HealthCare of Lynchburg, VA",interimhealthcareoflynchburgva,https://careers.hireology.com/interimhealthcareoflynchburgva/
"Interim HealthCare of Pelham, AL",interimhealthcareofpelhamal,https://careers.hireology.com/interimhealthcareofpelhamal/
"Interim HealthCare of Raleigh, NC",interimhealthcareofraleighnc,https://careers.hireology.com/interimhealthcareofraleighnc/
Interim HealthCare of St. Louis South,interimhealthcareofstlouissouth,https://careers.hireology.com/interimhealthcareofstlouissouth/
"Interim HealthCare of Supply, NC",interimhealthcareofsupplync,https://careers.hireology.com/interimhealthcareofsupplync/
Interim HealthCare of the Midlands,interimhealthcareofthemidlands,https://careers.hireology.com/interimhealthcareofthemidlands/
Interim HealthCare of The Upstate,interimhealthcareoftheupstate,https://careers.hireology.com/interimhealthcareoftheupstate/
"Interim HealthCare of Wallace, NC",interimhealthcareofwallacenc,https://careers.hireology.com/interimhealthcareofwallacenc/
"Interim HealthCare of Whiteville, NC",interimhealthcareofwhitevillenc,https://careers.hireology.com/interimhealthcareofwhitevillenc/
"Interim HealthCare of Franklin, PA",interimhealthcaresenecapa,https://careers.hireology.com/interimhealthcaresenecapa/
Interlochen Health and Rehabilitation Center,interlochenhealthandrehabilitationcenter,https://careers.hireology.com/interlochenhealthandrehabilitationcenter/
International Subaru of Orland Park,internationalhonda,https://careers.hireology.com/internationalhonda/
Volvo Orland Park,internationalinfiniti,https://careers.hireology.com/internationalinfiniti/
International School of Texas,internationalschooloftexas,https://careers.hireology.com/internationalschooloftexas/
International Trucks of Hawaii - Kapolei,internationaltrucksofhawaii-kapolei,https://careers.hireology.com/internationaltrucksofhawaii-kapolei/
InterContinental The Clement Monterey,intertcontinentaltheclementmonterey,https://careers.hireology.com/intertcontinentaltheclementmonterey/
Inver Grove Ford,invergrovefordlincoln,https://careers.hireology.com/invergrovefordlincoln/
Inver Grove Hyundai,invergrovehyundaigenesis,https://careers.hireology.com/invergrovehyundaigenesis/
Irving Park Family & Cosmetic Dentistry,irvingparkfamilycosmeticdentistry,https://careers.hireology.com/irvingparkfamilycosmeticdentistry/
Irwin Lincoln Mazda,irwinlincoln,https://careers.hireology.com/irwinlincoln/
Irwin Toyota Ford Lincoln,irwintoyotafordlincoln,https://careers.hireology.com/irwintoyotafordlincoln/
Isaac's Ramen,isaacsramen,https://careers.hireology.com/isaacsramen/
Jack Demmer Lincoln,jackdemmerlincoln,https://careers.hireology.com/jackdemmerlincoln/
Jack Madden Ford Sales Inc,jackmaddenfordsalesinc,https://careers.hireology.com/jackmaddenfordsalesinc/
Jacksonville Kia,jacksonvillekia,https://careers.hireology.com/jacksonvillekia/
Jacks Small Engines,jackssmallengines,https://careers.hireology.com/jackssmallengines/
Jacobs Enterprises,jacobsenterprises,https://careers.hireology.com/jacobsenterprises/
Jacobs Mitsubishi & VinFast,jacobsmitsubishi,https://careers.hireology.com/jacobsmitsubishi/
Jaffarian Automotive Group,jaffarianautomotivegroup,https://careers.hireology.com/jaffarianautomotivegroup/
"J & A Group, Services Inc",jagroupservicesinc,https://careers.hireology.com/jagroupservicesinc/
Jaguar Land Rover,jaguarlandrover,https://careers.hireology.com/jaguarlandrover/
JAGUAR LAND ROVER BELLEVUE,jaguarlandroverbellevue,https://careers.hireology.com/jaguarlandroverbellevue/
JAGUAR LAND ROVER JACKSONVILLE,jaguarlandroverofjacksonville,https://careers.hireology.com/jaguarlandroverofjacksonville/
Jaguar Land Rover St. Petersburg,jaguarlandroverstpetersburg,https://careers.hireology.com/jaguarlandroverstpetersburg/
BMW Land Rover Tallahassee,jaguarlandrovertallahassee,https://careers.hireology.com/jaguarlandrovertallahassee/
JAGUAR LAND ROVER VOLVO WAUKESHA,jaguarlandrovervolvowaukesha,https://careers.hireology.com/jaguarlandrovervolvowaukesha/
Land Rover Volkswagen of Little Rock,jaguarlandrovervwlittlerock,https://careers.hireology.com/jaguarlandrovervwlittlerock/
James Chevrolet,jameschevrolet,https://careers.hireology.com/jameschevrolet/
James Wood Motors,jameswoodmotors,https://careers.hireology.com/jameswoodmotors/
Janssen Ford of York,janssenfordofyork,https://careers.hireology.com/janssenfordofyork/
Bobcat of Jacksonville - Leppo Rents,jax,https://careers.hireology.com/jax/
Jaybird Senior Living,jaybirdseniorliving,https://careers.hireology.com/jaybirdseniorliving/
Jay Hatfield Motorsports of Wichita,jayhatfieldautogroup,https://careers.hireology.com/jayhatfieldautogroup/
Jay Hatfield Chevrolet GMC of Pittsburg,jayhatfieldchevroletgmcofpittsburg,https://careers.hireology.com/jayhatfieldchevroletgmcofpittsburg/
Jay Hatfield Chrysler Dodge Jeep Ram,jayhatfieldchryslerdodgejeepram,https://careers.hireology.com/jayhatfieldchryslerdodgejeepram/
J.B.A. Chevrolet,jbachevrolet,https://careers.hireology.com/jbachevrolet/
J.B.A. Chevrolet,jbachevroletandjbainfiniti,https://careers.hireology.com/jbachevroletandjbainfiniti/
J.B.A. Kia,jbakia,https://careers.hireology.com/jbakia/
Jeff Belzer Auto Group - Lakeville,jeffbelzerautogroup-lakeville,https://careers.hireology.com/jeffbelzerautogroup-lakeville/
Jeff Belzer Auto Group - New Prague,jeffbelzerautogroup-newprague,https://careers.hireology.com/jeffbelzerautogroup-newprague/
Jeff Belzer's Auto Group - Roseville,jeffbelzersautogroup,https://careers.hireology.com/jeffbelzersautogroup/
Jeff D'Ambrosio Auto Group,jeffdambrosioautogroup,https://careers.hireology.com/jeffdambrosioautogroup/
Jeff D'Ambrosio Dodge Chrysler Jeep,jeffdambrosiododgechryslerjeep,https://careers.hireology.com/jeffdambrosiododgechryslerjeep/
Jeff D'Ambrosio Volkswagen,jeffdambrosiovolkswagen,https://careers.hireology.com/jeffdambrosiovolkswagen/
Jenkins Sales & Service Center,jenkinsautogroup,https://careers.hireology.com/jenkinsautogroup/
Jenkins Chevrolet of Homosassa,jenkinschevroletofhomosassa,https://careers.hireology.com/jenkinschevroletofhomosassa/
Jenkins Chevrolet of Venice,jenkinschevroletofvenice,https://careers.hireology.com/jenkinschevroletofvenice/
Jenkins Chrysler Dodge Jeep Ram of Homosassa,jenkinschryslerdodgejeepramofhomosassa,https://careers.hireology.com/jenkinschryslerdodgejeepramofhomosassa/
Jenkins Collision Center of Ocala,jenkinscollisioncenter,https://careers.hireology.com/jenkinscollisioncenter/
Jenkins Space Coast Honda,jenkinsfordofcrystalriver,https://careers.hireology.com/jenkinsfordofcrystalriver/
Jenkins Genesis of NE Jacksonville,jenkinsgenesisofjacksonville,https://careers.hireology.com/jenkinsgenesisofjacksonville/
Jenkins Genesis of Leesburg,jenkinsgenesisofleesburg,https://careers.hireology.com/jenkinsgenesisofleesburg/
Jenkins Genesis of Ocala,jenkinsgenesisofocala,https://careers.hireology.com/jenkinsgenesisofocala/
Jenkins Honda of Leesburg,jenkinshondaofleesburg,https://careers.hireology.com/jenkinshondaofleesburg/
Jenkins Hyundai of Jacksonville,jenkinshyundaiofjacksonville,https://careers.hireology.com/jenkinshyundaiofjacksonville/
Jenkins Hyundai of Leesburg,jenkinshyundaiofleesburg,https://careers.hireology.com/jenkinshyundaiofleesburg/
Jenkins Hyundai of Ocala,jenkinshyundaiofocala,https://careers.hireology.com/jenkinshyundaiofocala/
Jenkins KIA of Cocoa,jenkinskiaofcocoa,https://careers.hireology.com/jenkinskiaofcocoa/
Jenkins Kia of Gainesville,jenkinskiaofgainesville,https://careers.hireology.com/jenkinskiaofgainesville/
Jenkins Kia of Ocala,jenkinskiaofocala,https://careers.hireology.com/jenkinskiaofocala/
Jenkins Sales & Service Center,jenkinsvolvosubaruofocala,https://careers.hireology.com/jenkinsvolvosubaruofocala/
Jensen Motors,jensengmc,https://careers.hireology.com/jensengmc/
Jensen's LeMars Ford,jensenslemarsford,https://careers.hireology.com/jensenslemarsford/
Jerry's Ford & CDJR of Sheldon,jerry'sfordofsheldon,https://careers.hireology.com/jerry%27sfordofsheldon/
Jerry Haggerty Chevrolet,jerryhaggertychevrolet,https://careers.hireology.com/jerryhaggertychevrolet/
JFS at Home/JFS Senior Care,jfsathome,https://careers.hireology.com/jfsathome/
Jiffy Lube - 0158,jiffylube-0158,https://careers.hireology.com/jiffylube-0158/
Jiffy Lube - 0862,jiffylube-0862,https://careers.hireology.com/jiffylube-0862/
Jiffy Lube - 1161,jiffylube-1161,https://careers.hireology.com/jiffylube-1161/
Jiffy Lube Multicare,jiffylube-3201,https://careers.hireology.com/jiffylube-3201/
"Jiffy Lube #266 Brentwood, MD",jiffylube266brentwoodmd,https://careers.hireology.com/jiffylube266brentwoodmd/
Jim Curley Buick GMC (Keyport),jimcurley-buickgmc,https://careers.hireology.com/jimcurley-buickgmc/
Jim Falk Automotive Group,jimfalkautomotivegroup,https://careers.hireology.com/jimfalkautomotivegroup/
Jim Falk Chrysler Jeep Dodge Ram Fiat,jimfalkchryslerjeepdodgeramfiat,https://careers.hireology.com/jimfalkchryslerjeepdodgeramfiat/
Jim Falk Motors of Maui - Chevrolet / Cadillac/ GMC / Nissan / Hyundai,jimfalkmotorsofmaui,https://careers.hireology.com/jimfalkmotorsofmaui/
Jim Glover Dodge Chrysler Jeep FIAT,jimgloverdodgechryslerjeepfiat,https://careers.hireology.com/jimgloverdodgechryslerjeepfiat/
Jim Keras Subaru,jimkerassubaru,https://careers.hireology.com/jimkerassubaru/
Jimmy Britt Chevrolet,jimmybrittchevrolet,https://careers.hireology.com/jimmybrittchevrolet/
"Jimmy Michel Motors, Inc",jimmymichelmotorsinc,https://careers.hireology.com/jimmymichelmotorsinc/
Jim Norton Ford,jimnortonautogroup,https://careers.hireology.com/jimnortonautogroup/
Jim Norton Chevrolet,jimnortonchevrolet,https://careers.hireology.com/jimnortonchevrolet/
Jim Norton Ford,jimnortonford,https://careers.hireology.com/jimnortonford/
Jim Norton T - Town Chevrolet,jimnortont-townchevrolet,https://careers.hireology.com/jimnortont-townchevrolet/
Jim Norton Toyota - OKC,jimnortontoyota-okc,https://careers.hireology.com/jimnortontoyota-okc/
JIM Riehl's Friendly Ford of Charlevoix,jimriehlsfriendlyfordofcharlevoix,https://careers.hireology.com/jimriehlsfriendlyfordofcharlevoix/
Jim Taylor Buick GMC,jimtaylorbuickgmc,https://careers.hireology.com/jimtaylorbuickgmc/
Jim Taylor Chevrolet,jimtaylorchevrolet,https://careers.hireology.com/jimtaylorchevrolet/
Jim Winter Automotive Group,jimwinterautomotivegroup,https://careers.hireology.com/jimwinterautomotivegroup/
Wynn Volvo Cars Norristown,jimwynnvolkswageninc,https://careers.hireology.com/jimwynnvolkswageninc/
Sonny's Patio Pub,jkbresturantgroupllcsonnyspatiopubrefuge,https://careers.hireology.com/jkbresturantgroupllcsonnyspatiopubrefuge/
Mississauga - JK Home Services,jkhomeservices-5,https://careers.hireology.com/jkhomeservices-5/
Hamilton - JK Home Services,jkhomeservices-8,https://careers.hireology.com/jkhomeservices-8/
JK Home Services Durham,jkhomeservices-lindsay,https://careers.hireology.com/jkhomeservices-lindsay/
JK Home Services - Scarborough,jkhomeservices-scarborough,https://careers.hireology.com/jkhomeservices-scarborough/
Joe Lunghamer Chevrolet Inc,joelunghamerchevroletinc,https://careers.hireology.com/joelunghamerchevroletinc/
Joe Myers Ford,joemyersford,https://careers.hireology.com/joemyersford/
John Carver Inn & Spa,johncarverinnspa,https://careers.hireology.com/johncarverinnspa/
Elway Powersports,johnelwaypowersports,https://careers.hireology.com/johnelwaypowersports/
John Jones Chevrolet of Corydon,johnjonesautogroup,https://careers.hireology.com/johnjonesautogroup/
John Jones Automotive Outlet,johnjonesautomotiveoutlet,https://careers.hireology.com/johnjonesautomotiveoutlet/
John Jones Chevrolet Cadillac of Salem,johnjonesgmofsalem,https://careers.hireology.com/johnjonesgmofsalem/
John Kennedy Ford of Jenkintown,johnkennedydealerships,https://careers.hireology.com/johnkennedydealerships/
John Kennedy Ford Feasterville,johnkennedyfordfeasterville,https://careers.hireology.com/johnkennedyfordfeasterville/
John Kennedy Ford of Jenkintown,johnkennedyfordofjenkintown,https://careers.hireology.com/johnkennedyfordofjenkintown/
John Kennedy Mazda  Conshohocken,johnkennedymazdaofconshohocken,https://careers.hireology.com/johnkennedymazdaofconshohocken/
John Kennedy Subaru Plymouth Meeting,johnkennedysubaruplymouthmeeting,https://careers.hireology.com/johnkennedysubaruplymouthmeeting/
Johnson Brothers Ford,johnsonbrothersford,https://careers.hireology.com/johnsonbrothersford/
Blue Compass RV Columbia,johnsrv,https://careers.hireology.com/johnsrv/
Jones Ford Casa Grande,jonesautogroup,https://careers.hireology.com/jonesautogroup/
Jones Family Of Dealerships,jonesfamilyofdealerships,https://careers.hireology.com/jonesfamilyofdealerships/
Joseph Chevrolet,josephautomotivegroup,https://careers.hireology.com/josephautomotivegroup/
Joseph Buick GMC,josephbuickgmc,https://careers.hireology.com/josephbuickgmc/
Joseph Chevrolet,josephchevrolet,https://careers.hireology.com/josephchevrolet/
Joseph Subaru,josephsubaru,https://careers.hireology.com/josephsubaru/
Joseph Volkswagen of Cincinnati,josephvolkswagenofcincinnati,https://careers.hireology.com/josephvolkswagenofcincinnati/
JourneyPure at The River,journeypure,https://careers.hireology.com/journeypure/
JourneyPure at The River,journeypureattheriver,https://careers.hireology.com/journeypureattheriver/
"J O Williams Motors, Inc",jowilliamsmotorsinc,https://careers.hireology.com/jowilliamsmotorsinc/
Joyce Koons Buick GMC,joycekoonsbuickgmc,https://careers.hireology.com/joycekoonsbuickgmc/
Joyce Koons Honda,joycekoonshonda,https://careers.hireology.com/joycekoonshonda/
Junge Ford North Liberty,jungefordnorthliberty,https://careers.hireology.com/jungefordnorthliberty/
Junto Sushi & Bar Kapu,juntosushiandbarkapu,https://careers.hireology.com/juntosushiandbarkapu/
Jupiter Beach Resort & Spa,jupiterbeachresortspa,https://careers.hireology.com/jupiterbeachresortspa/
Culligan Kaat's Water Conditioning,kaatswaterconditioning,https://careers.hireology.com/kaatswaterconditioning/
Kalispell Ford,kalispellford,https://careers.hireology.com/kalispellford/
Kalologie Georgia,kalologiegeorgia,https://careers.hireology.com/kalologiegeorgia/
Kalologie Southern CA,kalologiesocal,https://careers.hireology.com/kalologiesocal/
Kalologie DMV,kalologievirginia,https://careers.hireology.com/kalologievirginia/
Karl Chevrolet,karlchevrolet,https://careers.hireology.com/karlchevrolet/
Karl Klement Ford,karlklementford,https://careers.hireology.com/karlklementford/
Karl Malone Ford EL Dorado,karlmaloneford1,https://careers.hireology.com/karlmaloneford1/
"Kayser Chevrolet, Inc.",kayserchevrolet-buickinc,https://careers.hireology.com/kayserchevrolet-buickinc/
Kayser Janesville Chevrolet Buick GMC,kayserchevroletbuickgmc,https://careers.hireology.com/kayserchevroletbuickgmc/
Kayser Chrysler Center of Watertown,kayserchryslercenterofwatertown,https://careers.hireology.com/kayserchryslercenterofwatertown/
Kayser Ford,kayserford,https://careers.hireology.com/kayserford/
Kayser Ford Sauk City,kayserfordsaukcity,https://careers.hireology.com/kayserfordsaukcity/
23 1/2 Hour Home Services INC.,kcs2312hourplumbing,https://careers.hireology.com/kcs2312hourplumbing/
Keffer Kia,kefferkia,https://careers.hireology.com/kefferkia/
Keffer Volkswagen,keffervolkswagen,https://careers.hireology.com/keffervolkswagen/
Keller Bros Dodge Ram,kellerbrosautogroup,https://careers.hireology.com/kellerbrosautogroup/
Kelly Volkswagen,kellyautomotivegroup,https://careers.hireology.com/kellyautomotivegroup/
Kelly Honda,kellyhonda,https://careers.hireology.com/kellyhonda/
Kelly Nissan Lynnfield,kellynissanoflynnfield,https://careers.hireology.com/kellynissanoflynnfield/
Kelly Nissan of Woburn,kellynissanofwoburn,https://careers.hireology.com/kellynissanofwoburn/
Kelly Volkswagen,kellyvolkswagen,https://careers.hireology.com/kellyvolkswagen/
Kemna Auto Group,kemnaautogroup,https://careers.hireology.com/kemnaautogroup/
Kemp Care Center,kempcarecenter,https://careers.hireology.com/kempcarecenter/
Kenedy Health & Rehabilitation,kenedyhealthrehabilitation,https://careers.hireology.com/kenedyhealthrehabilitation/
Kenny Kent Chevrolet,kennykentchevrolet,https://careers.hireology.com/kennykentchevrolet/
Kenny Kent Toyota Lexus,kennykenttoyotalexus,https://careers.hireology.com/kennykenttoyotalexus/
Kent State University Hotel,kentstateuniversityhotel,https://careers.hireology.com/kentstateuniversityhotel/
Kerens Care Center,kerenscarecenter,https://careers.hireology.com/kerenscarecenter/
Kerry Automotive,kerryautomotive,https://careers.hireology.com/kerryautomotive/
Kerry Chevrolet Inc,kerrychevrolethyundai,https://careers.hireology.com/kerrychevrolethyundai/
Key Ford of Exeter,keyfordofexeter,https://careers.hireology.com/keyfordofexeter/
Key Ford of Rockland,keyfordofrockland1,https://careers.hireology.com/keyfordofrockland1/
"Key Scales Ford, Inc.",keyscalesford,https://careers.hireology.com/keyscalesford/
Keystone - High and Rubish Insurance,keystone-highandrubishinsurance,https://careers.hireology.com/keystone-highandrubishinsurance/
"Jones Insurance Agency, Inc.",keystone-jonesinsuranceagencyinc,https://careers.hireology.com/keystone-jonesinsuranceagencyinc/
Harbin Insurance,keystone-theharbinagencyinc,https://careers.hireology.com/keystone-theharbinagencyinc/
Keystone Chevrolet,keystonechevrolet,https://careers.hireology.com/keystonechevrolet/
Key West Ford,keywestford,https://careers.hireology.com/keywestford/
Kia Country of Charleston,kiacountryofcharleston,https://careers.hireology.com/kiacountryofcharleston/
Kia Country of Hilton Head,kiacountryofhiltonhead,https://careers.hireology.com/kiacountryofhiltonhead/
Kia Country of Savannah,kiacountryofsavannah,https://careers.hireology.com/kiacountryofsavannah/
Kia of Carmel,kiaofcarmel,https://careers.hireology.com/kiaofcarmel/
Kia of Lincoln,kiaoflincoln,https://careers.hireology.com/kiaoflincoln/
Kia of Lynchburg,kiaoflynchburg,https://careers.hireology.com/kiaoflynchburg/
KIA of Myrtle Beach,kiaofmyrtlebeach,https://careers.hireology.com/kiaofmyrtlebeach/
Kia of Old Saybrook,kiaofoldsaybrook,https://careers.hireology.com/kiaofoldsaybrook/
KIA On The Boulevard,kiaontheboulevard,https://careers.hireology.com/kiaontheboulevard/
KIA South Atlanta,kiasouthatlanta,https://careers.hireology.com/kiasouthatlanta/
Kiddie Academy at Elyson,kiddieacademyatelyson,https://careers.hireology.com/kiddieacademyatelyson/
"Kiddie Academy, Grove City",kiddieacademygrovecity,https://careers.hireology.com/kiddieacademygrovecity/
Kiddie Academy of Ballenger Creek,kiddieacademyofballengercreek,https://careers.hireology.com/kiddieacademyofballengercreek/
Kiddie Academy of CTX,kiddieacademyofbryan,https://careers.hireology.com/kiddieacademyofbryan/
Kiddie Academy of CTX,kiddieacademyofcollegestation,https://careers.hireology.com/kiddieacademyofcollegestation/
"Kiddie Academy of Harrisburg, PA",kiddieacademyofharrisburgpa,https://careers.hireology.com/kiddieacademyofharrisburgpa/
Kiddie Academy of Little Neck,kiddieacademyoflittleneck,https://careers.hireology.com/kiddieacademyoflittleneck/
Kiddie Academy,kiddieacademyofranchocucamonga,https://careers.hireology.com/kiddieacademyofranchocucamonga/
Kids R Kids - West McKinney,kidsrkids-westmckinney,https://careers.hireology.com/kidsrkids-westmckinney/
Kids 'R' Kids Frisco #18 TX,kidsrkids18tx,https://careers.hireology.com/kidsrkids18tx/
Kids 'R' Kids #6 NC,kidsrkids6nc,https://careers.hireology.com/kidsrkids6nc/
Kids 'R' Kids  Concord,kidsrkidsconcord,https://careers.hireology.com/kidsrkidsconcord/
Kids R Kids Houston Heights,kidsrkidshoustonheights,https://careers.hireology.com/kidsrkidshoustonheights/
Kids 'R' Kids McKinney,kidsrkidstx14,https://careers.hireology.com/kidsrkidstx14/
King's Pointe Resort,kingspointeresort,https://careers.hireology.com/kingspointeresort/
Kingston Bay,kingstonbay,https://careers.hireology.com/kingstonbay/
Kingz Kimonos,kingz,https://careers.hireology.com/kingz/
"Kirby-Smith Machinery, Inc. - Oklahoma City, OK",kirby-smithmachineryinc,https://careers.hireology.com/kirby-smithmachineryinc/
"Kirby-Smith Machinery, Inc. - Abilene, TX",kirby-smithmachineryincabilene,https://careers.hireology.com/kirby-smithmachineryincabilene/
"Kirby-Smith Machinery, Inc. - Amarillo, TX",kirby-smithmachineryincamarillo,https://careers.hireology.com/kirby-smithmachineryincamarillo/
"Kirby-Smith Machinery, Inc. - Dallas, TX",kirby-smithmachineryincdallas,https://careers.hireology.com/kirby-smithmachineryincdallas/
"Kirby-Smith Machinery, Inc. - Ft. Worth, TX",kirby-smithmachineryincftworth,https://careers.hireology.com/kirby-smithmachineryincftworth/
"Kirby-Smith Machinery, Inc. - Kansas City, KS",kirby-smithmachineryinckansascity,https://careers.hireology.com/kirby-smithmachineryinckansascity/
"Kirby-Smith Machinery, Inc. - Lubbock, TX",kirby-smithmachineryinclubbock,https://careers.hireology.com/kirby-smithmachineryinclubbock/
"Kirby-Smith Machinery, Inc. - McAlester, OK",kirby-smithmachineryincmcalester,https://careers.hireology.com/kirby-smithmachineryincmcalester/
"Kirby-Smith Machinery, Inc. - Odessa, TX",kirby-smithmachineryincodessa,https://careers.hireology.com/kirby-smithmachineryincodessa/
"Kirby-Smith Machinery, Inc. - Oklahoma City, OK",kirby-smithmachineryincoklahomacity,https://careers.hireology.com/kirby-smithmachineryincoklahomacity/
"Kirby-Smith Machinery, Inc. - Tulsa, OK",kirby-smithmachineryinctulsa,https://careers.hireology.com/kirby-smithmachineryinctulsa/
"Kirby-Smith Machinery, Inc. - Hewitt, TX",kirby-smithmachineryincwaco,https://careers.hireology.com/kirby-smithmachineryincwaco/
Kirksville Motor Company,kirksvillegm,https://careers.hireology.com/kirksvillegm/
K Neal International Trucks,knealinternationaltrucks,https://careers.hireology.com/knealinternationaltrucks/
K Neal Truck & Bus Center - Gaithersburg,knealtruckbuscenter-gaithersburg,https://careers.hireology.com/knealtruckbuscenter-gaithersburg/
K Neal Truck & Bus Center - Hyattsville,knealtruckbuscenter-hyattsville,https://careers.hireology.com/knealtruckbuscenter-hyattsville/
K Neal Truck & Bus Center - Lorton,knealtruckbuscenter-lorton,https://careers.hireology.com/knealtruckbuscenter-lorton/
Knockouts Haircuts & Grooming - Forum,knockoutshaircuts&grooming-forum,https://careers.hireology.com/knockoutshaircuts%26grooming-forum/
Knudtsen Foothills,knudtsenautogroup,https://careers.hireology.com/knudtsenautogroup/
Knudtsen Foothills,knudtsenfoothills,https://careers.hireology.com/knudtsenfoothills/
Kocourek Chevrolet,kocourekchevy,https://careers.hireology.com/kocourekchevy/
Kocourek Ford,kocourekfordlincolnmercury,https://careers.hireology.com/kocourekfordlincolnmercury/
Kocourek Imports,kocourekimports,https://careers.hireology.com/kocourekimports/
Kocourek Nissan | Kia,kocoureknissankia,https://careers.hireology.com/kocoureknissankia/
Kocourek Subaru,kocoureksubaru,https://careers.hireology.com/kocoureksubaru/
Koeppel Hyundai,koeppelautogroup,https://careers.hireology.com/koeppelautogroup/
Koeppel Mazda,koeppelmazda,https://careers.hireology.com/koeppelmazda/
Koeppel Subaru,koeppelsubaru,https://careers.hireology.com/koeppelsubaru/
"Koerner Ford of Syracuse, Inc",koernerfordofsyracuseinc,https://careers.hireology.com/koernerfordofsyracuseinc/
Koons of Silver Spring,koonsfordlincolnmazdaofsilverspring,https://careers.hireology.com/koonsfordlincolnmazdaofsilverspring/
Koons Ford of Annapolis,koonsfordofannapolis,https://careers.hireology.com/koonsfordofannapolis/
Koons Ford Sterling,koonsfordsterling,https://careers.hireology.com/koonsfordsterling/
Kottemann Orthodontics,kottemannorthodontics,https://careers.hireology.com/kottemannorthodontics/
Angela Krause Ford,krauseautogroup,https://careers.hireology.com/krauseautogroup/
Krause Family Ford,krausefamilyford,https://careers.hireology.com/krausefamilyford/
Krause Family Hyundai,krausefamilyhyundai,https://careers.hireology.com/krausefamilyhyundai/
Kruse Motors,kruseford,https://careers.hireology.com/kruseford/
Kuhn Volkswagen,kuhnvolkswagen,https://careers.hireology.com/kuhnvolkswagen/
Anytime Fitness,kunkel-lemiuexcorp,https://careers.hireology.com/kunkel-lemiuexcorp/
Kurtis Chevrolet,kurtischevrolet,https://careers.hireology.com/kurtischevrolet/
La Bahia Nursing & Rehabilitation,labahianursingrehabilitation,https://careers.hireology.com/labahianursingrehabilitation/
Lafayette Buick GMC,lafayettebuickgmc,https://careers.hireology.com/lafayettebuickgmc/
Lafayette Sales,lafayettesales,https://careers.hireology.com/lafayettesales/
La Hacienda de Paz Rehabilitation & Care Center,lahaciendadepazrehabilitationcarecenter,https://careers.hireology.com/lahaciendadepazrehabilitationcarecenter/
Lakeland Chrysler Dodge Jeep,lakelandchryslerdodgejeep,https://careers.hireology.com/lakelandchryslerdodgejeep/
Lake Lodge Nursing and Rehabilitation,lakelodge,https://careers.hireology.com/lakelodge/
Lake Placid Lodge,lakeplacidlodge,https://careers.hireology.com/lakeplacidlodge/
Lakeside Health & Wellness,lakeside,https://careers.hireology.com/lakeside/
Lakeview Ford-Lincoln,lakeviewford-lincoln,https://careers.hireology.com/lakeviewford-lincoln/
Titus-Will - Lakewood,lakewoodford,https://careers.hireology.com/lakewoodford/
Lakewood Reserve Senior Living,lakewoodreserveseniorliving,https://careers.hireology.com/lakewoodreserveseniorliving/
Lakewood Senior Living,lakewoodseniorliving,https://careers.hireology.com/lakewoodseniorliving/
Lamarque Crescent Ford - Truck,lamarquecrescentford-truck,https://careers.hireology.com/lamarquecrescentford-truck/
Lamborghini Newport Beach,lamborghininewportbeach,https://careers.hireology.com/lamborghininewportbeach/
La Mère Academy,lamereacademy,https://careers.hireology.com/lamereacademy/
Lamoille Valley Ford,lamoillevalleyford,https://careers.hireology.com/lamoillevalleyford/
Lampstand Nursing And Rehabilitation,lampstandnursingrehabilitation,https://careers.hireology.com/lampstandnursingrehabilitation/
Lancaster Nursing & Rehabilitation,lancasternursingrehabilitation,https://careers.hireology.com/lancasternursingrehabilitation/
Landers Chevrolet Cadillac of Joplin,landerschevroletcadillacofjoplin,https://careers.hireology.com/landerschevroletcadillacofjoplin/
Landers Chevrolet of Norman,landerschevroletofnorman,https://careers.hireology.com/landerschevroletofnorman/
Landers Chrysler Dodge Jeep Ram of Norman,landerschryslerdodgejeepramofnorman,https://careers.hireology.com/landerschryslerdodgejeepramofnorman/
"Landmark Ford, Inc",landmarkautomotivegroup,https://careers.hireology.com/landmarkautomotivegroup/
Landmark Chrysler Jeep FIAT,landmarkchryslerjeepfiat,https://careers.hireology.com/landmarkchryslerjeepfiat/
"Landmark Ford East, Inc",landmarkfordtrucksinc,https://careers.hireology.com/landmarkfordtrucksinc/
Landmark of Amarillo Rehabilitation and Nursing Center,landmarkofamarillorehabilitationandnursingcenter,https://careers.hireology.com/landmarkofamarillorehabilitationandnursingcenter/
Landmark of Plano Rehabilitation and Nursing Center,landmarkofplanorehabilitationandnursingcenter,https://careers.hireology.com/landmarkofplanorehabilitationandnursingcenter/
Land Rover Hartford,landroverfarmingtonvalley,https://careers.hireology.com/landroverfarmingtonvalley/
Jaguar Land Rover North Haven,landrovergulford,https://careers.hireology.com/landrovergulford/
Jaguar Land Rover Orland Park,landroverjaguarorlandpark,https://careers.hireology.com/landroverjaguarorlandpark/
Land Rover Louisville,landroverlouisville,https://careers.hireology.com/landroverlouisville/
JAGUAR LAND ROVER NORTHFIELD,landrovernorthfield,https://careers.hireology.com/landrovernorthfield/
Land Rover Peoria,landroverpeoria,https://careers.hireology.com/landroverpeoria/
Land Rover Reno,landroverreno,https://careers.hireology.com/landroverreno/
Laramie Auto Center,laramiegmautocenter,https://careers.hireology.com/laramiegmautocenter/
Larry Green Chevrolet,larrygreenchevrolet,https://careers.hireology.com/larrygreenchevrolet/
Larry Puckett Chevrolet,larrypuckettchevrolet,https://careers.hireology.com/larrypuckettchevrolet/
LA Sonora at Dove Mountain,lasonoraatdovemountain,https://careers.hireology.com/lasonoraatdovemountain/
Laughing Pets Atlanta,laughingpetsatlanta,https://careers.hireology.com/laughingpetsatlanta/
Laurel Ford - MS,laurelford-ms,https://careers.hireology.com/laurelford-ms/
La Vida Serena Nursing & Rehabilitation,lavidaserenanursingrehabilitation,https://careers.hireology.com/lavidaserenanursingrehabilitation/
SW Home Reno,lawnpluscanada,https://careers.hireology.com/lawnpluscanada/
Lawn Plus Canada - Peterborough,lawnpluscanada-chatham,https://careers.hireology.com/lawnpluscanada-chatham/
Lawrence Brothers Inc,lawrencebrothersinc,https://careers.hireology.com/lawrencebrothersinc/
Lawrence Hall Chevrolet Buick GMC,lawrencehall,https://careers.hireology.com/lawrencehall/
LeadCar Honda Yorkville,leadcarhondayorkville,https://careers.hireology.com/leadcarhondayorkville/
Kia Country of Charleston,leemotorgroup,https://careers.hireology.com/leemotorgroup/
Lee Nissan,leenissan,https://careers.hireology.com/leenissan/
Leesburg Collision Center,leesburgcollisioncenter,https://careers.hireology.com/leesburgcollisioncenter/
Leesburg Volkswagen,leesburgvolkswagen,https://careers.hireology.com/leesburgvolkswagen/
Lee's Summit Place,leessummitplace,https://careers.hireology.com/leessummitplace/
Legacy at Corsicana Rehabilitation & Healthcare,legacyatcorsicanarehabilitationhealthcare,https://careers.hireology.com/legacyatcorsicanarehabilitationhealthcare/
Legacy at Jacksonville,legacyatjacksonville,https://careers.hireology.com/legacyatjacksonville/
Legacy Ford,legacyautomotivenetwork,https://careers.hireology.com/legacyautomotivenetwork/
"Legacy Ford of Mcdonough, Inc",legacyfordofmcdonoughinc,https://careers.hireology.com/legacyfordofmcdonoughinc/
Naniq Global Logistics - Fairbanks,legacylogistics-fairbanksak,https://careers.hireology.com/legacylogistics-fairbanksak/
Leif Johnson Ford,leifjohnsonford,https://careers.hireology.com/leifjohnsonford/
Lenoir City Chrysler Dodge Jeep Ram,lenoircitychryslerdodgejeepram,https://careers.hireology.com/lenoircitychryslerdodgejeepram/
"Lenz Truck - Fond du Lac, WI",lenztruck-fonddulacwi,https://careers.hireology.com/lenztruck-fonddulacwi/
"Lenz Truck - Minocqua, WI",lenztruck-minocquawi,https://careers.hireology.com/lenztruck-minocquawi/
Leo Martin Chevrolet,leomartinchevrolet,https://careers.hireology.com/leomartinchevrolet/
Les Stanford Chevrolet and Cadillac,lesstanford,https://careers.hireology.com/lesstanford/
"Levalley Chevrolet GMC, Inc",levalleychevroletbuickgmc,https://careers.hireology.com/levalleychevroletbuickgmc/
Lewis Ford,lewisford,https://careers.hireology.com/lewisford/
Wholesale Parts Solutions - Mocksville Hub,lexingtonhub,https://careers.hireology.com/lexingtonhub/
Lexus Of Brookfield,lexusofbrookfield,https://careers.hireology.com/lexusofbrookfield/
Lexus of Great Neck,lexusofgreatneck,https://careers.hireology.com/lexusofgreatneck/
Lexus of Huntsville,lexusofhuntsville,https://careers.hireology.com/lexusofhuntsville/
Lexus of Maplewood,lexusofmaplewood,https://careers.hireology.com/lexusofmaplewood/
Lexus of Milwaukee,lexusofmilwaukee,https://careers.hireology.com/lexusofmilwaukee/
Priority Lexus Newport News,lexusofnewportnews,https://careers.hireology.com/lexusofnewportnews/
LEXUS OF ORANGE PARK,lexusoforangepark,https://careers.hireology.com/lexusoforangepark/
Lexus of Orland,lexusoforland,https://careers.hireology.com/lexusoforland/
Priority Lexus Virginia Beach,lexusofvirginiabeach,https://careers.hireology.com/lexusofvirginiabeach/
Lexus of Wayzata,lexusofwayzata,https://careers.hireology.com/lexusofwayzata/
Liberty Family of Dealerships,libertyfamilyofdealerships,https://careers.hireology.com/libertyfamilyofdealerships/
Liberty Ford Brunswick,libertyfordbrunswick,https://careers.hireology.com/libertyfordbrunswick/
Liberty Ford Vermilion,libertyfordvermilion,https://careers.hireology.com/libertyfordvermilion/
Liberty Honda,libertyhonda,https://careers.hireology.com/libertyhonda/
Liberty Kia,libertykia,https://careers.hireology.com/libertykia/
Liberty Mazda,libertymazda,https://careers.hireology.com/libertymazda/
Liberty Subaru,libertysubaru,https://careers.hireology.com/libertysubaru/
Lido Beach Resort,lidobeachresort,https://careers.hireology.com/lidobeachresort/
Nova Leap Home Health,lifehomehealthfl,https://careers.hireology.com/lifehomehealthfl/
"LIFE, Inc. - Goldsboro",lifeinc,https://careers.hireology.com/lifeinc/
"LIFE, Inc. - Edenton",lifeinc-edenton,https://careers.hireology.com/lifeinc-edenton/
"LIFE, Inc. - Elizabeth City",lifeinc-elizabethcity,https://careers.hireology.com/lifeinc-elizabethcity/
"LIFE, Inc. - Goldsboro",lifeinc-goldsboro,https://careers.hireology.com/lifeinc-goldsboro/
"LIFE, Inc. - New Bern",lifeinc-newbern,https://careers.hireology.com/lifeinc-newbern/
"LIFE, Inc. - Wilmington",lifeinc-wilmington,https://careers.hireology.com/lifeinc-wilmington/
The Culpeper Senior Living Community-LifeSpire,lifespire-culpeper,https://careers.hireology.com/lifespire-culpeper/
The Summit Senior Living Community- LifeSpire,lifespire-thesummit,https://careers.hireology.com/lifespire-thesummit/
The Chesapeake - LifeSpire,lifespirechesapeake,https://careers.hireology.com/lifespirechesapeake/
The Glebe - LifeSpire,lifespireglebe,https://careers.hireology.com/lifespireglebe/
Lakewood Retirement Community-LifeSpire,lifespirelakewood,https://careers.hireology.com/lifespirelakewood/
The Chesapeake - LifeSpire,lifespireofvirginiainc,https://careers.hireology.com/lifespireofvirginiainc/
Blue Compass RV Kansas City,lifestylervs,https://careers.hireology.com/lifestylervs/
Lift Truck Parts & Service - Brockton,lifttruckmass,https://careers.hireology.com/lifttruckmass/
Lift Truck Parts & Service - West Springfield,lifttruckpartsandservice-westspringfield,https://careers.hireology.com/lifttruckpartsandservice-westspringfield/
Lift Truck Parts & Service - Brockton,lifttruckpartsservice-brockton,https://careers.hireology.com/lifttruckpartsservice-brockton/
Lighthouse Memory Care,lighthousememorycare,https://careers.hireology.com/lighthousememorycare/
Lilley International - Gates,lilleyinternational-gates,https://careers.hireology.com/lilleyinternational-gates/
"Lincoln Knolls Health & Rehab, LLC",lincolnknollshealthrehabllc,https://careers.hireology.com/lincolnknollshealthrehabllc/
Lincoln Park Zoological Society,lincolnparkzoologicalsociety,https://careers.hireology.com/lincolnparkzoologicalsociety/
"Lindquist Ford, Inc",lindquistfordinc,https://careers.hireology.com/lindquistfordinc/
Livermore Ford,livermoreford,https://careers.hireology.com/livermoreford/
Livermore Toyota,livermoretoyota,https://careers.hireology.com/livermoretoyota/
Grand Adirondack Hotel,lkpgrandadirondackhotel,https://careers.hireology.com/lkpgrandadirondackhotel/
Lockhart Cadillac Fishers,lockhartcadillacfishers,https://careers.hireology.com/lockhartcadillacfishers/
Lodge at Schroon Lake,lodgeatschroonlake,https://careers.hireology.com/lodgeatschroonlake/
Loeber Mercedes-Benz,loebermercedes-benz,https://careers.hireology.com/loebermercedes-benz/
Loganville Ford,loganvilleford,https://careers.hireology.com/loganvilleford/
Long - Lewis Ford of the Shoals,long-lewisfordoftheshoals,https://careers.hireology.com/long-lewisfordoftheshoals/
The Resort at Longboat Key Club,longboatkeyclub,https://careers.hireology.com/longboatkeyclub/
Longfellow Hotel,longfellowhotel,https://careers.hireology.com/longfellowhotel/
Carriage Inn Lake Jackson,longhillcompany,https://careers.hireology.com/longhillcompany/
Longmeadow Healthcare Center,longmeadowhealthcarecenter,https://careers.hireology.com/longmeadowhealthcarecenter/
Long of Chattanooga AutoMall,longofchattanoogaautomall,https://careers.hireology.com/longofchattanoogaautomall/
Long Athens,longvolvo,https://careers.hireology.com/longvolvo/
Lonnie Cobb Ford,lonniecobbford,https://careers.hireology.com/lonniecobbford/
"Lookout Ford, Inc",lookoutfordinc,https://careers.hireology.com/lookoutfordinc/
"Loudon Motors Ford, LLC",loudonmotorsfordllc,https://careers.hireology.com/loudonmotorsfordllc/
Loudonville Assisted Living Residence,loudonvilleassistedlivingresidence,https://careers.hireology.com/loudonvilleassistedlivingresidence/
Lou Fusz Kia of Evansville,loufuszautomotiveinc,https://careers.hireology.com/loufuszautomotiveinc/
Lou Fusz Chrysler Jeep Dodge Ram,loufuszcdjrfiat,https://careers.hireology.com/loufuszcdjrfiat/
Lou Fusz Chevrolet,loufuszchevrolet,https://careers.hireology.com/loufuszchevrolet/
Lou Fusz Ford,loufuszford,https://careers.hireology.com/loufuszford/
Lou Fusz Kia,loufuszkia,https://careers.hireology.com/loufuszkia/
Lou Fusz Kia of Columbus,loufuszkiaofcolumbus,https://careers.hireology.com/loufuszkiaofcolumbus/
Lou Fusz Mazda,loufuszmazda,https://careers.hireology.com/loufuszmazda/
Lou Fusz Kia of Evansville,loufuszpre-ownedcenter,https://careers.hireology.com/loufuszpre-ownedcenter/
Lou Fusz Subaru Creve Coeur,loufuszsubaru-stlouis,https://careers.hireology.com/loufuszsubaru-stlouis/
Lou Fusz Subaru of O'Fallon,loufuszsubaru-stpeters,https://careers.hireology.com/loufuszsubaru-stpeters/
Lou Fusz Toyota,loufusztoyota,https://careers.hireology.com/loufusztoyota/
Southaven Honda,lousobhautomotive,https://careers.hireology.com/lousobhautomotive/
Southaven Honda,lousobhhondaofsouthaven,https://careers.hireology.com/lousobhhondaofsouthaven/
Lou Sobh Kia,lousobhkia,https://careers.hireology.com/lousobhkia/
Lou Sobh Kia of Newnan,lousobhkiaofnewnan,https://careers.hireology.com/lousobhkiaofnewnan/
Lowe & Moyer Garage Inc - Fogelsville,lowemoyergarage,https://careers.hireology.com/lowemoyergarage/
Lowe & Moyer Garage Inc - Fogelsville,lowemoyergarageinc-fogelsville,https://careers.hireology.com/lowemoyergarageinc-fogelsville/
Lubbock Health Care Center,lubbockhealthcarecenter,https://careers.hireology.com/lubbockhealthcarecenter/
Lucas Ford,lucasford,https://careers.hireology.com/lucasford/
Lufkin Ford,lufkinford,https://careers.hireology.com/lufkinford/
Hillcrest Manor Nursing & Rehabilitation (FKA: Luling Nursing & Rehab),lulingnursingrehab,https://careers.hireology.com/lulingnursingrehab/
Lumberton Honda,lumbertonhonda,https://careers.hireology.com/lumbertonhonda/
Luminosa,luminosa,https://careers.hireology.com/luminosa/
Mazda & Kia of Fargo,lundeautocenter,https://careers.hireology.com/lundeautocenter/
"Lundeen Brothers, Inc",lundeenbrothersinc,https://careers.hireology.com/lundeenbrothersinc/
Lunghamer Ford,lunghamerford,https://careers.hireology.com/lunghamerford/
Luther Nissan Kia,lutherautojobshtml,https://careers.hireology.com/lutherautojobshtml/
Luther Automotive Services,lutherautomotiveservices,https://careers.hireology.com/lutherautomotiveservices/
Luther Bloomington Acura Subaru,lutherbloomingtonacurasubaru,https://careers.hireology.com/lutherbloomingtonacurasubaru/
Luther Bloomington Hyundai,lutherbloomingtonhyundai,https://careers.hireology.com/lutherbloomingtonhyundai/
Luther Brookdale Chevrolet Buick GMC,lutherbrookdalebuickgmc,https://careers.hireology.com/lutherbrookdalebuickgmc/
Luther Brookdale Chrysler Jeep Dodge,lutherbrookdalechryslerjeepdodge,https://careers.hireology.com/lutherbrookdalechryslerjeepdodge/
Luther Brookdale Honda,lutherbrookdalehonda,https://careers.hireology.com/lutherbrookdalehonda/
Luther Brookdale Mazda Mitsubishi,lutherbrookdalemazdamitsubishi,https://careers.hireology.com/lutherbrookdalemazdamitsubishi/
Luther Brookdale Volkswagen,lutherbrookdalevolkswagen,https://careers.hireology.com/lutherbrookdalevolkswagen/
Luther Burnsville Hyundai,lutherburnsvillehyundai,https://careers.hireology.com/lutherburnsvillehyundai/
Luther Burnsville Volkswagen,lutherburnsvillevolkswagen,https://careers.hireology.com/lutherburnsvillevolkswagen/
Luther Collision & Glass South Saint Paul,luthercollisionglassbloomington,https://careers.hireology.com/luthercollisionglassbloomington/
Luther Collision & Glass Fargo,luthercollisionglassfargo,https://careers.hireology.com/luthercollisionglassfargo/
Luther Collision & Glass Plymouth,luthercollisionglassplymouth,https://careers.hireology.com/luthercollisionglassplymouth/
Luther Customer Care Center,luthercustomercare,https://careers.hireology.com/luthercustomercare/
Luther Family Buick GMC,lutherfamilybuickgmc,https://careers.hireology.com/lutherfamilybuickgmc/
Luther Family Ford,lutherfamilyford,https://careers.hireology.com/lutherfamilyford/
Luther Hudson Chevrolet GMC,lutherhudsonchevroletgmc,https://careers.hireology.com/lutherhudsonchevroletgmc/
Luther Hudson Chrysler Jeep Dodge,lutherhudsonchryslerjeepdodge,https://careers.hireology.com/lutherhudsonchryslerjeepdodge/
Luther INEOS Grenadier,lutherineos,https://careers.hireology.com/lutherineos/
Luther Infiniti of Bloomington,lutherinfinitiofbloomingtoninc,https://careers.hireology.com/lutherinfinitiofbloomingtoninc/
Luther Kia of Bloomington,lutherkiaofbloomington,https://careers.hireology.com/lutherkiaofbloomington/
Luther Mankato Honda,luthermankatohonda,https://careers.hireology.com/luthermankatohonda/
Luther Nissan Kia,luthernissankia,https://careers.hireology.com/luthernissankia/
Luther North Country Ford,luthernorthcountryfordlincoln,https://careers.hireology.com/luthernorthcountryfordlincoln/
Luther Park Place Motors,lutherparkplacemotors,https://careers.hireology.com/lutherparkplacemotors/
Luther Westside Volkswagen,lutherwestsidevolkswagen,https://careers.hireology.com/lutherwestsidevolkswagen/
Luxury Auto Mall of Sioux Falls,luxuryautomallofsiouxfalls,https://careers.hireology.com/luxuryautomallofsiouxfalls/
Lynch Ford Chevrolet,lynchfordchevrolet,https://careers.hireology.com/lynchfordchevrolet/
Mac Haik Ford Desoto,machaikdesoto,https://careers.hireology.com/machaikdesoto/
Mac Haik's Southway Ford,machaikssouthwayford,https://careers.hireology.com/machaikssouthwayford/
Macomb Residential Opportunities Inc,macombresidentialopportunitiesinc,https://careers.hireology.com/macombresidentialopportunitiesinc/
Madison Beach Hotel,madisonbeachhotel,https://careers.hireology.com/madisonbeachhotel/
Madison Ford,madisonford,https://careers.hireology.com/madisonford/
Madisonville Care Center,madisonvillecarecenter,https://careers.hireology.com/madisonvillecarecenter/
"Maguires Ford, Inc.",maguiresfordinc,https://careers.hireology.com/maguiresfordinc/
"MainStay Suites - Midland, TX",mainstaysuites-midlandtx,https://careers.hireology.com/mainstaysuites-midlandtx/
Bach to Rock,majesticmusicincdbabachtorock,https://careers.hireology.com/majesticmusicincdbabachtorock/
Malloy Ford Alexandria,malloyford,https://careers.hireology.com/malloyford/
Malloy Ford Winchester,malloyford1,https://careers.hireology.com/malloyford1/
Malloy Ford Charlottesville,malloyfordcharlottesville,https://careers.hireology.com/malloyfordcharlottesville/
Malone Ford,maloneford,https://careers.hireology.com/maloneford/
Seniors Helping Seniors - Kent County,managedseniorcare,https://careers.hireology.com/managedseniorcare/
Mandal Chrysler Dodge Jeep RAM,mandalautomotiveofdibervilleinc,https://careers.hireology.com/mandalautomotiveofdibervilleinc/
Mangino Buick GMC,manginobuickgmc,https://careers.hireology.com/manginobuickgmc/
Mangino Chevrolet,manginochevrolet,https://careers.hireology.com/manginochevrolet/
"Mangold Ford, Inc","mangoldford,inc",https://careers.hireology.com/mangoldford%2Cinc/
Volvo Cars Manhattan,manhattanmotorcars,https://careers.hireology.com/manhattanmotorcars/
Mankato Motor Company,mankatomotorcompany,https://careers.hireology.com/mankatomotorcompany/
Mankato Motors Nissan,mankatomotorsnissan,https://careers.hireology.com/mankatomotorsnissan/
Mankato Motors Volkswagen,mankatomotorsvolkswagen,https://careers.hireology.com/mankatomotorsvolkswagen/
Mannix Marketing,mannixmarketing,https://careers.hireology.com/mannixmarketing/
Blue Compass RV Manteca,manteca,https://careers.hireology.com/manteca/
Maplecrest Ford,maplecrestford,https://careers.hireology.com/maplecrestford/
Maple Farm,maplefarm,https://careers.hireology.com/maplefarm/
Maple Hill Senior Living,maplehillseniorliving,https://careers.hireology.com/maplehillseniorliving/
"Marchese Ford of Mechanicville, Inc",marchesefordofmechanicvilleinc,https://careers.hireology.com/marchesefordofmechanicvilleinc/
Marin County Ford,marincountyford,https://careers.hireology.com/marincountyford/
Marine Creek Nursing & Rehabilitation,marinecreeknursingrehabilitation,https://careers.hireology.com/marinecreeknursingrehabilitation/
Marin Subaru,marinsubaru,https://careers.hireology.com/marinsubaru/
Marion Chrysler Dodge Jeep Ram,marionchryslerdodgejeepram,https://careers.hireology.com/marionchryslerdodgejeepram/
Maritime Ford,maritimeford,https://careers.hireology.com/maritimeford/
Mark Ficken Ford,markfickenford,https://careers.hireology.com/markfickenford/
Markley Honda,markleyhonda,https://careers.hireology.com/markleyhonda/
Porter Ashland LLC,markporterautoplexinc,https://careers.hireology.com/markporterautoplexinc/
Mark Toyota of Plover,marktoyotaofplover,https://careers.hireology.com/marktoyotaofplover/
Mark Williams Auto Group,markwilliamsautogroup,https://careers.hireology.com/markwilliamsautogroup/
MHS Alabama,marliningramrvcenter,https://careers.hireology.com/marliningramrvcenter/
Marquardt of Barrington GMC,marquardtofbarringtongmc,https://careers.hireology.com/marquardtofbarringtongmc/
Greensboro-High Point Marriott Airport,marriottgreensboro-highpointairport,https://careers.hireology.com/marriottgreensboro-highpointairport/
Marriott Knoxville Downtown,marriottknoxvilledowntown,https://careers.hireology.com/marriottknoxvilledowntown/
Marriott Orlando Downtown,marriottorlandodowntown,https://careers.hireology.com/marriottorlandodowntown/
Marriott Winston - Salem,marriottwinston-salem,https://careers.hireology.com/marriottwinston-salem/
"Marshall Ford Company, Inc",marshallfordcompanyinc,https://careers.hireology.com/marshallfordcompanyinc/
Marianna Nissan,masseynissan,https://careers.hireology.com/masseynissan/
Matagorda Nursing & Rehabilitation Center,matagordanursingrehabilitationcenter,https://careers.hireology.com/matagordanursingrehabilitationcenter/
"Mathews Ford Marion, Inc",mathewsfordmarioninc,https://careers.hireology.com/mathewsfordmarioninc/
Matt Bowers Ford,mattbowersford,https://careers.hireology.com/mattbowersford/
"Matthews Bus Alliance, Inc",matthewsbuses,https://careers.hireology.com/matthewsbuses/
Mattress Firm,mattressfirmparentaccount,https://careers.hireology.com/mattressfirmparentaccount/
Matty's Sporthouse Grill,mattyssporthousegrill,https://careers.hireology.com/mattyssporthousegrill/
Maumee Bay Lodge,maumeebaylodge,https://careers.hireology.com/maumeebaylodge/
Mercedes Benz of North Haven,mauromotorsinc,https://careers.hireology.com/mauromotorsinc/
"Maxicare Select - Boynton Beach, FL",maxicareselect-boyntonbeachfl,https://careers.hireology.com/maxicareselect-boyntonbeachfl/
"Maxicare Select - Miami, FL",maxicareselect-miamifl,https://careers.hireology.com/maxicareselect-miamifl/
Maxicare Select - Lauderhill,maxicareselect-tamaracfl,https://careers.hireology.com/maxicareselect-tamaracfl/
Mazda City of Orange Park,mazdacityoforangepark,https://careers.hireology.com/mazdacityoforangepark/
Safford Mazda Fairfax,mazdafairfax,https://careers.hireology.com/mazdafairfax/
Findlay Mazda Henderson,mazdahenderson,https://careers.hireology.com/mazdahenderson/
Mazda of Clearwater,mazdaofclearwater,https://careers.hireology.com/mazdaofclearwater/
Mazda of Columbia,mazdaofcolumbia,https://careers.hireology.com/mazdaofcolumbia/
Mazda of North Miami,mazdaofnorthmiami,https://careers.hireology.com/mazdaofnorthmiami/
Bill McCandless Ford,mccandlessfordmercer,https://careers.hireology.com/mccandlessfordmercer/
McCandless Truck Center - Cheyenne,mccandlessglenwoodsprings,https://careers.hireology.com/mccandlessglenwoodsprings/
McCandless Truck Center - Henderson,mccandlesshenderson,https://careers.hireology.com/mccandlesshenderson/
McClary Ford,mcclaryford,https://careers.hireology.com/mcclaryford/
McCluskey Automotive,mccluskeychevrolet,https://careers.hireology.com/mccluskeychevrolet/
McDaniels Acura,mcdanielsacura,https://careers.hireology.com/mcdanielsacura/
McDaniels Acura of Charleston,mcdanielsacuraofcharleston,https://careers.hireology.com/mcdanielsacuraofcharleston/
McDaniels Acura of Newnan,mcdanielsacuraofnewnan,https://careers.hireology.com/mcdanielsacuraofnewnan/
McDaniels Acura of Newnan,mcdanielsautogroup,https://careers.hireology.com/mcdanielsautogroup/
McDaniels Ford,mcdanielsford,https://careers.hireology.com/mcdanielsford/
McDonald GMC Cadillac,mcdonaldcompanies,https://careers.hireology.com/mcdonaldcompanies/
McElwain Motor Car Company,mcelwainmotorcarcompany,https://careers.hireology.com/mcelwainmotorcarcompany/
McFarland Ford Sales Inc,mcfarlandfordsalesinc,https://careers.hireology.com/mcfarlandfordsalesinc/
McGavock Nissan of Amarillo,mcgavocknissan,https://careers.hireology.com/mcgavocknissan/
McGrath Acura of Westmont,mcgrathacuraofwestmont,https://careers.hireology.com/mcgrathacuraofwestmont/
McGrath Arlington Kia,mcgratharlingtonkia,https://careers.hireology.com/mcgratharlingtonkia/
McGrath Honda St. Charles,mcgrathhondastcharles,https://careers.hireology.com/mcgrathhondastcharles/
McGrath Evanston Subaru,mcgrathimports,https://careers.hireology.com/mcgrathimports/
McGraw Ford,mcgrawford1,https://careers.hireology.com/mcgrawford1/
Mckenzie Buick GMC,mckenziebuickgmc,https://careers.hireology.com/mckenziebuickgmc/
"McKie Ford, Inc.",mckiefordlincolninc,https://careers.hireology.com/mckiefordlincolninc/
McKinney Automotive,mckinneyautomotive1,https://careers.hireology.com/mckinneyautomotive1/
McKinney Buick GMC,mckinneybuickgmc,https://careers.hireology.com/mckinneybuickgmc/
Mckinnon Nissan,mckinnonnissan,https://careers.hireology.com/mckinnonnissan/
"McLane Ford of Fredericksburg, LLC",mclanefordoffredericksburgllc,https://careers.hireology.com/mclanefordoffredericksburgllc/
McLarty Daniel Chevrolet,mclartydanielchevrolet,https://careers.hireology.com/mclartydanielchevrolet/
McLarty Daniel Chrysler Dodge Jeep RAM Bentonville,mclartydanielchryslerdodgejeeprambentonville,https://careers.hireology.com/mclartydanielchryslerdodgejeeprambentonville/
McLarty Daniel Nissan,mclartydanielnissan,https://careers.hireology.com/mclartydanielnissan/
McLean Care Center,mcleancarecenter,https://careers.hireology.com/mcleancarecenter/
McLoughlin Place Senior Living,mcloughlinplaceseniorliving,https://careers.hireology.com/mcloughlinplaceseniorliving/
McSweeney Chevrolet GMC/ CDJR,mcsweeneyautogroup,https://careers.hireology.com/mcsweeneyautogroup/
McSweeney Chevrolet GMC/ CDJR,mcsweeneychevroletgmc,https://careers.hireology.com/mcsweeneychevroletgmc/
M&D Capital Premier Billing LLC,mdcapitalpremierbillingllc,https://careers.hireology.com/mdcapitalpremierbillingllc/
Meadowbrook Village Christian Retirement Community,meadowbrookvillagechristianretirementcommunity,https://careers.hireology.com/meadowbrookvillagechristianretirementcommunity/
Meadowcrest at Middletown,meadowcrestatmiddletown,https://careers.hireology.com/meadowcrestatmiddletown/
Mears Nissan,mearsnissan,https://careers.hireology.com/mearsnissan/
Mercedes Benz of White Plains,mecedesbenzofwhiteplains,https://careers.hireology.com/mecedesbenzofwhiteplains/
MedPro Disposal,medprodisposal,https://careers.hireology.com/medprodisposal/
Castle Rock Ford,medvedcastlerock,https://careers.hireology.com/medvedcastlerock/
Embassy Suites DFW,mehrconsultancy,https://careers.hireology.com/mehrconsultancy/
Meineke Car Care Center - Marietta 2899,meinekecarcarecenter-marietta2899,https://careers.hireology.com/meinekecarcarecenter-marietta2899/
Melloy Chevrolet,melloychevrolet,https://careers.hireology.com/melloychevrolet/
Melloy Chrysler Jeep Dodge Ram,melloychryslerjeepdodgeram,https://careers.hireology.com/melloychryslerjeepdodgeram/
Melloy Ford,melloyford,https://careers.hireology.com/melloyford/
Memphis Convalescent Center,memphisconvalescentcenter,https://careers.hireology.com/memphisconvalescentcenter/
Menorah Park,menorahpark,https://careers.hireology.com/menorahpark/
Mercantile & Mash,mercantilemash,https://careers.hireology.com/mercantilemash/
MERCEDES-BENZ OF ASHEVILLE,mercedes-benzofasheville,https://careers.hireology.com/mercedes-benzofasheville/
International Autos Elmbrook,mercedes-benzofelmbrook,https://careers.hireology.com/mercedes-benzofelmbrook/
Mercedes-Benz of Indianapolis,mercedes-benzofindianapolis,https://careers.hireology.com/mercedes-benzofindianapolis/
MERCEDES-BENZ OF JACKSONVILLE,mercedes-benzofjacksonville,https://careers.hireology.com/mercedes-benzofjacksonville/
Mercedes-Benz of New Rochelle,mercedes-benzofnewrochelle,https://careers.hireology.com/mercedes-benzofnewrochelle/
Mercedes-Benz of Oakland,mercedes-benzofoakland,https://careers.hireology.com/mercedes-benzofoakland/
Mercedes-Benz of Rochester,mercedes-benzofrochester,https://careers.hireology.com/mercedes-benzofrochester/
Mercedes-Benz of Rochester,mercedes-benzofrochesterhills,https://careers.hireology.com/mercedes-benzofrochesterhills/
Mercedes-Benz of San Francisco,mercedes-benzofsanfrancisco,https://careers.hireology.com/mercedes-benzofsanfrancisco/
Mercedes Benz of Little Rock,mercedesbenzoflittlerock,https://careers.hireology.com/mercedesbenzoflittlerock/
Mercedes Benz of Melbourne,mercedesbenzofmelbourne,https://careers.hireology.com/mercedesbenzofmelbourne/
Mercedes Benz of Myrtle Beach,mercedesbenzofmyrtlebeach,https://careers.hireology.com/mercedesbenzofmyrtlebeach/
MERCEDES BENZ OF ORLAND PARK,mercedesbenzoforlandpark,https://careers.hireology.com/mercedesbenzoforlandpark/
Mercedes Benz of Salem,mercedesbenzofsalem,https://careers.hireology.com/mercedesbenzofsalem/
Mercedes Benz of Tucson,mercedesbenzoftuscon,https://careers.hireology.com/mercedesbenzoftuscon/
Mercedes-Benz of Westminster,mercedesbenzofwestminster,https://careers.hireology.com/mercedesbenzofwestminster/
Meridian Health Partners,meridianhealthpartners,https://careers.hireology.com/meridianhealthpartners/
Merlo Construction,merloconstruction,https://careers.hireology.com/merloconstruction/
Mesa Vista Inn Health Center,mesavistainnhealthcenter,https://careers.hireology.com/mesavistainnhealthcenter/
Matthews Kia of Cartersville,metrokia,https://careers.hireology.com/metrokia/
Metro Kia of Madison,metrokiaofmadison,https://careers.hireology.com/metrokiaofmadison/
"Metro Logics, Inc",metrologicsinc,https://careers.hireology.com/metrologicsinc/
"Metro Mobile Electronics, LLC",metromobileelectronicsllc,https://careers.hireology.com/metromobileelectronicsllc/
Metropolitan Pediatric Dentistry & Orthodontics,metropolitanpediatricdental,https://careers.hireology.com/metropolitanpediatricdental/
Metter Ford,metterford,https://careers.hireology.com/metterford/
Meuth Concrete,meuthconcrete,https://careers.hireology.com/meuthconcrete/
"Meyer Automotive, Inc",meyerautomotiveinc,https://careers.hireology.com/meyerautomotiveinc/
MHG Hotels - Corporate,mhgcorporateoffice,https://careers.hireology.com/mhgcorporateoffice/
Michael Hohl Chevrolet GMC Cadillac,michaelhohlautomotivegroup,https://careers.hireology.com/michaelhohlautomotivegroup/
Michigan City Hyundai,michigancityhyundai,https://careers.hireology.com/michigancityhyundai/
Michigan City Kia,michigancitykia,https://careers.hireology.com/michigancitykia/
Microtel Inn & Suites By Wyndham - Altoona,microtelinnsuitesbywyndham-altoona,https://careers.hireology.com/microtelinnsuitesbywyndham-altoona/
Middletown Hotel Management,middletownhotelmanagement,https://careers.hireology.com/middletownhotelmanagement/
Midland Ford Lincoln,midlandfordlincoln,https://careers.hireology.com/midlandfordlincoln/
"Midwest Healthcare Providers, Inc",midwesthealthcareprovidersinc,https://careers.hireology.com/midwesthealthcareprovidersinc/
MPAC Healthcare,midwestpostacutecarepllc,https://careers.hireology.com/midwestpostacutecarepllc/
Midwest Transit Equipment,midwesttransitequipment,https://careers.hireology.com/midwesttransitequipment/
Mighty Auto Parts,mightyautopartsofatlanta,https://careers.hireology.com/mightyautopartsofatlanta/
Mike Bass Ford,mikebassford,https://careers.hireology.com/mikebassford/
"Mike Carpino Ford, Inc",mikecarpinofordinc,https://careers.hireology.com/mikecarpinofordinc/
"Mike Carpino Ford Parsons, Inc",mikecarpinofordparsonsinc,https://careers.hireology.com/mikecarpinofordparsonsinc/
"Mike Carpino Ford Pittsburg, Inc",mikecarpinofordpittsburginc,https://careers.hireology.com/mikecarpinofordpittsburginc/
Mike Rezi Nissan Atlanta,mikerezinissanatlanta,https://careers.hireology.com/mikerezinissanatlanta/
Mike Savoie Chevrolet Inc,mikesavoiechevroletinc,https://careers.hireology.com/mikesavoiechevroletinc/
Milea Auto Group,mileaautogroup,https://careers.hireology.com/mileaautogroup/
Miles Chevrolet,mileschevrolet,https://careers.hireology.com/mileschevrolet/
Skyline Place Senior Living,milestoneretirementcommunities,https://careers.hireology.com/milestoneretirementcommunities/
Milestone Senior Living Cross Plains,milestoneseniorlivingcrossplains,https://careers.hireology.com/milestoneseniorlivingcrossplains/
Milestone Senior Living EAU Claire,milestoneseniorlivingeauclaire,https://careers.hireology.com/milestoneseniorlivingeauclaire/
Milestone Senior Living Rhinelander,milestoneseniorlivingrhinelander,https://careers.hireology.com/milestoneseniorlivingrhinelander/
Milestone Senior Living Tomahawk,milestoneseniorlivingtomahawk,https://careers.hireology.com/milestoneseniorlivingtomahawk/
Milestone Senior Living Woodruff,milestoneseniorlivingwoodruff,https://careers.hireology.com/milestoneseniorlivingwoodruff/
Milwaukee Division,milwaukeedivision,https://careers.hireology.com/milwaukeedivision/
Milwaukee Powersports,milwaukeepowersports,https://careers.hireology.com/milwaukeepowersports/
Mineral Wells Nursing & Rehabilitation,mineralwellsnursingrehabilitation,https://careers.hireology.com/mineralwellsnursingrehabilitation/
Minot Automotive Company,minotautomotivecenterinc,https://careers.hireology.com/minotautomotivecenterinc/
Gallatin Ford,miracleford,https://careers.hireology.com/miracleford/
Mission Community Hospital,missioncommunityhospital,https://careers.hireology.com/missioncommunityhospital/
Mission Ridge Nursing & Rehabilitation,missionridgenursingrehabilitationopening2020,https://careers.hireology.com/missionridgenursingrehabilitationopening2020/
Mitchell Buick GMC,mitchellbuickgmc,https://careers.hireology.com/mitchellbuickgmc/
Mitchell Selig Ford,mitchellseligford,https://careers.hireology.com/mitchellseligford/
Mitchell Auto Body Shop,mitchellvolvooflitchfield,https://careers.hireology.com/mitchellvolvooflitchfield/
M J McGuire Company,mjmcguirecompany,https://careers.hireology.com/mjmcguirecompany/
Sylvan Shores Health & Wellness,mlhealthcare,https://careers.hireology.com/mlhealthcare/
MLS Senior Care LLC,mlsseniorcarellc,https://careers.hireology.com/mlsseniorcarellc/
"Mock's Ford Sales, Inc",mocksfordsalesinc,https://careers.hireology.com/mocksfordsalesinc/
Model 1 Ford of Warsaw,model1fordofwarsaw,https://careers.hireology.com/model1fordofwarsaw/
Modern Amenities,modernamenities,https://careers.hireology.com/modernamenities/
S. Wealth Corporation,modernwellness,https://careers.hireology.com/modernwellness/
Monarch Ford,monarchford,https://careers.hireology.com/monarchford/
Moore County Hospital District,moorecountyhospitaldistrict,https://careers.hireology.com/moorecountyhospitaldistrict/
Moran Automotive Group,moranautomotivegroup,https://careers.hireology.com/moranautomotivegroup/
Moran Blue Water CDJR,moranbluewatercdjr,https://careers.hireology.com/moranbluewatercdjr/
Morgan Buick GMC Shreveport,morganbuickgmcshreveport,https://careers.hireology.com/morganbuickgmcshreveport/
Morgan Hyundai,morganhyundai,https://careers.hireology.com/morganhyundai/
Morgantown Toyota Mitsubishi,morgantowntoyotamitsubishi,https://careers.hireology.com/morgantowntoyotamitsubishi/
Moritz Kia - Alliance,moritzkia-alliance,https://careers.hireology.com/moritzkia-alliance/
Moritz Kia - Ft. Worth,moritzkia-ftworth,https://careers.hireology.com/moritzkia-ftworth/
Morlan Ford - Lincoln,morlanford-lincoln,https://careers.hireology.com/morlanford-lincoln/
Morristown Nissan,morristownnissan,https://careers.hireology.com/morristownnissan/
Moses Ford Lincoln BMW,mosesford,https://careers.hireology.com/mosesford/
Moses Honda Volkswagen,moseshondavolkswagen,https://careers.hireology.com/moseshondavolkswagen/
Moses Nissan,mosesnissan,https://careers.hireology.com/mosesnissan/
Moses Toyota Lexus,mosestoyota,https://careers.hireology.com/mosestoyota/
Moss Bros. Auto Group,mossbrosautogroup,https://careers.hireology.com/mossbrosautogroup/
Moss Bros. GMC of Moreno Valley,mossbrosbuickgmc,https://careers.hireology.com/mossbrosbuickgmc/
Moss Bros. Chevrolet of Moreno Valley,mossbroschevrolet,https://careers.hireology.com/mossbroschevrolet/
Moss Bros. Chrysler Dodge Jeep Ram Moreno Valley,mossbroschryslerdodgejeepram,https://careers.hireology.com/mossbroschryslerdodgejeepram/
Moss Bros. Chrysler Dodge Jeep Ram Riverside,mossbroschryslerdodgejeepramriverside,https://careers.hireology.com/mossbroschryslerdodgejeepramriverside/
Moss Bros. Toyota of Moreno Valley,mossbrostoyota,https://careers.hireology.com/mossbrostoyota/
Mercedes Benz of Lafayette LA,mossmotorsinc,https://careers.hireology.com/mossmotorsinc/
Mossy Auto Group,mossyautogroup,https://careers.hireology.com/mossyautogroup/
"Mossy Chrysler, Dodge, Ram, Jeep Chula Vista",mossychryslerdodgeramjeepchulavista,https://careers.hireology.com/mossychryslerdodgeramjeepchulavista/
Mossy Ford,mossyford,https://careers.hireology.com/mossyford/
Mossy Honda Lemon Grove,mossyhondaoflemongrove,https://careers.hireology.com/mossyhondaoflemongrove/
Mossy Nissan Kearny Mesa/Infiniti of Kearny Mesa,mossynissankearnymesa,https://careers.hireology.com/mossynissankearnymesa/
Mossy Nissan National City,mossynissannationalcity,https://careers.hireology.com/mossynissannationalcity/
Mossy Nissan Oceanside/Infiniti of Oceanside,mossynissanoceanside,https://careers.hireology.com/mossynissanoceanside/
Mossy Nissan Chula Vista,mossynissanofchulavista,https://careers.hireology.com/mossynissanofchulavista/
Mossy Nissan El Cajon,mossynissanofelcajon,https://careers.hireology.com/mossynissanofelcajon/
Mossy Nissan Escondido/Infiniti of Escondido,mossynissanofescondido,https://careers.hireology.com/mossynissanofescondido/
Mossy Toyota San Diego,mossytoyotasandiego,https://careers.hireology.com/mossytoyotasandiego/
Mossy Volkswagen Escondido,mossyvolkswagenescondido,https://careers.hireology.com/mossyvolkswagenescondido/
MotorCars of Atlanta,motorcarsofgeorgia,https://careers.hireology.com/motorcarsofgeorgia/
Motor Home Specialist,motorhomespecialist,https://careers.hireology.com/motorhomespecialist/
Mountain Grove Ford,mountaingroveford,https://careers.hireology.com/mountaingroveford/
Mountain Home Auto Ranch,mountainhomeautoranch,https://careers.hireology.com/mountainhomeautoranch/
Mountain Home Auto Ranch Ford Lincoln,mountainhomeautoranchfordlincoln,https://careers.hireology.com/mountainhomeautoranchfordlincoln/
Mountain View Health & Rehabilitation,mountainviewhealthrehabilitation,https://careers.hireology.com/mountainviewhealthrehabilitation/
Moxie Woodfire Grill,moxiewoodfiregrill,https://careers.hireology.com/moxiewoodfiregrill/
Moxy Virginia Beach Oceanfront,moxyvirginiabeachoceanfront,https://careers.hireology.com/moxyvirginiabeachoceanfront/
Collingwood Window Cleaning,mphomemaintenancework-watford,https://careers.hireology.com/mphomemaintenancework-watford/
Peterborough Window Cleaning,mphomemaintenancework-whitby,https://careers.hireology.com/mphomemaintenancework-whitby/
Mentor Nissan,mpsbeachwood,https://careers.hireology.com/mpsbeachwood/
Mr and Mrs Restore,mrandmrsrestore,https://careers.hireology.com/mrandmrsrestore/
Residence Inn Memphis Downtown,mriresidenceinnmemphisdowntown,https://careers.hireology.com/mriresidenceinnmemphisdowntown/
Deer Creek Lodge and Conference Center,mtsterling-deercreekstatepark,https://careers.hireology.com/mtsterling-deercreekstatepark/
Mullican Care Center,mullicancarecenter,https://careers.hireology.com/mullicancarecenter/
Mullinax Ford Apopka,mullinaxford,https://careers.hireology.com/mullinaxford/
Mullinax Ford of New Smyrna Beach,mullinaxfordofsmyrnabeach,https://careers.hireology.com/mullinaxfordofsmyrnabeach/
The UPS Store #6238,multi-locationowner-ellisknickerbocker,https://careers.hireology.com/multi-locationowner-ellisknickerbocker/
The UPS Store Suffolk #5805,multi-locationowner-herviecheatham,https://careers.hireology.com/multi-locationowner-herviecheatham/
The UPS Store - LAL Horizons LLC,multi-locationowner-joshmcmillankevinallen,https://careers.hireology.com/multi-locationowner-joshmcmillankevinallen/
The UPS Store,multi-locationowner-michaelstephaniegray,https://careers.hireology.com/multi-locationowner-michaelstephaniegray/
The UPS Store #0985,multi-locationowner-peterthurkauf,https://careers.hireology.com/multi-locationowner-peterthurkauf/
UPS Multi-Location,multi-locationowner-shaileshpatel,https://careers.hireology.com/multi-locationowner-shaileshpatel/
The UPS Store #2566,multi-locationowner-soniasohal,https://careers.hireology.com/multi-locationowner-soniasohal/
"The UPS Store #0318, #6132, #5901",multi-locationowner-ssohal,https://careers.hireology.com/multi-locationowner-ssohal/
Multi-location Owner - Waldo Rodriguez,multi-locationowner-waldorodriguez,https://careers.hireology.com/multi-locationowner-waldorodriguez/
Music City Recon,musiccityrecon,https://careers.hireology.com/musiccityrecon/
NaBeX Care,nabexcare,https://careers.hireology.com/nabexcare/
Nala Care,nalacare,https://careers.hireology.com/nalacare/
Naniq Global Logistics - Anchorage,naniqgloballogistics-anchorage,https://careers.hireology.com/naniqgloballogistics-anchorage/
"Naniq Global Logistics- Honolulu, HI",naniqgloballogistics-honoluluhi,https://careers.hireology.com/naniqgloballogistics-honoluluhi/
Naniq Global Logistics - Kahului,naniqgloballogistics-kahuluihi,https://careers.hireology.com/naniqgloballogistics-kahuluihi/
Naniq Global Logistics - Kapolei,naniqgloballogistics-kapoleihi,https://careers.hireology.com/naniqgloballogistics-kapoleihi/
Naniq Global Logistics - Lihue,naniqgloballogistics-lihuehi,https://careers.hireology.com/naniqgloballogistics-lihuehi/
Naples Nissan,naplesnissan,https://careers.hireology.com/naplesnissan/
Valley Hyundai,napletonautomotivegroup,https://careers.hireology.com/napletonautomotivegroup/
Kissimmee Chrysler Jeep Dodge Ram,napletonchryslerjeepdodgeram,https://careers.hireology.com/napletonchryslerjeepdodgeram/
Clermont Chrysler Jeep Dodge Ram,napletonclermontchryslerjeepdodgeram,https://careers.hireology.com/napletonclermontchryslerjeepdodgeram/
Ellwood City Chrysler Jeep Dodge Ram,napletonellwoodcitychryslerjeepdodgeram,https://careers.hireology.com/napletonellwoodcitychryslerjeepdodgeram/
Kissimmee Chrysler Jeep Dodge Ram,napletonflorida,https://careers.hireology.com/napletonflorida/
Valley Hyundai,napletonillinois,https://careers.hireology.com/napletonillinois/
Napleton Indiana,napletonindiana,https://careers.hireology.com/napletonindiana/
St. Louis Hyundai,napletonmissouri,https://careers.hireology.com/napletonmissouri/
River Oaks Honda,napletonriveroakshonda,https://careers.hireology.com/napletonriveroakshonda/
Arlington Heights Chrysler Jeep Dodge Ram,napletonsarlingtonheightschryslerjeepdodgeram,https://careers.hireology.com/napletonsarlingtonheightschryslerjeepdodgeram/
Aston Martin of Chicago,napletonsastonmartinofchicago,https://careers.hireology.com/napletonsastonmartinofchicago/
Mid Rivers Chrysler Jeep Dodge Ram,napletonsmidriverschryslerjeepdodgeram,https://careers.hireology.com/napletonsmidriverschryslerjeepdodgeram/
Mid Rivers Kia,napletonsmidriverskia,https://careers.hireology.com/napletonsmidriverskia/
Northlake Kia,napletonsnorthlakekia,https://careers.hireology.com/napletonsnorthlakekia/
North Palm Hyundai,napletonsnorthpalmhyundai,https://careers.hireology.com/napletonsnorthpalmhyundai/
River Oaks Chrysler Jeep Dodge Ram,napletonsriveroakschryslerjeepdodgeram,https://careers.hireology.com/napletonsriveroakschryslerjeepdodgeram/
St. Louis Hyundai,napletonstlouishyundai,https://careers.hireology.com/napletonstlouishyundai/
St. Louis Nissan,napletonstlouisnissan,https://careers.hireology.com/napletonstlouisnissan/
Toyota of Urbana,napletonstoyotaofurbana,https://careers.hireology.com/napletonstoyotaofurbana/
Valley Hyundai,napletonsvalleyhyundai,https://careers.hireology.com/napletonsvalleyhyundai/
Volkswagen of Orlando,napletonsvolkswagenoforlando,https://careers.hireology.com/napletonsvolkswagenoforlando/
Volkswagen of Sanford,napletonsvolkswagenofsanford,https://careers.hireology.com/napletonsvolkswagenofsanford/
NAPPCO Fastener Company,nappcofastener,https://careers.hireology.com/nappcofastener/
Performance Dodge Chrysler Jeep,natchezford,https://careers.hireology.com/natchezford/
National Care Advisors,nationalcareadvisors,https://careers.hireology.com/nationalcareadvisors/
Natural Purity,naturalpurity,https://careers.hireology.com/naturalpurity/
Navasota Nursing & Rehabilitation,navasotanursingrehabilitation,https://careers.hireology.com/navasotanursingrehabilitation/
North State Dental Partners Inc.,ncdental,https://careers.hireology.com/ncdental/
Nels Gunderson Chevrolet Inc,nelsgundersonchevroletinc,https://careers.hireology.com/nelsgundersonchevroletinc/
Nelson Mazda Murfreesboro,nelsonautomotive,https://careers.hireology.com/nelsonautomotive/
Nelson CDJR of Grand Forks,nelsoncdjr,https://careers.hireology.com/nelsoncdjr/
Nelson Auto Center,nelsonford,https://careers.hireology.com/nelsonford/
"Nelson Ford, Inc",nelsonfordinc,https://careers.hireology.com/nelsonfordinc/
Nelson Mazda Cool Springs,nelsonmazdacoolsprings,https://careers.hireology.com/nelsonmazdacoolsprings/
Nelson Mazda Murfreesboro,nelsonmazdaofmurfreesboro,https://careers.hireology.com/nelsonmazdaofmurfreesboro/
Nemer Ford,nemerford,https://careers.hireology.com/nemerford/
New Albany Country Club,newalbanycountryclub,https://careers.hireology.com/newalbanycountryclub/
"Newberg Ford, Inc",newbergfordinc,https://careers.hireology.com/newbergfordinc/
New Brighton Ford,newbrightonford,https://careers.hireology.com/newbrightonford/
Punderson Manor Lodge,newbury-pundersonmanor,https://careers.hireology.com/newbury-pundersonmanor/
NEWCare,newcare,https://careers.hireology.com/newcare/
New Country BMW,newcountrybmw,https://careers.hireology.com/newcountrybmw/
New Country MINI,newcountrymini,https://careers.hireology.com/newcountrymini/
Little Duckling Early Learning Schools,newdirectionchurchlittleducklingdaycareii,https://careers.hireology.com/newdirectionchurchlittleducklingdaycareii/
New Haven Assisted Living of Bastrop,newhavenassistedlivingofbastrop,https://careers.hireology.com/newhavenassistedlivingofbastrop/
New Haven Assisted Living of Floresville,newhavenassistedlivingoffloresville,https://careers.hireology.com/newhavenassistedlivingoffloresville/
New Haven Assisted Living of Kerrville,newhavenassistedlivingofkerrville,https://careers.hireology.com/newhavenassistedlivingofkerrville/
New Haven Assisted Living of Kyle,newhavenassistedlivingofkyle,https://careers.hireology.com/newhavenassistedlivingofkyle/
"Newly Weds Foods- Cleveland, TN",newlywedsfood-clevelandtn,https://careers.hireology.com/newlywedsfood-clevelandtn/
"Newly Weds Foods- Gerald, MO",newlywedsfood-geraldmo,https://careers.hireology.com/newlywedsfood-geraldmo/
"Newly Weds Foods- Bethlehem, PA",newlywedsfoods-bethlehempa,https://careers.hireology.com/newlywedsfoods-bethlehempa/
"Newly Weds Foods- Broadview, IL",newlywedsfoods-broadviewil,https://careers.hireology.com/newlywedsfoods-broadviewil/
"Newly Weds Foods- Chicago, IL",newlywedsfoods-chicagoil,https://careers.hireology.com/newlywedsfoods-chicagoil/
"Newly Weds Foods - Dyersburg, TN",newlywedsfoods-corporate,https://careers.hireology.com/newlywedsfoods-corporate/
"Newly Weds Foods- Erlanger, KY",newlywedsfoods-erlangerky,https://careers.hireology.com/newlywedsfoods-erlangerky/
"Newly Weds Foods- Horn Lake, MS",newlywedsfoods-hornlakems,https://careers.hireology.com/newlywedsfoods-hornlakems/
"Newly Weds Foods- Mt. Pleasant, TX",newlywedsfoods-mtpleasanttx,https://careers.hireology.com/newlywedsfoods-mtpleasanttx/
"Newly Weds Foods- Springdale, AR",newlywedsfoods-springdalear,https://careers.hireology.com/newlywedsfoods-springdalear/
"Newly Weds Foods- Watertown, MA",newlywedsfoods-watertownma,https://careers.hireology.com/newlywedsfoods-watertownma/
"Newly Weds Foods- Yorkville, IL",newlywedsfoods-yorkvilleil,https://careers.hireology.com/newlywedsfoods-yorkvilleil/
Newport Harbor Yacht Club,newportharbouryachtclub,https://careers.hireology.com/newportharbouryachtclub/
Newport Hospitality Group,newporthospitalitygroup,https://careers.hireology.com/newporthospitalitygroup/
"New Roads Motor Company, LLC",newroadsmotorcompanyllc,https://careers.hireology.com/newroadsmotorcompanyllc/
New Smyrna Beach Chevrolet,newsmyrnabeachchevrolet,https://careers.hireology.com/newsmyrnabeachchevrolet/
Newton Chevrolet of Russellville,newtonchevroletofrussellville,https://careers.hireology.com/newtonchevroletofrussellville/
Newton Ford South,newtonfordsouth,https://careers.hireology.com/newtonfordsouth/
Newton Nissan South,newtonmotorgroup,https://careers.hireology.com/newtonmotorgroup/
Newton Nissan of Gallatin,newtonnissanofgallatin,https://careers.hireology.com/newtonnissanofgallatin/
New Wave Home Care,newwavehomecare,https://careers.hireology.com/newwavehomecare/
New Way Ford,newwayfordpocahontas,https://careers.hireology.com/newwayfordpocahontas/
Nextpoint,nextpoint,https://careers.hireology.com/nextpoint/
NFS Orthopaedic Associates,nfsorthopaedicassociates,https://careers.hireology.com/nfsorthopaedicassociates/
NGV Enterprises LLC,ngventerprisesllc,https://careers.hireology.com/ngventerprisesllc/
Luxury Auto Mall of Sioux Falls,niceenterprise,https://careers.hireology.com/niceenterprise/
Nissan of Cape Coral,nissanofcapecoral,https://careers.hireology.com/nissanofcapecoral/
Nissan of Everett,nissanofeverett,https://careers.hireology.com/nissanofeverett/
Nissan of Fort Myers,nissanoffortmyers,https://careers.hireology.com/nissanoffortmyers/
Nobu Miami,noburestaurantgroup,https://careers.hireology.com/noburestaurantgroup/
Nocona Rehabilitation and Care Center,noconarehabilitationcarecenter,https://careers.hireology.com/noconarehabilitationcarecenter/
Norfolk Motor Company,norfolkmotorcompany,https://careers.hireology.com/norfolkmotorcompany/
NORFOLK TRUCK CENTER,norfolktruckcenter,https://careers.hireology.com/norfolktruckcenter/
Normandy Terrace Nursing and Rehabilitation Center,normandyterracenursingandrehabilitationcenter,https://careers.hireology.com/normandyterracenursingandrehabilitationcenter/
North Central International - E Grand Forks,northcentralinternational-egrandforks,https://careers.hireology.com/northcentralinternational-egrandforks/
North Central International - Saint Cloud,northcentralinternational-saintcloud,https://careers.hireology.com/northcentralinternational-saintcloud/
North Central International - Willmar,northcentralinternational-willmar,https://careers.hireology.com/northcentralinternational-willmar/
North Country Ford / CDJR,northcountryfordcdjr,https://careers.hireology.com/northcountryfordcdjr/
North East Ford,northeastford,https://careers.hireology.com/northeastford/
North End Motors,northendmitsubishi,https://careers.hireology.com/northendmitsubishi/
Blue Compass RV Chattanooga,northgatervcenter-ringgold,https://careers.hireology.com/northgatervcenter-ringgold/
Northlake CDJR,northpalmcdjr,https://careers.hireology.com/northpalmcdjr/
North Park Health and Rehabilitation,northparkhealthandrehabilitation,https://careers.hireology.com/northparkhealthandrehabilitation/
NorthPoint Aviation,northpointaviation,https://careers.hireology.com/northpointaviation/
North Pointe Nursing & Rehabilitation,northpointenursingrehabilitation,https://careers.hireology.com/northpointenursingrehabilitation/
North Reading Subaru,northreadingsubaru,https://careers.hireology.com/northreadingsubaru/
Blue Compass RV Lexington,northsidefamilyrv,https://careers.hireology.com/northsidefamilyrv/
NorthStar Buick GMC Inc.,northstarbuickgmcinc,https://careers.hireology.com/northstarbuickgmcinc/
Northwestern Mutual - Greater Chicago,northwesternmutualgoris,https://careers.hireology.com/northwesternmutualgoris/
Northwest Hills Chevrolet GMC Cadillac,northwesthillschevroletbuickgmc,https://careers.hireology.com/northwesthillschevroletbuickgmc/
Northwest School of Music - Salem,northwestschoolofmusic-salem,https://careers.hireology.com/northwestschoolofmusic-salem/
Northwoods Ford Inc,northwoodsfordinc1,https://careers.hireology.com/northwoodsfordinc1/
"Nothing Bundt Cakes - Clermont, FL",nothingbundtcakes-clermontfl,https://careers.hireology.com/nothingbundtcakes-clermontfl/
"Nothing Bundt Cakes - Lakeland, FL",nothingbundtcakes-lakelandfl,https://careers.hireology.com/nothingbundtcakes-lakelandfl/
Nothing Bundt Cakes - Lake Mary,nothingbundtcakes-lakemary,https://careers.hireology.com/nothingbundtcakes-lakemary/
"Nothing Bundt Cakes - Orlando / Waterford Lakes, FL",nothingbundtcakes-melissaalbert-parentaccount,https://careers.hireology.com/nothingbundtcakes-melissaalbert-parentaccount/
"Nothing Bundt Cakes - Orlando / Waterford Lakes, FL",nothingbundtcakes-orlandoalafaya,https://careers.hireology.com/nothingbundtcakes-orlandoalafaya/
"Nothing Bundt Cakes - Orlando/Sand Lake, FL",nothingbundtcakes-orlandosandlakefl,https://careers.hireology.com/nothingbundtcakes-orlandosandlakefl/
Nourse Automotive Group,noursefamilyofdealerships,https://careers.hireology.com/noursefamilyofdealerships/
O-Ku Sushi Alys Beach,o-ku-alysbeach,https://careers.hireology.com/o-ku-alysbeach/
O-Ku Sushi Atlanta,o-ku-atlanta,https://careers.hireology.com/o-ku-atlanta/
O-Ku Sushi Charleston,o-ku-charleston,https://careers.hireology.com/o-ku-charleston/
O-Ku Sushi Charlotte,o-ku-charlotte,https://careers.hireology.com/o-ku-charlotte/
O-Ku Sushi Jacksonville Beach,o-ku-jacksonvillebeach,https://careers.hireology.com/o-ku-jacksonvillebeach/
O-Ku Sushi Nashville,o-ku-nashville,https://careers.hireology.com/o-ku-nashville/
O-Ku Sushi Raleigh,o-ku-raleigh,https://careers.hireology.com/o-ku-raleigh/
O-Ku Sushi Tampa,o-kusushitampa,https://careers.hireology.com/o-kusushitampa/
Cedar Shore Resort & Conference Center,oacoma-arrowwoodresortatcedarshore,https://careers.hireology.com/oacoma-arrowwoodresortatcedarshore/
Oakes Kia,oakesautogroup,https://careers.hireology.com/oakesautogroup/
Oakes GMC,oakesbuickgmc,https://careers.hireology.com/oakesbuickgmc/
Oakes Kia,oakeskia,https://careers.hireology.com/oakeskia/
Oakes Kia of Olathe,oakeskiaofolathe,https://careers.hireology.com/oakeskiaofolathe/
Oakmont Healthcare and Rehabilitation of Humble,oakmonthealthcareandrehabilitationofhumble,https://careers.hireology.com/oakmonthealthcareandrehabilitationofhumble/
Oakmont Healthcare and Rehabilitation of Katy,oakmonthealthcareandrehabilitationofkaty,https://careers.hireology.com/oakmonthealthcareandrehabilitationofkaty/
Oak Ridge Manor,oakridgemanor,https://careers.hireology.com/oakridgemanor/
Bristol Chevrolet,oakridgenissan,https://careers.hireology.com/oakridgenissan/
Oak Steakhouse Atlanta,oaksteakhouse-atlanta,https://careers.hireology.com/oaksteakhouse-atlanta/
Oak Steakhouse Charleston,oaksteakhouse-charleston,https://careers.hireology.com/oaksteakhouse-charleston/
Oak Steakhouse Highlands,oaksteakhouse-highlands,https://careers.hireology.com/oaksteakhouse-highlands/
Oak Steakhouse Nashville,oaksteakhouse-nashville,https://careers.hireology.com/oaksteakhouse-nashville/
Oakwood Senior Living,oakwoodseniorliving,https://careers.hireology.com/oakwoodseniorliving/
O. A. Newton,oanewton,https://careers.hireology.com/oanewton/
Oasis Nursing & Rehab,oasisnursingrehab,https://careers.hireology.com/oasisnursingrehab/
Lexus of Peoria,obrienlexusofpeoria,https://careers.hireology.com/obrienlexusofpeoria/
Toyota of Peoria,obrientoyotaofpeoria,https://careers.hireology.com/obrientoyotaofpeoria/
Ocean Havens,oceanhavens,https://careers.hireology.com/oceanhavens/
Ocean Place Resort & Spa,oceanplaceresortspa,https://careers.hireology.com/oceanplaceresortspa/
"OC Welch Ford Lincoln, Inc.",ocwelchfordlincoln,https://careers.hireology.com/ocwelchfordlincoln/
O'GARA Beverly Hills,ogaracoachcompanyllcdbaogarabeverlyhills,https://careers.hireology.com/ogaracoachcompanyllcdbaogarabeverlyhills/
OK Carz,okcarz,https://careers.hireology.com/okcarz/
Olde Naples Hotel,oldenapleshotel,https://careers.hireology.com/oldenapleshotel/
The Glen House,olympiahospitality,https://careers.hireology.com/olympiahospitality/
Omatochi,omatochicorp,https://careers.hireology.com/omatochicorp/
O'Meara GMC,omearabuickgmc,https://careers.hireology.com/omearabuickgmc/
O'Meara Ford,omearaford,https://careers.hireology.com/omearaford/
O'Meara GMC,omearamotors,https://careers.hireology.com/omearamotors/
O'Meara Volkswagen,omearavolkswagen,https://careers.hireology.com/omearavolkswagen/
O'Neil GMC,oneilbuickgmc,https://careers.hireology.com/oneilbuickgmc/
Oneonta Ford LLC,oneontafordllc,https://careers.hireology.com/oneontafordllc/
Ontario Auto Ranch Ford,ontarioautoranchford,https://careers.hireology.com/ontarioautoranchford/
Opal Sol,opalcollection,https://careers.hireology.com/opalcollection/
Opal Corporate Office,opalcorporateoffice,https://careers.hireology.com/opalcorporateoffice/
Opal Grand Resort,opalgrandresort,https://careers.hireology.com/opalgrandresort/
Opal Key Resort & Marina,opalkeyresortmarina,https://careers.hireology.com/opalkeyresortmarina/
Opal Sands Resort,opalsandsresort,https://careers.hireology.com/opalsandsresort/
Opal Sol,opalsol,https://careers.hireology.com/opalsol/
Bobcat of Opelika- Leppo Rents,opelikaal,https://careers.hireology.com/opelikaal/
Orlando Marriott Lake Mary,orlandomarriottlakemary,https://careers.hireology.com/orlandomarriottlakemary/
Subaru Evergreen Park,orlandparkdivision,https://careers.hireology.com/orlandparkdivision/
Orland Toyota,orlandtoyota,https://careers.hireology.com/orlandtoyota/
Oro Ford,oroford,https://careers.hireology.com/oroford/
OrthoSynetics Inc,orthosyneticsinc,https://careers.hireology.com/orthosyneticsinc/
Osseo Ford Sales & Service Inc,osseoautomotive,https://careers.hireology.com/osseoautomotive/
Ourisman Kia,ourismanchantillykia,https://careers.hireology.com/ourismanchantillykia/
Ourisman Chevrolet Buick GMC Of Alexandria,ourismanchevroletbuickgmcofalexandria,https://careers.hireology.com/ourismanchevroletbuickgmcofalexandria/
Ourisman Fairfax Toyota,ourismanfairfaxtoyota,https://careers.hireology.com/ourismanfairfaxtoyota/
Ourisman Ford & Lincoln,ourismanworldofford,https://careers.hireology.com/ourismanworldofford/
Out of the Box Solutions,outoftheboxsolutions,https://careers.hireology.com/outoftheboxsolutions/
"Ovation CWA, LLC",ovationcwallc,https://careers.hireology.com/ovationcwallc/
Ovation Hospice of Phoenix,ovationhospiceofphoenix,https://careers.hireology.com/ovationhospiceofphoenix/
Ovation Hospice of Denver,ovationprimarycarehospice,https://careers.hireology.com/ovationprimarycarehospice/
Ovation Hospice of Salt Lake,ovationprimarycarehospice-colorado,https://careers.hireology.com/ovationprimarycarehospice-colorado/
Overton Hotel & Conference Center,overtonhotelconferencecenter,https://careers.hireology.com/overtonhotelconferencecenter/
Ozark Chevrolet,ozarkchevrolet,https://careers.hireology.com/ozarkchevrolet/
Pacific Palms Resort,pacificpalmsresort,https://careers.hireology.com/pacificpalmsresort/
Packer City International - Appleton,packercityinternational-appleton,https://careers.hireology.com/packercityinternational-appleton/
Packer City International - Shawano,packercityinternational-shawano,https://careers.hireology.com/packercityinternational-shawano/
Pahrump Valley Auto Plaza,pahrumpvalleyautoplaza,https://careers.hireology.com/pahrumpvalleyautoplaza/
Palm Bay Ford,palmbayford,https://careers.hireology.com/palmbayford/
Palm Beach Gardens Marriott,palmbeachgardensmarriott,https://careers.hireology.com/palmbeachgardensmarriott/
I-95 Nissan,palmbeachnissan,https://careers.hireology.com/palmbeachnissan/
Palm Coast Ford,palmcoastford,https://careers.hireology.com/palmcoastford/
Palmen CDJR of Racine,palmencdjrofracine,https://careers.hireology.com/palmencdjrofracine/
Palmen Motors Kenosha Campus,palmenmotorscampus,https://careers.hireology.com/palmenmotorscampus/
Pandya Medical Center,pandyamedicalcenter,https://careers.hireology.com/pandyamedicalcenter/
"Pandya Medical Center - Cumming, GA",pandyamedicalcenter-cummingga,https://careers.hireology.com/pandyamedicalcenter-cummingga/
"Pandya Medical Center - Johns Creek, GA",pandyamedicalcenter-johnscreekga,https://careers.hireology.com/pandyamedicalcenter-johnscreekga/
"Paradise Locker, Inc.",paradiselockerinc,https://careers.hireology.com/paradiselockerinc/
"Paramount Field Services, LLC",paramountfieldservicesllc,https://careers.hireology.com/paramountfieldservicesllc/
Paretti Family of Dealerships,parettiautogroup,https://careers.hireology.com/parettiautogroup/
Paretti Imports,parettiimports,https://careers.hireology.com/parettiimports/
Paris Chevrolet GMC,parischevroletbuickgmc,https://careers.hireology.com/parischevroletbuickgmc/
"Parker Ford, Inc",parkerfordinc,https://careers.hireology.com/parkerfordinc/
Parker Place Retirement Community,parkerplaceretirementcommunity,https://careers.hireology.com/parkerplaceretirementcommunity/
"Park Ford of Mahopac, Inc",parkfordofmahopacinc,https://careers.hireology.com/parkfordofmahopacinc/
Park Highlands Nursing and Rehabilitation Center,parkhighlandsnursingandrehabilitationcenter,https://careers.hireology.com/parkhighlandsnursingandrehabilitationcenter/
Park Place Care Center,parkplacecarecenter,https://careers.hireology.com/parkplacecarecenter/
Park Place Hotel,parkplacehotel,https://careers.hireology.com/parkplacehotel/
Park Plaza Nursing and Rehabilitation,parkplazanursingandrehabilitation,https://careers.hireology.com/parkplazanursingandrehabilitation/
Parks Lincoln of Longwood,parkslincolnoflongwood,https://careers.hireology.com/parkslincolnoflongwood/
Parks Lincoln of Tampa,parkslincolnoftampa,https://careers.hireology.com/parkslincolnoftampa/
Parks Motor Sales Inc,parksmotorsalesinc,https://careers.hireology.com/parksmotorsalesinc/
Parkview Manor,parkviewmanor,https://careers.hireology.com/parkviewmanor/
Parkway Ford Lincoln CDJR,parkwayautogroup,https://careers.hireology.com/parkwayautogroup/
Parkway Chevrolet,parkwayfamilyautogroup,https://careers.hireology.com/parkwayfamilyautogroup/
Parkway Family KIA,parkwayfamilykia,https://careers.hireology.com/parkwayfamilykia/
Parkway Family Mazda,parkwayfamilymazda,https://careers.hireology.com/parkwayfamilymazda/
Parkway Ford Lincoln CDJR,parkwayfordlincolncdjr,https://careers.hireology.com/parkwayfordlincolncdjr/
"Parrish Consulting Services, Inc",parrishconsultingservicesinc,https://careers.hireology.com/parrishconsultingservicesinc/
Parsons Of Antigo,parsonsofantigo,https://careers.hireology.com/parsonsofantigo/
Passionately Pets,passionatelypetsllc,https://careers.hireology.com/passionatelypetsllc/
PatchitUP of North Dallas,patchitupfranchise8,https://careers.hireology.com/patchitupfranchise8/
"PatchitUP of  Lansdale, PA",patchitupofkingprussiapa,https://careers.hireology.com/patchitupofkingprussiapa/
Pathmark Transportation - TX,pathmarktransportation-tx,https://careers.hireology.com/pathmarktransportation-tx/
Patriot Buick GMC,patriotbuickgmc,https://careers.hireology.com/patriotbuickgmc/
Patriot Holdings,patriotholdings,https://careers.hireology.com/patriotholdings/
Pauli Ford,pauliford,https://careers.hireology.com/pauliford/
"Paul Miller Ford, Inc",paulmillerfordinc,https://careers.hireology.com/paulmillerfordinc/
Paul Thigpen CDJR of Waynesboro,paulthigpencdjrofwaynesboro,https://careers.hireology.com/paulthigpencdjrofwaynesboro/
Paul Thigpen Chevrolet of Lafayette,paulthigpenchevroletoflafayette,https://careers.hireology.com/paulthigpenchevroletoflafayette/
Paul Thigpen Ford of Waynesboro,paulthigpenfordofwaynesboro,https://careers.hireology.com/paulthigpenfordofwaynesboro/
Payne Weslaco Ford,payneweslacoford,https://careers.hireology.com/payneweslacoford/
Payroll Solutions Group Inc,payrollsolutionsgroupinc,https://careers.hireology.com/payrollsolutionsgroupinc/
PCAH of Lexington,pcahoflexington,https://careers.hireology.com/pcahoflexington/
Paul Davis of Northwest Michigan,pdrrofnorthwestmichigan,https://careers.hireology.com/pdrrofnorthwestmichigan/
Paul Davis Restoration  of Central Florida,pdrrofthespacecoast,https://careers.hireology.com/pdrrofthespacecoast/
Peach Tree Place,peachtreeplace,https://careers.hireology.com/peachtreeplace/
West Point Optical Group-Pearle Vision,pearlevision-kentwood,https://careers.hireology.com/pearlevision-kentwood/
Pearle Vision - Saugus,pearlevision-saugus,https://careers.hireology.com/pearlevision-saugus/
Pearle Vision,pearlevision-stonebrookoptical,https://careers.hireology.com/pearlevision-stonebrookoptical/
Pearle Vision of Glen Burnie MD,pearlevisionofglenburniemd,https://careers.hireology.com/pearlevisionofglenburniemd/
Pebble Creek Nursing Center,pebblecreeknursingcenter,https://careers.hireology.com/pebblecreeknursingcenter/
Pecan Tree Rehab & Healthcare Center,pecantreerehabhealthcarecenter,https://careers.hireology.com/pecantreerehabhealthcarecenter/
Pecheles Honda,pecheleshonda,https://careers.hireology.com/pecheleshonda/
"Pecheles - Audi, VW, Hyundai",pechelesvwmitsubishihyundaigenesis,https://careers.hireology.com/pechelesvwmitsubishihyundaigenesis/
Pelican Bay at Beaumont,pelicanbayatbeaumont,https://careers.hireology.com/pelicanbayatbeaumont/
"Pellerin Laundry Machinery Sales Company, Inc",pellerinlaundrymachinerysalescompanyinc,https://careers.hireology.com/pellerinlaundrymachinerysalescompanyinc/
Peltier Chevrolet,peltierchevrolet,https://careers.hireology.com/peltierchevrolet/
Peltier KIA Longview,peltierkialongview,https://careers.hireology.com/peltierkialongview/
Peltier KIA Tyler,peltierkiatyler,https://careers.hireology.com/peltierkiatyler/
Peltier Nissan,peltiernissan,https://careers.hireology.com/peltiernissan/
Peltier Subaru,peltiersubaru,https://careers.hireology.com/peltiersubaru/
Hyman Brothers Auto Group,pencenissasubarukia,https://careers.hireology.com/pencenissasubarukia/
Pennmark Management Company,pennmarkmanagementcompany,https://careers.hireology.com/pennmarkmanagementcompany/
Peoria Ford,peoriaford,https://careers.hireology.com/peoriaford/
Ford of Peoria,peoriafordpeoriachicago,https://careers.hireology.com/peoriafordpeoriachicago/
Perry Green Valley Health Care,perrygreenvalleyhealthcare,https://careers.hireology.com/perrygreenvalleyhealthcare/
Mohican Lodge,perrysville-mohicanstatepark,https://careers.hireology.com/perrysville-mohicanstatepark/
Personal Home Care Plus,personalhomecareplus,https://careers.hireology.com/personalhomecareplus/
"Pete Fowler Construction Services, Inc.",petefowlerconstructionservices,https://careers.hireology.com/petefowlerconstructionservices/
Peter Boulware Toyota of Columbia,peterboulwaretoyotaofcolumbia,https://careers.hireology.com/peterboulwaretoyotaofcolumbia/
Pettus Automotive,pettusautomotive,https://careers.hireology.com/pettusautomotive/
Five Points Nursing and Rehabilitation of Pflugerville,pflugervillecarecenter,https://careers.hireology.com/pflugervillecarecenter/
Blue Compass RV Lubbock,pharrirvsinc,https://careers.hireology.com/pharrirvsinc/
Phil Brannen Ford of Perry,philbrannenfordofperry,https://careers.hireology.com/philbrannenfordofperry/
Phillips Chevrolet of Bradley,phillipschevroletofbradley,https://careers.hireology.com/phillipschevroletofbradley/
Phillips Chevrolet of Frankfort,phillipschevroletoffrankfort,https://careers.hireology.com/phillipschevroletoffrankfort/
Phillips Chevrolet of Lansing,phillipschevroletoflansing,https://careers.hireology.com/phillipschevroletoflansing/
Pinehurst Toyota,philsmithautomotivegroupparent,https://careers.hireology.com/philsmithautomotivegroupparent/
PhysMed Naples,physmednaples,https://careers.hireology.com/physmednaples/
Specialty,picprinting,https://careers.hireology.com/picprinting/
"Piedmont Truck Center, Inc",piedmonttruckcenterinc,https://careers.hireology.com/piedmonttruckcenterinc/
Pierre Clubhouse Hotel & Suites,pierre-clubhousehotelandsuites,https://careers.hireology.com/pierre-clubhousehotelandsuites/
Pierre Ramkota Hotel & Conference Center,pierre-ramkotahotel,https://careers.hireology.com/pierre-ramkotahotel/
Pierre Landscape Construction,pierrelandscape,https://careers.hireology.com/pierrelandscape/
Pillar To Post - New Hampshire,pillartopost-newhampshire1,https://careers.hireology.com/pillartopost-newhampshire1/
"Pillar to Post - Roanoke, VA",pillartopost-roanokeva,https://careers.hireology.com/pillartopost-roanokeva/
Pinehurst Toyota,pinehursttoyota,https://careers.hireology.com/pinehursttoyota/
Pines Ford,pinesford,https://careers.hireology.com/pinesford/
Pines Auto Group,pinesfordlincoln,https://careers.hireology.com/pinesfordlincoln/
Pine Tree Lodge Nursing Center,pinetreelodgenursingcenter,https://careers.hireology.com/pinetreelodgenursingcenter/
Piney River Ford,pineyriverford,https://careers.hireology.com/pineyriverford/
Pioneer Ford Sales,pioneerfordsaleslimited,https://careers.hireology.com/pioneerfordsaleslimited/
PIP / Dynamark,pipprinting01151,https://careers.hireology.com/pipprinting01151/
"Pittsville Motors, Inc",pittsvillemotorsinc,https://careers.hireology.com/pittsvillemotorsinc/
Planet Honda,planethonda,https://careers.hireology.com/planethonda/
"PlanITROI, LLC",planitroicareers,https://careers.hireology.com/planitroicareers/
Platinum Ford North,platinumfordnorth,https://careers.hireology.com/platinumfordnorth/
Pleasant Hill Senior Services,pleasanthillseniorservices,https://careers.hireology.com/pleasanthillseniorservices/
Pleasant Springs Healthcare Center,pleasantspringshealthcarecenter,https://careers.hireology.com/pleasantspringshealthcarecenter/
Plymouth Crowne Plaza Minneapolis West,plymouth-crowneplazaminneapoliswest,https://careers.hireology.com/plymouth-crowneplazaminneapoliswest/
Poage Ford,poageford,https://careers.hireology.com/poageford/
Pogue Automotive Group,pogueauto,https://careers.hireology.com/pogueauto/
Pohanka Ford of Salisbury,pohankafordofsalisbury,https://careers.hireology.com/pohankafordofsalisbury/
Pohanka Honda of Boerne,pohankahondaofboerne,https://careers.hireology.com/pohankahondaofboerne/
Pohanka Hyundai of Salisbury,pohankahyundaiofsalisbury,https://careers.hireology.com/pohankahyundaiofsalisbury/
Pohanka Kia of Salisbury,pohankakiaofsalisbury,https://careers.hireology.com/pohankakiaofsalisbury/
Pohanka Nissan of Salisbury,pohankanissanofsalisbury,https://careers.hireology.com/pohankanissanofsalisbury/
Pohanka of Salisbury,pohankasalisbury,https://careers.hireology.com/pohankasalisbury/
Pohanka Toyota of Salisbury,pohankatoyotaofsalisbury,https://careers.hireology.com/pohankatoyotaofsalisbury/
Point Nine,pointnine,https://careers.hireology.com/pointnine/
Fairfield Inn and Suites Polaris,"polarisinnkeepers,llc",https://careers.hireology.com/polarisinnkeepers%2Cllc/
Porsche Downtown Chicago,porschedowntownchicago,https://careers.hireology.com/porschedowntownchicago/
Porsche White Plains,porscheoflarchmont,https://careers.hireology.com/porscheoflarchmont/
Porter Ford,porterford,https://careers.hireology.com/porterford/
Post House,posthouse,https://careers.hireology.com/posthouse/
Post Nursing & Rehabilitation,postnursingrehabilitation,https://careers.hireology.com/postnursingrehabilitation/
Prairie Meadows,prairiemeadows,https://careers.hireology.com/prairiemeadows/
Precision Toyota of Tucson,precisiontoyotaoftucson,https://careers.hireology.com/precisiontoyotaoftucson/
Precision Tune Auto Care - 2532 Tune Inc,precisiontuneautocare-2532tuneinc,https://careers.hireology.com/precisiontuneautocare-2532tuneinc/
"Precision Tune Auto Care - 6428 Greenwood Tune, Inc",precisiontuneautocare-6428greenwoodtuneinc,https://careers.hireology.com/precisiontuneautocare-6428greenwoodtuneinc/
"Precision Tune Auto Care - 6436 Woodruff Road Tune, Inc",precisiontuneautocare-6436woodruffroadtuneinc,https://careers.hireology.com/precisiontuneautocare-6436woodruffroadtuneinc/
"Precision Tune Auto Care - 6439 Tune, Inc",precisiontuneautocare-6439tuneinc,https://careers.hireology.com/precisiontuneautocare-6439tuneinc/
Precision Tune Auto Care - Baton Rouge 25-28,precisiontuneautocare-batonrouge25-28,https://careers.hireology.com/precisiontuneautocare-batonrouge25-28/
Precision Tune Auto Care,precisiontuneautocare-chadselparent,https://careers.hireology.com/precisiontuneautocare-chadselparent/
"Precision Tune Auto Care - Greensboro, NC",precisiontuneautocare-greensboro59-11,https://careers.hireology.com/precisiontuneautocare-greensboro59-11/
Precision Tune Auto Care - Hunt Valley,precisiontuneautocare-huntvalley,https://careers.hireology.com/precisiontuneautocare-huntvalley/
Precision Tune Auto Care - Opelika 56-18,precisiontuneautocare-opelika56-18,https://careers.hireology.com/precisiontuneautocare-opelika56-18/
Precision Tune Auto Care - Panama Tune Inc,precisiontuneautocare-panamatuneinc,https://careers.hireology.com/precisiontuneautocare-panamatuneinc/
"Precision Tune Auto Care, Raleigh, NC",precisiontuneautocare-raleigh55-15,https://careers.hireology.com/precisiontuneautocare-raleigh55-15/
Precision Tune Auto Care - Selwyn Scherer,precisiontuneautocare-selwynscherer,https://careers.hireology.com/precisiontuneautocare-selwynscherer/
Precision Tune Auto Care,precisiontuneautocareparent,https://careers.hireology.com/precisiontuneautocareparent/
"Preferred Care at Home - Anchorage, Ak",preferredcareathome-anchorageak,https://careers.hireology.com/preferredcareathome-anchorageak/
"Preferred Care at Home - Brevard, FL",preferredcareathome-brevardfl,https://careers.hireology.com/preferredcareathome-brevardfl/
Preferred Care at Home of North Nashville,preferredcareathome-corporate,https://careers.hireology.com/preferredcareathome-corporate/
Preferred Care at Home- Indian River/St.Lucie,preferredcareathome-indianriverstlucie,https://careers.hireology.com/preferredcareathome-indianriverstlucie/
Preferred Care at Home - North Austin & Williamson County,preferredcareathome-northaustinwilliamsoncounty,https://careers.hireology.com/preferredcareathome-northaustinwilliamsoncounty/
"Preferred Care at Home of Apex, Garner,  and Fuquay-Varina",preferredcareathomeofapexgarnerfuquay-varina,https://careers.hireology.com/preferredcareathomeofapexgarnerfuquay-varina/
Preferred Care at Home of Boca Raton and Delray Beach,preferredcareathomeofbocaratonanddelraybeach,https://careers.hireology.com/preferredcareathomeofbocaratonanddelraybeach/
Preferred Care at Home of Central Fairfield,preferredcareathomeofcentralfairfield,https://careers.hireology.com/preferredcareathomeofcentralfairfield/
Preferred Care at Home of Champlain Valley,preferredcareathomeofchamplainvalley,https://careers.hireology.com/preferredcareathomeofchamplainvalley/
Preferred Care at Home of Coastal Volusia,preferredcareathomeofcoastalvolusia,https://careers.hireology.com/preferredcareathomeofcoastalvolusia/
Preferred Care at Home Coral Springs,preferredcareathomeofcoralsprings,https://careers.hireology.com/preferredcareathomeofcoralsprings/
Preferred Care at Home of Denton,preferredcareathomeofdenton,https://careers.hireology.com/preferredcareathomeofdenton/
Preferred Care at Home of Greater Huntsville,preferredcareathomeofgreaterhuntsvillebirmingham,https://careers.hireology.com/preferredcareathomeofgreaterhuntsvillebirmingham/
PCAH of Metrowest Boston,preferredcareathomeofmetrowestboston,https://careers.hireology.com/preferredcareathomeofmetrowestboston/
Preferred Care at Home of Miami Beach,preferredcareathomeofmiamibeach,https://careers.hireology.com/preferredcareathomeofmiamibeach/
Preferred Care at Home of Monmouth and Ocean County,preferredcareathomeofmonmouthoceancounty,https://careers.hireology.com/preferredcareathomeofmonmouthoceancounty/
Preferred Care at Home of North Nashville,preferredcareathomeofnorthnashville,https://careers.hireology.com/preferredcareathomeofnorthnashville/
Preferred Care at Home of Westchester and Putnam,preferredcareathomeofnorthwestchesterandputnam,https://careers.hireology.com/preferredcareathomeofnorthwestchesterandputnam/
Preferred Care at Home of South Broward,preferredcareathomeofsouthbroward,https://careers.hireology.com/preferredcareathomeofsouthbroward/
PCAH of South Miami,preferredcareathomeofsouthmiami,https://careers.hireology.com/preferredcareathomeofsouthmiami/
Preferred Care at Home of South Nashville,preferredcareathomeofsouthnashville,https://careers.hireology.com/preferredcareathomeofsouthnashville/
Preferred Care at Home of Virginia Beach,preferredcareathomeofvirginiabeach,https://careers.hireology.com/preferredcareathomeofvirginiabeach/
"Preferred Care at Home of Wake Forest, Zebulon, and Henderson","preferredcareathomeofwakeforest,zebulon,andhenders",https://careers.hireology.com/preferredcareathomeofwakeforest%2Czebulon%2Candhenders/
Preferred Care at Home of San Antonio North,preferredcareathomesanantonionorth,https://careers.hireology.com/preferredcareathomesanantonionorth/
Preferred Care at Home of Tucson,preferredhomecareoftucson,https://careers.hireology.com/preferredhomecareoftucson/
Premier Chevrolet of Buena Park,premierchevroletofbuenapark,https://careers.hireology.com/premierchevroletofbuenapark/
Geaux Ford,premierford,https://careers.hireology.com/premierford/
Premier Ford of Lamesa,premierfordoflamesa,https://careers.hireology.com/premierfordoflamesa/
Premier Nissan of Fremont,premiernissanoffremont,https://careers.hireology.com/premiernissanoffremont/
The Premier of Alice Senior Nursing Facility,premierofalicesnf,https://careers.hireology.com/premierofalicesnf/
Premier Subaru of Fremont,premiersubaruoffremont,https://careers.hireology.com/premiersubaruoffremont/
Price Ford,priceford,https://careers.hireology.com/priceford/
Pride Motor Group,pridechevrolet,https://careers.hireology.com/pridechevrolet/
Primary Weapons Systems,primaryweapons,https://careers.hireology.com/primaryweapons/
Privatus - Boston,privatus-boston,https://careers.hireology.com/privatus-boston/
Privatus - Cape Cod,privatus-capecod,https://careers.hireology.com/privatus-capecod/
Privatus - Fairfield County,privatus-fairfieldcounty,https://careers.hireology.com/privatus-fairfieldcounty/
Privatus - Long Island,privatus-longisland,https://careers.hireology.com/privatus-longisland/
Privatus - Martha’s Vineyard & Nantucket,privatus-marthasvineyardnantucket,https://careers.hireology.com/privatus-marthasvineyardnantucket/
Privatus - New York City,privatus-newyorkcity,https://careers.hireology.com/privatus-newyorkcity/
Privatus - Northern New Jersey,privatus-northernnewjersey,https://careers.hireology.com/privatus-northernnewjersey/
Privatus - Palm Beach County,privatus-palmbeachcounty,https://careers.hireology.com/privatus-palmbeachcounty/
Privatus - Westchester County,privatus-westchestercounty,https://careers.hireology.com/privatus-westchestercounty/
Qual Pac Charlotte,professionalpackagingsystems,https://careers.hireology.com/professionalpackagingsystems/
"Animal Care Center of NH & Professional Pet Sitting, Etc.",professionalpetsittingetc,https://careers.hireology.com/professionalpetsittingetc/
Profile Subaru,profilesubaru,https://careers.hireology.com/profilesubaru/
NeuLife Rehabilitation of Michigan,progressionsrehabilitation,https://careers.hireology.com/progressionsrehabilitation/
Prostar Services,prostarservices,https://careers.hireology.com/prostarservices/
Precision Tune Auto Care - Buckley SFB 045 - 01,ptacoperatingcentersllc,https://careers.hireology.com/ptacoperatingcentersllc/
Pugmire Lincoln of Marietta,pugmireautomotive,https://careers.hireology.com/pugmireautomotive/
Pundmann Ford,pundmannmotorcompany,https://careers.hireology.com/pundmannmotorcompany/
Purchase Ford,purchaseford,https://careers.hireology.com/purchaseford/
Pure Barre,purebarre-brandonfl,https://careers.hireology.com/purebarre-brandonfl/
Pure Barre,purebarrecolleyville,https://careers.hireology.com/purebarrecolleyville/
Club Pilates,purebarrenorthfortworth,https://careers.hireology.com/purebarrenorthfortworth/
Q - Center,q-center,https://careers.hireology.com/q-center/
Rehmann,quadwestassociates,https://careers.hireology.com/quadwestassociates/
Quality Chevrolet GMC,qualitychevroletbuickgmc,https://careers.hireology.com/qualitychevroletbuickgmc/
"Quality Inn - Dundee, MI",qualityinn-dundeemi,https://careers.hireology.com/qualityinn-dundeemi/
Quality Inn South,qualityinnindianapolis,https://careers.hireology.com/qualityinnindianapolis/
Spark by Hilton Fishers,qualitysuitesfishers,https://careers.hireology.com/qualitysuitesfishers/
Qual Pac 1400,qualpac1400,https://careers.hireology.com/qualpac1400/
Qual Pac 1600,qualpac950,https://careers.hireology.com/qualpac950/
Qual Pac Charlotte,qualpaccharlotte,https://careers.hireology.com/qualpaccharlotte/
Qual Pac Warrior Trail,qualpacwarriortrail,https://careers.hireology.com/qualpacwarriortrail/
Radisson Fairview Heights,radissonfairviewheights,https://careers.hireology.com/radissonfairviewheights/
Radisson Blu Fargo,radissonhotelsfargo,https://careers.hireology.com/radissonhotelsfargo/
Rafferty Subaru,raffertysubaru,https://careers.hireology.com/raffertysubaru/
"The Foundry Hotel Asheville, Curio Collection",raineswest,https://careers.hireology.com/raineswest/
Ralph Sellers Chevrolet,ralphsellerschevrolet,https://careers.hireology.com/ralphsellerschevrolet/
Ralph Sellers Chrysler Dodge Jeep RAM,ralphsellerschryslerdodgejeepram,https://careers.hireology.com/ralphsellerschryslerdodgejeepram/
Ralph Sellers Chrysler Dodge Jeep RAM,ralphsellersmotorcompany,https://careers.hireology.com/ralphsellersmotorcompany/
Ramada Plaza Nags Head Oceanfront,ramadaplazanagsheadoceanfronthireologycareers,https://careers.hireology.com/ramadaplazanagsheadoceanfronthireologycareers/
Randall Reed's Planet Ford,randallreedsplanetford,https://careers.hireology.com/randallreedsplanetford/
Randall Reed's Planet Ford 635,randallreedsplanetford635,https://careers.hireology.com/randallreedsplanetford635/
Rapid City Best Western Ramkota Hotel,rapidcity-bestwesternramkotahotel,https://careers.hireology.com/rapidcity-bestwesternramkotahotel/
Rapid City Holiday Inn Express,rapidcity-holidayinnexpress,https://careers.hireology.com/rapidcity-holidayinnexpress/
Rapid City Clubhouse Hotel,rapidcityclubhousehotel,https://careers.hireology.com/rapidcityclubhousehotel/
Ray Catena Mercedes Benz of Freehold,raycatenaautogroup,https://careers.hireology.com/raycatenaautogroup/
Ray Catena Mercedes Benz of Freehold,raycatenamercedesbenzoffreehold,https://careers.hireology.com/raycatenamercedesbenzoffreehold/
Ray Auto Group,raychevrolet,https://careers.hireology.com/raychevrolet/
Ray Dennison Chevrolet,raydennisonbuickgmccadillac,https://careers.hireology.com/raydennisonbuickgmccadillac/
Ray Dennison Chevrolet,raydennisonchevrolet,https://careers.hireology.com/raydennisonchevrolet/
Ray Laethem Buick GMC,raylaethembuickgmc,https://careers.hireology.com/raylaethembuickgmc/
Ray Laethem Buick GMC,raylaethemmotorvillage,https://careers.hireology.com/raylaethemmotorvillage/
Raystown Ford,raystownford,https://careers.hireology.com/raystownford/
Cliff House Maine,rbddcliffhousellcdbacliffhousemaine,https://careers.hireology.com/rbddcliffhousellcdbacliffhousemaine/
"R C Lacy, Inc",rclacyinc,https://careers.hireology.com/rclacyinc/
The Aspenwood Company - The Crestmoor at Green Hills,rcmaspenwoodparent,https://careers.hireology.com/rcmaspenwoodparent/
Barber Ford Inc,rebarberfordinc,https://careers.hireology.com/rebarberfordinc/
Red Bud Assisted Living,redbudassistedliving,https://careers.hireology.com/redbudassistedliving/
"Redline Powersports - Prince George, VA","redlinepowersports-princegeorge,va",https://careers.hireology.com/redlinepowersports-princegeorge%2Cva/
"Red Rock Ford, Inc - Williston / Red Rock Reconditioning Center",redrockfordinc,https://careers.hireology.com/redrockfordinc/
"Red Rock Ford of Dickinson, Inc",redrockfordofdickinsoninc,https://careers.hireology.com/redrockfordofdickinsoninc/
Red Taylor Ford Inc,redtaylorfordinc,https://careers.hireology.com/redtaylorfordinc/
Reeder Chevrolet,reederchevrolet,https://careers.hireology.com/reederchevrolet/
Reefhouse Resort & Marina,reefhouseresortmarina,https://careers.hireology.com/reefhouseresortmarina/
Reformed Pilates,reformedpilates,https://careers.hireology.com/reformedpilates/
Regal Estates of League City,regalestatesofleaguecity,https://careers.hireology.com/regalestatesofleaguecity/
Reineke Ford of Fostoria,reinekefordinc,https://careers.hireology.com/reinekefordinc/
Reliable Cars & RV,reliablecars,https://careers.hireology.com/reliablecars/
Reliable Chevrolet Springfield,reliablechevroletspringfield,https://careers.hireology.com/reliablechevroletspringfield/
Reliable Superstore,reliablesuperstore,https://careers.hireology.com/reliablesuperstore/
Renn Kirby Gettysburg,rennkirbykia,https://careers.hireology.com/rennkirbykia/
Renton Health and Rehabilitation,rentonhealthandrehabilitation,https://careers.hireology.com/rentonhealthandrehabilitation/
Reserve at Orchard Lake,reserveatorchardlake,https://careers.hireology.com/reserveatorchardlake/
"Residence Inn - Beaumont, TX",residenceinn-beaumonttx,https://careers.hireology.com/residenceinn-beaumonttx/
Residence Inn Eagle,residenceinnbymarriotteagle,https://careers.hireology.com/residenceinnbymarriotteagle/
Residence Inn Greenville Spartanburg Airport,residenceinngreenvillespartanburgairport,https://careers.hireology.com/residenceinngreenvillespartanburgairport/
Residence Inn Indianapolis Airport,residenceinnindianapolis,https://careers.hireology.com/residenceinnindianapolis/
Residence Inn Lafayette,residenceinnlafayette,https://careers.hireology.com/residenceinnlafayette/
Residence Inn Providence Lincoln,residenceinnlincoln,https://careers.hireology.com/residenceinnlincoln/
Residence Inn Cleveland Airport/ Middleburg Heights,residenceinnmiddleburgheights,https://careers.hireology.com/residenceinnmiddleburgheights/
Residence Inn Noblesville,residenceinnnoblesville,https://careers.hireology.com/residenceinnnoblesville/
Residence Inn/SpringHill Suites Indianapolis,residenceinnspringhillsuites,https://careers.hireology.com/residenceinnspringhillsuites/
RESSCO,ressco,https://careers.hireology.com/ressco/
Rest Haven Homes,resthavenhomes,https://careers.hireology.com/resthavenhomes/
Restoration 1 of Charlottesville/Staunton,restoration1-centralvirginia,https://careers.hireology.com/restoration1-centralvirginia/
"Restoration 1 - Omaha, NE",restoration1-omahane,https://careers.hireology.com/restoration1-omahane/
"Reuther Ford, Inc",reutherfordinc,https://careers.hireology.com/reutherfordinc/
Revel Painting,revelpainting,https://careers.hireology.com/revelpainting/
Reverb By Hard Rock Downtown Atlanta,reverbbyhardrockdowntownatlanta,https://careers.hireology.com/reverbbyhardrockdowntownatlanta/
Revitalize Home Healthcare LLC,revitalizehomehealthcarellc,https://careers.hireology.com/revitalizehomehealthcarellc/
Reynolds GM Subaru,reynoldssubaru,https://careers.hireology.com/reynoldssubaru/
Reynolds' Subaru,reynoldssubaruoflyme,https://careers.hireology.com/reynoldssubaruoflyme/
Rhinelander Auto Group,rhinelanderautogroupcareers,https://careers.hireology.com/rhinelanderautogroupcareers/
Anytime Fitness RH,rhv,https://careers.hireology.com/rhv/
Richard Chevrolet,richardchevrolet,https://careers.hireology.com/richardchevrolet/
Richardson Motors,richardsonmotors,https://careers.hireology.com/richardsonmotors/
Richmond Ford Lincoln,richmondfordlincoln,https://careers.hireology.com/richmondfordlincoln/
Richmond Ford West,richmondfordwest,https://careers.hireology.com/richmondfordwest/
Richwil Truck Centre - Hanwell,richwil,https://careers.hireology.com/richwil/
Ridgeway Automotive Complex,ridgewaydivision,https://careers.hireology.com/ridgewaydivision/
Riley Ford Inc,rileyfordinc,https://careers.hireology.com/rileyfordinc/
Rine Landscape Group,rinelandscapegroup,https://careers.hireology.com/rinelandscapegroup/
Rio at Mission Trails,rioatmissiontrails,https://careers.hireology.com/rioatmissiontrails/
Riva Mare,rivadelmare,https://careers.hireology.com/rivadelmare/
River City Care Center,rivercitycarecenter,https://careers.hireology.com/rivercitycarecenter/
River Lodge Assisted Living,riverlodgeassistedliving,https://careers.hireology.com/riverlodgeassistedliving/
River Oaks Health & Rehabilitation,riveroakshealthrehabilitation,https://careers.hireology.com/riveroakshealthrehabilitation/
River Oaks Hyundai,riveroakshyundaikia,https://careers.hireology.com/riveroakshyundaikia/
Riverside Country Club,riversidecountryclub,https://careers.hireology.com/riversidecountryclub/
Riverside Home Care,riversidehomecare,https://careers.hireology.com/riversidehomecare/
Riverview Chevrolet,riverviewautomotivegroupinc,https://careers.hireology.com/riverviewautomotivegroupinc/
Riverview International Truck,riverviewinternationaltruck,https://careers.hireology.com/riverviewinternationaltruck/
RiverView Ridge,riverviewridge,https://careers.hireology.com/riverviewridge/
RK Auto,rkauto,https://careers.hireology.com/rkauto/
RK Chevrolet,rkchevrolet,https://careers.hireology.com/rkchevrolet/
RK Subaru,rksubaru,https://careers.hireology.com/rksubaru/
Cardigan Ridge,rmmanagement,https://careers.hireology.com/rmmanagement/
Roberson Motors,robersonmotors,https://careers.hireology.com/robersonmotors/
Roberts International Trucks,robertsinternationaltrucks,https://careers.hireology.com/robertsinternationaltrucks/
Roberts Truck Center - Albuquerque,robertstruckcenter,https://careers.hireology.com/robertstruckcenter/
Roberts Truck Center - Amarillo,robertstruckcenter-amarillo,https://careers.hireology.com/robertstruckcenter-amarillo/
Roberts Truck Center - TYE,robertstruckcenter-tye,https://careers.hireology.com/robertstruckcenter-tye/
Rob Sight Ford,robsightford,https://careers.hireology.com/robsightford/
Rochester Chevrolet Cadillac,rochesterchevroletcadillac,https://careers.hireology.com/rochesterchevroletcadillac/
Rochester Collision Center,rochestercollisioncenter,https://careers.hireology.com/rochestercollisioncenter/
Rochester Ford,rochesterford,https://careers.hireology.com/rochesterford/
Rochester Chevrolet Cadillac,rochestermotorcars,https://careers.hireology.com/rochestermotorcars/
Rochester Toyota (MN),rochestertoyotamn,https://careers.hireology.com/rochestertoyotamn/
Rock City,rockcity,https://careers.hireology.com/rockcity/
Rock Creek Health & Rehabilitation,rockcreekhealthrehabilitation,https://careers.hireology.com/rockcreekhealthrehabilitation/
Rock Hill Ford,rockhillford,https://careers.hireology.com/rockhillford/
Rockland Harbor Hotel,rocklandharborhotel,https://careers.hireology.com/rocklandharborhotel/
Rockland Place,rocklandplace,https://careers.hireology.com/rocklandplace/
Rockwall Nursing Care Center,rockwallnursingcarecenter,https://careers.hireology.com/rockwallnursingcarecenter/
Rocky Top Harley Davidson,rockytophd,https://careers.hireology.com/rockytophd/
Rohrman Indy Hyundai,rohrmanindyhyundai,https://careers.hireology.com/rohrmanindyhyundai/
Rohrman Toyota Lafayette,rohrmantoyotalafayette,https://careers.hireology.com/rohrmantoyotalafayette/
ROI Hospitality Development,roihospitalitydevelopment,https://careers.hireology.com/roihospitalitydevelopment/
Rookwood Properties,rookwoodproperties,https://careers.hireology.com/rookwoodproperties/
Rosen Hyundai of Algonquin,rosenhyundaiofalgonquin,https://careers.hireology.com/rosenhyundaiofalgonquin/
Rosen Hyundai of Kenosha,rosenhyundaiofkenosha,https://careers.hireology.com/rosenhyundaiofkenosha/
Ross Downing Chrysler Dodge Jeep Ram of Mobile,rosscdjrofmobile,https://careers.hireology.com/rosscdjrofmobile/
"Ross Downing Chevrolet, Inc.",rossdowning,https://careers.hireology.com/rossdowning/
"Ross Downing GMC Cadillac, LLC",rossdowningbuickgmccadillac,https://careers.hireology.com/rossdowningbuickgmccadillac/
"Ross Downing CDJR, LLC",rossdowningcdjr,https://careers.hireology.com/rossdowningcdjr/
"Ross Downing Chevrolet, Inc.",rossdowningchevroletinc,https://careers.hireology.com/rossdowningchevroletinc/
Roth Cadillac,rothcadillac,https://careers.hireology.com/rothcadillac/
Route 128 Honda,route128honda,https://careers.hireology.com/route128honda/
Route 44 Hyundai - Raynham,route44hyundai-raynham,https://careers.hireology.com/route44hyundai-raynham/
Route 44 Toyota,route44toyota,https://careers.hireology.com/route44toyota/
Royal Moore Auto Center,royalmooretoyota,https://careers.hireology.com/royalmooretoyota/
Royal South Toyota Mazda Volvo,royalsouthtoyotamazda,https://careers.hireology.com/royalsouthtoyotamazda/
Luther Hopkins Honda,rudyluthershopkinshonda,https://careers.hireology.com/rudyluthershopkinshonda/
Runde Chevrolet Buick GMC,rundechevroletbuickgmc,https://careers.hireology.com/rundechevroletbuickgmc/
Runde Chevrolet,rundechevroletinc,https://careers.hireology.com/rundechevroletinc/
Rusnak BMW,rusnakautomotivegroup,https://careers.hireology.com/rusnakautomotivegroup/
Rusnak BMW,rusnakbmw,https://careers.hireology.com/rusnakbmw/
Rusnak/Pasadena Porsche,rusnakpasadenaporsche,https://careers.hireology.com/rusnakpasadenaporsche/
Rusnak Volvo Pasadena,rusnakvolvopasadena,https://careers.hireology.com/rusnakvolvopasadena/
Rusty Wallace Ford,rustywallaceford,https://careers.hireology.com/rustywallaceford/
Blue Compass RV Newtown,rvone-connecticut,https://careers.hireology.com/rvone-connecticut/
Blue Compass RV Epsom,rvone-nh,https://careers.hireology.com/rvone-nh/
Blue Compass RV Tampa,rvone-tampa,https://careers.hireology.com/rvone-tampa/
Blue Compass RV Albany,rvonealbany,https://careers.hireology.com/rvonealbany/
Blue Compass RV Buffalo,rvonebuffalo,https://careers.hireology.com/rvonebuffalo/
Blue Compass RV Des Moines,rvonedesmoines,https://careers.hireology.com/rvonedesmoines/
Blue Compass RV Fort Myers,rvoneftmeyers,https://careers.hireology.com/rvoneftmeyers/
Blue Compass RV Orlando,rvoneorlando,https://careers.hireology.com/rvoneorlando/
Blue Compass RV St. Augustine,rvonestaugustine,https://careers.hireology.com/rvonestaugustine/
Blue Compass RV Auburn Hills,rvonesuperstores-auburnhills,https://careers.hireology.com/rvonesuperstores-auburnhills/
Blue Compass RV Midland,rvonesuperstores-midland,https://careers.hireology.com/rvonesuperstores-midland/
Blue Compass RV Charlotte,rvonesuperstorescharlotte,https://careers.hireology.com/rvonesuperstorescharlotte/
Blue Compass RV  North Myrtle Beach,rvoutletusanorthmyrtlebeach,https://careers.hireology.com/rvoutletusanorthmyrtlebeach/
RWC Group - Huntington Park,rwc-lahuntington,https://careers.hireology.com/rwc-lahuntington/
RWC Group - Tacoma,rwc-tacoma,https://careers.hireology.com/rwc-tacoma/
RWC Group - Yakima,rwc-yakima,https://careers.hireology.com/rwc-yakima/
RWC Group - Anchorage,rwcanchorage,https://careers.hireology.com/rwcanchorage/
RWC Group - Albany,rwcenterprisesllc-albany,https://careers.hireology.com/rwcenterprisesllc-albany/
RWC Group - Portland,rwcenterprisesllc-portland,https://careers.hireology.com/rwcenterprisesllc-portland/
RWC Group - Flagstaff,rwcflagstaff,https://careers.hireology.com/rwcflagstaff/
RWC Group,rwcgroup,https://careers.hireology.com/rwcgroup/
RWC Group - Everett,rwcinternationalllc-everett,https://careers.hireology.com/rwcinternationalllc-everett/
RWC Group - Mount Vernon,rwcinternationalllc-mountvernon,https://careers.hireology.com/rwcinternationalllc-mountvernon/
Ryan Buick GMC,ryanbuickgmc,https://careers.hireology.com/ryanbuickgmc/
Ryan Chevrolet of Minot,ryanchevroletofminot,https://careers.hireology.com/ryanchevroletofminot/
Ryan Motors-Williston ND,ryanchryslerdodgejeepram,https://careers.hireology.com/ryanchryslerdodgejeepram/
Ryan Honda of Minot,ryanhondaofminot,https://careers.hireology.com/ryanhondaofminot/
Ryan Nissan,ryannissan,https://careers.hireology.com/ryannissan/
Rydell Chevrolet,rydellchevrolet,https://careers.hireology.com/rydellchevrolet/
Rydell Chevrolet GMC Cadillac,rydellchevroletbuickgmc,https://careers.hireology.com/rydellchevroletbuickgmc/
Rydell Honda Nissan,rydellnissangrandforks,https://careers.hireology.com/rydellnissangrandforks/
Rydell of Independence,rydellofindependence,https://careers.hireology.com/rydellofindependence/
Rye Subaru,ryesubaru,https://careers.hireology.com/ryesubaru/
Arlington Residence and Rehabilitation Center,saarlingtonopcollc,https://careers.hireology.com/saarlingtonopcollc/
Sage Mountain,sagemountain,https://careers.hireology.com/sagemountain/
Saint Agnes Home,saintagneshome,https://careers.hireology.com/saintagneshome/
St. Dominic Village Senior Living,saintdominicvillagenursinghome,https://careers.hireology.com/saintdominicvillagenursinghome/
Salt Fork Lodge,saltforklodge,https://careers.hireology.com/saltforklodge/
Salt Lake Valley Chrysler Dodge Jeep Ram,saltlakevalleychrysler,https://careers.hireology.com/saltlakevalleychrysler/
Salus Homecare - Los Angeles,salushomecare,https://careers.hireology.com/salushomecare/
Salus Homecare - Los Angeles,salushomecare-losangeles,https://careers.hireology.com/salushomecare-losangeles/
Salus Homecare - Orange County,salushomecare-orangecounty,https://careers.hireology.com/salushomecare-orangecounty/
Salus Homecare - San Gabriel Valley,salushomecare-sangabrielvalley,https://careers.hireology.com/salushomecare-sangabrielvalley/
Salus Home Health - San Diego,salushomehealth-sandiego,https://careers.hireology.com/salushomehealth-sandiego/
Salus Hospice - Los Angeles,salushospice-losangeles,https://careers.hireology.com/salushospice-losangeles/
Sam Leman Chrysler Jeep Dodge Ram of Champaign,samlemanautomotive,https://careers.hireology.com/samlemanautomotive/
Sam Leman CDJR - Bloomington,samlemancdjr-bloomington,https://careers.hireology.com/samlemancdjr-bloomington/
Sam Leman Chevy Cadillac of Champaign,samlemanchevycadillacofchampaign,https://careers.hireology.com/samlemanchevycadillacofchampaign/
Sam Leman Ford,samlemanford,https://careers.hireology.com/samlemanford/
Sam Leman Mercedes of Champaign,samlemanmercedesofchampaign,https://careers.hireology.com/samlemanmercedesofchampaign/
Samoset Resort,samosetresort,https://careers.hireology.com/samosetresort/
Sanderson Lincoln,sandersonlincoln,https://careers.hireology.com/sandersonlincoln/
San Diego Padres,sandiegopadres,https://careers.hireology.com/sandiegopadres/
Sandpearl Resort,sandpearlresort,https://careers.hireology.com/sandpearlresort/
Sand Sage of The Highlands,sandsageofthehighlands,https://careers.hireology.com/sandsageofthehighlands/
San Marcos Chrysler Dodge Ram Jeep,sanmarcoscdjr,https://careers.hireology.com/sanmarcoscdjr/
San Saba Rehabilitation and Nursing,sansaba,https://careers.hireology.com/sansaba/
Santa Barbara Honda,santabarbarahonda,https://careers.hireology.com/santabarbarahonda/
Chevrolet Cadillac of Santa Fe,santafechevroletcadillac,https://careers.hireology.com/santafechevroletcadillac/
Santa FE Mazda,santafemazda,https://careers.hireology.com/santafemazda/
Santa Maria Hostel,santamariahostel,https://careers.hireology.com/santamariahostel/
Santa Monica Ford,santamonicaford,https://careers.hireology.com/santamonicaford/
Sarah Roberts French Home,sarahrobertsfrenchhome,https://careers.hireology.com/sarahrobertsfrenchhome/
Sarasota Ford,sarasotaford,https://careers.hireology.com/sarasotaford/
Sarasota Toyota,sarasotatoyota,https://careers.hireology.com/sarasotatoyota/
Sarat Ford Lincoln,saratford,https://careers.hireology.com/saratford/
Savannah Country Club,savannahcountryclub,https://careers.hireology.com/savannahcountryclub/
Sayville Ford,sayvilleford,https://careers.hireology.com/sayvilleford/
"Hilton Garden Inn Airport Indianapolis, IN",schahethotels,https://careers.hireology.com/schahethotels/
Schaumburg Ford,schaumburgford,https://careers.hireology.com/schaumburgford/
Schicker Automotive Group,schickerfordofstlouis,https://careers.hireology.com/schickerfordofstlouis/
Schlossmann Subaru City Of Milwaukee,schlossmannsubarucityofmilwaukee,https://careers.hireology.com/schlossmannsubarucityofmilwaukee/
"Schwieters Ford of Montevideo, Inc",schwietersfordofmontevideoinc,https://careers.hireology.com/schwietersfordofmontevideoinc/
Scott Clark Honda,scottclarkhonda,https://careers.hireology.com/scottclarkhonda/
Scott Clark Toyota,scottclarktoyota,https://careers.hireology.com/scottclarktoyota/
Scott Robinson Honda,scottrobinsonhonda,https://careers.hireology.com/scottrobinsonhonda/
Scranton GMC Cadillac,scrantonmotorsvernon,https://careers.hireology.com/scrantonmotorsvernon/
"Seabreeze Ford, Inc",seabreezefordinc,https://careers.hireology.com/seabreezefordinc/
Sea Palms Resort,seapalms,https://careers.hireology.com/seapalms/
Sheraton Augusta Hotel,sebastopolinn,https://careers.hireology.com/sebastopolinn/
Sebring Toyota,sebringtoyota,https://careers.hireology.com/sebringtoyota/
Secret City Chrysler Dodge Jeep Ram,secretcitychryslerdodgejeepram,https://careers.hireology.com/secretcitychryslerdodgejeepram/
Seelye Ford,seelyeford,https://careers.hireology.com/seelyeford/
Seidel Hyundai,seidelhyundai,https://careers.hireology.com/seidelhyundai/
Selking International,selkinginternational,https://careers.hireology.com/selkinginternational/
Selrico Services Inc.,selricoservicesinc,https://careers.hireology.com/selricoservicesinc/
Seminole Toyota,seminoletoyota,https://careers.hireology.com/seminoletoyota/
Senior Helpers Rockland County NY,seniorhelpers,https://careers.hireology.com/seniorhelpers/
Senior Helpers- Greater Akron & Medina,seniorhelpers-akron,https://careers.hireology.com/seniorhelpers-akron/
Senior Helpers of the Kenai Peninsula,seniorhelpers-alaska,https://careers.hireology.com/seniorhelpers-alaska/
Senior Helpers - Arlington/Alexandria,seniorhelpers-alexandriava,https://careers.hireology.com/seniorhelpers-alexandriava/
Senior Helpers - Anderson SC,seniorhelpers-andersonsc,https://careers.hireology.com/seniorhelpers-andersonsc/
Senior Helpers - Ann Arbor,seniorhelpers-annarbormi,https://careers.hireology.com/seniorhelpers-annarbormi/
"Senior Helpers - Asheville, NC",seniorhelpers-ashevillenc,https://careers.hireology.com/seniorhelpers-ashevillenc/
Senior Helpers of Portage/Geauga,seniorhelpers-aurora,https://careers.hireology.com/seniorhelpers-aurora/
Senior Helpers - Aurora-Geneva,seniorhelpers-aurora-geneva,https://careers.hireology.com/seniorhelpers-aurora-geneva/
"Senior Helpers - Boca Raton, FL",seniorhelpers-bocaratonfl,https://careers.hireology.com/seniorhelpers-bocaratonfl/
"Senior Helpers - Bolingbrook, IL",seniorhelpers-bolingbrookil,https://careers.hireology.com/seniorhelpers-bolingbrookil/
Senior Helpers - Naples & Bonita Springs,seniorhelpers-bonitaspringsfl,https://careers.hireology.com/seniorhelpers-bonitaspringsfl/
Senior Helpers-Boston North & Southeastern MA,seniorhelpers-bostonnorth,https://careers.hireology.com/seniorhelpers-bostonnorth/
Senior Helpers - Bryan,seniorhelpers-bryan,https://careers.hireology.com/seniorhelpers-bryan/
Senior Helpers - Burnsville,seniorhelpers-burnsvillemn,https://careers.hireology.com/seniorhelpers-burnsvillemn/
Senior Helpers -  North Georgia,seniorhelpers-cantonromecartersville,https://careers.hireology.com/seniorhelpers-cantonromecartersville/
Senior Helpers - Carlisle,seniorhelpers-carlisle,https://careers.hireology.com/seniorhelpers-carlisle/
Senior Helpers of the Triangle,seniorhelpers-carydurhamraleighnc,https://careers.hireology.com/seniorhelpers-carydurhamraleighnc/
Senior Helpers - Central Houston,seniorhelpers-centralhouston,https://careers.hireology.com/seniorhelpers-centralhouston/
Senior Helpers - Central Valley North,seniorhelpers-centralvalleynorth,https://careers.hireology.com/seniorhelpers-centralvalleynorth/
Senior Helpers - Cerritos,seniorhelpers-cerritos,https://careers.hireology.com/seniorhelpers-cerritos/
Senior Helpers of Gilbert & Chandler,seniorhelpers-chandler-gilbertaz,https://careers.hireology.com/seniorhelpers-chandler-gilbertaz/
Senior Helpers - Charlotte,seniorhelpers-charlotte,https://careers.hireology.com/seniorhelpers-charlotte/
Senior Helpers - Cherry Hill,seniorhelpers-cherryhillnj,https://careers.hireology.com/seniorhelpers-cherryhillnj/
Senior Helpers - Cheyenne,seniorhelpers-cheyenne,https://careers.hireology.com/seniorhelpers-cheyenne/
Senior Helpers - Denver North,seniorhelpers-colorado,https://careers.hireology.com/seniorhelpers-colorado/
Senior Helpers - Columbus,seniorhelpers-columbus,https://careers.hireology.com/seniorhelpers-columbus/
Senior Helpers - Corporate,seniorhelpers-corporate,https://careers.hireology.com/seniorhelpers-corporate/
Senior Helpers - Des Plaines,seniorhelpers-corporatelyowned,https://careers.hireology.com/seniorhelpers-corporatelyowned/
"Senior Helpers - Costa Mesa, CA",seniorhelpers-costamesaca,https://careers.hireology.com/seniorhelpers-costamesaca/
Senior Helpers of Northern Utah,seniorhelpers-crawfordut,https://careers.hireology.com/seniorhelpers-crawfordut/
Senior Helpers - Dayton,seniorhelpers-dayton,https://careers.hireology.com/seniorhelpers-dayton/
Senior Helpers - Rockville,seniorhelpers-derwoodmd,https://careers.hireology.com/seniorhelpers-derwoodmd/
Senior Helpers - Dunn,seniorhelpers-dunnnc,https://careers.hireology.com/seniorhelpers-dunnnc/
"Senior Helpers - Elmwood Park, IL",seniorhelpers-elmwoodparkil,https://careers.hireology.com/seniorhelpers-elmwoodparkil/
"Senior Helpers - Encino, CA",seniorhelpers-encinoca,https://careers.hireology.com/seniorhelpers-encinoca/
Senior Helpers - Erie,seniorhelpers-eriepa,https://careers.hireology.com/seniorhelpers-eriepa/
"Senior Helpers - Escondido, CA",seniorhelpers-escondidoca,https://careers.hireology.com/seniorhelpers-escondidoca/
Senior Helpers - Evansville,seniorhelpers-evansville,https://careers.hireology.com/seniorhelpers-evansville/
Senior Helpers - Fairfax,seniorhelpers-fairfaxva,https://careers.hireology.com/seniorhelpers-fairfaxva/
Senior Helpers - Fairfield,seniorhelpers-fairfieldct,https://careers.hireology.com/seniorhelpers-fairfieldct/
"Senior Helpers -Totowa, NJ",seniorhelpers-fairfieldnj,https://careers.hireology.com/seniorhelpers-fairfieldnj/
Senior Helpers - Farmington Hills,seniorhelpers-farmingtonhillsmi,https://careers.hireology.com/seniorhelpers-farmingtonhillsmi/
Senior Helpers - Northern Kentucky,seniorhelpers-florenceky,https://careers.hireology.com/seniorhelpers-florenceky/
Senior Helpers - Fort Myers & Cape Coral,seniorhelpers-fortmyerscapecoral,https://careers.hireology.com/seniorhelpers-fortmyerscapecoral/
Senior Helpers - Fort Wayne,seniorhelpers-fortwayne,https://careers.hireology.com/seniorhelpers-fortwayne/
Senior Helpers - Franklin,seniorhelpers-franklintn,https://careers.hireology.com/seniorhelpers-franklintn/
Senior Helpers - Louisville,seniorhelpers-gallowayparent,https://careers.hireology.com/seniorhelpers-gallowayparent/
"Senior Helpers - Gastonia, NC",seniorhelpers-gastonianc,https://careers.hireology.com/seniorhelpers-gastonianc/
Senior Helpers - West Valley,seniorhelpers-glendale,https://careers.hireology.com/seniorhelpers-glendale/
Senior Helpers - Milwaukee,seniorhelpers-glendalewi,https://careers.hireology.com/seniorhelpers-glendalewi/
"Senior Helpers - Grapevine Lake, TX",seniorhelpers-grapevinelaketx,https://careers.hireology.com/seniorhelpers-grapevinelaketx/
Senior Helpers - Greater Cincinnati,seniorhelpers-greatercincinnati,https://careers.hireology.com/seniorhelpers-greatercincinnati/
Senior Helpers  - Greater Oklahoma City,seniorhelpers-greateroklahomacity,https://careers.hireology.com/seniorhelpers-greateroklahomacity/
Senior Helpers - South Palm Beach,seniorhelpers-greenacresfl,https://careers.hireology.com/seniorhelpers-greenacresfl/
Senior Helpers - Greensburg,seniorhelpers-greensburg,https://careers.hireology.com/seniorhelpers-greensburg/
Senior Helpers - Greenwood SC,seniorhelpers-greenwood,https://careers.hireology.com/seniorhelpers-greenwood/
Senior Helpers - Lansdale,seniorhelpers-harleysvillepa,https://careers.hireology.com/seniorhelpers-harleysvillepa/
Senior Helpers - Portland,seniorhelpers-harrisweightparentaccount,https://careers.hireology.com/seniorhelpers-harrisweightparentaccount/
Senior Helpers - Hattiesburg,seniorhelpers-hattiesburg,https://careers.hireology.com/seniorhelpers-hattiesburg/
"Senior Helpers - Havertown, Exton, and Phoenixville",seniorhelpers-havertown,https://careers.hireology.com/seniorhelpers-havertown/
Senior Helpers - Hendersonville,seniorhelpers-hendersonvilletn,https://careers.hireology.com/seniorhelpers-hendersonvilletn/
Senior Helpers - Honolulu,seniorhelpers-honolulu,https://careers.hireology.com/seniorhelpers-honolulu/
Senior Helpers - Central Oahu,seniorhelpers-honolulu-moanalua,https://careers.hireology.com/seniorhelpers-honolulu-moanalua/
Senior Helpers Boise Treasure Valley,seniorhelpers-id,https://careers.hireology.com/seniorhelpers-id/
"Senior Helpers - Irving, TX",seniorhelpers-irving,https://careers.hireology.com/seniorhelpers-irving/
"Senior Helpers - Kapolei, HI",seniorhelpers-kapoleihi,https://careers.hireology.com/seniorhelpers-kapoleihi/
Senior Helpers - Kelowna,seniorhelpers-kelowna,https://careers.hireology.com/seniorhelpers-kelowna/
Senior Helpers - Knoxville,seniorhelpers-knoxvilletn,https://careers.hireology.com/seniorhelpers-knoxvilletn/
Senior Helpers - Lafayette,seniorhelpers-lafayette,https://careers.hireology.com/seniorhelpers-lafayette/
Senior Helpers - Lake Minnetonka,seniorhelpers-lakeminnetonka,https://careers.hireology.com/seniorhelpers-lakeminnetonka/
Senior Helpers Mooresville,seniorhelpers-lakenorman,https://careers.hireology.com/seniorhelpers-lakenorman/
Senior Helpers - East San Diego,seniorhelpers-lamesa,https://careers.hireology.com/seniorhelpers-lamesa/
Senior Helpers - Lancaster County,seniorhelpers-lancastercounty,https://careers.hireology.com/seniorhelpers-lancastercounty/
Senior Helpers - Las Vegas,seniorhelpers-lasvegasnv,https://careers.hireology.com/seniorhelpers-lasvegasnv/
Senior Helpers of Lawrence,seniorhelpers-lawrence,https://careers.hireology.com/seniorhelpers-lawrence/
Senior Helpers - League City,seniorhelpers-leaguecity,https://careers.hireology.com/seniorhelpers-leaguecity/
Senior Helpers - Lee's Summit,seniorhelpers-leessummitmo,https://careers.hireology.com/seniorhelpers-leessummitmo/
Senior Helpers - The Villages,seniorhelpers-lessburgfl,https://careers.hireology.com/seniorhelpers-lessburgfl/
Senior Helpers Lexington,seniorhelpers-lexington,https://careers.hireology.com/seniorhelpers-lexington/
"Senior Helpers - Lexington, SC",seniorhelpers-lexingtonsc,https://careers.hireology.com/seniorhelpers-lexingtonsc/
"Senior Helpers - Lincoln, CA",seniorhelpers-lincolnca,https://careers.hireology.com/seniorhelpers-lincolnca/
Senior Helpers - Louisville,seniorhelpers-louisville,https://careers.hireology.com/seniorhelpers-louisville/
Senior Helpers - Madison,seniorhelpers-madisonwi,https://careers.hireology.com/seniorhelpers-madisonwi/
Senior Helpers - Manalapan,seniorhelpers-manalapannewjersey,https://careers.hireology.com/seniorhelpers-manalapannewjersey/
Senior Helpers - Ocean County,seniorhelpers-manchesternj,https://careers.hireology.com/seniorhelpers-manchesternj/
Senior Helpers McKinney,seniorhelpers-mckinney,https://careers.hireology.com/seniorhelpers-mckinney/
Senior Helpers of Menifee Valley,seniorhelpers-menifeevalleyca,https://careers.hireology.com/seniorhelpers-menifeevalleyca/
"Senior Helpers - Metairie, LA",seniorhelpers-metairiela,https://careers.hireology.com/seniorhelpers-metairiela/
Senior Helpers - Miami & The Keys,seniorhelpers-miamithekeys,https://careers.hireology.com/seniorhelpers-miamithekeys/
Senior Helpers - Northeast Ohio,seniorhelpers-middleburgheights,https://careers.hireology.com/seniorhelpers-middleburgheights/
Senior Helpers - Danville,seniorhelpers-moragaca,https://careers.hireology.com/seniorhelpers-moragaca/
Senior Helpers - South OC,seniorhelpers-newportbeach,https://careers.hireology.com/seniorhelpers-newportbeach/
Senior Helpers - Manhattan,seniorhelpers-newyorkny,https://careers.hireology.com/seniorhelpers-newyorkny/
Senior Helpers - Greater Atlanta,seniorhelpers-northatlanta,https://careers.hireology.com/seniorhelpers-northatlanta/
Senior Helpers - Napa,seniorhelpers-northbay,https://careers.hireology.com/seniorhelpers-northbay/
Senior Helpers - Des Plaines,seniorhelpers-northbrookil,https://careers.hireology.com/seniorhelpers-northbrookil/
Senior Helpers - North Las Vegas,seniorhelpers-northlasvegas,https://careers.hireology.com/seniorhelpers-northlasvegas/
Senior Helpers - North Miami Beach,seniorhelpers-northmiamibeach,https://careers.hireology.com/seniorhelpers-northmiamibeach/
Senior Helpers - Northside Chicago,seniorhelpers-northsidechicago,https://careers.hireology.com/seniorhelpers-northsidechicago/
"Senior Helpers of Northwest Atlanta, GA",seniorhelpers-northwestatlantaga,https://careers.hireology.com/seniorhelpers-northwestatlantaga/
Senior Helpers - Olympia,seniorhelpers-olympia,https://careers.hireology.com/seniorhelpers-olympia/
Senior Helpers of Johnson County,seniorhelpers-overlandpark,https://careers.hireology.com/seniorhelpers-overlandpark/
Senior Helpers - Palo Alto,seniorhelpers-paloalto,https://careers.hireology.com/seniorhelpers-paloalto/
Senior Helpers - Pasadena,seniorhelpers-pasadena,https://careers.hireology.com/seniorhelpers-pasadena/
Senior Helpers - Myrtle Beach,seniorhelpers-pawleysislandsc,https://careers.hireology.com/seniorhelpers-pawleysislandsc/
Senior Helpers - Peachtree City,seniorhelpers-peachtreecityga,https://careers.hireology.com/seniorhelpers-peachtreecityga/
Senior Helpers of Sheboygan,seniorhelpers-plymouthwi,https://careers.hireology.com/seniorhelpers-plymouthwi/
Senior Helpers - Portland West,seniorhelpers-portlandor,https://careers.hireology.com/seniorhelpers-portlandor/
"Senior Helpers - Puyallup, WA",seniorhelpers-puyallupwa,https://careers.hireology.com/seniorhelpers-puyallupwa/
"Senior Helpers - Racine, WI",seniorhelpers-racinewi,https://careers.hireology.com/seniorhelpers-racinewi/
"Senior Helpers - Redondo Beach, CA",seniorhelpers-redondobeachca,https://careers.hireology.com/seniorhelpers-redondobeachca/
Senior Helpers - Reno,seniorhelpers-renonv,https://careers.hireology.com/seniorhelpers-renonv/
Senior Helpers - Greater Dallas,seniorhelpers-richardson,https://careers.hireology.com/seniorhelpers-richardson/
"Senior Helpers - Kennewick, WA",seniorhelpers-richlandwa,https://careers.hireology.com/seniorhelpers-richlandwa/
Senior Helpers - Midlothian,seniorhelpers-richmondwest,https://careers.hireology.com/seniorhelpers-richmondwest/
Senior Helpers - Riverside,seniorhelpers-riversideca,https://careers.hireology.com/seniorhelpers-riversideca/
Senior Helpers - Rockford,seniorhelpers-rockfordil,https://careers.hireology.com/seniorhelpers-rockfordil/
Senior Helpers - Rock Hill,seniorhelpers-rockhillsc,https://careers.hireology.com/seniorhelpers-rockhillsc/
Senior Helpers Rockland County NY,seniorhelpers-rocklandsouthorangecounties,https://careers.hireology.com/seniorhelpers-rocklandsouthorangecounties/
Senior Helpers - Sacramento/Placer,seniorhelpers-sacramento,https://careers.hireology.com/seniorhelpers-sacramento/
Senior Helpers - Sacramento East,seniorhelpers-sacramentoeast,https://careers.hireology.com/seniorhelpers-sacramentoeast/
Senior Helpers - San Diego,seniorhelpers-sandiego,https://careers.hireology.com/seniorhelpers-sandiego/
Senior Helpers - San Diego County,seniorhelpers-sandiegoca,https://careers.hireology.com/seniorhelpers-sandiegoca/
Senior Helpers - San Luis Obispo County,seniorhelpers-sanluisobispocounty,https://careers.hireology.com/seniorhelpers-sanluisobispocounty/
Senior Helpers - Santa Barbara,seniorhelpers-santabarbaraca,https://careers.hireology.com/seniorhelpers-santabarbaraca/
Senior Helpers North Bay,seniorhelpers-santarosa,https://careers.hireology.com/seniorhelpers-santarosa/
Senior Helpers - Chatham County,seniorhelpers-savannah,https://careers.hireology.com/seniorhelpers-savannah/
Senior Helpers - Schaumburg,seniorhelpers-schaumburg,https://careers.hireology.com/seniorhelpers-schaumburg/
Senior Helpers - Scottsdale,seniorhelpers-scottsdale,https://careers.hireology.com/seniorhelpers-scottsdale/
Senior Helpers - Southern New Hampshire,seniorhelpers-senewhampshire,https://careers.hireology.com/seniorhelpers-senewhampshire/
Senior Helpers - Smithtown,seniorhelpers-smithtownny,https://careers.hireology.com/seniorhelpers-smithtownny/
Senior Helpers - Central New Jersey,seniorhelpers-somersetnj,https://careers.hireology.com/seniorhelpers-somersetnj/
"Senior Helpers - Southaven, MS",seniorhelpers-southavenms,https://careers.hireology.com/seniorhelpers-southavenms/
Senior Helpers - South Bend,seniorhelpers-southbendmishawaka,https://careers.hireology.com/seniorhelpers-southbendmishawaka/
Senior Helpers - Southern Utah,seniorhelpers-southernutah,https://careers.hireology.com/seniorhelpers-southernutah/
"Senior Helpers - South Tacoma, WA",seniorhelpers-southtacomawa,https://careers.hireology.com/seniorhelpers-southtacomawa/
Senior Helpers - Spokane,seniorhelpers-spokanewa,https://careers.hireology.com/seniorhelpers-spokanewa/
Senior Helpers - Nature Coast,seniorhelpers-springhillfl,https://careers.hireology.com/seniorhelpers-springhillfl/
Senior Helpers - St. Louis,seniorhelpers-stlouismo,https://careers.hireology.com/seniorhelpers-stlouismo/
Senior Helpers - St. Petersburg East,seniorhelpers-stpetersburgeast,https://careers.hireology.com/seniorhelpers-stpetersburgeast/
Senior Helpers - Summerville,seniorhelpers-summerville,https://careers.hireology.com/seniorhelpers-summerville/
Senior Helpers - Mifflinburg,seniorhelpers-sunburypa,https://careers.hireology.com/seniorhelpers-sunburypa/
Senior Helpers - Texas Hill Country,seniorhelpers-texashillcountry,https://careers.hireology.com/seniorhelpers-texashillcountry/
Senior Helpers - Tucson,seniorhelpers-tucsonaz,https://careers.hireology.com/seniorhelpers-tucsonaz/
Senior Helpers Greater San Antonio,seniorhelpers-tx,https://careers.hireology.com/seniorhelpers-tx/
Senior Helpers - Upstate,seniorhelpers-upstate,https://careers.hireology.com/seniorhelpers-upstate/
"Senior Helpers - Lawrenceville, GA",seniorhelpers-vazquezga,https://careers.hireology.com/seniorhelpers-vazquezga/
Senior Helpers - Venice,seniorhelpers-venicefl,https://careers.hireology.com/seniorhelpers-venicefl/
Senior Helpers - Victoria & San Marcos,seniorhelpers-victoriatx,https://careers.hireology.com/seniorhelpers-victoriatx/
Senior Helpers of Warrenton,seniorhelpers-warrenton,https://careers.hireology.com/seniorhelpers-warrenton/
Senior Helpers Waxhaw-Monroe,seniorhelpers-waxhawmonroenc,https://careers.hireology.com/seniorhelpers-waxhawmonroenc/
Senior Helpers - Webster Groves,seniorhelpers-webstergroves,https://careers.hireology.com/seniorhelpers-webstergroves/
Senior Helpers - New Kensington,seniorhelpers-westernpa,https://careers.hireology.com/seniorhelpers-westernpa/
Senior Helpers - Westford,seniorhelpers-westfordma,https://careers.hireology.com/seniorhelpers-westfordma/
Senior Helpers - Westminster,seniorhelpers-westminster,https://careers.hireology.com/seniorhelpers-westminster/
Senior Helpers Worcester,seniorhelpers-worcesterma,https://careers.hireology.com/seniorhelpers-worcesterma/
Senior Helpers - North/Central Orange County,seniorhelpers-yorbalindaca,https://careers.hireology.com/seniorhelpers-yorbalindaca/
Senior Helpers - York,seniorhelpers-york,https://careers.hireology.com/seniorhelpers-york/
"Senior Helpers - Harrisburg, PA",seniorhelpers-yorkpa,https://careers.hireology.com/seniorhelpers-yorkpa/
Senior Helpers - Yorktown Heights,seniorhelpers-yorktownheights,https://careers.hireology.com/seniorhelpers-yorktownheights/
"Senior Helpers – Albany, GA",seniorhelpersalbanyga,https://careers.hireology.com/seniorhelpersalbanyga/
"Senior Helpers - Albuquerque, Rio Rancho, & Santa Fe",seniorhelpersalbuquerquenm,https://careers.hireology.com/seniorhelpersalbuquerquenm/
Senior Helpers - Farmington Hills,seniorhelpersbellingerparentaccount,https://careers.hireology.com/seniorhelpersbellingerparentaccount/
Senior Helpers of Burlington,seniorhelpersburlington,https://careers.hireology.com/seniorhelpersburlington/
Senior Helpers Central Dallas,seniorhelperscentraldallas,https://careers.hireology.com/seniorhelperscentraldallas/
Senior Helpers – Cuyahoga West,seniorhelperscuyahogawest,https://careers.hireology.com/seniorhelperscuyahogawest/
Senior Helpers – West Edmonton - Grand Prarie,seniorhelpersedmonton-grandprarie,https://careers.hireology.com/seniorhelpersedmonton-grandprarie/
"Senior Helpers – Flagstaff, AZ",seniorhelpersflagstaffaz,https://careers.hireology.com/seniorhelpersflagstaffaz/
Senior Helpers - Greenwood,seniorhelpersgreenwood,https://careers.hireology.com/seniorhelpersgreenwood/
"Senior Helpers – Hershey, PA",seniorhelpershersheypa,https://careers.hireology.com/seniorhelpershersheypa/
"Senior Helpers – Langley, BC",seniorhelperslangleync1,https://careers.hireology.com/seniorhelperslangleync1/
Senior Helpers of Southeast Nebraska,seniorhelperslincolnne,https://careers.hireology.com/seniorhelperslincolnne/
Senior Helpers Maine LLC,seniorhelpersmainellc,https://careers.hireology.com/seniorhelpersmainellc/
"Senior Helpers – Mission Viejo, CA",seniorhelpersmissionviejoca,https://careers.hireology.com/seniorhelpersmissionviejoca/
Senior Helpers of Annapolis,seniorhelpersofannapolismd,https://careers.hireology.com/seniorhelpersofannapolismd/
Senior Helpers of Bel Air,seniorhelpersofbelair,https://careers.hireology.com/seniorhelpersofbelair/
Senior Helpers of East Columbia,seniorhelpersofeastcolumbia,https://careers.hireology.com/seniorhelpersofeastcolumbia/
Senior Helpers of Fitchburg,seniorhelpersoffitchburg,https://careers.hireology.com/seniorhelpersoffitchburg/
Senior Helpers of Greater Arlington,seniorhelpersofgreaterarlington,https://careers.hireology.com/seniorhelpersofgreaterarlington/
Senior Helpers of Lake Country,seniorhelpersoflakecountry,https://careers.hireology.com/seniorhelpersoflakecountry/
"Senior Helpers of Maryville, TN",seniorhelpersofmaryvilletn,https://careers.hireology.com/seniorhelpersofmaryvilletn/
Senior Helpers of Minneapolis - St. Paul,seniorhelpersofminneapolisstpaul,https://careers.hireology.com/seniorhelpersofminneapolisstpaul/
Senior Helpers of Northwest Pittsburgh,seniorhelpersofnorthwestpittsburgh,https://careers.hireology.com/seniorhelpersofnorthwestpittsburgh/
Senior Helpers - Portland,seniorhelpersofportlandvancouver,https://careers.hireology.com/seniorhelpersofportlandvancouver/
"Senior Helpers of Redlands, CA",seniorhelpersofredlandsca,https://careers.hireology.com/seniorhelpersofredlandsca/
Senior Helpers - Sarasota/Bradenton,seniorhelpersofsarasotabradenton,https://careers.hireology.com/seniorhelpersofsarasotabradenton/
Senior Helpers of West Houston,seniorhelpersofwesthouston,https://careers.hireology.com/seniorhelpersofwesthouston/
Senior Helpers  - Petersen-Smith Parent,seniorhelpersparentaccount-peterson-smith,https://careers.hireology.com/seniorhelpersparentaccount-peterson-smith/
Senior Helpers of South Rochester,seniorhelpersrochesterny,https://careers.hireology.com/seniorhelpersrochesterny/
Senior Helpers Rockledge,seniorhelpersrockledgefl,https://careers.hireology.com/seniorhelpersrockledgefl/
Senior Helpers of Greater Marin,seniorhelperssanrafael,https://careers.hireology.com/seniorhelperssanrafael/
Senior Helpers - Seal Beach Los Alamitos,seniorhelperssealbeach,https://careers.hireology.com/seniorhelperssealbeach/
Senior Helpers – Southern Arizona,seniorhelperssouthernarizona,https://careers.hireology.com/seniorhelperssouthernarizona/
Senior Helpers – Studio City,seniorhelpersstudiocity,https://careers.hireology.com/seniorhelpersstudiocity/
Senior Helpers Surrey North,seniorhelperssurreynorth,https://careers.hireology.com/seniorhelperssurreynorth/
Senior Helpers – Vancouver,seniorhelpersvancouver,https://careers.hireology.com/seniorhelpersvancouver/
Senior Helpers – West Hartford,seniorhelperswesthartford,https://careers.hireology.com/seniorhelperswesthartford/
Seniornest,seniornest,https://careers.hireology.com/seniornest/
Court at Round Rock,seniorsolutionsmanagementgroup,https://careers.hireology.com/seniorsolutionsmanagementgroup/
Serene Gardens of Clarkston,serenegardensofclarkston,https://careers.hireology.com/serenegardensofclarkston/
Serene Gardens of Grand Blanc,serenegardensofgrandblanc,https://careers.hireology.com/serenegardensofgrandblanc/
Serene Gardens of Hartland,serenegardensofhartland,https://careers.hireology.com/serenegardensofhartland/
Serene Gardens of Imlay City,serenegardensofimlaycity,https://careers.hireology.com/serenegardensofimlaycity/
Serene Gardens of Rochester Hills,serenegardensofrochesterhills,https://careers.hireology.com/serenegardensofrochesterhills/
Serene Gardens of Sterling Heights,serenegardensofsterlingheights,https://careers.hireology.com/serenegardensofsterlingheights/
Serpentini Automotive Group,serpentiniautomotivegroup,https://careers.hireology.com/serpentiniautomotivegroup/
Serpentini CDJR,serpentinicdjr,https://careers.hireology.com/serpentinicdjr/
Serpentini Chevrolet of Orrville,serpentinichevroletbuickoforrville,https://careers.hireology.com/serpentinichevroletbuickoforrville/
Serpentini Chevrolet Of Willoughby Hills,serpentinichevroletofwilloughbyhills,https://careers.hireology.com/serpentinichevroletofwilloughbyhills/
Serpentini Chevrolet Tallmadge,serpentinichevrolettallmadge,https://careers.hireology.com/serpentinichevrolettallmadge/
Serra Auto Campus,serraautocampus,https://careers.hireology.com/serraautocampus/
Serra Saginaw,serraautomotive,https://careers.hireology.com/serraautomotive/
Serra Nissan,serraautomotivegroup,https://careers.hireology.com/serraautomotivegroup/
Serra CDJR Lake Orion,serracdjrlakeorion,https://careers.hireology.com/serracdjrlakeorion/
Serra Champaign,serrachampaign,https://careers.hireology.com/serrachampaign/
Serra Chevrolet,serrachevrolet,https://careers.hireology.com/serrachevrolet/
Serra Chevrolet Cadillac Clarksville,serrachevroletcadillacclarksville,https://careers.hireology.com/serrachevroletcadillacclarksville/
Serra Ford Farmington Hills,serrafordfarmingtonhills,https://careers.hireology.com/serrafordfarmingtonhills/
Serra of Jackson,serraofjackson,https://careers.hireology.com/serraofjackson/
Serra Saginaw,serrasaginaw,https://careers.hireology.com/serrasaginaw/
Serra Toyota,serratoyota,https://careers.hireology.com/serratoyota/
Seven Oaks Nursing & Rehabilitation,sevenoaksnursingrehabilitation,https://careers.hireology.com/sevenoaksnursingrehabilitation/
Shady Oak Nursing & Rehabilitation Center,shadyoaknursingrehabilitationcenter,https://careers.hireology.com/shadyoaknursingrehabilitationcenter/
Sheboygan Chevrolet GMC Cadillac,sheboyganchevroletbuickgmccadillac,https://careers.hireology.com/sheboyganchevroletbuickgmccadillac/
Sheehan Auto Group,sheehanbuickgmc,https://careers.hireology.com/sheehanbuickgmc/
Sheehy Lexus Of Richmond,sheehyautostores,https://careers.hireology.com/sheehyautostores/
Sheehy Auto Stores (VINCO),sheehyautostoresvinco,https://careers.hireology.com/sheehyautostoresvinco/
Sheehy Toyota of Timonium & Volvo Cars Hunt Valley,sheehycollisioncentergaithersburg,https://careers.hireology.com/sheehycollisioncentergaithersburg/
Sheehy Ford Gaithersburg,sheehyfordgaithersburg,https://careers.hireology.com/sheehyfordgaithersburg/
Sheehy Ford of Richmond,sheehyfordlincolnofrichmond,https://careers.hireology.com/sheehyfordlincolnofrichmond/
Sheehy Ford of Ashland,sheehyfordofashland,https://careers.hireology.com/sheehyfordofashland/
Sheehy Ford of Springfield,sheehyfordofspringfield,https://careers.hireology.com/sheehyfordofspringfield/
Sheehy Ford Of Warrenton,sheehyfordofwarrenton,https://careers.hireology.com/sheehyfordofwarrenton/
Sheehy Honda,sheehyhonda,https://careers.hireology.com/sheehyhonda/
Sheehy Hyundai of Waldorf,sheehyhyundaiofwaldorf,https://careers.hireology.com/sheehyhyundaiofwaldorf/
Sheehy Lexus of Annapolis,sheehylexusofannapolis,https://careers.hireology.com/sheehylexusofannapolis/
Sheehy Lexus Of Richmond,sheehylexusofrichmond,https://careers.hireology.com/sheehylexusofrichmond/
Sheehy Hagerstown,sheehymazda,https://careers.hireology.com/sheehymazda/
Sheehy Nissan of Glen Burnie,sheehynissanofglenburnie,https://careers.hireology.com/sheehynissanofglenburnie/
Sheehy Nissan Of Manassas,sheehynissanofmanassas,https://careers.hireology.com/sheehynissanofmanassas/
Sheehy Nissan of Waldorf,sheehynissanofwaldorf,https://careers.hireology.com/sheehynissanofwaldorf/
Sheehy Subaru,sheehysubaru,https://careers.hireology.com/sheehysubaru/
Sheehy Toyota of Fredericksburg,sheehytoyotaoffredericksburg,https://careers.hireology.com/sheehytoyotaoffredericksburg/
Sheehy Toyota of Laurel,sheehytoyotaoflaurel,https://careers.hireology.com/sheehytoyotaoflaurel/
Sheehy Toyota of Stafford,sheehytoyotaofstafford,https://careers.hireology.com/sheehytoyotaofstafford/
Sheehy Volkswagen of Springfield,sheehyvolkswagenofspringfield,https://careers.hireology.com/sheehyvolkswagenofspringfield/
Sheldon Meadows Assisted Living Center,sheldonmeadowsassistedlivingcenter,https://careers.hireology.com/sheldonmeadowsassistedlivingcenter/
Sheraton Ann Arbor Hotel,sheratonannarborhotel,https://careers.hireology.com/sheratonannarborhotel/
Sheraton Jacksonville Hotel,sheratonjacksonvillehotel,https://careers.hireology.com/sheratonjacksonvillehotel/
Sheraton Suites Fort Lauderdale West,sheratonsuitesfortlauderdalewest,https://careers.hireology.com/sheratonsuitesfortlauderdalewest/
Sheridan Auto Body,sheridanautobody,https://careers.hireology.com/sheridanautobody/
Sheridan Ford,sheridanford,https://careers.hireology.com/sheridanford/
Shields Ford,shieldsford,https://careers.hireology.com/shieldsford/
Shiner Nursing & Rehabilitation Center,shinernursingrehabilitationcenter,https://careers.hireology.com/shinernursingrehabilitationcenter/
Shively Motors,shivelymotors,https://careers.hireology.com/shivelymotors/
Shively Motors INC - Shippensburg,shivelymotorsinc-shippensburg,https://careers.hireology.com/shivelymotorsinc-shippensburg/
Shottenkirk Honda of Davis,shottenkirkautomotivegroup-2,https://careers.hireology.com/shottenkirkautomotivegroup-2/
Shottenkirk CDJR Prosper,shottenkirkcdjrprosper,https://careers.hireology.com/shottenkirkcdjrprosper/
Shottenkirk Chevrolet Waukee,shottenkirkchevroletwaukee,https://careers.hireology.com/shottenkirkchevroletwaukee/
Shottenkirk Honda Decatur,shottenkirkhondadecatur,https://careers.hireology.com/shottenkirkhondadecatur/
Shottenkirk Honda Huntsville,shottenkirkhondahuntsville,https://careers.hireology.com/shottenkirkhondahuntsville/
Shottenkirk Honda of Cartersville,shottenkirkhondaofcartersville,https://careers.hireology.com/shottenkirkhondaofcartersville/
Shottenkirk Honda of Rome,shottenkirkhondaofrome,https://careers.hireology.com/shottenkirkhondaofrome/
Shottenkirk Hyundai Granbury,shottenkirkhyundaigranbury,https://careers.hireology.com/shottenkirkhyundaigranbury/
Shottenkirk KIA Fort Bend,shottenkirkkiafortbend,https://careers.hireology.com/shottenkirkkiafortbend/
Shottenkirk Chevy KIA,shottenkirkkiaquincy,https://careers.hireology.com/shottenkirkkiaquincy/
Shottenkirk Nissan Katy,shottenkirknissankaty,https://careers.hireology.com/shottenkirknissankaty/
Shottenkirk Toyota Granbury,shottenkirktoyotagranbury,https://careers.hireology.com/shottenkirktoyotagranbury/
Shottenkirk West Burlington Superstore,shottenkirkwestburlingtonsuperstore,https://careers.hireology.com/shottenkirkwestburlingtonsuperstore/
Shoulak Music - Twin Cities,shoulakmusic-twincities,https://careers.hireology.com/shoulakmusic-twincities/
"Show Low Ford, Inc",showlowfordinc,https://careers.hireology.com/showlowfordinc/
Sid Dillon Ford Crete,siddillonford,https://careers.hireology.com/siddillonford/
Sid Dillon Ford Crete,siddillonfordinc,https://careers.hireology.com/siddillonfordinc/
Sierra Health Foundation,sierrahealthfoundation,https://careers.hireology.com/sierrahealthfoundation/
"Sierra Motors, Inc.",sierramotorsinc,https://careers.hireology.com/sierramotorsinc/
Blue Compass RV Ogden,sierrarv,https://careers.hireology.com/sierrarv/
Silver Tree Nursing & Rehabilitation,silvertreenursingrehabilitation,https://careers.hireology.com/silvertreenursingrehabilitation/
Simi Valley Toyota,simivalleytoyota,https://careers.hireology.com/simivalleytoyota/
Sioux City Ford,siouxcityford,https://careers.hireology.com/siouxcityford/
Sioux Falls Best Western Plus Ramkota Hotel,siouxfallsbestwesternplusramkotahotel,https://careers.hireology.com/siouxfallsbestwesternplusramkotahotel/
Sioux Falls Clubhouse,siouxfallsclubhouse,https://careers.hireology.com/siouxfallsclubhouse/
Sioux Falls Ford,siouxfallsfordlincoln,https://careers.hireology.com/siouxfallsfordlincoln/
Sir Speedy #20030,sirspeedy20030,https://careers.hireology.com/sirspeedy20030/
Sir Walter Chevrolet,sirwalterchevrolet,https://careers.hireology.com/sirwalterchevrolet/
"Fairfield Inn by Marriott  Athens, OH",sjbmanagement,https://careers.hireology.com/sjbmanagement/
Skilled Care of Mexia,skilledcareofmexia,https://careers.hireology.com/skilledcareofmexia/
Skybokx 109 Sports Bar & Grill,skybokx109sportsbarandgrill,https://careers.hireology.com/skybokx109sportsbarandgrill/
Sky Chrysler Dodge Jeep Ram of Provo,skychryslerdodgejeepramofprovo,https://careers.hireology.com/skychryslerdodgejeepramofprovo/
Sky Ford of Provo,skyfordofprovo,https://careers.hireology.com/skyfordofprovo/
Skyline Lodge,skylinelodge,https://careers.hireology.com/skylinelodge/
Slaton Care Center,slatoncarecenter,https://careers.hireology.com/slatoncarecenter/
"Sleepy Hollow Ford, Inc",sleepyhollowfordinc,https://careers.hireology.com/sleepyhollowfordinc/
S & L Ford,slford,https://careers.hireology.com/slford/
King's Pointe Resort,slhospitality,https://careers.hireology.com/slhospitality/
S & L Motors,slmotors,https://careers.hireology.com/slmotors/
Four Points by Sheraton Richmond Airport,smihotelgroup,https://careers.hireology.com/smihotelgroup/
Smith Auto Family Slaton,smithautofamily,https://careers.hireology.com/smithautofamily/
Smith Auto Family Plainview,smithautofamilyplainview,https://careers.hireology.com/smithautofamilyplainview/
Smith International Truck Center - Fayetteville,smithinternationaltruckcenter,https://careers.hireology.com/smithinternationaltruckcenter/
Smith Auto Family Slaton,smithsouthplainslocation2,https://careers.hireology.com/smithsouthplainslocation2/
Smithtown Toyota,smithtowntoyota,https://careers.hireology.com/smithtowntoyota/
Smoky Mountain Harley - Davidson,smokymountainharleydavidson,https://careers.hireology.com/smokymountainharleydavidson/
Snapology of Lancaster and Reading,snapology-lancasterpa,https://careers.hireology.com/snapology-lancasterpa/
Snowbird Mountain Lodge & Restaurant,snowbirdmountainlodge,https://careers.hireology.com/snowbirdmountainlodge/
Hyatt House and Mindaro by JDV Hotels,sojournsuites,https://careers.hireology.com/sojournsuites/
Sommer's Automotive,sommersautomotive,https://careers.hireology.com/sommersautomotive/
Sonesta Gwinnett Place Atlanta,sonestaessuitesgwinnettplace,https://careers.hireology.com/sonestaessuitesgwinnettplace/
Sonesta ES Suites San Antonio Downtown,sonestaessuitessanantoniodowntown,https://careers.hireology.com/sonestaessuitessanantoniodowntown/
Songbird Lodge,songbirdlodge,https://careers.hireology.com/songbirdlodge/
Son Heaven - Helena,sonheaven-helena,https://careers.hireology.com/sonheaven-helena/
Blue Compass RV Concord,sonnyscampntravel-concord,https://careers.hireology.com/sonnyscampntravel-concord/
Sonrisa Senior Living AL/MC,sonrisaseniorlivingalmc,https://careers.hireology.com/sonrisaseniorlivingalmc/
Sonrisa Senior Living IL,sonrisaseniorlivingil,https://careers.hireology.com/sonrisaseniorlivingil/
Aluma Home Care,sophiahomehealthcareservicesllc,https://careers.hireology.com/sophiahomehealthcareservicesllc/
Sophy - Hyde Park,sophy-hydepark,https://careers.hireology.com/sophy-hydepark/
Southaven Kia,southavenkia,https://careers.hireology.com/southavenkia/
South Bay Ford Lincoln,southbayfordlincoln,https://careers.hireology.com/southbayfordlincoln/
Inspira Dental Care,southeastdentalpartners,https://careers.hireology.com/southeastdentalpartners/
Southern Companions,southerncompanions,https://careers.hireology.com/southerncompanions/
Southern Motors Honda,southernmotors,https://careers.hireology.com/southernmotors/
Southern Motors Savannah CDJR,southernmotorssavannahcdjr,https://careers.hireology.com/southernmotorssavannahcdjr/
Southern Specialty Rehabilitation and Nursing,southernspecialtyrehabnursing,https://careers.hireology.com/southernspecialtyrehabnursing/
Southlake Auto Group,southlakeautogroup,https://careers.hireology.com/southlakeautogroup/
Southlake Collision Center,southlakecollisioncenter,https://careers.hireology.com/southlakecollisioncenter/
Southland International Trucks,southlandinternationaltrucks,https://careers.hireology.com/southlandinternationaltrucks/
South Shore Chrysler Dodge Jeep Ram of Five Towns,southshorechryslerdodgejeep,https://careers.hireology.com/southshorechryslerdodgejeep/
South Sioux City Marriott Riverfront,southsiouxcitymarriottriverfront,https://careers.hireology.com/southsiouxcitymarriottriverfront/
Spangler Subaru,spanglersubaru,https://careers.hireology.com/spanglersubaru/
Spanish Cove Retirement Village,spanishcoveretirementvillage,https://careers.hireology.com/spanishcoveretirementvillage/
Spark by Hilton Mystic Groton,sparkbyhiltonmysticgroton,https://careers.hireology.com/sparkbyhiltonmysticgroton/
Spotless Auto LLC,spotlessautollc,https://careers.hireology.com/spotlessautollc/
Blue Compass RV Reno,spradsrv,https://careers.hireology.com/spradsrv/
The Aspenwood Company - Spring Creek Village,springcreekvillage,https://careers.hireology.com/springcreekvillage/
SpringHill Suites Dayton Vandalia,springhillsuites,https://careers.hireology.com/springhillsuites/
"SpringHill Suites - Andover, MA",springhillsuites-andoverma,https://careers.hireology.com/springhillsuites-andoverma/
Springhill Suites - Beaufort,springhillsuites-beaufort,https://careers.hireology.com/springhillsuites-beaufort/
SpringHill Suites - Greensboro Airport,springhillsuites-greensboroairport,https://careers.hireology.com/springhillsuites-greensboroairport/
Springhill Suites By Marriott - Prince Frederick,springhillsuitesbymarriott-princefrederick,https://careers.hireology.com/springhillsuitesbymarriott-princefrederick/
"SpringHill Suites by Marriott Jackson/Ridgeland, MS",springhillsuitesbymarriottjacksonridgelandms,https://careers.hireology.com/springhillsuitesbymarriottjacksonridgelandms/
"SpringHill Suites by Marriott Loveland, CO",springhillsuitesbymarriottlovelandco,https://careers.hireology.com/springhillsuitesbymarriottlovelandco/
Springhill Suites Charleston Mount Pleasant,springhillsuitescharlestonmountpleasant,https://careers.hireology.com/springhillsuitescharlestonmountpleasant/
SpringHill Suites Cheraw,springhillsuitescheraw,https://careers.hireology.com/springhillsuitescheraw/
Springhill Suites Kansas City Plaza,springhillsuiteskansas,https://careers.hireology.com/springhillsuiteskansas/
SpringHill Suites Orange Beach at The Wharf,springhillsuitesorangebeachatthewharf,https://careers.hireology.com/springhillsuitesorangebeachatthewharf/
"Springhill Suites Portland Vancouver - Vancouver, WA",springhillsuitesportlandvancouver-vancouverwa,https://careers.hireology.com/springhillsuitesportlandvancouver-vancouverwa/
"SpringHill Suites Richmond NW - Richmond, VA",springhillsuitesrichmondnw-richmondva,https://careers.hireology.com/springhillsuitesrichmondnw-richmondva/
Springhill Suites Sugarland,springhillsuitessugarland,https://careers.hireology.com/springhillsuitessugarland/
Sprix USA,sprixusa,https://careers.hireology.com/sprixusa/
Spruce Point Inn,sprucepointinn,https://careers.hireology.com/sprucepointinn/
Blake Fulenwider Ford of Andrews,stanleyford,https://careers.hireology.com/stanleyford/
Stanley,stanleysubaru,https://careers.hireology.com/stanleysubaru/
Starks Ford of Queens,starksfordofqueens,https://careers.hireology.com/starksfordofqueens/
Starling Buick GMC of Stuart,starlingbuickgmcofstuart,https://careers.hireology.com/starlingbuickgmcofstuart/
Starling Chevrolet - Mt. Pleasant,starlingchevrolet-mtpleasant,https://careers.hireology.com/starlingchevrolet-mtpleasant/
Starling Ford - Titusville,starlingford,https://careers.hireology.com/starlingford/
Starr Motors,starrmotors,https://careers.hireology.com/starrmotors/
Stateline Subaru,statelineautoranchsubaru,https://careers.hireology.com/statelineautoranchsubaru/
Stateline Chrysler Jeep Dodge RAM,statelinechryslerjeepdodgeram,https://careers.hireology.com/statelinechryslerjeepdodgeram/
"Ed Staub & Sons Petroleum, Inc",staubedsonspetroleuminc,https://careers.hireology.com/staubedsonspetroleuminc/
Staybridge Suites Omaha West,staybridgesuitesomahawest,https://careers.hireology.com/staybridgesuitesomahawest/
Genesis of St. Charles,stcharlesautomotivegroup,https://careers.hireology.com/stcharlesautomotivegroup/
St Charles Hyundai,stcharleshyundai,https://careers.hireology.com/stcharleshyundai/
St. Charles Nissan MO,stcharlesnissanmo,https://careers.hireology.com/stcharlesnissanmo/
Cherrelyn Healthcare Center,stellarseniorliving,https://careers.hireology.com/stellarseniorliving/
Sandia Vista Senior Living,stellarseniorliving-albuquerque,https://careers.hireology.com/stellarseniorliving-albuquerque/
Creekside Senior Living,stellarseniorliving-bountiful,https://careers.hireology.com/stellarseniorliving-bountiful/
The Grand at Broomfield,stellarseniorliving-broomfield,https://careers.hireology.com/stellarseniorliving-broomfield/
Skyline Ridge Nursing & Rehabilitation Center,stellarseniorliving-canoncity,https://careers.hireology.com/stellarseniorliving-canoncity/
North Star Retirement Community,stellarseniorliving-coeurdalene,https://careers.hireology.com/stellarseniorliving-coeurdalene/
Bear Creek Senior Living,stellarseniorliving-coloradosprings-bearcreek,https://careers.hireology.com/stellarseniorliving-coloradosprings-bearcreek/
Springs Village Care Center,stellarseniorliving-coloradosprings-springsvillage,https://careers.hireology.com/stellarseniorliving-coloradosprings-springsvillage/
Winslow Court Retirement Community,stellarseniorliving-coloradosprings-winslowcourt,https://careers.hireology.com/stellarseniorliving-coloradosprings-winslowcourt/
Willow Tree Care Center,stellarseniorliving-delta,https://careers.hireology.com/stellarseniorliving-delta/
The Montevista at Coronado,stellarseniorliving-elpaso,https://careers.hireology.com/stellarseniorliving-elpaso/
La Villa Grande Care Center,stellarseniorliving-grandjunction-lavillagrande,https://careers.hireology.com/stellarseniorliving-grandjunction-lavillagrande/
Mantey Heights Rehabilitation & Care Center,stellarseniorliving-grandjunction-manteyheights,https://careers.hireology.com/stellarseniorliving-grandjunction-manteyheights/
Helena Pointe,stellarseniorliving-helenapointe,https://careers.hireology.com/stellarseniorliving-helenapointe/
Lincoln Court Retirement Community,stellarseniorliving-idahofalls,https://careers.hireology.com/stellarseniorliving-idahofalls/
Cedars Healthcare Center,stellarseniorliving-lakewood,https://careers.hireology.com/stellarseniorliving-lakewood/
Cherrelyn Healthcare Center,stellarseniorliving-littleton,https://careers.hireology.com/stellarseniorliving-littleton/
Missoula Valley,stellarseniorliving-missoulavalley,https://careers.hireology.com/stellarseniorliving-missoulavalley/
Stellar Senior Living,stellarseniorliving-parent,https://careers.hireology.com/stellarseniorliving-parent/
Courtyard at Jamestown Assisted Living,stellarseniorliving-provo,https://careers.hireology.com/stellarseniorliving-provo/
Overlake Terrace Retirement Community,stellarseniorliving-redmond,https://careers.hireology.com/stellarseniorliving-redmond/
Park Lane Senior Living,stellarseniorliving-saltlake-parklane,https://careers.hireology.com/stellarseniorliving-saltlake-parklane/
The Gallery at Spokane,stellarseniorliving-spokane,https://careers.hireology.com/stellarseniorliving-spokane/
The Palms at Sun City,stellarseniorliving-suncity,https://careers.hireology.com/stellarseniorliving-suncity/
Broadway Proper Senior Living,stellarseniorliving-tucson,https://careers.hireology.com/stellarseniorliving-tucson/
Sterling Ford & CDJR,sterlingfordcdjr,https://careers.hireology.com/sterlingfordcdjr/
Sternberg Automotive Group,sternbergautomotivegroup,https://careers.hireology.com/sternbergautomotivegroup/
Sternberg Chevrolet,sternbergchevrolet,https://careers.hireology.com/sternbergchevrolet/
Sternberg International Truck Sales & Service - Bloomington,sternbergcommercialtrucksales,https://careers.hireology.com/sternbergcommercialtrucksales/
Sternberg Ford,sternbergford,https://careers.hireology.com/sternbergford/
Sternberg International Truck Sales & Service - Evansville,sternberginternationaltrucksalesservice-evansville,https://careers.hireology.com/sternberginternationaltrucksalesservice-evansville/
Landers Chrysler Dodge Jeep - Little Rock,stevelanderschryslerdodgejeep-littlerock,https://careers.hireology.com/stevelanderschryslerdodgejeep-littlerock/
Landers Kia,stevelanderskia,https://careers.hireology.com/stevelanderskia/
Stevens Creek Hyundai,stevenscreekhyundai,https://careers.hireology.com/stevenscreekhyundai/
Stevens Creek Mazda,stevenscreekmazda,https://careers.hireology.com/stevenscreekmazda/
Stevens Creek Toyota,stevenscreektoyota,https://careers.hireology.com/stevenscreektoyota/
HoneyCar,stevensodikoffauto,https://careers.hireology.com/stevensodikoffauto/
Stevens Point Auto Center,stevenspointautocenter,https://careers.hireology.com/stevenspointautocenter/
Steve Schmitt Ford,steveschmittford,https://careers.hireology.com/steveschmittford/
Steve Schmitt of Litchfield,steveschmittoflitchfield,https://careers.hireology.com/steveschmittoflitchfield/
Steve's Hometown Toyota,steveshometowntoyota,https://careers.hireology.com/steveshometowntoyota/
St Francis Common at St Luke,stfranciscommonatstluke,https://careers.hireology.com/stfranciscommonatstluke/
St Giles Nursing and Rehabilitation Center,stgilesnursingandrehabilitationcenter,https://careers.hireology.com/stgilesnursingandrehabilitationcenter/
Stirling Honda,stirlinghonda,https://careers.hireology.com/stirlinghonda/
St. Ives Hometown Living of Johns Creek,stiveshometownlivingofjohnscreek,https://careers.hireology.com/stiveshometownlivingofjohnscreek/
Anderson Outdoor,stjoehonda,https://careers.hireology.com/stjoehonda/
St. Joseph Chateau,stjosephchateau,https://careers.hireology.com/stjosephchateau/
St. Louis Chrysler Dodge Jeep Ram,stlouiscdjr,https://careers.hireology.com/stlouiscdjr/
St Luke Health Services,stlukehealthservices,https://careers.hireology.com/stlukehealthservices/
Stohlman Subaru of Tysons,stohlmansubaru,https://careers.hireology.com/stohlmansubaru/
Stohlman Volkswagen,stohlmanvolkswagensubaru,https://careers.hireology.com/stohlmanvolkswagensubaru/
Stokes Toyota Beaufort,stokesbrowntoyotabeaufort,https://careers.hireology.com/stokesbrowntoyotabeaufort/
Stokes Toyota Hilton Head,stokesbrowntoyotaofhiltonhead,https://careers.hireology.com/stokesbrowntoyotaofhiltonhead/
Stonebriar Chevrolet,stonebridgechevrolet,https://careers.hireology.com/stonebridgechevrolet/
Stoney Brook of Belton,stoneybrookofbelton,https://careers.hireology.com/stoneybrookofbelton/
Stoney Brook of Copperas Cove,stoneybrookofcopperascove,https://careers.hireology.com/stoneybrookofcopperascove/
Stoney Brook of Hewitt,stoneybrookofhewitt,https://careers.hireology.com/stoneybrookofhewitt/
Straub Ford,straubford,https://careers.hireology.com/straubford/
Straub Honda,straubhonda,https://careers.hireology.com/straubhonda/
Straub Hyundai,straubhyundai,https://careers.hireology.com/straubhyundai/
StretchLab - Cherry Creek,stretchlab-denver,https://careers.hireology.com/stretchlab-denver/
StretchLab,stretchlab-downtowncharleston,https://careers.hireology.com/stretchlab-downtowncharleston/
StretchLab - Granada Hills,stretchlab-granadahills,https://careers.hireology.com/stretchlab-granadahills/
Stretch Lab,stretchlab-metairie,https://careers.hireology.com/stretchlab-metairie/
Stretch Lab LA,stretchlabla,https://careers.hireology.com/stretchlabla/
Stretch Lab Phoenix/Scottsdale,stretchlabscottsdale,https://careers.hireology.com/stretchlabscottsdale/
StretchLab San Antonio,stretchlabstoneoak,https://careers.hireology.com/stretchlabstoneoak/
St. Teresa Nursing and Rehab Center,stteresanursingandrehabcenter,https://careers.hireology.com/stteresanursingandrehabcenter/
Lundgren Subaru of Claremont,subaruclaremont,https://careers.hireology.com/subaruclaremont/
Subaru Evergreen Park,subaruevergreenpark,https://careers.hireology.com/subaruevergreenpark/
Subaru Of Bend,subaruofbend,https://careers.hireology.com/subaruofbend/
Subaru of Glendale,subaruofglendale,https://careers.hireology.com/subaruofglendale/
Subaru of Little Rock,subaruoflittlerock,https://careers.hireology.com/subaruoflittlerock/
Subaru South Charlotte,subarusouthblvd,https://careers.hireology.com/subarusouthblvd/
Subaru Stamford,subarustamford,https://careers.hireology.com/subarustamford/
Suburban Ford,suburbanfordofferndale,https://careers.hireology.com/suburbanfordofferndale/
Sullivan Automotive Group,sullivanautomotivegroup,https://careers.hireology.com/sullivanautomotivegroup/
Sullivan Honda,sullivanhonda,https://careers.hireology.com/sullivanhonda/
Summit Motors,summitmotors,https://careers.hireology.com/summitmotors/
Sunbury Motor Company,sunburymotorcompany,https://careers.hireology.com/sunburymotorcompany/
Suncoast Park Hotel Anaheim,suncoastparkhotelanaheim,https://careers.hireology.com/suncoastparkhotelanaheim/
Sundre Sand & Gravel,sundresandgravel,https://careers.hireology.com/sundresandgravel/
Sunflower Park Health Care,sunflowerparkhealthcare,https://careers.hireology.com/sunflowerparkhealthcare/
Sunny's Cafe,sunnys,https://careers.hireology.com/sunnys/
Sunnyside Chevrolet,sunnysidechevrolet,https://careers.hireology.com/sunnysidechevrolet/
Sunnyvale Honda,sunnyvalehonda,https://careers.hireology.com/sunnyvalehonda/
Sunset Ford of Waterloo,sunsetfordofwaterloo,https://careers.hireology.com/sunsetfordofwaterloo/
Sunset Ford St. Louis,sunsetfordstlouis,https://careers.hireology.com/sunsetfordstlouis/
Sunset Hills Subaru,sunsethillssubaru,https://careers.hireology.com/sunsethillssubaru/
Sunshine Ford,sunshinefordlincoln-ny,https://careers.hireology.com/sunshinefordlincoln-ny/
Sun State Ford,sunstateford,https://careers.hireology.com/sunstateford/
Suntrup Buick GMC,suntrupauto,https://careers.hireology.com/suntrupauto/
Suntrup Buick GMC,suntrupbuickgmc,https://careers.hireology.com/suntrupbuickgmc/
Suntrup Ford (Kirkwood),suntrupfordkirkwood,https://careers.hireology.com/suntrupfordkirkwood/
Suntrup Ford (Westport),suntrupfordwestport,https://careers.hireology.com/suntrupfordwestport/
Suntrup Automotive Group,suntrupnissanvolkswagen,https://careers.hireology.com/suntrupnissanvolkswagen/
Marin Subaru,sunwiseautogroup,https://careers.hireology.com/sunwiseautogroup/
Superfeet,superfeet,https://careers.hireology.com/superfeet/
Superior Ford,superiorbrookdalefordinc,https://careers.hireology.com/superiorbrookdalefordinc/
Superior Steel Door & Trim,superiorsteeldoortrim,https://careers.hireology.com/superiorsteeldoortrim/
Surfsand Resort - Cannon Beach,surfsandresort,https://careers.hireology.com/surfsandresort/
Surfside Laundry,surfsidelaundry-parent,https://careers.hireology.com/surfsidelaundry-parent/
"Surfside Laundry: Foley, AL",surfsidelaundryfoleyal,https://careers.hireology.com/surfsidelaundryfoleyal/
Sutton Ford,suttonford,https://careers.hireology.com/suttonford/
SVG Chevrolet Buick GMC - Washington Court House,svgchevroletbuickgmc-washingtoncourthouse,https://careers.hireology.com/svgchevroletbuickgmc-washingtoncourthouse/
SVG Chevrolet GMC Urbana,svgchevroletgmcurbana,https://careers.hireology.com/svgchevroletgmcurbana/
SVG Motors - Beavercreek,svgmotors-beavercreek,https://careers.hireology.com/svgmotors-beavercreek/
SVG Springfield Buick GMC,svgspringfieldbuickgmc,https://careers.hireology.com/svgspringfieldbuickgmc/
SVG Toyota - Washington Courthouse,svgtoyota-washingtoncourthouse,https://careers.hireology.com/svgtoyota-washingtoncourthouse/
Sweetwaters Coffee and Tea - Hamilton Quarter,sweetwaterscoffeeandtea-hamiltonquarter,https://careers.hireology.com/sweetwaterscoffeeandtea-hamiltonquarter/
Sweetwaters of Bridge Park,sweetwatersofbridgepark,https://careers.hireology.com/sweetwatersofbridgepark/
Sweetwaters of Bridge Park,sweetwatersofthepointeatpolaris,https://careers.hireology.com/sweetwatersofthepointeatpolaris/
Sylvan Learning - Bowling Green,sylvanlearning-bowlinggreenoh,https://careers.hireology.com/sylvanlearning-bowlinggreenoh/
Sylvan Learning - Ballantyne,sylvanlearning-charlottenc,https://careers.hireology.com/sylvanlearning-charlottenc/
"Sylvan Learning - Defiance, OH",sylvanlearning-defianceoh,https://careers.hireology.com/sylvanlearning-defianceoh/
"Sylvan learning - Huntersville, NC",sylvanlearning-huntersvillenc,https://careers.hireology.com/sylvanlearning-huntersvillenc/
"Sylvan Learning - Kelowna, BC",sylvanlearning-kelownabc,https://careers.hireology.com/sylvanlearning-kelownabc/
"Sylvan Learning -- Los Angeles, CA",sylvanlearning-losangelesca,https://careers.hireology.com/sylvanlearning-losangelesca/
"Sylvan Learning Center of Lubbock, TX",sylvanlearning-lubbocktx,https://careers.hireology.com/sylvanlearning-lubbocktx/
"Sylvan Learning - Newton, BC",sylvanlearning-newtonbc,https://careers.hireology.com/sylvanlearning-newtonbc/
"Sylvan Learning - GLC of Upstate & Midlands of South Carolina and Western North Carolina,",sylvanlearning-southcarolina,https://careers.hireology.com/sylvanlearning-southcarolina/
Sylvan Learning - Southern CA,sylvanlearning-southernca,https://careers.hireology.com/sylvanlearning-southernca/
Sylvan Learning - Southwest Texas,sylvanlearning-southwest-tx,https://careers.hireology.com/sylvanlearning-southwest-tx/
"Sylvan Learning - Toledo, OH",sylvanlearning-toledooh,https://careers.hireology.com/sylvanlearning-toledooh/
Sylvan Learning,sylvanlearningcenter-christinamarziale,https://careers.hireology.com/sylvanlearningcenter-christinamarziale/
"Sylvan Learning Center -MidCities, TX",sylvanlearningcenter-markdempsey,https://careers.hireology.com/sylvanlearningcenter-markdempsey/
Sylvan Learning Center Aledo-Weatherford,sylvanlearningcenteraledo-weatherford,https://careers.hireology.com/sylvanlearningcenteraledo-weatherford/
Sylvan Learning of Lincoln,sylvanlearningoflincoln,https://careers.hireology.com/sylvanlearningoflincoln/
Sylvan Shores Health & Wellness,sylvanshores,https://careers.hireology.com/sylvanshores/
Symphony Pointe,symphonypointe,https://careers.hireology.com/symphonypointe/
Pineview Cottage,synergyseniormanagement,https://careers.hireology.com/synergyseniormanagement/
Talley Broadcasting Corporation,talleybroadcastingcorporation,https://careers.hireology.com/talleybroadcastingcorporation/
Tansky Sawmill Toyota,tanskysawmilltoyota,https://careers.hireology.com/tanskysawmilltoyota/
Tantillo Auto Group,tantilloautogroup,https://careers.hireology.com/tantilloautogroup/
Target Rental,targetrental,https://careers.hireology.com/targetrental/
Tasca Ford  Seekonk,tascafordma,https://careers.hireology.com/tascafordma/
Tate Branch CDJR Hobbs,tatebranchautogroup,https://careers.hireology.com/tatebranchautogroup/
Taylor Glen A Thrive More Community,taylorglencommunity,https://careers.hireology.com/taylorglencommunity/
Taylor Grubaugh Chevrolet,taylorgrubaughchevrolet,https://careers.hireology.com/taylorgrubaughchevrolet/
Team H.A.R.T at Epique Realty,teamhartatexprealty,https://careers.hireology.com/teamhartatexprealty/
Team Honda,teamhonda,https://careers.hireology.com/teamhonda/
Team Honda of Acadiana,teamhondaofacadiana,https://careers.hireology.com/teamhondaofacadiana/
Team Chevrolet Cadillac Mazda,teammazda,https://careers.hireology.com/teammazda/
Edmond Hyundai,tedmooreautogroup,https://careers.hireology.com/tedmooreautogroup/
Ten Mile- Washington,tenmile-washington,https://careers.hireology.com/tenmile-washington/
"Tenvoorde Ford, Inc.",tenvoordefordinc,https://careers.hireology.com/tenvoordefordinc/
Terrebonne Ford,terrebonneford,https://careers.hireology.com/terrebonneford/
Texoma Healthcare Center,texomahealthcarecenter,https://careers.hireology.com/texomahealthcarecenter/
The Admiral's Inn,theadmiralsinn,https://careers.hireology.com/theadmiralsinn/
The Alfond Inn,thealfondinn,https://careers.hireology.com/thealfondinn/
Arbors at Stoneham,thearborsassistedlivingresidentialcommunities,https://careers.hireology.com/thearborsassistedlivingresidentialcommunities/
The Arbors Healthcare And Rehabilitation Center,thearborshealthcarerehab,https://careers.hireology.com/thearborshealthcarerehab/
The Atrium of Bellmead,theatriumofbellmead,https://careers.hireology.com/theatriumofbellmead/
The Avaline at River Oaks,theavalineatriveroaks,https://careers.hireology.com/theavalineatriveroaks/
The Campbell House Lexington,thecampbellhousecuriocollection,https://careers.hireology.com/thecampbellhousecuriocollection/
The Capitana,thecapitana,https://careers.hireology.com/thecapitana/
The Capri Inn,thecapriinn,https://careers.hireology.com/thecapriinn/
The Carriages of Mt.  Zion,thecarriagesofmtzion,https://careers.hireology.com/thecarriagesofmtzion/
The Carriages of Rochester,thecarriagesofrochester,https://careers.hireology.com/thecarriagesofrochester/
The Chatfield Assisted Living,thechatfieldassistedliving,https://careers.hireology.com/thechatfieldassistedliving/
The Claiborne - Corporate,theclaiborne-corporate,https://careers.hireology.com/theclaiborne-corporate/
The Claiborne at Baton Rouge,theclaiborneatbatonrouge,https://careers.hireology.com/theclaiborneatbatonrouge/
The Claiborne at Brickyard Crossing,theclaiborneatbrickyardcrossing,https://careers.hireology.com/theclaiborneatbrickyardcrossing/
The Claiborne at Gulfport Highlands,theclaiborneatgulfporthighlands,https://careers.hireology.com/theclaiborneatgulfporthighlands/
The Claiborne at Hattiesburg,theclaiborneathattiesburg,https://careers.hireology.com/theclaiborneathattiesburg/
The Claiborne at Hattiesburg - Independent Living,theclaiborneathattiesburg-independentliving,https://careers.hireology.com/theclaiborneathattiesburg-independentliving/
The Claiborne at McComb,theclaiborneatmccomb,https://careers.hireology.com/theclaiborneatmccomb/
The Claiborne at Newnan Lakes,theclaiborneatnewnanlakes,https://careers.hireology.com/theclaiborneatnewnanlakes/
The Claiborne at Shoe Creek,theclaiborneatshoecreek,https://careers.hireology.com/theclaiborneatshoecreek/
The Claiborne at Thibodaux,theclaiborneatthibodaux,https://careers.hireology.com/theclaiborneatthibodaux/
The Claiborne at West Lake,theclaiborneatwestlake,https://careers.hireology.com/theclaiborneatwestlake/
The Club at Carlton Woods,theclubatcarlton,https://careers.hireology.com/theclubatcarlton/
The Collection,thecollection,https://careers.hireology.com/thecollection/
The Commonwealth,thecommonwealth,https://careers.hireology.com/thecommonwealth/
The Compton,thecompton,https://careers.hireology.com/thecompton/
The Aspenwood Company - The Crestmoor at Green Hills,thecrestmooreatgreenhills,https://careers.hireology.com/thecrestmooreatgreenhills/
The Deck,thedeck,https://careers.hireology.com/thedeck/
The Aspenwood Company - The Doliver of Tanglewood,thedoliveroftanglewood,https://careers.hireology.com/thedoliveroftanglewood/
The Evergreen Inn - Vancouver,theevergreeninn-vancouver,https://careers.hireology.com/theevergreeninn-vancouver/
The Flatiron Hotel,theflatironrooftop,https://careers.hireology.com/theflatironrooftop/
The Flow Express Carwash,theflowexpresscarwash,https://careers.hireology.com/theflowexpresscarwash/
"The Foundry Hotel Asheville, Curio Collection",thefoundryhotelashevillecuriocollection,https://careers.hireology.com/thefoundryhotelashevillecuriocollection/
The Fountains at Greenbriar,thefountainsatgreenbriar,https://careers.hireology.com/thefountainsatgreenbriar/
The Fountains at La Cholla,thefountainsatlacholla,https://careers.hireology.com/thefountainsatlacholla/
The Fountains at Millbrook,thefountainsatmillbrook,https://careers.hireology.com/thefountainsatmillbrook/
The George,thegeorgehotel,https://careers.hireology.com/thegeorgehotel/
The Ghoman Group,theghomangroup,https://careers.hireology.com/theghomangroup/
The Glen House,theglenhouse,https://careers.hireology.com/theglenhouse/
The Goddard School,thegoddardschool-brentwoodca,https://careers.hireology.com/thegoddardschool-brentwoodca/
The Goddard School - Brooklyn Park,thegoddardschool-brooklynpark,https://careers.hireology.com/thegoddardschool-brooklynpark/
The Goddard School,thegoddardschool-clarksburg,https://careers.hireology.com/thegoddardschool-clarksburg/
The Goddard School - Edmond I,thegoddardschool-edmondi,https://careers.hireology.com/thegoddardschool-edmondi/
The Goddard School - Milton,thegoddardschool-milton,https://careers.hireology.com/thegoddardschool-milton/
"The Goddard School, Pflugerville, TX",thegoddardschool-pflugervilletx,https://careers.hireology.com/thegoddardschool-pflugervilletx/
The Goddard School - Spring 3 Harmony,thegoddardschool-spring,https://careers.hireology.com/thegoddardschool-spring/
The Goddard School - Washington Township / Moorestown,thegoddardschool-washingtontownshipmoorestown,https://careers.hireology.com/thegoddardschool-washingtontownshipmoorestown/
The Goddard School - Houston 1 Energy Corridor,thegoddardschoolcrossroads,https://careers.hireology.com/thegoddardschoolcrossroads/
The Good Samaritan Home of Quincy,thegoodsamaritanhomeofquincy,https://careers.hireology.com/thegoodsamaritanhomeofquincy/
The Grand at Southern Hills,thegrandofsouthernhills,https://careers.hireology.com/thegrandofsouthernhills/
The Groves,thegroves,https://careers.hireology.com/thegroves/
The Hacienda at the Canyon,thehaciendaatthecanyon,https://careers.hireology.com/thehaciendaatthecanyon/
The Harborview Hotel,theharborviewhotel,https://careers.hireology.com/theharborviewhotel/
The Haven at San Gabriel,thehavenatsangabriel,https://careers.hireology.com/thehavenatsangabriel/
The Heritage Memory Care,theheritagememorycare,https://careers.hireology.com/theheritagememorycare/
The Heritage of Clear Lake,theheritageofclearlake,https://careers.hireology.com/theheritageofclearlake/
The Heritage of Meyerland,theheritageofmeyerland,https://careers.hireology.com/theheritageofmeyerland/
The Hills Nursing & Rehabilitation,thehillsnursingrehabilitation,https://careers.hireology.com/thehillsnursingrehabilitation/
The Independent,theindependent,https://careers.hireology.com/theindependent/
The Indigo at Bartlett,theindigoatbartlett,https://careers.hireology.com/theindigoatbartlett/
The Indigo at Lansing,theindigoatlansing,https://careers.hireology.com/theindigoatlansing/
The Indigo Road Hospitality Group,theindigoroadhospitalitygroup,https://careers.hireology.com/theindigoroadhospitalitygroup/
The Inn at Canaan,theinnatcanaan,https://careers.hireology.com/theinnatcanaan/
The Inn on Boltwood,theinnonboltwood,https://careers.hireology.com/theinnonboltwood/
The Iris Senior Living,theirisseniorliving,https://careers.hireology.com/theirisseniorliving/
The Island Resort at Fort Walton Beach,theislandresortatfortwaltonbeach,https://careers.hireology.com/theislandresortatfortwaltonbeach/
ChiroFit Inc.,thejoint-coloradoparentaccount,https://careers.hireology.com/thejoint-coloradoparentaccount/
The Kensington in Hastings,thekensingtoninhastings,https://careers.hireology.com/thekensingtoninhastings/
The Lakeside Village,thelakesidevillage,https://careers.hireology.com/thelakesidevillage/
The Lantern Columbia,thelanterncolumbia,https://careers.hireology.com/thelanterncolumbia/
The Lash Group - Epique Realty,thelashgroup-epiquerealty,https://careers.hireology.com/thelashgroup-epiquerealty/
The Lash Lounge - Glen Mills,thelashlounge-glenmills,https://careers.hireology.com/thelashlounge-glenmills/
The Las Olas Company / Riverside Hotel,thelasolascompanyriversidehotel,https://careers.hireology.com/thelasolascompanyriversidehotel/
The Leonard On Beverly,theleonardonbeverly,https://careers.hireology.com/theleonardonbeverly/
The Lisa Vogel Agency,thelisavogelagency,https://careers.hireology.com/thelisavogelagency/
The Lodge at Historic Lewes,thelodgeathistoriclewes,https://careers.hireology.com/thelodgeathistoriclewes/
The Lodge at Saginaw,thelodgeatsaginaw,https://careers.hireology.com/thelodgeatsaginaw/
The Lodge at Truitt Homestead,thelodgeattruitthomestead,https://careers.hireology.com/thelodgeattruitthomestead/
The Lodge Nursing & Rehab Center,thelodgenursing&rehabcenter,https://careers.hireology.com/thelodgenursing%26rehabcenter/
The Lucie,thelucie,https://careers.hireology.com/thelucie/
"The Maids - Bethlehem, PA",themaids-bethlehempa,https://careers.hireology.com/themaids-bethlehempa/
The Manor at Blue Water Bay,themanoratbluewaterbay,https://careers.hireology.com/themanoratbluewaterbay/
The Mason Automotive Group,themasonautomotivegroup,https://careers.hireology.com/themasonautomotivegroup/
The Meadows Assisted Living,themeadowsassistedliving,https://careers.hireology.com/themeadowsassistedliving/
The Morton Arboretum,themortonarboretum,https://careers.hireology.com/themortonarboretum/
The Next Chapter - Senior Care Solutions,thenextchapter,https://careers.hireology.com/thenextchapter/
The Oaks,theoaks,https://careers.hireology.com/theoaks/
The Oaks of Granbury,theoaksofgranbury,https://careers.hireology.com/theoaksofgranbury/
Theodore Robins Ford,theodorerobinsford,https://careers.hireology.com/theodorerobinsford/
The Park in Plano,theparkinplano,https://careers.hireology.com/theparkinplano/
The Patch Grill,thepatchgrill,https://careers.hireology.com/thepatchgrill/
"Pecheles - Audi, VW, Hyundai",thepechelesautogroup,https://careers.hireology.com/thepechelesautogroup/
Dogtopia of Roanoke,thepetmansiondogtopiaofroanoke,https://careers.hireology.com/thepetmansiondogtopiaofroanoke/
The Plaza at Richardson,theplazaatrichardson,https://careers.hireology.com/theplazaatrichardson/
The Pointe at Cedar Park,thepointeatcedarpark,https://careers.hireology.com/thepointeatcedarpark/
The Portland Regency Hotel & Spa,theportlandregencyhotelspa,https://careers.hireology.com/theportlandregencyhotelspa/
The Preacher's Son,thepreachersson,https://careers.hireology.com/thepreachersson/
The Preserve at Meridian,thepreserveatmeridian,https://careers.hireology.com/thepreserveatmeridian/
The Preston of the Park Cities,thepreston,https://careers.hireology.com/thepreston/
The Sagamore Resort,thesagamoreresort,https://careers.hireology.com/thesagamoreresort/
The Sapling School,thesaplingschool,https://careers.hireology.com/thesaplingschool/
The Sky Bridge at Town Center,theskybridgeattowncenter,https://careers.hireology.com/theskybridgeattowncenter/
The South Branch Smokehouse & Highlands Bar and Grill,thesouthbranchinn,https://careers.hireology.com/thesouthbranchinn/
Spark by Hilton,thesparkbyhilton,https://careers.hireology.com/thesparkbyhilton/
The Springs Healthcare & Rehabilitation,thesprings,https://careers.hireology.com/thesprings/
The Springs of Scottsdale,thespringsatscottsdale,https://careers.hireology.com/thespringsatscottsdale/
The Suites of Algiers Point,thesuitesofalgierspoint,https://careers.hireology.com/thesuitesofalgierspoint/
The Tennessean Hotel,thetennesseanhotel,https://careers.hireology.com/thetennesseanhotel/
The TEA Center,thetransformationaleducationadventurecenter,https://careers.hireology.com/thetransformationaleducationadventurecenter/
The UPS Store,theupsstore-centralwestendstlouis,https://careers.hireology.com/theupsstore-centralwestendstlouis/
The UPS Store Guilford #0613,theupsstore0613,https://careers.hireology.com/theupsstore0613/
The UPS Store #0691,theupsstore0691,https://careers.hireology.com/theupsstore0691/
The UPS Store,theupsstore0774,https://careers.hireology.com/theupsstore0774/
The UPS Store #0811,theupsstore0811,https://careers.hireology.com/theupsstore0811/
The UPS Store #0952,theupsstore0952,https://careers.hireology.com/theupsstore0952/
The UPS Store #1005,theupsstore1005,https://careers.hireology.com/theupsstore1005/
The UPS Store #1030,theupsstore1030,https://careers.hireology.com/theupsstore1030/
The UPS Store #1043,theupsstore1043,https://careers.hireology.com/theupsstore1043/
The UPS Store #1224,theupsstore1224,https://careers.hireology.com/theupsstore1224/
The UPS Store #1250,theupsstore1250,https://careers.hireology.com/theupsstore1250/
The UPS Store,theupsstore1255,https://careers.hireology.com/theupsstore1255/
The UPS Store #1327,theupsstore1327,https://careers.hireology.com/theupsstore1327/
The UPS Store #1602,theupsstore1602,https://careers.hireology.com/theupsstore1602/
The UPS Store #1792,theupsstore1792,https://careers.hireology.com/theupsstore1792/
The UPS Store #2124,theupsstore2124,https://careers.hireology.com/theupsstore2124/
The UPS Store #2241,theupsstore2241,https://careers.hireology.com/theupsstore2241/
The UPS Store #2643,theupsstore2643,https://careers.hireology.com/theupsstore2643/
The UPS Store #2876,theupsstore2876,https://careers.hireology.com/theupsstore2876/
The UPS Store #2903,theupsstore2903,https://careers.hireology.com/theupsstore2903/
The UPS Store #2924,theupsstore2924,https://careers.hireology.com/theupsstore2924/
The UPS Store #3023,theupsstore3023,https://careers.hireology.com/theupsstore3023/
The UPS Store #3043,theupsstore3043,https://careers.hireology.com/theupsstore3043/
The UPS Store #3093,theupsstore3093,https://careers.hireology.com/theupsstore3093/
The Ups Store #3162,theupsstore3162,https://careers.hireology.com/theupsstore3162/
The UPS Store #3406,theupsstore3406,https://careers.hireology.com/theupsstore3406/
The UPS Store #3465,theupsstore3465,https://careers.hireology.com/theupsstore3465/
The UPS Store,theupsstore3571,https://careers.hireology.com/theupsstore3571/
The UPS Store #3589,theupsstore3589,https://careers.hireology.com/theupsstore3589/
The UPS Store #3770,theupsstore3770,https://careers.hireology.com/theupsstore3770/
The UPS Store #3933,theupsstore3933,https://careers.hireology.com/theupsstore3933/
The UPS Store #3997,theupsstore3997,https://careers.hireology.com/theupsstore3997/
The UPS Store #4076,theupsstore4076,https://careers.hireology.com/theupsstore4076/
The UPS Store #4202,theupsstore4202,https://careers.hireology.com/theupsstore4202/
The UPS Store #4214,theupsstore4214,https://careers.hireology.com/theupsstore4214/
The UPS Store #7369,theupsstore4377,https://careers.hireology.com/theupsstore4377/
The UPS Store #4798,theupsstore4798,https://careers.hireology.com/theupsstore4798/
The UPS Store,theupsstore4958,https://careers.hireology.com/theupsstore4958/
"The UPS Store #5036,3367,2070",theupsstore5036,https://careers.hireology.com/theupsstore5036/
The UPS Store #5048,theupsstore5048,https://careers.hireology.com/theupsstore5048/
The UPS Store #5217,theupsstore5217,https://careers.hireology.com/theupsstore5217/
The UPS Store #5362,theupsstore5362,https://careers.hireology.com/theupsstore5362/
The UPS Store MCO,theupsstore5455,https://careers.hireology.com/theupsstore5455/
The UPS Store # 5512,theupsstore5512,https://careers.hireology.com/theupsstore5512/
The UPS Store #5641,theupsstore5641,https://careers.hireology.com/theupsstore5641/
The UPS Store,theupsstore56925335,https://careers.hireology.com/theupsstore56925335/
The UPS Store #5717,theupsstore5717,https://careers.hireology.com/theupsstore5717/
The UPS Store #5824,theupsstore5824,https://careers.hireology.com/theupsstore5824/
The UPS Store Blue Diamond Rd,theupsstore5933,https://careers.hireology.com/theupsstore5933/
The UPS Store #4242,theupsstore6025,https://careers.hireology.com/theupsstore6025/
The UPS Store #6306,theupsstore6306,https://careers.hireology.com/theupsstore6306/
The UPS Store #6515,theupsstore6515,https://careers.hireology.com/theupsstore6515/
MisterAnderson LLC,theupsstore7125,https://careers.hireology.com/theupsstore7125/
The UPS Store,theupsstore7171,https://careers.hireology.com/theupsstore7171/
The UPS Store #7263,theupsstore7263,https://careers.hireology.com/theupsstore7263/
The UPS Store #7528,theupsstore7528,https://careers.hireology.com/theupsstore7528/
The UPS Store #7829,theupsstore7829,https://careers.hireology.com/theupsstore7829/
The UPS Store #8109,theupsstore8109,https://careers.hireology.com/theupsstore8109/
The UPS Store,theupsstorebrooklyn7462,https://careers.hireology.com/theupsstorebrooklyn7462/
The UPS Store Multi-Store Fulltime / Partime,theupsstoree28thstreet4754,https://careers.hireology.com/theupsstoree28thstreet4754/
The UPS Store Epps Bridge Parkway #3862,theupsstoreeppsbridgeparkway3862,https://careers.hireology.com/theupsstoreeppsbridgeparkway3862/
The UPS Store Florida State University Campus #6133,theupsstorefloridastateuniversitycampus6133,https://careers.hireology.com/theupsstorefloridastateuniversitycampus6133/
The UPS Store Franklin #0738,theupsstorefranklin0738,https://careers.hireology.com/theupsstorefranklin0738/
The UPS Store Gallatin #3429,theupsstoregallatin3429,https://careers.hireology.com/theupsstoregallatin3429/
The UPS Store Kissimmee #1816,theupsstorekissimmee1816,https://careers.hireology.com/theupsstorekissimmee1816/
The UPS Store Lake Crest Cir #3027,theupsstorelakecrestcir3027,https://careers.hireology.com/theupsstorelakecrestcir3027/
The UPS Store Mason #3716,theupsstoremason3716,https://careers.hireology.com/theupsstoremason3716/
The UPS Store Neenah #2376,theupsstoreneenah2376,https://careers.hireology.com/theupsstoreneenah2376/
The UPS Store Palm Crossing Shopping Center Stockton #6879,theupsstorepalmcrossingshoppingcenterstockton6879,https://careers.hireology.com/theupsstorepalmcrossingshoppingcenterstockton6879/
The UPS Store #1260,theupsstoresanbernardino1260,https://careers.hireology.com/theupsstoresanbernardino1260/
The UPS Store Shelton #4778,theupsstoreshelton4778,https://careers.hireology.com/theupsstoreshelton4778/
The UPS Store Shepherds Crossing #6871,theupsstoreshepherdscrossing6871,https://careers.hireology.com/theupsstoreshepherdscrossing6871/
The UPS Store Show Me Plaza East #6854,theupsstoreshowmeplazaeast6854,https://careers.hireology.com/theupsstoreshowmeplazaeast6854/
The UPS Store South Of Downtown Orlando #6193,theupsstoresouthofdowntownorlando6193,https://careers.hireology.com/theupsstoresouthofdowntownorlando6193/
The UPS Store The Shops At Yale #5105,theupsstoretheshopsatyale5105,https://careers.hireology.com/theupsstoretheshopsatyale5105/
The UPS Store,theupsstoreutsanantonio6150,https://careers.hireology.com/theupsstoreutsanantonio6150/
The UPS Store West Platt St #3751,theupsstorewestplattst3751,https://careers.hireology.com/theupsstorewestplattst3751/
Historic Bank Lobby,thevaultrestaurant,https://careers.hireology.com/thevaultrestaurant/
The Verve Hotel - Boston Natick,thevervehotel-bostonnatick,https://careers.hireology.com/thevervehotel-bostonnatick/
The Village at Heritage Oaks,thevillageatheritageoaks,https://careers.hireology.com/thevillageatheritageoaks/
The Aspenwood Company - The Village at the Triangle,thevillageatthetriangle,https://careers.hireology.com/thevillageatthetriangle/
The Aspenwood Company - The Village of Meyerland,thevillageofmeyerland,https://careers.hireology.com/thevillageofmeyerland/
The Aspenwood Company - The Village of River Oaks,thevillageofriveroaks,https://careers.hireology.com/thevillageofriveroaks/
The Aspenwood Company - The Village of Southampton,thevillageofsouthampton,https://careers.hireology.com/thevillageofsouthampton/
The Aspenwood Company – Village of Tanglewood,thevillageoftanglewood,https://careers.hireology.com/thevillageoftanglewood/
The Aspenwood Company - The Village of Heights,thevillageoftheheights,https://careers.hireology.com/thevillageoftheheights/
The Aspenwood Company - The Village on Morehead,thevillageonmorehead,https://careers.hireology.com/thevillageonmorehead/
The Aspenwood Company - The Village on the Park Onion Creek,thevillageontheparkonioncreek,https://careers.hireology.com/thevillageontheparkonioncreek/
The Watermark at Almaden,thewatermarkatalmaden,https://careers.hireology.com/thewatermarkatalmaden/
The Watermark at Cherry Hills,thewatermarkatcherryhills,https://careers.hireology.com/thewatermarkatcherryhills/
The Watermark at Marco Island,thewatermarkatmarcoisland,https://careers.hireology.com/thewatermarkatmarcoisland/
The Watermark at Southpark Meadows,thewatermarkatsouthparkmeadows,https://careers.hireology.com/thewatermarkatsouthparkmeadows/
The Watermark at the Pearl,thewatermarkatthepearl,https://careers.hireology.com/thewatermarkatthepearl/
THHN CONSULTING LLC,thhnconsultingllc,https://careers.hireology.com/thhnconsultingllc/
Think Team Dillick,thinkteamdillick,https://careers.hireology.com/thinkteamdillick/
Thomas Nissan of Joliet,thomasnissan,https://careers.hireology.com/thomasnissan/
Thomas Sales & Service Ford,thomassalesserviceford,https://careers.hireology.com/thomassalesserviceford/
Thomco,thomco,https://careers.hireology.com/thomco/
Thompson Buick GMC Cadillac,thompsonbuickgmccadillac,https://careers.hireology.com/thompsonbuickgmccadillac/
Thornhill Ford,thornhillford,https://careers.hireology.com/thornhillford/
Thornton Automotive - Dover,thorntonautomotive-dover,https://careers.hireology.com/thorntonautomotive-dover/
Thoroughbred Ford,thoroughbredford,https://careers.hireology.com/thoroughbredford/
"Thoroughbred Ford of Platte City, Inc",thoroughbredfordofplattecityinc,https://careers.hireology.com/thoroughbredfordofplattecityinc/
Brookridge A Thrive More Community,thrivemorenc,https://careers.hireology.com/thrivemorenc/
Thunderhead Harley - Davidson,thunderheadhd,https://careers.hireology.com/thunderheadhd/
Tidelands Ford,tidelandsfordlincoln,https://careers.hireology.com/tidelandsfordlincoln/
Timberland Ford,timberlandford,https://careers.hireology.com/timberlandford/
Timberlane Pediatric Dentistry & Orthodontics,timberlanepediatricdentistryorthodontics,https://careers.hireology.com/timberlanepediatricdentistryorthodontics/
Tim Dahle Ford,timdahleford,https://careers.hireology.com/timdahleford/
Tim Short Honda,timshortautomotivegroup,https://careers.hireology.com/timshortautomotivegroup/
Tindol Subaru LLC,tindolsubarullc,https://careers.hireology.com/tindolsubarullc/
Tipton Ford,tiptonford,https://careers.hireology.com/tiptonford/
"Tipton Motor Sales, LLC",tiptonmotorsalesllc,https://careers.hireology.com/tiptonmotorsalesllc/
Titus-Will Chevrolet GMC - Olympia,titus-willautomotivegroup,https://careers.hireology.com/titus-willautomotivegroup/
Titus-Will Hyundai,titus-willhyundai,https://careers.hireology.com/titus-willhyundai/
Titus-Will Toyota,titus-willtoyota,https://careers.hireology.com/titus-willtoyota/
Tom Bell Chevrolet,tombellchevrolet,https://careers.hireology.com/tombellchevrolet/
Tom Bush BMW Jacksonville,tombushbmwjacksonville,https://careers.hireology.com/tombushbmwjacksonville/
Tom Bush BMW Orange Park,tombushbmworangepark,https://careers.hireology.com/tombushbmworangepark/
Tom Bush Volkswagen,tombushfamilyofdealerships,https://careers.hireology.com/tombushfamilyofdealerships/
Tom Kadlec Honda,tomkadlec-honda,https://careers.hireology.com/tomkadlec-honda/
Tom Kadlec Chevrolet,tomkadlecchevrolet,https://careers.hireology.com/tomkadlecchevrolet/
Tom Kadlec Kia,tomkadleckia,https://careers.hireology.com/tomkadleckia/
Tom Roush Lincoln,tomroushincdbatomroushlincoln,https://careers.hireology.com/tomroushincdbatomroushlincoln/
Blue Compass RV Mesa,tomscamperlandmesa,https://careers.hireology.com/tomscamperlandmesa/
Blue Compass RV Tucson,tomscamperlandtucson,https://careers.hireology.com/tomscamperlandtucson/
Tom's Truck Center,tomstruckcenter,https://careers.hireology.com/tomstruckcenter/
"Audi - Tom Wood Audi of Indianapolis, Indy",tomwoodaudiofindianapolis,https://careers.hireology.com/tomwoodaudiofindianapolis/
"Ford - Tom Wood Ford, Indy",tomwoodford,https://careers.hireology.com/tomwoodford/
Tom Wood Inc,tomwoodinc,https://careers.hireology.com/tomwoodinc/
"Jaguar - Land Rover - Volvo - Tom Wood JLRV, Indy",tomwoodjaguar-landrover-volvo,https://careers.hireology.com/tomwoodjaguar-landrover-volvo/
"Lexus - Tom Wood Lexus, Indy",tomwoodlexus,https://careers.hireology.com/tomwoodlexus/
"Nissan - Tom Wood Nissan, Indy",tomwoodnissan,https://careers.hireology.com/tomwoodnissan/
Richfield Bloomington Honda,tomwoodrichfieldbloomingtonhonda,https://careers.hireology.com/tomwoodrichfieldbloomingtonhonda/
Sixt Rent - a - Car,tomwoodsixtrent-a-car,https://careers.hireology.com/tomwoodsixtrent-a-car/
"Volkswagen - Tom Wood VW, Indy",tomwoodvolkswagen96th,https://careers.hireology.com/tomwoodvolkswagen96th/
Tony Serra Ford,tonyserraford,https://careers.hireology.com/tonyserraford/
Tony Serra Nissan of Cullman,tonyserranissanofcullman,https://careers.hireology.com/tonyserranissanofcullman/
Tooele Motor Company,tooelemotorcompany,https://careers.hireology.com/tooelemotorcompany/
Town & County Auto Body Collision Center,towncountyautobodycollisioncenter,https://careers.hireology.com/towncountyautobodycollisioncenter/
Town East Ford,towneastford,https://careers.hireology.com/towneastford/
Towneplace Florence,towneplaceflorence,https://careers.hireology.com/towneplaceflorence/
TownePlace Suites - Destin,towneplacesuites-destin,https://careers.hireology.com/towneplacesuites-destin/
Towneplace Suites Bentonville Rogers,towneplacesuitesbentonvillerogers,https://careers.hireology.com/towneplacesuitesbentonvillerogers/
"TownePlace Suites Williston, VT",towneplacesuiteswillistonvt,https://careers.hireology.com/towneplacesuiteswillistonvt/
Toyota of Brookfield,toyotaofbrookfield,https://careers.hireology.com/toyotaofbrookfield/
Toyota of Easley,toyotaofeasley,https://careers.hireology.com/toyotaofeasley/
Toyota of Greensboro,toyotaofgreensboro,https://careers.hireology.com/toyotaofgreensboro/
Toyota of Melbourne,toyotaofmelbourne,https://careers.hireology.com/toyotaofmelbourne/
Toyota of Murfreesboro,toyotaofmurfreesboro,https://careers.hireology.com/toyotaofmurfreesboro/
Toyota of Naperville,toyotaofnaperville,https://careers.hireology.com/toyotaofnaperville/
Toyota of North Canton,toyotaofnorthcanton,https://careers.hireology.com/toyotaofnorthcanton/
Toyota of North Miami,toyotaofnorthmiami,https://careers.hireology.com/toyotaofnorthmiami/
Toyota of Santa Barbara,toyotaofsantabarbara1,https://careers.hireology.com/toyotaofsantabarbara1/
Toyota Of Scranton,toyotaofscranton,https://careers.hireology.com/toyotaofscranton/
Toyota of Stroudsburg,toyotaofstroudsburg,https://careers.hireology.com/toyotaofstroudsburg/
Toyota On Western,toyotaonwestern,https://careers.hireology.com/toyotaonwestern/
Toyota West Mobile,toyotawestmobile,https://careers.hireology.com/toyotawestmobile/
TownePlace Suites Waco,tpswacoactwc,https://careers.hireology.com/tpswacoactwc/
TRA Medical Imaging - Downtown Tacoma,tra-ford,https://careers.hireology.com/tra-ford/
Cannon Kirk,tracylangstonfordllc,https://careers.hireology.com/tracylangstonfordllc/
Tracy Volkswagen,tracyvolkswagen,https://careers.hireology.com/tracyvolkswagen/
TRA – Union + Gig Harbor,tralakewood-gigharbor,https://careers.hireology.com/tralakewood-gigharbor/
TRA Medical Imaging,tramedicalimaging-corporate,https://careers.hireology.com/tramedicalimaging-corporate/
TRANQUIL BALANCE,tranquilbalance,https://careers.hireology.com/tranquilbalance/
Travelodge By Wyndham Bill WY Thunder Basin,travelodgebywyndhambillwythunderbasin,https://careers.hireology.com/travelodgebywyndhambillwythunderbasin/
Travelodge By Wyndham Dexter,travelodgebywyndhamdexter,https://careers.hireology.com/travelodgebywyndhamdexter/
Travelodge By Wyndham Morrill,travelodgebywyndhammorrill,https://careers.hireology.com/travelodgebywyndhammorrill/
Travelodge Cheyenne,travelodgecheyenne,https://careers.hireology.com/travelodgecheyenne/
Travelodge Fort Scott,travelodgefortscott,https://careers.hireology.com/travelodgefortscott/
Travelodge Milford,travelodgemilford,https://careers.hireology.com/travelodgemilford/
Travelodge Missouri Valley,travelodgemissouivalley,https://careers.hireology.com/travelodgemissouivalley/
Travelodge North Platte,travelodgenorthplatte,https://careers.hireology.com/travelodgenorthplatte/
Travelodge Sharon Springs KS,travelodgesharonspringsks,https://careers.hireology.com/travelodgesharonspringsks/
Travelodge Yampa,travelodgeyampa,https://careers.hireology.com/travelodgeyampa/
Treadstone Funding,treadstonefunding,https://careers.hireology.com/treadstonefunding/
Treasure Island Beach Resort,treasureislandbeachresort,https://careers.hireology.com/treasureislandbeachresort/
Treemont Healthcare and Rehabilitation Center,treemonthealthcareandrehabilitationcenter,https://careers.hireology.com/treemonthealthcareandrehabilitationcenter/
"East Coast Facilities, Inc - Trenton Service Center",trentonservicesatellite,https://careers.hireology.com/trentonservicesatellite/
TRI - City Ford Inc,tri-cityfordinc,https://careers.hireology.com/tri-cityfordinc/
Tri-County Truck Centers - Dearborn,tri-county-dearborn,https://careers.hireology.com/tri-county-dearborn/
Tri-County Truck Centers - Flint,tri-countycandsmotors-flint,https://careers.hireology.com/tri-countycandsmotors-flint/
Tri-County Truck Centers - Jackson,tri-countyjackson,https://careers.hireology.com/tri-countyjackson/
Tri-County Truck Centers - Warren,tri-countywarren,https://careers.hireology.com/tri-countywarren/
"Tri-FLEXSI Home Health Care, Inc",tri-flexsihomehealthcareinc,https://careers.hireology.com/tri-flexsihomehealthcareinc/
Trinity Home Healthcare,trinityhomehealthcare,https://careers.hireology.com/trinityhomehealthcare/
Trophy Nissan,trophynissan,https://careers.hireology.com/trophynissan/
Tropical Ford Inc,tropicalfordinc,https://careers.hireology.com/tropicalfordinc/
"Trotwood Health & Rehab, LLC",trotwoodhealthrehabllc,https://careers.hireology.com/trotwoodhealthrehabllc/
TRU By Hilton - Stoughton,trubyhilton-stoughton,https://careers.hireology.com/trubyhilton-stoughton/
Tru by Hilton Bryan,trubyhiltonbryan,https://careers.hireology.com/trubyhiltonbryan/
"Tru by Hilton Tallahassee/Central, FL",trubyhiltontallahasseecentralfl,https://careers.hireology.com/trubyhiltontallahasseecentralfl/
Hill International Trucks - Canton,trucksalesservice-canton,https://careers.hireology.com/trucksalesservice-canton/
Trumen Physicians and Associates,trumenphysiciansandassociates,https://careers.hireology.com/trumenphysiciansandassociates/
"Tubbs & Sons Ford Sales, Inc",tubbssonsfordsalesinc,https://careers.hireology.com/tubbssonsfordsalesinc/
Tunkhannock Ford,tunkhannockford,https://careers.hireology.com/tunkhannockford/
Turner Buick GMC,turnerbuickgmc,https://careers.hireology.com/turnerbuickgmc/
Turner Chevrolet,turnerchevrolet,https://careers.hireology.com/turnerchevrolet/
Tuscaloosa Ford,tuscaloosaford,https://careers.hireology.com/tuscaloosaford/
Tuscany Suites and Casino,tuscanysuitesandcasino,https://careers.hireology.com/tuscanysuitesandcasino/
Tustin KIA,tustinkia,https://careers.hireology.com/tustinkia/
Tutor Doctor - AB Learning Solutions,tutordoctor-ablearningsolutions,https://careers.hireology.com/tutordoctor-ablearningsolutions/
Tutor Doctor,tutordoctor-northcountysandiego,https://careers.hireology.com/tutordoctor-northcountysandiego/
Krsnadasa Inc DBA TUTOR DOCTOR,tutordoctorofswngs,https://careers.hireology.com/tutordoctorofswngs/
Twilight Home Nursing and Rehabilitation Center,twilighthome,https://careers.hireology.com/twilighthome/
Twin City Hyundai & Genesis of South Knoxville,twincitydealerships,https://careers.hireology.com/twincitydealerships/
Twin City Hyundai & Genesis of South Knoxville,twincityhyundai,https://careers.hireology.com/twincityhyundai/
Twin Oaks Health & Rehabilitation,twinoakshealthrehab,https://careers.hireology.com/twinoakshealthrehab/
Twin Pines North Nursing & Rehabilitation Center,twinpinesnorthnursingrehabilitationcenter,https://careers.hireology.com/twinpinesnorthnursingrehabilitationcenter/
Twin Pines Nursing and Rehabilitation Center,twinpinesnursinghome,https://careers.hireology.com/twinpinesnursinghome/
Twin State Ford,twinstateford,https://careers.hireology.com/twinstateford/
Two Bit Club,twobitclub,https://careers.hireology.com/twobitclub/
Tygart Hotel,tygarthotel,https://careers.hireology.com/tygarthotel/
Uftring Automall,uftringautogroup,https://careers.hireology.com/uftringautogroup/
Uftring Automall,uftringautomall,https://careers.hireology.com/uftringautomall/
Uftring Automotion Auto Detailing,uftringautomotionautomotive,https://careers.hireology.com/uftringautomotionautomotive/
Uftring Chevrolet,uftringchevrolet,https://careers.hireology.com/uftringchevrolet/
Uftring Chrysler Dodge Jeep Ram,uftringchryslerdodgejeepram,https://careers.hireology.com/uftringchryslerdodgejeepram/
Uftring Express Details,uftringexpressdetails,https://careers.hireology.com/uftringexpressdetails/
Uftring Montgomery Chevrolet Cadillac,uftringmontgomerychevroletcadillac,https://careers.hireology.com/uftringmontgomerychevroletcadillac/
Uftring Nissan,uftringnissan,https://careers.hireology.com/uftringnissan/
Longfellow Hotel,uncommonhospitality,https://careers.hireology.com/uncommonhospitality/
Underriner Ford and Nissan of the Dalles,underrinerautomotive,https://careers.hireology.com/underrinerautomotive/
Underriner Ford and Nissan of the Dalles,underrinerfordandnissanofthedalles,https://careers.hireology.com/underrinerfordandnissanofthedalles/
Universal Connectivity,universalconnectivity,https://careers.hireology.com/universalconnectivity/
Mazda of Claremont,universalmitsubishi,https://careers.hireology.com/universalmitsubishi/
University Ford,universityford,https://careers.hireology.com/universityford/
University Ford Inc,universityfordinc,https://careers.hireology.com/universityfordinc/
University Home Care Inc,universityhomecare,https://careers.hireology.com/universityhomecare/
University Park Nursing & Rehab Center,universityparknursingrehabcenter,https://careers.hireology.com/universityparknursingrehabcenter/
University Rehabilitation Center,universityrehabilitationcenter,https://careers.hireology.com/universityrehabilitationcenter/
"UNO Pizzeria - Chicago, IL (East Ohio St)",unopizzeria-chicagoileastohiost,https://careers.hireology.com/unopizzeria-chicagoileastohiost/
"Pizzeria Due Chicago - Chicago, IL (North Wabash Ave)",unopizzeria-chicagoilnorthwabashave,https://careers.hireology.com/unopizzeria-chicagoilnorthwabashave/
"UNO Pizzeria - Orlando, FL",unopizzeria-orlandofl,https://careers.hireology.com/unopizzeria-orlandofl/
"UNO Pizzeria - Revere, MA",unopizzeria-reverema,https://careers.hireology.com/unopizzeria-reverema/
"UNO Pizzeria - Southport, IN",unopizzeria-southportin,https://careers.hireology.com/unopizzeria-southportin/
"UNO Pizzeria - Sturbridge, MA",unopizzeria-sturbridgema,https://careers.hireology.com/unopizzeria-sturbridgema/
"UNO Pizzeria - Tilton, NH",unopizzeria-tiltonnh,https://careers.hireology.com/unopizzeria-tiltonnh/
"UNO Pizzeria - Concord, NH",unorestaurantsllc,https://careers.hireology.com/unorestaurantsllc/
Upper Marlboro Ford,uppermarlboroford,https://careers.hireology.com/uppermarlboroford/
Ford's Colony Country Club,uptopartaylorhospitality,https://careers.hireology.com/uptopartaylorhospitality/
Uptown Ford of Oakland,uptownfordofoakland,https://careers.hireology.com/uptownfordofoakland/
Urbana Autopark,urbanaautopark,https://careers.hireology.com/urbanaautopark/
U S Lawns of Roanoke,uslawnsofroanoke,https://careers.hireology.com/uslawnsofroanoke/
Valenti Ford,valentiford,https://careers.hireology.com/valentiford/
Valley Ford of Columbus,valleyfordofcolumbus,https://careers.hireology.com/valleyfordofcolumbus/
Valley Isle Motors Ford Lincoln Mazda,valleyislemotorsfordlincoln,https://careers.hireology.com/valleyislemotorsfordlincoln/
Valley Nissan,valleynissan,https://careers.hireology.com/valleynissan/
Valley View Skilled Nursing and Rehabilitation,valleyviewskillednursingandrehabilitation,https://careers.hireology.com/valleyviewskillednursingandrehabilitation/
Val Ward Cadillac Inc,valwardcadillacinc,https://careers.hireology.com/valwardcadillacinc/
Meadowbrook Care Center,vanalstynetxllc,https://careers.hireology.com/vanalstynetxllc/
Van Chevrolet Cadillac Subaru,vanautoplex,https://careers.hireology.com/vanautoplex/
Van Bortel Ford,vanbortelford,https://careers.hireology.com/vanbortelford/
Van Bortel Subaru of Rochester,vanbortelsubaruofrochester,https://careers.hireology.com/vanbortelsubaruofrochester/
Vance Ford,vanceford,https://careers.hireology.com/vanceford/
Vandergriff Chevrolet,vandergriffchevrolet,https://careers.hireology.com/vandergriffchevrolet/
Vanguard Cleaning Systems of Central and Southern NJ,vanguardcleaning-southernnewjersey,https://careers.hireology.com/vanguardcleaning-southernnewjersey/
The Lodge at Historic Lewes,vantagepointretirementinc1,https://careers.hireology.com/vantagepointretirementinc1/
Vara Chevrolet,varachevrolet,https://careers.hireology.com/varachevrolet/
Vaughn Ford of Zachary,vaughnfordofzachary,https://careers.hireology.com/vaughnfordofzachary/
Venice Honda,venicehonda,https://careers.hireology.com/venicehonda/
Venice Toyota,venicetoyota,https://careers.hireology.com/venicetoyota/
"Vermeer Midwest - Collinsville, IL",vermeermidwest-collinsvilleil,https://careers.hireology.com/vermeermidwest-collinsvilleil/
Vermeer Midwest- Fishers,vermeermidwest-fishers,https://careers.hireology.com/vermeermidwest-fishers/
Vermeer Midwest-Fowlerville,vermeermidwest-fowlerville,https://careers.hireology.com/vermeermidwest-fowlerville/
Vermeer Midwest -Goodfield,vermeermidwest-goodfield,https://careers.hireology.com/vermeermidwest-goodfield/
Vermeer Midwest-Mancelona,vermeermidwest-kalkaska,https://careers.hireology.com/vermeermidwest-kalkaska/
Vermeer Midwest-Marne,vermeermidwest-marne,https://careers.hireology.com/vermeermidwest-marne/
Vermeer Midwest-Newburgh,vermeermidwest-newburgh,https://careers.hireology.com/vermeermidwest-newburgh/
Vermilion Chevrolet GMC,vermilionchevroletbuickgmc,https://careers.hireology.com/vermilionchevroletbuickgmc/
Avalon View Health and Wellness,verticalhealthservices,https://careers.hireology.com/verticalhealthservices/
Hyatt House and Mindaro by JDV Hotels,vestahospitality,https://careers.hireology.com/vestahospitality/
Vibrant Life Senior Living - Kalamazoo,vibrantlifeseniorliving,https://careers.hireology.com/vibrantlifeseniorliving/
Vibrant Life Senior Living - Durand,vibrantlifeseniorliving-durand,https://careers.hireology.com/vibrantlifeseniorliving-durand/
Vibrant Life Senior Living - Kalamazoo,vibrantlifeseniorliving-kalamazoo,https://careers.hireology.com/vibrantlifeseniorliving-kalamazoo/
Victor Chrysler Jeep Dodge Ram,victorchryslerjeepdodgeram,https://careers.hireology.com/victorchryslerjeepdodgeram/
Vidor Health & Rehab,vidorhealthrehab,https://careers.hireology.com/vidorhealthrehab/
"Village Caregiving - Albuquerque, NM",villagecaregiving-albuquerque,https://careers.hireology.com/villagecaregiving-albuquerque/
"Village Caregiving - Ann Arbor, MI",villagecaregiving-annarbor,https://careers.hireology.com/villagecaregiving-annarbor/
"Village Caregiving - Asheville, NC",villagecaregiving-asheville,https://careers.hireology.com/villagecaregiving-asheville/
"Village Caregiving - Athens, OH",villagecaregiving-athensoh,https://careers.hireology.com/villagecaregiving-athensoh/
"Village Caregiving - Barboursville, WV",villagecaregiving-barboursville,https://careers.hireology.com/villagecaregiving-barboursville/
"Village Caregiving - Beckley, WV",villagecaregiving-beckley,https://careers.hireology.com/villagecaregiving-beckley/
"Village Caregiving - Bluefield, VA",villagecaregiving-bluefieldva,https://careers.hireology.com/villagecaregiving-bluefieldva/
"Village Caregiving - Bowling Green, KY",villagecaregiving-bowlinggreen,https://careers.hireology.com/villagecaregiving-bowlinggreen/
"Village Caregiving - Canton, OH",villagecaregiving-canton,https://careers.hireology.com/villagecaregiving-canton/
"Village Caregiving - Marion, IL",villagecaregiving-carbondaleil,https://careers.hireology.com/villagecaregiving-carbondaleil/
"Village Caregiving - Charleston, WV",villagecaregiving-charleston,https://careers.hireology.com/villagecaregiving-charleston/
"Village Caregiving - Cheyenne, WY",villagecaregiving-cheyenne,https://careers.hireology.com/villagecaregiving-cheyenne/
"Village Caregiving - Cincinnati, OH",villagecaregiving-cincinnati,https://careers.hireology.com/villagecaregiving-cincinnati/
"Village Caregiving - Clarksburg, WV",villagecaregiving-clarksburg,https://careers.hireology.com/villagecaregiving-clarksburg/
"Village Caregiving - Columbus, OH",villagecaregiving-columbus,https://careers.hireology.com/villagecaregiving-columbus/
"Village Caregiving - Cumberland, MD",villagecaregiving-cumberlandmd,https://careers.hireology.com/villagecaregiving-cumberlandmd/
"Village Caregiving - Dayton, OH",villagecaregiving-dayton,https://careers.hireology.com/villagecaregiving-dayton/
"Village Caregiving - Des Moines, IA",villagecaregiving-desmoines,https://careers.hireology.com/villagecaregiving-desmoines/
"Village Caregiving - Duluth, MN",villagecaregiving-duluthmn,https://careers.hireology.com/villagecaregiving-duluthmn/
"Village Caregiving - Eau Claire, WI",villagecaregiving-eauclaire,https://careers.hireology.com/villagecaregiving-eauclaire/
"Village Caregiving - Elizabethtown, KY",villagecaregiving-elizabethtownky,https://careers.hireology.com/villagecaregiving-elizabethtownky/
"Village Caregiving - Elkins, WV",villagecaregiving-elkinswv,https://careers.hireology.com/villagecaregiving-elkinswv/
"Village Caregiving - Evansville, IN",villagecaregiving-evansvillein,https://careers.hireology.com/villagecaregiving-evansvillein/
"Village Caregiving - Green Bay, WI",villagecaregiving-greenbay,https://careers.hireology.com/villagecaregiving-greenbay/
"Village Caregiving - Hickory, NC",villagecaregiving-hickorync,https://careers.hireology.com/villagecaregiving-hickorync/
"Village Caregiving - Indianapolis, IN",villagecaregiving-indianapolis,https://careers.hireology.com/villagecaregiving-indianapolis/
"Village Caregiving - Iowa City, IA",villagecaregiving-iowacity,https://careers.hireology.com/villagecaregiving-iowacity/
"Village Caregiving - Johnson City, TN",villagecaregiving-johnsoncity,https://careers.hireology.com/villagecaregiving-johnsoncity/
"Village Caregiving - Helena, MT",villagecaregiving-lansing,https://careers.hireology.com/villagecaregiving-lansing/
"Village Caregiving - Lewisburg, WV",villagecaregiving-lewisburgwv,https://careers.hireology.com/villagecaregiving-lewisburgwv/
"Village Caregiving - Lexington, KY",villagecaregiving-lexington,https://careers.hireology.com/villagecaregiving-lexington/
"Village Caregiving - London, KY",villagecaregiving-london,https://careers.hireology.com/villagecaregiving-london/
"Village Caregiving - Madison, WI",villagecaregiving-madison,https://careers.hireology.com/villagecaregiving-madison/
"Village Caregiving - Martinsburg, WV",villagecaregiving-martinsburg,https://careers.hireology.com/villagecaregiving-martinsburg/
"Village Caregiving - Minneapolis, MN",villagecaregiving-minneapolis,https://careers.hireology.com/villagecaregiving-minneapolis/
"Village Caregiving - Morgantown, WV",villagecaregiving-morgantown,https://careers.hireology.com/villagecaregiving-morgantown/
"Village Caregiving - Nashville, TN",villagecaregiving-nashville,https://careers.hireology.com/villagecaregiving-nashville/
"Village Caregiving - Paducah, KY",villagecaregiving-paducah,https://careers.hireology.com/villagecaregiving-paducah/
"Village Caregiving - Pittsburgh, PA",villagecaregiving-pittsburgh,https://careers.hireology.com/villagecaregiving-pittsburgh/
"Village Caregiving - Prestonsburg, KY",villagecaregiving-prestonsburg,https://careers.hireology.com/villagecaregiving-prestonsburg/
Village Caregiving - Quad Cities,villagecaregiving-quadcities,https://careers.hireology.com/villagecaregiving-quadcities/
"Village Caregiving - Quincy, IL",villagecaregiving-quincy,https://careers.hireology.com/villagecaregiving-quincy/
"Village Caregiving - Rapid City, SD",villagecaregiving-rapidcity,https://careers.hireology.com/villagecaregiving-rapidcity/
"Village Caregiving - Rochester, MN",villagecaregiving-rochestermn,https://careers.hireology.com/villagecaregiving-rochestermn/
"Village Caregiving - Sandusky, OH",villagecaregiving-sandusky,https://careers.hireology.com/villagecaregiving-sandusky/
"Village Caregiving - Sioux Falls, SD",villagecaregiving-siouxfalls,https://careers.hireology.com/villagecaregiving-siouxfalls/
"Village Caregiving - South Bend, IN",villagecaregiving-southbend,https://careers.hireology.com/villagecaregiving-southbend/
Village Caregiving - Southern WV,villagecaregiving-southernwv,https://careers.hireology.com/villagecaregiving-southernwv/
"Village Caregiving - Toledo, OH",villagecaregiving-toledo,https://careers.hireology.com/villagecaregiving-toledo/
"Village Caregiving - Youngstown, OH",villagecaregiving-youngstownoh,https://careers.hireology.com/villagecaregiving-youngstownoh/
"Village Caregiving - Zanesville, OH",villagecaregiving-zanesvilleoh,https://careers.hireology.com/villagecaregiving-zanesvilleoh/
"Village Caregiving - Mansfield, OH",villagecaregivingmansfieldoh,https://careers.hireology.com/villagecaregivingmansfieldoh/
Village Ford Inc,villagefordinc,https://careers.hireology.com/villagefordinc/
The Aspenwood Company - Village On the Park Denton,villageontheparkdenton,https://careers.hireology.com/villageontheparkdenton/
Village On the Park Friendswood,villageontheparkfriendswood,https://careers.hireology.com/villageontheparkfriendswood/
Village On the Park Oklahoma City,villageontheparkoklahomacity,https://careers.hireology.com/villageontheparkoklahomacity/
The Aspenwood Company - Village On the Park Plano,villageontheparkplano,https://careers.hireology.com/villageontheparkplano/
Village On the Park Steeplechase,villageontheparksteeplechase,https://careers.hireology.com/villageontheparksteeplechase/
The Aspenwood Company - Village On the Park Stonebridge Ranch,villageontheparkstonebridgeranch,https://careers.hireology.com/villageontheparkstonebridgeranch/
Villa Residential Care Of Wolfforth,villaofwolfforth,https://careers.hireology.com/villaofwolfforth/
Villa Toscana at Cypress Woods Skilled Nursing,villatoscanaatcypresswoodsskillednursing,https://careers.hireology.com/villatoscanaatcypresswoodsskillednursing/
Vintage Health Care Center,vintagehealthcarecenter,https://careers.hireology.com/vintagehealthcarecenter/
VIP Auto Repair,vipautorepair,https://careers.hireology.com/vipautorepair/
VIP Distributing Company,vipdistributingcompany,https://careers.hireology.com/vipdistributingcompany/
Vision Net Inc,visionnetinc,https://careers.hireology.com/visionnetinc/
Visiting Angels - Adrian,visitingangels-adrian,https://careers.hireology.com/visitingangels-adrian/
Visiting Angels - Boston,visitingangels-boston,https://careers.hireology.com/visitingangels-boston/
"Visiting Angels - Carlisle, PA",visitingangels-carlislepa,https://careers.hireology.com/visitingangels-carlislepa/
"Visiting Angels - Chambersburg, PA",visitingangels-chamberspa,https://careers.hireology.com/visitingangels-chamberspa/
"Visiting Angels - Gettysburg, PA",visitingangels-gettysburgpa,https://careers.hireology.com/visitingangels-gettysburgpa/
Visiting Angels - Largo/Prince George County,visitingangels-largoprincegeorgecounty,https://careers.hireology.com/visitingangels-largoprincegeorgecounty/
"Visiting Angels - Mandeville, LA",visitingangels-mandevillela,https://careers.hireology.com/visitingangels-mandevillela/
Visiting Angels - Torrance,visitingangels-torrance,https://careers.hireology.com/visitingangels-torrance/
Visiting Angels - West Chester,visitingangels-westchester,https://careers.hireology.com/visitingangels-westchester/
Visiting Angels Westerville,visitingangels-westerville,https://careers.hireology.com/visitingangels-westerville/
"Visiting Angels  Whittier, CA",visitingangels-whittier,https://careers.hireology.com/visitingangels-whittier/
Visiting Angels Puyallup and Federal Way,visitingangelspuyallup,https://careers.hireology.com/visitingangelspuyallup/
Visiting Angels of Southern Shenandoah Valley,visitingangelssouthernshenandoahvalley,https://careers.hireology.com/visitingangelssouthernshenandoahvalley/
Visiting Angels Columbus West,visitingangelswestnorthwestcolumbus,https://careers.hireology.com/visitingangelswestnorthwestcolumbus/
Vista Hills Health Care Center,vistahillshealthcarecenter,https://careers.hireology.com/vistahillshealthcarecenter/
Visting Angels of Washington PA,vistingangelsofwashingtonpa,https://careers.hireology.com/vistingangelsofwashingtonpa/
Voco The Darwin - Atlanta Midtown,vocothedarwin-atlantamidtown,https://careers.hireology.com/vocothedarwin-atlantamidtown/
Vogler Motor Company,voglermotorcompanyinc,https://careers.hireology.com/voglermotorcompanyinc/
Volkswagen of Corpus Christi,volkswagenofcorpuschristi,https://careers.hireology.com/volkswagenofcorpuschristi/
Volkswagen of Mystic,volkswagenofmystic,https://careers.hireology.com/volkswagenofmystic/
Volkswagen of Olympia,volkswagenofolympia,https://careers.hireology.com/volkswagenofolympia/
Volkswagen of Sioux City,volkswagenofsiouxcity,https://careers.hireology.com/volkswagenofsiouxcity/
Volkswagen of Stamford,volkswagenofstamford,https://careers.hireology.com/volkswagenofstamford/
"Volunteer International, Inc - Jackson",volunteerinternational,https://careers.hireology.com/volunteerinternational/
"Volunteer International, Inc - Jackson",volunteerinternationalinc-jackson,https://careers.hireology.com/volunteerinternationalinc-jackson/
Volvo Cars Bridgewater,volvocarsbridgewater,https://careers.hireology.com/volvocarsbridgewater/
Volvo Cars Cincinnati,volvocarscincinnati,https://careers.hireology.com/volvocarscincinnati/
Volvo Cars Manhattan,volvocarsmanhattan,https://careers.hireology.com/volvocarsmanhattan/
Volvo Cars Brooklyn,volvocarsofbrooklyn,https://careers.hireology.com/volvocarsofbrooklyn/
Volvo Cars Sugar Land,volvocarssugarland,https://careers.hireology.com/volvocarssugarland/
VonDerAu Ford,vonderauford,https://careers.hireology.com/vonderauford/
VP Management,vpmanagement,https://careers.hireology.com/vpmanagement/
Wagner Ford,wagnerford,https://careers.hireology.com/wagnerford/
Wholesale Parts Solutions - Wake Forest Hub,wakeforesthub,https://careers.hireology.com/wakeforesthub/
Walker Jones Automotive Superstore,walkerjonesautomotivesuperstore,https://careers.hireology.com/walkerjonesautomotivesuperstore/
Underriner Honda of Walla Walla,wallawallavalleyhonda,https://careers.hireology.com/wallawallavalleyhonda/
Walterboro Ford,walterboroford,https://careers.hireology.com/walterboroford/
Spruce Pine Chevrolet GMC,walterboromotorsales,https://careers.hireology.com/walterboromotorsales/
Walt Massey CDJR Lucedale,waltmasseycdjr,https://careers.hireology.com/waltmasseycdjr/
Walt Massey Chevrolet Hattiesburg,waltmasseychevrolet,https://careers.hireology.com/waltmasseychevrolet/
Walt Massey Chevy GMC Columbia,waltmasseychevroletbuickgmc-columbia,https://careers.hireology.com/waltmasseychevroletbuickgmc-columbia/
Walt Massey Chevrolet Franklinton,waltmasseychryslercenter,https://careers.hireology.com/waltmasseychryslercenter/
Walt Massey Chrysler Dodge Jeep Ram Jackson,waltmasseychryslerdodgejeepramjackson,https://careers.hireology.com/waltmasseychryslerdodgejeepramjackson/
Walt Massey Ford,waltmasseyford,https://careers.hireology.com/waltmasseyford/
Marianna Chevrolet GMC,waltmasseyford1,https://careers.hireology.com/waltmasseyford1/
Walt Massey Chrysler Dodge Jeep Ram Jackson,waltmasseygroup,https://careers.hireology.com/waltmasseygroup/
Walt's Live Oak Chrysler Dodge Jeep Ram,waltsliveoakchryslerdodgejeepram,https://careers.hireology.com/waltsliveoakchryslerdodgejeepram/
Ward Trucks,wardtrucks,https://careers.hireology.com/wardtrucks/
Warroad Senior Living Center,warroadseniorlivingcenter,https://careers.hireology.com/warroadseniorlivingcenter/
Washington Chevy,washingtonchevy,https://careers.hireology.com/washingtonchevy/
Washington Ford Inc,washingtonfordinc,https://careers.hireology.com/washingtonfordinc/
Wash Masters - Grand Prairie,washmasters-loiyababnehparentaccount,https://careers.hireology.com/washmasters-loiyababnehparentaccount/
Watermark at Bellevue AL/MC,watermarkatbellevuealmc,https://careers.hireology.com/watermarkatbellevuealmc/
Watermark at Bellevue IL,watermarkatbellevueil,https://careers.hireology.com/watermarkatbellevueil/
Watermark Ford of Marion,watermarkautogroup,https://careers.hireology.com/watermarkautogroup/
Watermark Laguna Niguel,watermarklagunaniguel,https://careers.hireology.com/watermarklagunaniguel/
The Preston of the Park Cities,watermarkretirementcommunitiesinc,https://careers.hireology.com/watermarkretirementcommunitiesinc/
Watersound Fountains,watersoundfountains,https://careers.hireology.com/watersoundfountains/
Waterstone at the Circle,waterstoneatthecircle,https://careers.hireology.com/waterstoneatthecircle/
Waterstone at Wellesley,waterstoneatwellesley,https://careers.hireology.com/waterstoneatwellesley/
Waterstone of Lexington,waterstoneoflexington,https://careers.hireology.com/waterstoneoflexington/
Waterstone of Westchester,waterstoneofwestchester,https://careers.hireology.com/waterstoneofwestchester/
Waterstone on High Ridge,waterstoneonhighridge,https://careers.hireology.com/waterstoneonhighridge/
Waxing the City,waxingthecitysunprairie,https://careers.hireology.com/waxingthecitysunprairie/
Wayne County Ford,waynecountyford,https://careers.hireology.com/waynecountyford/
Jenkins Collision Center of Leesburg,waynespaintbody,https://careers.hireology.com/waynespaintbody/
"Waynesville Inn & Golf, Tapestry by Hilton",waynesvilleinngolf,https://careers.hireology.com/waynesvilleinngolf/
Weatherford BMW,weatherfordbmw,https://careers.hireology.com/weatherfordbmw/
Weatherly Inn - Lake Meridian,weatherlyinn-lakemeridian,https://careers.hireology.com/weatherlyinn-lakemeridian/
Weatherly Inn - Renton,weatherlyinn-renton,https://careers.hireology.com/weatherlyinn-renton/
Weatherly Inn - Renton,weatherlyinnultimateparent,https://careers.hireology.com/weatherlyinnultimateparent/
Webb Chevrolet Oak Lawn,webbchevroletoaklawn,https://careers.hireology.com/webbchevroletoaklawn/
Webb Chevrolet Plainfield,webbchevroletplainfield,https://careers.hireology.com/webbchevroletplainfield/
Webb Ford,webbford,https://careers.hireology.com/webbford/
Webb Hyundai Highland,webbhyundaihighland,https://careers.hireology.com/webbhyundaihighland/
Webb Hyundai Merrillville,webbhyundaimerriville,https://careers.hireology.com/webbhyundaimerriville/
Weed Man Muskegon,weedman-muskegonmi,https://careers.hireology.com/weedman-muskegonmi/
"Weed Man Billings, MT",weedmanbillingsmt,https://careers.hireology.com/weedmanbillingsmt/
Weed Man Lawn Care,weedmanlawncare-kalamazoomi,https://careers.hireology.com/weedmanlawncare-kalamazoomi/
Loveland Ford Lincoln,weibeldealerships,https://careers.hireology.com/weibeldealerships/
Weikert Ford Inc,weikertfordinc,https://careers.hireology.com/weikertfordinc/
Wellington Care Center,wellingtoncarecenter,https://careers.hireology.com/wellingtoncarecenter/
Wendy's - Amaash Corp - Hollister,wendys-amaashcorp-hollister,https://careers.hireology.com/wendys-amaashcorp-hollister/
Wendy's - Amaash Corp - Watsonville,wendys-amaashcorp-watsonville,https://careers.hireology.com/wendys-amaashcorp-watsonville/
Wendy's - Deters Co - Burlington,wendys-detersco-burlington,https://careers.hireology.com/wendys-detersco-burlington/
Wendy's - Deters Co - Ft. Wright,wendys-detersco-ftwright,https://careers.hireology.com/wendys-detersco-ftwright/
Wendy's - Deters Co - Independence,wendys-detersco-independence,https://careers.hireology.com/wendys-detersco-independence/
Wendy's - Deters Co - Walton,wendys-detersco-walton,https://careers.hireology.com/wendys-detersco-walton/
Wendy's Wen Atlantic Weiner Brothers,wendysatlantic,https://careers.hireology.com/wendysatlantic/
Wendy's Deters Co,wendysdetersco,https://careers.hireology.com/wendysdetersco/
Wendy's Lehighton,wendyslehighton,https://careers.hireology.com/wendyslehighton/
Wentworth By the Sea,wentworthbythesea,https://careers.hireology.com/wentworthbythesea/
Werner Hyundai,wernerhyundai,https://careers.hireology.com/wernerhyundai/
Werner Kia,wernerkia,https://careers.hireology.com/wernerkia/
Wesley Village,wesleyvillage3,https://careers.hireology.com/wesleyvillage3/
Westborough Country Club,westboroughcountryclub,https://careers.hireology.com/westboroughcountryclub/
Westbrook Honda,westbrookhonda,https://careers.hireology.com/westbrookhonda/
Westbrook Toyota,westbrooktoyota,https://careers.hireology.com/westbrooktoyota/
West End Lincoln,westendlincoln,https://careers.hireology.com/westendlincoln/
Western Slope in Home Care,westernslopeinhomecare,https://careers.hireology.com/westernslopeinhomecare/
O'GARA Westlake Village,westlakecoachcompanyllvdbaogarawestlakevillage,https://careers.hireology.com/westlakecoachcompanyllvdbaogarawestlakevillage/
Westlie Motor Company,westliemotorcompany,https://careers.hireology.com/westliemotorcompany/
West Point Ford,westpointford,https://careers.hireology.com/westpointford/
"West Point Ford, Inc",westpointfordinc,https://careers.hireology.com/westpointfordinc/
WEST POINT LINCOLN,westpointlincoln,https://careers.hireology.com/westpointlincoln/
Shawnee Lodge & Cottages,westportsmouth-shawneelodgecottages,https://careers.hireology.com/westportsmouth-shawneelodgecottages/
Westside Toyota,westsidetoyota,https://careers.hireology.com/westsidetoyota/
West Street Hotel,weststreethotel,https://careers.hireology.com/weststreethotel/
Westward Trails Nursing & Rehabilitation,westwardtrailsnursingrehabilitation,https://careers.hireology.com/westwardtrailsnursingrehabilitation/
Whaling City Ford,whalingcityautogroup,https://careers.hireology.com/whalingcityautogroup/
Wheelers of Marshfield,wheelerschevroletgmcofmarshfield,https://careers.hireology.com/wheelerschevroletgmcofmarshfield/
Whiskers At Home LLC,whiskersathome,https://careers.hireology.com/whiskersathome/
Whispering Pines Lodge,whisperingpineslodge,https://careers.hireology.com/whisperingpineslodge/
Whispering Pines Preschool,whisperingpinespreschool,https://careers.hireology.com/whisperingpinespreschool/
Whisperwood Nursing & Rehabilitation Center,whisperwoodnursingrehabilitationcenter,https://careers.hireology.com/whisperwoodnursingrehabilitationcenter/
White Allen Chevrolet,whiteallenchevrolet,https://careers.hireology.com/whiteallenchevrolet/
White Bear Mitsubishi,whitebearmitsubishi,https://careers.hireology.com/whitebearmitsubishi/
Whited Ford Truck Center,whitedfordtruckcenter,https://careers.hireology.com/whitedfordtruckcenter/
Whiteface Ford,whitefaceford,https://careers.hireology.com/whitefaceford/
White's Auto Mall,whitesautomall,https://careers.hireology.com/whitesautomall/
Whitesboro Health & Rehabilitation Center,whitesborohealthrehabilitationcenter,https://careers.hireology.com/whitesborohealthrehabilitationcenter/
White's International of New Bern,whitesinternationalofnewbern,https://careers.hireology.com/whitesinternationalofnewbern/
White's International Trucks Greensboro,whitesinternationaltrucksgreensboro,https://careers.hireology.com/whitesinternationaltrucksgreensboro/
White's International Trucks Winterville,whitesinternationaltrucksgreenvile,https://careers.hireology.com/whitesinternationaltrucksgreenvile/
White's International Trucks High Point,whitesinternationaltruckshighpoint,https://careers.hireology.com/whitesinternationaltruckshighpoint/
Wide World BMW,wideworldbmw,https://careers.hireology.com/wideworldbmw/
Wieland - Clare,wieland-clare,https://careers.hireology.com/wieland-clare/
Wieland - Saginaw,wieland-saginaw,https://careers.hireology.com/wieland-saginaw/
Wieland - Saginaw,wielandinternational,https://careers.hireology.com/wielandinternational/
Willowbrook Hills,willowbrookhills,https://careers.hireology.com/willowbrookhills/
Willow Creek Health Care,willowcreekhealthcare,https://careers.hireology.com/willowcreekhealthcare/
Midland Ford Lincoln,wilsonfordlincoln,https://careers.hireology.com/wilsonfordlincoln/
Courtyard By Marriott Winston - Salem,wincourtyardbymarriottwinston-salem,https://careers.hireology.com/wincourtyardbymarriottwinston-salem/
Mt Sterling Health & Rehab,windsorcarecenter,https://careers.hireology.com/windsorcarecenter/
Mt. Sterling Personal Care,windsorpersonalcare,https://careers.hireology.com/windsorpersonalcare/
Winnie L Nursing and Rehabilitation,winnielnursingandrehabilitation,https://careers.hireology.com/winnielnursingandrehabilitation/
Winslow BMW of Colorado Springs,winslowbmwofcoloradosprings,https://careers.hireology.com/winslowbmwofcoloradosprings/
Winslow Ford,winslowford,https://careers.hireology.com/winslowford/
Winslow Gerolamy Motors - Peterborough,winslowgerolamymotors-peterborough,https://careers.hireology.com/winslowgerolamymotors-peterborough/
Winston Water Cooler Management,winstonwatercoolermanagement,https://careers.hireology.com/winstonwatercoolermanagement/
Wisconsin Pet Care,wisconsinpetcarellc,https://careers.hireology.com/wisconsinpetcarellc/
With A Little Help,withalittlehelp,https://careers.hireology.com/withalittlehelp/
Champaign Ford City,wmiautomotive,https://careers.hireology.com/wmiautomotive/
WMI Autospa,wmiautospa,https://careers.hireology.com/wmiautospa/
Wolfchase Hyundai,wolfchasehyundai,https://careers.hireology.com/wolfchasehyundai/
Wolfe Ford of Fort Benton,wolfefortbentonmontana,https://careers.hireology.com/wolfefortbentonmontana/
Wolfington Body Company,wolfingtonbodycompany,https://careers.hireology.com/wolfingtonbodycompany/
"Woltz & Wind Ford, Inc",woltzwindfordinc,https://careers.hireology.com/woltzwindfordinc/
The Aspenwood Company - Wood Glen Court,woodglencourt,https://careers.hireology.com/woodglencourt/
Woodlands of DeWitt,woodlandsofdewitt,https://careers.hireology.com/woodlandsofdewitt/
WoodSpring Suites -- Chattanooga,woodspringsuites--chattanooga,https://careers.hireology.com/woodspringsuites--chattanooga/
WoodSpring Suites Cleveland,woodspringsuitescleveland,https://careers.hireology.com/woodspringsuitescleveland/
Woody Anderson Ford,woodyandersonford,https://careers.hireology.com/woodyandersonford/
Woody Buick GMC of Naperville,woodybuickgmc,https://careers.hireology.com/woodybuickgmc/
Woody Buick GMC of Gurnee,woodybuickgmcofgurnee,https://careers.hireology.com/woodybuickgmcofgurnee/
Woody Folsom CDJR Douglas,woodyfolsomautomotiveinc,https://careers.hireology.com/woodyfolsomautomotiveinc/
Woof Gang Bakery and Grooming,woofgangbakeryofbluffton,https://careers.hireology.com/woofgangbakeryofbluffton/
Woof Gang Bakery of Shaker Heights,woofgangbakeryofshakerheights,https://careers.hireology.com/woofgangbakeryofshakerheights/
Wright Buick GMC,wrightbuickgmc,https://careers.hireology.com/wrightbuickgmc/
Wright Buick GMC Chevrolet,wrightbuickgmcchevrolet,https://careers.hireology.com/wrightbuickgmcchevrolet/
Wright Hyundai,wrighthyundai,https://careers.hireology.com/wrighthyundai/
Wright Nissan,wrightnissan,https://careers.hireology.com/wrightnissan/
Wyndham Garden Katy,wyndhamgardenkaty,https://careers.hireology.com/wyndhamgardenkaty/
Wyndham Garden Lancaster,wyndhamgardenlancaster,https://careers.hireology.com/wyndhamgardenlancaster/
Wingate by Wyndham Altoona Downtown/Medical Center,wyngatebywyndham-altoonadowntownmedicalcenter,https://careers.hireology.com/wyngatebywyndham-altoonadowntownmedicalcenter/
Wynne Ford,wynneford,https://careers.hireology.com/wynneford/
Wyoming Valley BMW,wyomingvalleybmw,https://careers.hireology.com/wyomingvalleybmw/
Wyoming Valley Subaru,wyomingvalleykiamazdasubaruporsche,https://careers.hireology.com/wyomingvalleykiamazdasubaruporsche/
Ellwood City Chrysler Jeep Dodge Ram,wyomingvalleymotors,https://careers.hireology.com/wyomingvalleymotors/
Wyoming Valley Porsche,wyomingvalleysubaru,https://careers.hireology.com/wyomingvalleysubaru/
Yaklin Ford,yaklinford,https://careers.hireology.com/yaklinford/
Yankee Ford,yankeeford,https://careers.hireology.com/yankeeford/
York Ford of Brazil,yorkfordofbrazil,https://careers.hireology.com/yorkfordofbrazil/
Yorktown Nursing & Rehabilitation Center,yorktownnursingrehabilitationcenter,https://careers.hireology.com/yorktownnursingrehabilitationcenter/
Young Chevrolet Cadillac Inc,youngautomotivemi,https://careers.hireology.com/youngautomotivemi/
Young Chevrolet Cadillac Inc,youngchevroletcadillacinc,https://careers.hireology.com/youngchevroletcadillacinc/
"Young Ford, Inc",youngfordinc,https://careers.hireology.com/youngfordinc/
Bobcat of Youngstown- Leppo Rents,youngstownoh,https://careers.hireology.com/youngstownoh/
Zanesville Auto Group,zanesvilleautogroup,https://careers.hireology.com/zanesvilleautogroup/
Zanesville Honda,zanesvillehonda,https://careers.hireology.com/zanesvillehonda/
"Zaremba Equipment, Inc - Gaylord",zarembaequipment,https://careers.hireology.com/zarembaequipment/
Zeigler Ford of North Riverside,zeiglerfordofnorthriverside,https://careers.hireology.com/zeiglerfordofnorthriverside/
Zook Motors,zookmotors,https://careers.hireology.com/zookmotors/
Zota Beach Resort,zotabeachresort,https://careers.hireology.com/zotabeachresort/
