name,slug,url
#paid,hashtagpaid,https://jobs.lever.co/hashtagpaid
01Health,32Co,https://jobs.lever.co/32Co
100MS,100ms,https://jobs.lever.co/100ms
15Five,15five,https://jobs.lever.co/15five
1840 & Company,1840&Company,https://jobs.lever.co/1840&Company
1inch,1inch,https://jobs.lever.co/1inch
21st Century Home Health Services Inc.,21hhs,https://jobs.lever.co/21hhs
2brains,2brains,https://jobs.lever.co/2brains
2nd Order Solutions,2os,https://jobs.lever.co/2os
360Learning,360learning,https://jobs.lever.co/360learning
3E,3eco,https://jobs.lever.co/3eco
3Pillar,3pillarglobal,https://jobs.lever.co/3pillarglobal
4Front Ventures,4front,https://jobs.lever.co/4front
4SIGHT Supply Chain,4SIGHTSupplyChain,https://jobs.lever.co/4SIGHTSupplyChain
5,energy-by-5,https://jobs.lever.co/energy-by-5
90 Seconds,90seconds,https://jobs.lever.co/90seconds
@hotel,tripscout,https://jobs.lever.co/tripscout
[solidcore],solidcore,https://jobs.lever.co/solidcore
a.k.a. Brands,akabrands,https://jobs.lever.co/akabrands
"Aaron Riechert Carpol & Riffle, APC",arcr,https://jobs.lever.co/arcr
ABM Industries,ableserve,https://jobs.lever.co/ableserve
Above and Beyond Therapy,abtaba,https://jobs.lever.co/abtaba
Above Lending,abovelending,https://jobs.lever.co/abovelending
Academy,Academy,https://jobs.lever.co/Academy
Acceldata,acceldata,https://jobs.lever.co/acceldata
"Accenture Infrastructure and Capital Projects, LLC",InfrastructureandCapitalProjects,https://jobs.lever.co/InfrastructureandCapitalProjects
Access Softek,accesssoftek,https://jobs.lever.co/accesssoftek
Accompany Health,AccompanyHealth,https://jobs.lever.co/AccompanyHealth
Accurate Background,accurate,https://jobs.lever.co/accurate
Achievers,achievers,https://jobs.lever.co/achievers
Acme,sigma-squared,https://jobs.lever.co/sigma-squared
ACORD Corporation,acord,https://jobs.lever.co/acord
Acselhealth,acselhealth,https://jobs.lever.co/acselhealth
Actian Corporation,actian,https://jobs.lever.co/actian
Action Property Management,actionlife,https://jobs.lever.co/actionlife
Active Theory,activetheory,https://jobs.lever.co/activetheory
ActiveCampaign,activecampaign,https://jobs.lever.co/activecampaign
Actriv,actriv,https://jobs.lever.co/actriv
Ad Hoc Labs,adhoclabs,https://jobs.lever.co/adhoclabs
Addition,additionwealth,https://jobs.lever.co/additionwealth
Adi Development Group,adidevelopments,https://jobs.lever.co/adidevelopments
Adjarabet.com,adjarabet,https://jobs.lever.co/adjarabet
Adlook,adlook,https://jobs.lever.co/adlook
Adora Technologies Inc,adora,https://jobs.lever.co/adora
Advanced Agrilytics,advancedagrilytics,https://jobs.lever.co/advancedagrilytics
Adventus,adventus,https://jobs.lever.co/adventus
"Adverum Biotechnologies, Inc.",adverum,https://jobs.lever.co/adverum
Advocate,advocate,https://jobs.lever.co/advocate
AE,ae-2,https://jobs.lever.co/ae-2
Aera Technology,aeratechnology,https://jobs.lever.co/aeratechnology
Aeris Partners,aerispartners.com,https://jobs.lever.co/aerispartners.com
Aero,aero,https://jobs.lever.co/aero
Aerostrat,aerostrat,https://jobs.lever.co/aerostrat
Aethos,aethoshotels,https://jobs.lever.co/aethoshotels
"Aeva, Inc.",aeva,https://jobs.lever.co/aeva
AFAR,AfarMedia,https://jobs.lever.co/AfarMedia
Afero,afero,https://jobs.lever.co/afero
Agate Software,agatesoftware,https://jobs.lever.co/agatesoftware
Age of Learning,aofl,https://jobs.lever.co/aofl
Agerpoint,Agerpoint,https://jobs.lever.co/Agerpoint
Agicap,agicap,https://jobs.lever.co/agicap
Agile Defense,agile-defense,https://jobs.lever.co/agile-defense
Agiloft,agiloft,https://jobs.lever.co/agiloft
Agtonomy,agtonomy,https://jobs.lever.co/agtonomy
AHEAD,thinkahead,https://jobs.lever.co/thinkahead
Aicrete,aicrete,https://jobs.lever.co/aicrete
AiFi,aifi,https://jobs.lever.co/aifi
AIFund,AIFund,https://jobs.lever.co/AIFund
Aigen,aigen,https://jobs.lever.co/aigen
AIP Connect,aipconnect,https://jobs.lever.co/aipconnect
Air-tek,air-tek,https://jobs.lever.co/air-tek
Airalo,airalo,https://jobs.lever.co/airalo
Aircall,aircall,https://jobs.lever.co/aircall
AirDNA,airdna,https://jobs.lever.co/airdna
airSlate,airslate,https://jobs.lever.co/airslate
Airtasker,airtasker,https://jobs.lever.co/airtasker
Airtm,airtm,https://jobs.lever.co/airtm
Aisles & Abroad,aisle_and_abroad,https://jobs.lever.co/aisle_and_abroad
Aiwyn,aiwyn,https://jobs.lever.co/aiwyn
Aizon,aizon,https://jobs.lever.co/aizon
Ajax Systems,ajax,https://jobs.lever.co/ajax
"Akicita Federal, LLC",akicita-cyber,https://jobs.lever.co/akicita-cyber
Aldar Properties PJSC,aldar,https://jobs.lever.co/aldar
Alector,alector,https://jobs.lever.co/alector
Aledade PBC,aledade,https://jobs.lever.co/aledade
Aleph,aleph,https://jobs.lever.co/aleph
Alertus Technologies,alertus,https://jobs.lever.co/alertus
Alice & Bob,alice-bob,https://jobs.lever.co/alice-bob
Alif Semiconductor,alifsemi,https://jobs.lever.co/alifsemi
Alignerr,labelbox,https://jobs.lever.co/labelbox
Alimentiv,alimentiv-2,https://jobs.lever.co/alimentiv-2
All Ears Veterinary,allears-vet,https://jobs.lever.co/allears-vet
all.health,all.health,https://jobs.lever.co/all.health
Allata,Allata,https://jobs.lever.co/Allata
Allegiant,allegiantair,https://jobs.lever.co/allegiantair
Alliance,alliance,https://jobs.lever.co/alliance
Allied,alliedreit,https://jobs.lever.co/alliedreit
Allied Beverage Group,alliedbeverage,https://jobs.lever.co/alliedbeverage
Allison Jones Consulting Services,ajccanada,https://jobs.lever.co/ajccanada
Alloy.ai,alloy,https://jobs.lever.co/alloy
AllTrails,alltrails,https://jobs.lever.co/alltrails
Alluxio,alluxio,https://jobs.lever.co/alluxio
Allworknow,allworknow,https://jobs.lever.co/allworknow
ALOM Technologies,alom,https://jobs.lever.co/alom
Alpinestars,alpinestars,https://jobs.lever.co/alpinestars
AltaML,altaml,https://jobs.lever.co/altaml
Altarum,altarum,https://jobs.lever.co/altarum
Altoida,Altoida,https://jobs.lever.co/Altoida
Amanotes,amanotes,https://jobs.lever.co/amanotes
Amar Bank,amarbank,https://jobs.lever.co/amarbank
Amazon RIVR,rivr,https://jobs.lever.co/rivr
Amber Electric,amberelectric,https://jobs.lever.co/amberelectric
Ambergroup,ambergroup,https://jobs.lever.co/ambergroup
Ambi Robotics,ambirobotics,https://jobs.lever.co/ambirobotics
American Ballet Theatre,abt,https://jobs.lever.co/abt
American Tall,americantall,https://jobs.lever.co/americantall
AMIRI,AMIRI,https://jobs.lever.co/AMIRI
Amity Foundation,amityfdn,https://jobs.lever.co/amityfdn
Ammobia,ammobia,https://jobs.lever.co/ammobia
Ampd Energy,ampd-energy,https://jobs.lever.co/ampd-energy
Ampeco Ltd,ampeco-global,https://jobs.lever.co/ampeco-global
AmSty,amsty,https://jobs.lever.co/amsty
AMT Engineering,amtengineering,https://jobs.lever.co/amtengineering
ANA,ana-corp,https://jobs.lever.co/ana-corp
Anagram,anagramsecurity,https://jobs.lever.co/anagramsecurity
AnalogFolk,analogfolk,https://jobs.lever.co/analogfolk
Analytic Partners,analyticpartners,https://jobs.lever.co/analyticpartners
AnaVation,anavationllc,https://jobs.lever.co/anavationllc
Anchorage Digital,anchorage,https://jobs.lever.co/anchorage
Andersen Corporation/Renewal by Andersen,andersencorp,https://jobs.lever.co/andersencorp
AngelList,angellist,https://jobs.lever.co/angellist
Animoca Brands Limited,animocabrands,https://jobs.lever.co/animocabrands
Anlatan,Anlatan,https://jobs.lever.co/Anlatan
Anomali,anomali,https://jobs.lever.co/anomali
Anomaly,anomaly,https://jobs.lever.co/anomaly
another,anotherco,https://jobs.lever.co/anotherco
Anovium,Anovium,https://jobs.lever.co/Anovium
ANS,ans,https://jobs.lever.co/ans
Ansatz Capital,ansatzcapital,https://jobs.lever.co/ansatzcapital
Ansira,ansira,https://jobs.lever.co/ansira
AntiCapital,AntiCapital,https://jobs.lever.co/AntiCapital
ANYbotics,anybotics,https://jobs.lever.co/anybotics
AnyRoad,anyroad,https://jobs.lever.co/anyroad
Anyscale,anyscale,https://jobs.lever.co/anyscale
AO Garcia Agency,aogarciaagency,https://jobs.lever.co/aogarciaagency
Apax Partners,apax,https://jobs.lever.co/apax
APCO Holdings,apcoholdings,https://jobs.lever.co/apcoholdings
Apex ABA Therapy,apexaba,https://jobs.lever.co/apexaba
APEX Investigation,apexpi,https://jobs.lever.co/apexpi
Apex.AI,apex-ai,https://jobs.lever.co/apex-ai
Apollo Agriculture,apolloagriculture,https://jobs.lever.co/apolloagriculture
Apollo Research,apolloresearch,https://jobs.lever.co/apolloresearch
Appcues,appcues-2,https://jobs.lever.co/appcues-2
Appen,appen-2,https://jobs.lever.co/appen-2
Appfigures,appfigures,https://jobs.lever.co/appfigures
AppFollow,appfollow,https://jobs.lever.co/appfollow
Apple Tree Dental,appletreedental,https://jobs.lever.co/appletreedental
Applied Underwriters,auw,https://jobs.lever.co/auw
applike group,applike,https://jobs.lever.co/applike
APPLY,applydigital,https://jobs.lever.co/applydigital
AppNation,appnation,https://jobs.lever.co/appnation
Appointy,appointy,https://jobs.lever.co/appointy
Apprenticely,acds,https://jobs.lever.co/acds
AppSamurai,appsamurai,https://jobs.lever.co/appsamurai
"AppZen, Inc.",appzen,https://jobs.lever.co/appzen
Aprio,Aprio,https://jobs.lever.co/Aprio
Apryse,apryse,https://jobs.lever.co/apryse
Aqemia,aqemia.com,https://jobs.lever.co/aqemia.com
Aquabyte,aquabyte,https://jobs.lever.co/aquabyte
Aquarium,aquarium,https://jobs.lever.co/aquarium
Arable,arable,https://jobs.lever.co/arable
Arbital Health,arbitalhealth,https://jobs.lever.co/arbitalhealth
Arbitrum Foundation,arbitrumfoundation,https://jobs.lever.co/arbitrumfoundation
Arbitrum OpCo,arbitrum-opco,https://jobs.lever.co/arbitrum-opco
Arbol,Arbol,https://jobs.lever.co/Arbol
ARC'TERYX,arcteryx.com,https://jobs.lever.co/arcteryx.com
Arcadia,arcadia,https://jobs.lever.co/arcadia
Arcadia Science,arcadiascience,https://jobs.lever.co/arcadiascience
"Argonaut, Inc.",argonaut,https://jobs.lever.co/argonaut
Arootah,arootah,https://jobs.lever.co/arootah
Array Labs,arraylabs.io,https://jobs.lever.co/arraylabs.io
Arrive Logistics,arrivelogistics,https://jobs.lever.co/arrivelogistics
Arsenal Biosciences,arsenalbio,https://jobs.lever.co/arsenalbio
ARSIEM,arsiem,https://jobs.lever.co/arsiem
ARTBIO,artbio,https://jobs.lever.co/artbio
Artera,artera,https://jobs.lever.co/artera
Artera,artera-2,https://jobs.lever.co/artera-2
Articulate,articulate,https://jobs.lever.co/articulate
Artis BioSolutions,landmarkbio,https://jobs.lever.co/landmarkbio
"Arundel Lodge, Inc.",arundellodge,https://jobs.lever.co/arundellodge
"Arvor Insurance, Inc",arvor-insurance,https://jobs.lever.co/arvor-insurance
ASAPP,asapp-2,https://jobs.lever.co/asapp-2
Asendia Inc,asendia,https://jobs.lever.co/asendia
Ashoka,ashoka,https://jobs.lever.co/ashoka
Asian Health Services,ahschc,https://jobs.lever.co/ahschc
Assist World,assist-world,https://jobs.lever.co/assist-world
Assurance Careers,assurance,https://jobs.lever.co/assurance
Ataccama,ataccama,https://jobs.lever.co/ataccama
Atavistik Bio,atavistik-bio,https://jobs.lever.co/atavistik-bio
Athena,athenapsych,https://jobs.lever.co/athenapsych
Athennian,athennian,https://jobs.lever.co/athennian
Athlete to Athlete,athletetoathlete,https://jobs.lever.co/athletetoathlete
ATI Business Group,atibusinessgroup,https://jobs.lever.co/atibusinessgroup
Atmosera,atmosera,https://jobs.lever.co/atmosera
Atom Computing,atomcomputing,https://jobs.lever.co/atomcomputing
Atomi,atomi,https://jobs.lever.co/atomi
Attabotics,attabotics,https://jobs.lever.co/attabotics
Audinate,audinate,https://jobs.lever.co/audinate
August Bioservices,AugustBioservices,https://jobs.lever.co/AugustBioservices
Aurora Labs,aurora-dev,https://jobs.lever.co/aurora-dev
Australian Ethical,australianethical,https://jobs.lever.co/australianethical
Authentic8,authentic8,https://jobs.lever.co/authentic8
AutoFi,autofi,https://jobs.lever.co/autofi
Automatiq,automatiq,https://jobs.lever.co/automatiq
Autonomous,autonomous,https://jobs.lever.co/autonomous
Avalanche Studios Group,avalanchestudios,https://jobs.lever.co/avalanchestudios
Avalere Health,avalerehealth,https://jobs.lever.co/avalerehealth
Avante,avante,https://jobs.lever.co/avante
Avenues Recovery,avenuesrecovery,https://jobs.lever.co/avenuesrecovery
Avero,avero,https://jobs.lever.co/avero
Avertium,avertium,https://jobs.lever.co/avertium
AVIA,aviahealth,https://jobs.lever.co/aviahealth
AVIO Consulting,avioconsulting,https://jobs.lever.co/avioconsulting
Avive,AviveSolutions,https://jobs.lever.co/AviveSolutions
Aviya Aerospace Systems,aviyatech,https://jobs.lever.co/aviyatech
Avtex,avtex,https://jobs.lever.co/avtex
Avua UK Limited,avua,https://jobs.lever.co/avua
axl,axl,https://jobs.lever.co/axl
Azul,azul,https://jobs.lever.co/azul
B.F. Saul Company,bfsaul,https://jobs.lever.co/bfsaul
B.F. Saul Company Hospitality Group,bfsaulhotels,https://jobs.lever.co/bfsaulhotels
BackerKit,backerkit,https://jobs.lever.co/backerkit
Backstory,people-ai,https://jobs.lever.co/people-ai
Badge,badge-group,https://jobs.lever.co/badge-group
Badger Maps,badgermapping,https://jobs.lever.co/badgermapping
Balbix,balbix,https://jobs.lever.co/balbix
BAMKO,bamko,https://jobs.lever.co/bamko
Banana,bananajobs,https://jobs.lever.co/bananajobs
Banco BV,bv,https://jobs.lever.co/bv
Banner Bank,bannerbank,https://jobs.lever.co/bannerbank
"BAO, Inc",baoinc,https://jobs.lever.co/baoinc
base | flowa,base-flowa,https://jobs.lever.co/base-flowa
Baselane,baselane,https://jobs.lever.co/baselane
Basis,basis,https://jobs.lever.co/basis
Bazaarvoice,bazaarvoice,https://jobs.lever.co/bazaarvoice
BDG,BDG,https://jobs.lever.co/BDG
Beam Benefits,beam,https://jobs.lever.co/beam
Beamy,Beamy,https://jobs.lever.co/Beamy
Beauty Barrage,beautybarrage,https://jobs.lever.co/beautybarrage
Beaver Process Equipment,beaverprocess,https://jobs.lever.co/beaverprocess
Beckley Clinical,beckley-clinical,https://jobs.lever.co/beckley-clinical
Bedrock Energy,bedrockenergy,https://jobs.lever.co/bedrockenergy
"Bee Green Recycling & Supply, LLC",beegreen,https://jobs.lever.co/beegreen
Bee Talents,bee-talents,https://jobs.lever.co/bee-talents
Beedie,beedie,https://jobs.lever.co/beedie
Beem,BeemEnergy,https://jobs.lever.co/BeemEnergy
Beghou Consulting,beghouconsulting,https://jobs.lever.co/beghouconsulting
BehaviorCare Therapy,behaviorcaretherapy,https://jobs.lever.co/behaviorcaretherapy
Behaviour Interactive,bhvr,https://jobs.lever.co/bhvr
Bekk,bekk,https://jobs.lever.co/bekk
Belkins,belkins,https://jobs.lever.co/belkins
Bellese,bellese,https://jobs.lever.co/bellese
Bellota Labs,bellotalabs,https://jobs.lever.co/bellotalabs
Bellwether,bellwetheram-2,https://jobs.lever.co/bellwetheram-2
Belong,belong,https://jobs.lever.co/belong
Belvedere Trading,belvederetrading,https://jobs.lever.co/belvederetrading
BenchSci,benchsci,https://jobs.lever.co/benchsci
Bento Box Entertainment,bentoboxent,https://jobs.lever.co/bentoboxent
Berkshire Hathaway Homestate Companies,bhhc,https://jobs.lever.co/bhhc
Bernstein Litowitz Berger & Grossmann LLP,blbglaw,https://jobs.lever.co/blbglaw
Bespoke Post,bespokepost,https://jobs.lever.co/bespokepost
Best Egg,BestEgg,https://jobs.lever.co/BestEgg
BETA Technologies,beta,https://jobs.lever.co/beta
Betr,betr,https://jobs.lever.co/betr
Betstamp,Betstamp,https://jobs.lever.co/Betstamp
Better,better,https://jobs.lever.co/better
Better Life Partners,betterlifepartners,https://jobs.lever.co/betterlifepartners
Beyond Cloud Consulting Inc.,beyondcloudconsulting,https://jobs.lever.co/beyondcloudconsulting
Beyond Menu,beyondmenu,https://jobs.lever.co/beyondmenu
BHG Financial,bhg-inc,https://jobs.lever.co/bhg-inc
Big Health,bighealth,https://jobs.lever.co/bighealth
Bigblue,bigblue,https://jobs.lever.co/bigblue
Biggie Group,biggie,https://jobs.lever.co/biggie
Binance,binance,https://jobs.lever.co/binance
BioAgilytix,bioagilytix,https://jobs.lever.co/bioagilytix
BioBus,biobus.org,https://jobs.lever.co/biobus.org
BioCatch,biocatch,https://jobs.lever.co/biocatch
Biodigital,biodigital,https://jobs.lever.co/biodigital
Biointellisense,biointellisense,https://jobs.lever.co/biointellisense
BIS Safety Software,bis,https://jobs.lever.co/bis
Bisnow,bisnow,https://jobs.lever.co/bisnow
BizAway Trial,bizaway,https://jobs.lever.co/bizaway
BizLibrary,bizlibrary,https://jobs.lever.co/bizlibrary
BlaBlaCar,blablacar,https://jobs.lever.co/blablacar
Black & White Zebra,Black-White-Zebra,https://jobs.lever.co/Black-White-Zebra
Blackbird Interactive,blackbirdinteractive,https://jobs.lever.co/blackbirdinteractive
BlackCloak,BlackCloak,https://jobs.lever.co/BlackCloak
BLEN,blencorp,https://jobs.lever.co/blencorp
Blink UX,blinkux,https://jobs.lever.co/blinkux
Blinq,blinq,https://jobs.lever.co/blinq
Blood,pslove-pte,https://jobs.lever.co/pslove-pte
Bloom,bloom,https://jobs.lever.co/bloom
Bloom & Wild Group,bloomon,https://jobs.lever.co/bloomon
Bloomwell Autism Therapy,bloomwellcare,https://jobs.lever.co/bloomwellcare
Blue Bottle Coffee,bluebottlecoffee,https://jobs.lever.co/bluebottlecoffee
Blue Coding,bluecoding,https://jobs.lever.co/bluecoding
Blue Engine,blueengine,https://jobs.lever.co/blueengine
Blue Origin,blueorigin,https://jobs.lever.co/blueorigin
BlueCat,bluecatnetworks,https://jobs.lever.co/bluecatnetworks
"BlueCloud Services, Inc.",blue,https://jobs.lever.co/blue
Blueland,blueland,https://jobs.lever.co/blueland
Bluelight Consulting,bluelightconsulting,https://jobs.lever.co/bluelightconsulting
BlueRock Therapeutics,bluerocktx,https://jobs.lever.co/bluerocktx
Bluesight,bluesight,https://jobs.lever.co/bluesight
Bogaard Group International,bogaardgroup,https://jobs.lever.co/bogaardgroup
"Bold Orange Company, LLC",bold-orange,https://jobs.lever.co/bold-orange
Bolster Inc.,bolster,https://jobs.lever.co/bolster
Bolt,boltjobs,https://jobs.lever.co/boltjobs
Bone Dry Roofing,bonedry,https://jobs.lever.co/bonedry
Boson AI,bosonai,https://jobs.lever.co/bosonai
Bosta,Bosta,https://jobs.lever.co/Bosta
Boston Imaging,bostonimaging,https://jobs.lever.co/bostonimaging
Boston Materials,boston-materials,https://jobs.lever.co/boston-materials
Boston Red Sox,redsox,https://jobs.lever.co/redsox
Bounteous,bounteous,https://jobs.lever.co/bounteous
Boxbot,boxbot,https://jobs.lever.co/boxbot
BoxLunch & Hot Topic,boxlunch,https://jobs.lever.co/boxlunch
BPM LLP,bpmcpa,https://jobs.lever.co/bpmcpa
Brafton,brafton,https://jobs.lever.co/brafton
BrainChild Bio,brainchildbio,https://jobs.lever.co/brainchildbio
"BrainStorm, Inc.",brainstorminc,https://jobs.lever.co/brainstorminc
Branch,branch.gg,https://jobs.lever.co/branch.gg
Brand Knew,brand-knew,https://jobs.lever.co/brand-knew
Braviant Holdings,braviantholdings,https://jobs.lever.co/braviantholdings
Breakwater Technology,BreakwaterTech,https://jobs.lever.co/BreakwaterTech
BreezeBio,BreezeBio,https://jobs.lever.co/BreezeBio
Brevo,brevo,https://jobs.lever.co/brevo
BRICK Networks,bricknetworks,https://jobs.lever.co/bricknetworks
Bright Machines,brightmachines,https://jobs.lever.co/brightmachines
Brighte,brighte,https://jobs.lever.co/brighte
BrightEdge,brightedge,https://jobs.lever.co/brightedge
BrightHire,brighthire,https://jobs.lever.co/brighthire
Brighton Jones,brightonjones,https://jobs.lever.co/brightonjones
brightwheel,brightwheel,https://jobs.lever.co/brightwheel
Brilliant,brilliant,https://jobs.lever.co/brilliant
Brillio,brillio-2,https://jobs.lever.co/brillio-2
Brindley Engineering,brindleyengineering,https://jobs.lever.co/brindleyengineering
BriteCore,britecore,https://jobs.lever.co/britecore
Brookings,brookings,https://jobs.lever.co/brookings
Brooklyn Investment Group,bkln,https://jobs.lever.co/bkln
Brooks Running,brooksrunning,https://jobs.lever.co/brooksrunning
Brotherhood Crusade,brotherhoodcrusade,https://jobs.lever.co/brotherhoodcrusade
BTSE,BTSE,https://jobs.lever.co/BTSE
Buck Mason,buckmason,https://jobs.lever.co/buckmason
"Buckeye Corrugated, Inc.",bcipkg,https://jobs.lever.co/bcipkg
BuildingConnected,buildingconnected,https://jobs.lever.co/buildingconnected
Bumble Inc.,bumbleinc,https://jobs.lever.co/bumbleinc
BURGA,burga,https://jobs.lever.co/burga
Burro,Burro,https://jobs.lever.co/Burro
Busara Center for Behavioral Economics,BusaraCenter,https://jobs.lever.co/BusaraCenter
Business Wire,businesswire,https://jobs.lever.co/businesswire
ButcherBox,butcherbox,https://jobs.lever.co/butcherbox
Buy Box Experts,buyboxexperts,https://jobs.lever.co/buyboxexperts
C and L Inspection,candlinspection,https://jobs.lever.co/candlinspection
C12 Quantum Electronics,c12qe,https://jobs.lever.co/c12qe
Cabo Norte Professionals,cabonorte,https://jobs.lever.co/cabonorte
CAI,cagents,https://jobs.lever.co/cagents
Caliza,caliza-financial-technologies,https://jobs.lever.co/caliza-financial-technologies
Callan,callan,https://jobs.lever.co/callan
CALSTART,calstart,https://jobs.lever.co/calstart
Cambium Networks,cambiumnetworks,https://jobs.lever.co/cambiumnetworks
"CampusWorks, Inc.",campusworksinc,https://jobs.lever.co/campusworksinc
Canary Technologies Corp,canarytechnologies,https://jobs.lever.co/canarytechnologies
candidate.fyi,candidate,https://jobs.lever.co/candidate
Canopyservicing,canopyservicing,https://jobs.lever.co/canopyservicing
Canvas Forum,canvasforum,https://jobs.lever.co/canvasforum
Canvas Medical,canvasmedical,https://jobs.lever.co/canvasmedical
Canvas Worldwide,canvasww,https://jobs.lever.co/canvasww
Capital Markets Gateway,cmgx,https://jobs.lever.co/cmgx
Capital Solutions Group,capitalsolutionsgroup,https://jobs.lever.co/capitalsolutionsgroup
capital.com,capital,https://jobs.lever.co/capital
Capricor Therapeutics,capricor,https://jobs.lever.co/capricor
CaptivateIQ,captivateiq,https://jobs.lever.co/captivateiq
Carbon Health,carbonhealth,https://jobs.lever.co/carbonhealth
Cardiologs,cardiologs,https://jobs.lever.co/cardiologs
Cardiosense,cardiosense,https://jobs.lever.co/cardiosense
Carelinks ABA,carelinks-aba,https://jobs.lever.co/carelinks-aba
CareMessage,caremessage,https://jobs.lever.co/caremessage
Carewest Innovative Healthcare,carewest,https://jobs.lever.co/carewest
cargo-partner,cargo-partner,https://jobs.lever.co/cargo-partner
Carly Rian Group,carlyriangroup,https://jobs.lever.co/carlyriangroup
CarTrawler,cartrawler,https://jobs.lever.co/cartrawler
Caruso,carusoaffiliated,https://jobs.lever.co/carusoaffiliated
Cascade Climate,cascade-climate,https://jobs.lever.co/cascade-climate
Caseware,caseware,https://jobs.lever.co/caseware
Catalant,gocatalant,https://jobs.lever.co/gocatalant
Catalist,catalist,https://jobs.lever.co/catalist
Catalyze,catalyze,https://jobs.lever.co/catalyze
CBT Nuggets,cbtnuggets,https://jobs.lever.co/cbtnuggets
CDC Foundation,cdcfoundation,https://jobs.lever.co/cdcfoundation
Celara,celaralabs,https://jobs.lever.co/celaralabs
Celerion,celerion,https://jobs.lever.co/celerion
Celestia Labs,celestia,https://jobs.lever.co/celestia
Cellares,cellares,https://jobs.lever.co/cellares
Center for AI Safety,aisafety,https://jobs.lever.co/aisafety
Center For Humane Technology,humanetech,https://jobs.lever.co/humanetech
Centre for Strategic Infocomm Technologies,csit,https://jobs.lever.co/csit
Centrifuge,centrifuge,https://jobs.lever.co/centrifuge
Cents,cents,https://jobs.lever.co/cents
Centuria,centuria,https://jobs.lever.co/centuria
CertifID,certifid,https://jobs.lever.co/certifid
Certify,certifyos,https://jobs.lever.co/certifyos
CertiK,certik,https://jobs.lever.co/certik
CesiumAstro,CesiumAstro,https://jobs.lever.co/CesiumAstro
"CESO, Inc.",ceso,https://jobs.lever.co/ceso
CFGI,cfgi,https://jobs.lever.co/cfgi
Challenge Preparatory Charter School,challengecharterschools,https://jobs.lever.co/challengecharterschools
Chamber of Progress,ChamberofProgress,https://jobs.lever.co/ChamberofProgress
Channel Corp.,zoyi,https://jobs.lever.co/zoyi
ChannelApe,channelape,https://jobs.lever.co/channelape
Charcuterie Artisans,charcuterie,https://jobs.lever.co/charcuterie
Chargezoom,chargezoom,https://jobs.lever.co/chargezoom
charity: water,charitywater,https://jobs.lever.co/charitywater
Charm Industrial,charmindustrial,https://jobs.lever.co/charmindustrial
Charter Impact,charter-impact,https://jobs.lever.co/charter-impact
Cheerz,cheerz,https://jobs.lever.co/cheerz
ChefRobotics,ChefRobotics,https://jobs.lever.co/ChefRobotics
Cherre,cherre,https://jobs.lever.co/cherre
Chestnut Carbon,chestnutcarbon,https://jobs.lever.co/chestnutcarbon
Chinese American Service League,caslservice,https://jobs.lever.co/caslservice
Chooose,chooose,https://jobs.lever.co/chooose
Choose,choose,https://jobs.lever.co/choose
Chopra,chopra,https://jobs.lever.co/chopra
ChowNow,chownow,https://jobs.lever.co/chownow
Church at the Park,churchatthepark,https://jobs.lever.co/churchatthepark
CI&T,ciandt,https://jobs.lever.co/ciandt
CIC,cic,https://jobs.lever.co/cic
"CIM Group, LP",cimgroup,https://jobs.lever.co/cimgroup
Cin7,cin7,https://jobs.lever.co/cin7
Circadia Health,circadiahealth,https://jobs.lever.co/circadiahealth
Circle Care Services,circlecareservices,https://jobs.lever.co/circlecareservices
Circle Pharma,circlepharma,https://jobs.lever.co/circlepharma
Circuit,getcircuit,https://jobs.lever.co/getcircuit
Cirque du Soleil Entertainment Group,cirquedusoleil,https://jobs.lever.co/cirquedusoleil
CITCON USA LLC,citcon,https://jobs.lever.co/citcon
City IT,cef,https://jobs.lever.co/cef
Civitech,civitech,https://jobs.lever.co/civitech
Civitta,Civitta,https://jobs.lever.co/Civitta
Clari,clari,https://jobs.lever.co/clari
Clarify Health,clarifyhealth,https://jobs.lever.co/clarifyhealth
CleanSpark,cleanspark,https://jobs.lever.co/cleanspark
Clear Capital | CubiCasa | restb.ai,clearcapital,https://jobs.lever.co/clearcapital
ClearEdge,clearedge,https://jobs.lever.co/clearedge
Clearer.io,Clearer,https://jobs.lever.co/Clearer
ClearPoint,clearpoint,https://jobs.lever.co/clearpoint
Clerky,clerky,https://jobs.lever.co/clerky
Click Here to be Redirected to Planned Parenthood of Southwestern Oregon's New Career Center,ppsworegon,https://jobs.lever.co/ppsworegon
ClickTime,clicktime,https://jobs.lever.co/clicktime
Clinical Health Network For Transformation,ClinicalHealthNetworkForTransformation,https://jobs.lever.co/ClinicalHealthNetworkForTransformation
CLO Virtual Fashion,clovirtualfashion,https://jobs.lever.co/clovirtualfashion
Cloaked,cloaked-app,https://jobs.lever.co/cloaked-app
Cloudforce,go-cloudforce,https://jobs.lever.co/go-cloudforce
Cloudinary,cloudinary,https://jobs.lever.co/cloudinary
CloudWalk,cloudwalk,https://jobs.lever.co/cloudwalk
Clozd,Clozd,https://jobs.lever.co/Clozd
CNM LLP,cnmllp,https://jobs.lever.co/cnmllp
co:collective,cocollective,https://jobs.lever.co/cocollective
Coalfire,coalfire,https://jobs.lever.co/coalfire
Coates Group,coatesgroup,https://jobs.lever.co/coatesgroup
Cobaltrobotics,cobaltrobotics,https://jobs.lever.co/cobaltrobotics
Coda,Coda,https://jobs.lever.co/Coda
Coderio,coderio,https://jobs.lever.co/coderio
CoderPad,coderpad,https://jobs.lever.co/coderpad
Cofactr,Cofactr,https://jobs.lever.co/Cofactr
Cogent Talent Solutions,cogentanalytics,https://jobs.lever.co/cogentanalytics
Coin Market Cap Ltd,coinmarketcap,https://jobs.lever.co/coinmarketcap
CoinGecko,coingecko,https://jobs.lever.co/coingecko
Coins.ph,coins,https://jobs.lever.co/coins
Colibri Group,colibrigroup,https://jobs.lever.co/colibrigroup
Collabora,collabora,https://jobs.lever.co/collabora
Collaborative Strategies,getcollaborative,https://jobs.lever.co/getcollaborative
Collate,collate,https://jobs.lever.co/collate
Collectly,CollectlyInc,https://jobs.lever.co/CollectlyInc
Cologix,cologix,https://jobs.lever.co/cologix
Colorado Coalition for the Homeless,coloradocoalition,https://jobs.lever.co/coloradocoalition
Commencis,commencis,https://jobs.lever.co/commencis
Commerce Architects,commercearchitects,https://jobs.lever.co/commercearchitects
Common Cause,commoncause,https://jobs.lever.co/commoncause
Common Future,commonfuture,https://jobs.lever.co/commonfuture
CommonLit,commonlit,https://jobs.lever.co/commonlit
Commonwealth Fusion Systems,cfsenergy,https://jobs.lever.co/cfsenergy
Community Action House,communityactionhouse,https://jobs.lever.co/communityactionhouse
CommunityBoost,CommunityBoost,https://jobs.lever.co/CommunityBoost
Companial,companial,https://jobs.lever.co/companial
Compass Lexecon,compasslexecon,https://jobs.lever.co/compasslexecon
CompassX Group,compassx,https://jobs.lever.co/compassx
Complex,Complex,https://jobs.lever.co/Complex
Comply,comply,https://jobs.lever.co/comply
Component Repair Technologies,componentrepairtechnologies,https://jobs.lever.co/componentrepairtechnologies
CompStak,compstak,https://jobs.lever.co/compstak
Computer World Services,cwsc,https://jobs.lever.co/cwsc
ComputerCare,computercare,https://jobs.lever.co/computercare
Concurrency,concurrency,https://jobs.lever.co/concurrency
Conduit,conduit,https://jobs.lever.co/conduit
confluera,confluera,https://jobs.lever.co/confluera
Connext Network,connext-network,https://jobs.lever.co/connext-network
Constantinople,cxnpl,https://jobs.lever.co/cxnpl
Constellation Institute,constellation,https://jobs.lever.co/constellation
"Constellation Technologies, Inc",cti-md,https://jobs.lever.co/cti-md
"Contact Government Services, LLC",cgsfederal,https://jobs.lever.co/cgsfederal
ContactOut,ContactOut,https://jobs.lever.co/ContactOut
Contentsquare,contentsquare,https://jobs.lever.co/contentsquare
ControlUp,controlup,https://jobs.lever.co/controlup
Convelio,convelio,https://jobs.lever.co/convelio
Convergent Research,convergentresearch,https://jobs.lever.co/convergentresearch
ConverseNow.ai,ConverseNow,https://jobs.lever.co/ConverseNow
Conversica,conversica,https://jobs.lever.co/conversica
Coolbet,coolbet,https://jobs.lever.co/coolbet
Cooper for NC,roy-cooper,https://jobs.lever.co/roy-cooper
Copia Automation,copia,https://jobs.lever.co/copia
Copia Power,copiapower,https://jobs.lever.co/copiapower
"CopilotKit, Inc.",copilotkit,https://jobs.lever.co/copilotkit
Corbalt,corbalt,https://jobs.lever.co/corbalt
Cority,cority,https://jobs.lever.co/cority
"Coupa Software, Inc.",coupa,https://jobs.lever.co/coupa
CourtAvenue,court-avenue,https://jobs.lever.co/court-avenue
Cprime,cprime,https://jobs.lever.co/cprime
CPS,cps,https://jobs.lever.co/cps
Craftwater,craftwater,https://jobs.lever.co/craftwater
Creator Deck,creatordeck,https://jobs.lever.co/creatordeck
CRED,cred,https://jobs.lever.co/cred
Crescent Biopharma,crescent-biopharma,https://jobs.lever.co/crescent-biopharma
Crest Industries,crestoperations,https://jobs.lever.co/crestoperations
CrossCountry Consulting,crosscountry-consulting,https://jobs.lever.co/crosscountry-consulting
"CrossFit, LLC",crossfit,https://jobs.lever.co/crossfit
Crossing Minds Recruiting,crossing-minds,https://jobs.lever.co/crossing-minds
Crosslake Technologies LLC,crosslaketech,https://jobs.lever.co/crosslaketech
CrowdGen by Appen,appen,https://jobs.lever.co/appen
CrowdRiff,crowdriff,https://jobs.lever.co/crowdriff
Crumbl,crumbl,https://jobs.lever.co/crumbl
CruxOCM,cruxocm,https://jobs.lever.co/cruxocm
Cryptic Studios,crypticstudios,https://jobs.lever.co/crypticstudios
Crypto.com,crypto,https://jobs.lever.co/crypto
Crytek,crytek,https://jobs.lever.co/crytek
CSC Generation,cscgeneration-2,https://jobs.lever.co/cscgeneration-2
Cubegroup,cubegroup,https://jobs.lever.co/cubegroup
Culdesac,culdesac,https://jobs.lever.co/culdesac
Culligan Quench,quenchwater,https://jobs.lever.co/quenchwater
Culture Kings,culturekings,https://jobs.lever.co/culturekings
Cuningham,cuningham,https://jobs.lever.co/cuningham
Cura,cura,https://jobs.lever.co/cura
Curai,curai,https://jobs.lever.co/curai
Curio Research,curio.gg,https://jobs.lever.co/curio.gg
Curri,curri,https://jobs.lever.co/curri
"CVRx, Inc.",CVRx,https://jobs.lever.co/CVRx
CX2,cx2,https://jobs.lever.co/cx2
CXT Software,cxtsoftware,https://jobs.lever.co/cxtsoftware
Cyara,cyara,https://jobs.lever.co/cyara
CyberOne Security,cyberonesecurity,https://jobs.lever.co/cyberonesecurity
Cyderes,cyderes,https://jobs.lever.co/cyderes
Cye,CYE,https://jobs.lever.co/CYE
Cygnal,cygn,https://jobs.lever.co/cygn
Cyngn,cyngn,https://jobs.lever.co/cyngn
D&M Auto Leasing,dmautoleasing,https://jobs.lever.co/dmautoleasing
D-Fend Solutions,d-fendsolutions,https://jobs.lever.co/d-fendsolutions
D.A. Davidson,dadavidson,https://jobs.lever.co/dadavidson
"DABS, Inc.",dabsinc,https://jobs.lever.co/dabsinc
Daily Wire,dailywire,https://jobs.lever.co/dailywire
Daniels Health,daniels-sharpsmart,https://jobs.lever.co/daniels-sharpsmart
Danti,danti.ai,https://jobs.lever.co/danti.ai
Daos hub,daos-hub,https://jobs.lever.co/daos-hub
Datalab USA,datalabusa,https://jobs.lever.co/datalabusa
Dataroid,dataroid,https://jobs.lever.co/dataroid
David&Goliath,dng,https://jobs.lever.co/dng
DearDoc,getdeardoc,https://jobs.lever.co/getdeardoc
Decile Group,decilegroup,https://jobs.lever.co/decilegroup
Deep Genomics,deepgenomics,https://jobs.lever.co/deepgenomics
Deep Sky,deepsky,https://jobs.lever.co/deepsky
DeleteMe,deleteme,https://jobs.lever.co/deleteme
"DELFI Diagnostics, Inc.",delfidiagnostics,https://jobs.lever.co/delfidiagnostics
Deliverect,deliverect,https://jobs.lever.co/deliverect
Delta Airport Consultants,deltaairportconsultants,https://jobs.lever.co/deltaairportconsultants
Delta Dental of Kansas,delta-dental-of-kansas,https://jobs.lever.co/delta-dental-of-kansas
Delta Solutions & Strategies,deltasands,https://jobs.lever.co/deltasands
Demiurge Studios,demiurgestudios,https://jobs.lever.co/demiurgestudios
Democratic Governors Association,dga,https://jobs.lever.co/dga
Dempsey Uniform & Linen Supply,dempseyuniform-2,https://jobs.lever.co/dempseyuniform-2
Deputy,deputy,https://jobs.lever.co/deputy
dermalogica,dermalogica,https://jobs.lever.co/dermalogica
Desafío Latam,desafiolatam,https://jobs.lever.co/desafiolatam
Design Solutions & Integration,dsi,https://jobs.lever.co/dsi
Designetics,designetics,https://jobs.lever.co/designetics
Despegar,despegar,https://jobs.lever.co/despegar
Destination Careers,destinationknot,https://jobs.lever.co/destinationknot
DEUNA,deuna,https://jobs.lever.co/deuna
DevCycle,devcycle,https://jobs.lever.co/devcycle
Developers,developers,https://jobs.lever.co/developers
DexCare,dexcarehealth,https://jobs.lever.co/dexcarehealth
Dexterity,dexterity,https://jobs.lever.co/dexterity
DIALOG,dialogdesign,https://jobs.lever.co/dialogdesign
Diamond Foundry,diamondfoundry,https://jobs.lever.co/diamondfoundry
Didomi,didomi,https://jobs.lever.co/didomi
Digital Matter,digital-matter,https://jobs.lever.co/digital-matter
Digital Media Management,digitalmediamanagement,https://jobs.lever.co/digitalmediamanagement
"DigitalFish, Inc",digitalfish,https://jobs.lever.co/digitalfish
Dijital Team,dijital-team-pty-ltd,https://jobs.lever.co/dijital-team-pty-ltd
DiliTrust,dilitrust,https://jobs.lever.co/dilitrust
Dimension,getdimension,https://jobs.lever.co/getdimension
Dioxycle,Dioxycle,https://jobs.lever.co/Dioxycle
DISHER,disher,https://jobs.lever.co/disher
Disney+ Hotstar,hotstar,https://jobs.lever.co/hotstar
DISQO,disqo,https://jobs.lever.co/disqo
Distro,distro,https://jobs.lever.co/distro
Distru,distru,https://jobs.lever.co/distru
Diversified Automation,diversified-automation,https://jobs.lever.co/diversified-automation
Diversified Radiology,DiversifiedRadiology,https://jobs.lever.co/DiversifiedRadiology
dLocal,dlocal,https://jobs.lever.co/dlocal
DN LLC,dnllc,https://jobs.lever.co/dnllc
DNAM Brands,silhouette,https://jobs.lever.co/silhouette
Docebo,docebo,https://jobs.lever.co/docebo
Docsumo,docsumo,https://jobs.lever.co/docsumo
Doctrine,doctrine,https://jobs.lever.co/doctrine
Dolls Kill,dollskill,https://jobs.lever.co/dollskill
Donor Network West,dnwest,https://jobs.lever.co/dnwest
doola,doola,https://jobs.lever.co/doola
Doonails,doonails,https://jobs.lever.co/doonails
Doran Jones Inc.,doranjones,https://jobs.lever.co/doranjones
DoubleDown Interactive,doubledown,https://jobs.lever.co/doubledown
Doxel,doxel,https://jobs.lever.co/doxel
Dozee,dozee,https://jobs.lever.co/dozee
Draslovka,draslovka,https://jobs.lever.co/draslovka
DREAM,wearedream,https://jobs.lever.co/wearedream
Dream Games,dreamgames,https://jobs.lever.co/dreamgames
Dreamgolf,dreamgolf,https://jobs.lever.co/dreamgolf
Drivemode,drivemode,https://jobs.lever.co/drivemode
Drivetrain,drivetrain,https://jobs.lever.co/drivetrain
DroneDeploy,dronedeploy,https://jobs.lever.co/dronedeploy
Duetti,duetti,https://jobs.lever.co/duetti
Duffel,duffel,https://jobs.lever.co/duffel
Dulcedo Management,dulcedo,https://jobs.lever.co/dulcedo
Dun & Bradstreet,dnb,https://jobs.lever.co/dnb
Durin,durin,https://jobs.lever.co/durin
Dutch,dutch,https://jobs.lever.co/dutch
Dwolla,dwolla,https://jobs.lever.co/dwolla
Dynamic Catholic,dynamiccatholic,https://jobs.lever.co/dynamiccatholic
Dzen,dzen,https://jobs.lever.co/dzen
E-Space,espace,https://jobs.lever.co/espace
e.l.f. Beauty,elfbeauty,https://jobs.lever.co/elfbeauty
Earth Species Project,earthspecies,https://jobs.lever.co/earthspecies
Eastern Communications,eastern-communications,https://jobs.lever.co/eastern-communications
Easy Agile,easyagile,https://jobs.lever.co/easyagile
Easy Street Capital,easystreetcap,https://jobs.lever.co/easystreetcap
Easybrain,easybrain,https://jobs.lever.co/easybrain
EasyPost,easypost-2,https://jobs.lever.co/easypost-2
ECL,ecldc,https://jobs.lever.co/ecldc
econstruct,econstruct,https://jobs.lever.co/econstruct
Ecosystem,ecosystem,https://jobs.lever.co/ecosystem
Edera,edera,https://jobs.lever.co/edera
Edge OFS,edgeofs,https://jobs.lever.co/edgeofs
Editorialist,editorialist,https://jobs.lever.co/editorialist
Edpuzzle,edpuzzle,https://jobs.lever.co/edpuzzle
EDR,edr,https://jobs.lever.co/edr
Education Services LLC,education-services,https://jobs.lever.co/education-services
Educative Inc,educative,https://jobs.lever.co/educative
EFY,efinti,https://jobs.lever.co/efinti
Egen,egen,https://jobs.lever.co/egen
eGenesis,egenesisbio,https://jobs.lever.co/egenesisbio
Ekimetrics,ekimetrics,https://jobs.lever.co/ekimetrics
Eko,ekohealth,https://jobs.lever.co/ekohealth
Electric Mind,electricmind,https://jobs.lever.co/electricmind
Electrified Thermal,ElectrifiedThermalSolutions,https://jobs.lever.co/ElectrifiedThermalSolutions
Eleks,eleks,https://jobs.lever.co/eleks
Element Solutions,elementsolutions,https://jobs.lever.co/elementsolutions
Eliyan,eliyan,https://jobs.lever.co/eliyan
Elk Valley Resources,evr,https://jobs.lever.co/evr
Ellevation,ellevationeducation,https://jobs.lever.co/ellevationeducation
Elroy Air,elroyair,https://jobs.lever.co/elroyair
Elty,elty,https://jobs.lever.co/elty
Emburse,emburse,https://jobs.lever.co/emburse
Emerson Collective,emersoncollective,https://jobs.lever.co/emersoncollective
Emerson Human Capital Consulting,emersonhc,https://jobs.lever.co/emersonhc
Emesent,Emesent,https://jobs.lever.co/Emesent
Emi Labs,emilabs,https://jobs.lever.co/emilabs
EMILYs List,emilyslist,https://jobs.lever.co/emilyslist
Emma – The Sleep Company,emma-sleep,https://jobs.lever.co/emma-sleep
Empassion,empassion.com,https://jobs.lever.co/empassion.com
Empire State Realty Trust,esrtreit,https://jobs.lever.co/esrtreit
Empirico,empiricotx,https://jobs.lever.co/empiricotx
Employ,employ,https://jobs.lever.co/employ
Empowerly,empowerly,https://jobs.lever.co/empowerly
Enable,enable,https://jobs.lever.co/enable
EnableComp,enablecomp,https://jobs.lever.co/enablecomp
Enara Health,EnaraHealth,https://jobs.lever.co/EnaraHealth
Encord,CordTechnologies,https://jobs.lever.co/CordTechnologies
Encore Renewable Energy,encore-renewable-energy,https://jobs.lever.co/encore-renewable-energy
Endpoint Clinical,endpointclinical,https://jobs.lever.co/endpointclinical
ENDVR,companyon,https://jobs.lever.co/companyon
Energetic,energeticcapital,https://jobs.lever.co/energeticcapital
Energy and Environmental Economics,ethree,https://jobs.lever.co/ethree
Energy Recovery,energyrecovery,https://jobs.lever.co/energyrecovery
Energy Vault,EnergyVault,https://jobs.lever.co/EnergyVault
Enforce Consulting,enforceconsulting,https://jobs.lever.co/enforceconsulting
EnGen,voxy-engen,https://jobs.lever.co/voxy-engen
Engine Ventures,engine-ventures,https://jobs.lever.co/engine-ventures
Enhanced Games,enhanced-us,https://jobs.lever.co/enhanced-us
Enigma Aerospace,crgo,https://jobs.lever.co/crgo
Entefy,entefy,https://jobs.lever.co/entefy
Enter,enter-rcm-llc,https://jobs.lever.co/enter-rcm-llc
Entrata,entrata,https://jobs.lever.co/entrata
Envato,envato-2,https://jobs.lever.co/envato-2
Enveda,enveda,https://jobs.lever.co/enveda
envelio,envelio,https://jobs.lever.co/envelio
Epoch AI,epoch-ai,https://jobs.lever.co/epoch-ai
Epsilon3,epsilon3,https://jobs.lever.co/epsilon3
EQ Bank | Canada's Challenger Bank,eqbank,https://jobs.lever.co/eqbank
Equativ,equativ,https://jobs.lever.co/equativ
Equity Prime Mortgage,epm,https://jobs.lever.co/epm
Er-Meds,er-meds,https://jobs.lever.co/er-meds
ERG,erg,https://jobs.lever.co/erg
Esalen Institute,esalen,https://jobs.lever.co/esalen
Esper,esper,https://jobs.lever.co/esper
Espresso,Espresso,https://jobs.lever.co/Espresso
Eternal,eternal,https://jobs.lever.co/eternal
Ethena,ethena,https://jobs.lever.co/ethena
Ethena Labs,ethenalabs,https://jobs.lever.co/ethenalabs
EV Realty,evrealty-us,https://jobs.lever.co/evrealty-us
Eve,Eve,https://jobs.lever.co/Eve
Everbridge,everbridge,https://jobs.lever.co/everbridge
Evergreen Strategy Group,evergreenstrategygroup,https://jobs.lever.co/evergreenstrategygroup
Everlywell,everlywell,https://jobs.lever.co/everlywell
Evident ID,evidentid,https://jobs.lever.co/evidentid
Exowatt,exowatt,https://jobs.lever.co/exowatt
EXPANSIA,talentwerx.io,https://jobs.lever.co/talentwerx.io
Exploding Kittens,explodingkittens,https://jobs.lever.co/explodingkittens
Extreme Networks,extremenetworks,https://jobs.lever.co/extremenetworks
Eyeline,Eyeline,https://jobs.lever.co/Eyeline
ezCater,ezcater,https://jobs.lever.co/ezcater
Faber Work,fabertechnologies,https://jobs.lever.co/fabertechnologies
Factor,factor,https://jobs.lever.co/factor
Fair Trade Real Estate,FairTradeRealEstate,https://jobs.lever.co/FairTradeRealEstate
Fairmat,Fairmat,https://jobs.lever.co/Fairmat
Falcon.io,falcon,https://jobs.lever.co/falcon
Fam,fampay,https://jobs.lever.co/fampay
Fanatee,fanatee,https://jobs.lever.co/fanatee
Fantasy,fantasy,https://jobs.lever.co/fantasy
Farcast,Farcast,https://jobs.lever.co/Farcast
Farfetch,farfetch,https://jobs.lever.co/farfetch
"Fate Therapeutics, Inc.",fatetherapeutics,https://jobs.lever.co/fatetherapeutics
Favor,askfavor,https://jobs.lever.co/askfavor
Fehr & Peers,fehrandpeers,https://jobs.lever.co/fehrandpeers
Feld Entertainment,feldinc,https://jobs.lever.co/feldinc
Felix Construction,felix-construction,https://jobs.lever.co/felix-construction
Female Founders Fund,femalefounders-fund,https://jobs.lever.co/femalefounders-fund
Fenway Sports Management,fenwaysports,https://jobs.lever.co/fenwaysports
Fetch,fetchpackage,https://jobs.lever.co/fetchpackage
FEVO,fevo,https://jobs.lever.co/fevo
Fi,fi,https://jobs.lever.co/fi
Field Fastener,fieldfastener,https://jobs.lever.co/fieldfastener
Field Nation,fieldnation,https://jobs.lever.co/fieldnation
FieldAI,field-ai,https://jobs.lever.co/field-ai
Fig,figfinancial,https://jobs.lever.co/figfinancial
Filevine,filevine,https://jobs.lever.co/filevine
Finch,finch,https://jobs.lever.co/finch
Find,find,https://jobs.lever.co/find
Findem,findem,https://jobs.lever.co/findem
"Findhelp, A Public Benefit Corporation",findhelp,https://jobs.lever.co/findhelp
Findigs,findigs,https://jobs.lever.co/findigs
Finix,finix,https://jobs.lever.co/finix
FINN,finn,https://jobs.lever.co/finn
FinQuery,finquery,https://jobs.lever.co/finquery
Fintual,fintual,https://jobs.lever.co/fintual
Firefly,fireflyon,https://jobs.lever.co/fireflyon
FireMon,firemon,https://jobs.lever.co/firemon
Firework,fireworkhq,https://jobs.lever.co/fireworkhq
First American,firstam,https://jobs.lever.co/firstam
Firstup,firstup,https://jobs.lever.co/firstup
FiscalNote,fiscalnote,https://jobs.lever.co/fiscalnote
Fitbod,fitbod,https://jobs.lever.co/fitbod
Fitify,FitifyWorkouts,https://jobs.lever.co/FitifyWorkouts
FitzMark,fitzmark,https://jobs.lever.co/fitzmark
Five Star Solutions,getfivestar,https://jobs.lever.co/getfivestar
Fix Group Management,FixGroup,https://jobs.lever.co/FixGroup
Fixins Soul Kitchen,fixinssoulkitchen,https://jobs.lever.co/fixinssoulkitchen
Flare,flare,https://jobs.lever.co/flare
Flare Therapeutics,FlareTherapeutics,https://jobs.lever.co/FlareTherapeutics
Flash,flashapp,https://jobs.lever.co/flashapp
Flat.mx,Flat.mx,https://jobs.lever.co/Flat.mx
Flex,Flex,https://jobs.lever.co/Flex
Fliff,Fliff,https://jobs.lever.co/Fliff
FloQast,floqast,https://jobs.lever.co/floqast
Florence Health,florence,https://jobs.lever.co/florence
Florida Democratic Party,floridadems,https://jobs.lever.co/floridadems
Flow,flowlife,https://jobs.lever.co/flowlife
Flux Mobility,flux-mobility,https://jobs.lever.co/flux-mobility
Fluxergy,fluxergy-2,https://jobs.lever.co/fluxergy-2
Flynn Group of Companies,flynncompanies,https://jobs.lever.co/flynncompanies
Flytographer,Flytographer,https://jobs.lever.co/Flytographer
Fond,fond,https://jobs.lever.co/fond
Foodsmart,foodsmart,https://jobs.lever.co/foodsmart
Foodstuffs North Island,foodstuffs,https://jobs.lever.co/foodstuffs
For Our Future Action Fund,forourfuturefund,https://jobs.lever.co/forourfuturefund
Forbright Bank,forbrightbank,https://jobs.lever.co/forbrightbank
FORM,form,https://jobs.lever.co/form
Formal,joinformal,https://jobs.lever.co/joinformal
Forterra,forterra,https://jobs.lever.co/forterra
Fortress Financial Technologies,fortress,https://jobs.lever.co/fortress
Forvis Mazars,mazars,https://jobs.lever.co/mazars
Foth,foth,https://jobs.lever.co/foth
Foundation EGI,foundation-llm-technologies,https://jobs.lever.co/foundation-llm-technologies
FoundersCard,founderscard,https://jobs.lever.co/founderscard
Foxen Administration,foxen,https://jobs.lever.co/foxen
Foxit,foxitsoftware,https://jobs.lever.co/foxitsoftware
FreeBalance,freebalance.com,https://jobs.lever.co/freebalance.com
Freedom Power,freedomsolarpower,https://jobs.lever.co/freedomsolarpower
Freedom Preparatory Academy Charter Schools,freedomprep,https://jobs.lever.co/freedomprep
FreedomPay,freedompay,https://jobs.lever.co/freedompay
Freeosk,thefreeosk,https://jobs.lever.co/thefreeosk
freiheit.com technologies,freiheit-2,https://jobs.lever.co/freiheit-2
Fresha,fresha,https://jobs.lever.co/fresha
Freshworks,freshworks,https://jobs.lever.co/freshworks
Frontify,frontify,https://jobs.lever.co/frontify
FRONTSTEPS,frontsteps,https://jobs.lever.co/frontsteps
Fuel Labs,fuellabs,https://jobs.lever.co/fuellabs
Fulcrum,fulcrumpro,https://jobs.lever.co/fulcrumpro
Full Spectrum,fullspectrumsoftware,https://jobs.lever.co/fullspectrumsoftware
Fullscript,fullscript,https://jobs.lever.co/fullscript
fun.xyz,funxyz,https://jobs.lever.co/funxyz
Fundrise,fundrise,https://jobs.lever.co/fundrise
Future Motion,rideonewheel,https://jobs.lever.co/rideonewheel
Future Now,futurenow,https://jobs.lever.co/futurenow
Future of Life Organizations,futureof-life,https://jobs.lever.co/futureof-life
Future Processing,fp,https://jobs.lever.co/fp
"FWG Solutions, Inc.",fwgsolutions,https://jobs.lever.co/fwgsolutions
Galatea Associates,galatea-associates,https://jobs.lever.co/galatea-associates
"Galatea Bio, Inc.",galatea,https://jobs.lever.co/galatea
GALE,galepartners,https://jobs.lever.co/galepartners
Galvanick,galvanick,https://jobs.lever.co/galvanick
Gamma,gamma,https://jobs.lever.co/gamma
Gantri,Gantri,https://jobs.lever.co/Gantri
Gate,gate,https://jobs.lever.co/gate
Gator Bio,gatorbio,https://jobs.lever.co/gatorbio
Gauntlet,gauntlet,https://jobs.lever.co/gauntlet
Gauss Labs,gausslabs,https://jobs.lever.co/gausslabs
Gearset,gearset,https://jobs.lever.co/gearset
GenBio AI,genbio,https://jobs.lever.co/genbio
GeneFab,genefab,https://jobs.lever.co/genefab
Genesis AI,genesis-ai,https://jobs.lever.co/genesis-ai
Genesis Global,genesis,https://jobs.lever.co/genesis
GeoComply,geocomply-2,https://jobs.lever.co/geocomply-2
GESS,gess,https://jobs.lever.co/gess
Getlabs,getlabs,https://jobs.lever.co/getlabs
Getty Images,gettyimages,https://jobs.lever.co/gettyimages
Ghirardelli,nxtthingrpo,https://jobs.lever.co/nxtthingrpo
GHJ,ghj,https://jobs.lever.co/ghj
ghSMART,ghsmartjobs,https://jobs.lever.co/ghsmartjobs
Girls Who Code,girlswhocode,https://jobs.lever.co/girlswhocode
GiveWell,givewell,https://jobs.lever.co/givewell
Giving Home Health Care,givinghhc,https://jobs.lever.co/givinghhc
Glacier Fish,glacierfish,https://jobs.lever.co/glacierfish
Glass Health Inc.,glass-health-inc,https://jobs.lever.co/glass-health-inc
GLIDE,glide,https://jobs.lever.co/glide
Global Certification & Verification Group,global-cxm,https://jobs.lever.co/global-cxm
Global Elite Empire Consultants,globalelitecareers,https://jobs.lever.co/globalelitecareers
Global Lending Services,glsllc,https://jobs.lever.co/glsllc
Global Strategy Group,globalstrategygroup,https://jobs.lever.co/globalstrategygroup
Glow,glow.co,https://jobs.lever.co/glow.co
Glue,gluegroups,https://jobs.lever.co/gluegroups
GMO,gmo,https://jobs.lever.co/gmo
Go RH,gorh,https://jobs.lever.co/gorh
Goalbook,goalbookapp-2,https://jobs.lever.co/goalbookapp-2
Gobrightside,gobrightside,https://jobs.lever.co/gobrightside
goFluent,gofluent,https://jobs.lever.co/gofluent
Gogolook,Gogolook,https://jobs.lever.co/Gogolook
Gojob,gojob,https://jobs.lever.co/gojob
GoMaterials,gomaterials,https://jobs.lever.co/gomaterials
GoNetspeed,gonetspeed,https://jobs.lever.co/gonetspeed
Good American,goodamerican,https://jobs.lever.co/goodamerican
Good Eggs,goodeggs,https://jobs.lever.co/goodeggs
GoodLeap,goodleap,https://jobs.lever.co/goodleap
Gopuff,gopuff,https://jobs.lever.co/gopuff
Gordian Biotechnology,gordian-bio,https://jobs.lever.co/gordian-bio
GoTo Group,GoToGroup,https://jobs.lever.co/GoToGroup
GPDQ,gpdq,https://jobs.lever.co/gpdq
GR0,gr0,https://jobs.lever.co/gr0
GRADION,gradion,https://jobs.lever.co/gradion
GRAIL,grailbio,https://jobs.lever.co/grailbio
Grand Games,grand,https://jobs.lever.co/grand
Grant Street Group,grantstreet,https://jobs.lever.co/grantstreet
Gravie,gravie,https://jobs.lever.co/gravie
Gravis Robotics,gravisrobotics,https://jobs.lever.co/gravisrobotics
Graviticsspace,graviticsspace,https://jobs.lever.co/graviticsspace
"Graylog, Inc",graylog,https://jobs.lever.co/graylog
Grayscale,grayscale,https://jobs.lever.co/grayscale
Great Gray,great-gray-group,https://jobs.lever.co/great-gray-group
Greenlight Financial Technology,greenlight,https://jobs.lever.co/greenlight
Grid,Grid,https://jobs.lever.co/Grid
Gridline,gridline,https://jobs.lever.co/gridline
Gridmatic,gridmatic,https://jobs.lever.co/gridmatic
Gridware,gridware,https://jobs.lever.co/gridware
Grizzly,grizzly.co,https://jobs.lever.co/grizzly.co
Guardsquare,guardsquare,https://jobs.lever.co/guardsquare
GuideStar Eldercare,guidestareldercare,https://jobs.lever.co/guidestareldercare
Gurobi Optimization,GurobiOptimization,https://jobs.lever.co/GurobiOptimization
Gursey,gursey,https://jobs.lever.co/gursey
Gushwork,gushwork,https://jobs.lever.co/gushwork
Gynger,gynger,https://jobs.lever.co/gynger
H1,h1,https://jobs.lever.co/h1
H2 Event Group,h2eventgroup,https://jobs.lever.co/h2eventgroup
Handoff,handoff,https://jobs.lever.co/handoff
Hanna Andersson,hannaandersson,https://jobs.lever.co/hannaandersson
HAP Capital,hap-capital,https://jobs.lever.co/hap-capital
Happy Health,happy-sleep,https://jobs.lever.co/happy-sleep
HappyCo,happyco,https://jobs.lever.co/happyco
Harlem Childrens Zone,harlem-childrens-zone,https://jobs.lever.co/harlem-childrens-zone
Harmonic Design,harmonicdesign,https://jobs.lever.co/harmonicdesign
Harmony,harmony,https://jobs.lever.co/harmony
Harrison Street,harrisonst,https://jobs.lever.co/harrisonst
"Hartizen Homes, LLC",hartizenhomes,https://jobs.lever.co/hartizenhomes
HASI,hasi,https://jobs.lever.co/hasi
Hatch IT,hatchit,https://jobs.lever.co/hatchit
Havenpark Communities,havenparkcommunities,https://jobs.lever.co/havenparkcommunities
HavenPoint Health,havenpoint-health,https://jobs.lever.co/havenpoint-health
Hawaiian Host Group,hawaiianhost,https://jobs.lever.co/hawaiianhost
Hawthorne Health,hawthorne-health,https://jobs.lever.co/hawthorne-health
Hayes Locums,hayeslocums,https://jobs.lever.co/hayeslocums
HCVT,hcvt,https://jobs.lever.co/hcvt
HDVI,HDVI,https://jobs.lever.co/HDVI
Head-Royce School,headroyce,https://jobs.lever.co/headroyce
Headlight,headlight.health,https://jobs.lever.co/headlight.health
"Health Services Advisory Group, Inc.",hsag,https://jobs.lever.co/hsag
HealthCare,healthcare,https://jobs.lever.co/healthcare
Healthmark Group Trial,healthmark-group,https://jobs.lever.co/healthmark-group
Healx,healx,https://jobs.lever.co/healx
Heard,heard,https://jobs.lever.co/heard
Heartbeat Health,heartbeathealth,https://jobs.lever.co/heartbeathealth
Heartworks Early Education,heartworksvt,https://jobs.lever.co/heartworksvt
Heetch,heetch,https://jobs.lever.co/heetch
Hello Nanny!®,hellonanny,https://jobs.lever.co/hellonanny
Hellotickets,hellotickets,https://jobs.lever.co/hellotickets
Hermeus,hermeus,https://jobs.lever.co/hermeus
Hero Cosmetics,herocosmetics,https://jobs.lever.co/herocosmetics
HEVO,hevo,https://jobs.lever.co/hevo
Hevo Data,hevodata,https://jobs.lever.co/hevodata
Hexa,hexa,https://jobs.lever.co/hexa
Hexagon US Federal,hexagonusfederal,https://jobs.lever.co/hexagonusfederal
Hey Jane,heyjane,https://jobs.lever.co/heyjane
Hgen,hgen,https://jobs.lever.co/hgen
HHAeXchange,hhaexchange,https://jobs.lever.co/hhaexchange
High Tech High,hightechhigh,https://jobs.lever.co/hightechhigh
Highbar Physical Therapy,highbarhealth,https://jobs.lever.co/highbarhealth
Highland Electric Fleets,highlandfleets-2,https://jobs.lever.co/highlandfleets-2
HighLevel,gohighlevel,https://jobs.lever.co/gohighlevel
Highlight,Highlight,https://jobs.lever.co/Highlight
Highspot,highspot,https://jobs.lever.co/highspot
Highstreet,highstreetit,https://jobs.lever.co/highstreetit
HiHello,hihello,https://jobs.lever.co/hihello
"Hiller Plumbing, Heating, Cooling & Electrical",happyhiller,https://jobs.lever.co/happyhiller
Hint Health,hint,https://jobs.lever.co/hint
Hiring Our Heroes,hiringourheroes,https://jobs.lever.co/hiringourheroes
Hive,hive,https://jobs.lever.co/hive
Hively,Hively,https://jobs.lever.co/Hively
Hivemapper,Hivemapper,https://jobs.lever.co/Hivemapper
Hivemind Capital Partners,hivemind-capital,https://jobs.lever.co/hivemind-capital
HMBL,hmbl-tech,https://jobs.lever.co/hmbl-tech
Holloway,holloway,https://jobs.lever.co/holloway
HONK,honkforhelp,https://jobs.lever.co/honkforhelp
Hop,hophr,https://jobs.lever.co/hophr
Hope Services,hopeservices,https://jobs.lever.co/hopeservices
Hopelab,hopelab,https://jobs.lever.co/hopelab
Horizon Blue ABA,horizon-blue-aba,https://jobs.lever.co/horizon-blue-aba
Horizon Industries Ltd.,hil,https://jobs.lever.co/hil
Horizon Robotics,horizon,https://jobs.lever.co/horizon
Hosco,hosco,https://jobs.lever.co/hosco
Hot Topic & BoxLunch,hottopic,https://jobs.lever.co/hottopic
House Majority PAC,thehousemajoritypac,https://jobs.lever.co/thehousemajoritypac
Houzz,houzz,https://jobs.lever.co/houzz
HowGood,HowGood,https://jobs.lever.co/HowGood
HRL Laboratories,dodmg,https://jobs.lever.co/dodmg
HSO,hso,https://jobs.lever.co/hso
Huckleberry Labs,Huckleberrylabs,https://jobs.lever.co/Huckleberrylabs
Humaans,humaans,https://jobs.lever.co/humaans
Humata,humata,https://jobs.lever.co/humata
Humble Robotics,humble-robotics,https://jobs.lever.co/humble-robotics
Hunger Free America,hungerfreeamerica,https://jobs.lever.co/hungerfreeamerica
HUSH,hush,https://jobs.lever.co/hush
"Hydrow, Inc.",Hydrow,https://jobs.lever.co/Hydrow
Hypebeast,hypebeast,https://jobs.lever.co/hypebeast
Hypersonica,hypersonica-prod,https://jobs.lever.co/hypersonica-prod
iCodde,iCodde,https://jobs.lever.co/iCodde
Idealist Consulting,idealistconsulting,https://jobs.lever.co/idealistconsulting
Ideas United,ideasunited,https://jobs.lever.co/ideasunited
IDMWORKS,idmworks,https://jobs.lever.co/idmworks
IDT,idt,https://jobs.lever.co/idt
ilek,ilek.fr,https://jobs.lever.co/ilek.fr
Illumination,illumination,https://jobs.lever.co/illumination
ImageX,imagexmedia,https://jobs.lever.co/imagexmedia
Imbue,imbue,https://jobs.lever.co/imbue
iMentor,imentor,https://jobs.lever.co/imentor
Immiland Canada Inc.,immiland-canada-inc,https://jobs.lever.co/immiland-canada-inc
Immuta,immuta,https://jobs.lever.co/immuta
Immutable,immutable,https://jobs.lever.co/immutable
IMO Health,imo-online,https://jobs.lever.co/imo-online
Impossible Cloud,impossiblecloud,https://jobs.lever.co/impossiblecloud
In Compass Health,incompasshealth,https://jobs.lever.co/incompasshealth
Included Health,includedhealth,https://jobs.lever.co/includedhealth
Incorta,incorta,https://jobs.lever.co/incorta
Indebted,indebted,https://jobs.lever.co/indebted
Index Ventures,indexventures,https://jobs.lever.co/indexventures
Inductive Automation,inductiveautomation,https://jobs.lever.co/inductiveautomation
InductiveHealth,inductivehealth,https://jobs.lever.co/inductivehealth
INFINIT,infinit,https://jobs.lever.co/infinit
Infinite pl,infinitepl,https://jobs.lever.co/infinitepl
INflow Federal,inflowfed,https://jobs.lever.co/inflowfed
Influ2,influ2,https://jobs.lever.co/influ2
Influur,influur,https://jobs.lever.co/influur
Infobase,infobase,https://jobs.lever.co/infobase
InfraServices,infraservices,https://jobs.lever.co/infraservices
InfStones,infstones,https://jobs.lever.co/infstones
Inkitt,inkitt,https://jobs.lever.co/inkitt
InnoCraft,innocraft,https://jobs.lever.co/innocraft
Innodata,innodata,https://jobs.lever.co/innodata
Innophos,innophos,https://jobs.lever.co/innophos
Innovative Solutions,innovativesol-2,https://jobs.lever.co/innovativesol-2
Inpay,inpay-2,https://jobs.lever.co/inpay-2
Insider One,insiderone,https://jobs.lever.co/insiderone
Insify,insify,https://jobs.lever.co/insify
Insight M,InsightM,https://jobs.lever.co/InsightM
Insomnia Cookies,insomniacookies,https://jobs.lever.co/insomniacookies
Insomniac Design,insomniacdesign,https://jobs.lever.co/insomniacdesign
Institute for Public Health Innovation,IPHI,https://jobs.lever.co/IPHI
Institute of Foundation Models,ifm-us,https://jobs.lever.co/ifm-us
Instrument,instrument,https://jobs.lever.co/instrument
Instrumentl,Instrumentl,https://jobs.lever.co/Instrumentl
Integra Beauty,integrabeauty,https://jobs.lever.co/integrabeauty
Integrate,integrate,https://jobs.lever.co/integrate
Integrators services a.s.,integrators.cz,https://jobs.lever.co/integrators.cz
intenseye,intenseye,https://jobs.lever.co/intenseye
Interior Marketing Group,InteriorMarketingGroup,https://jobs.lever.co/InteriorMarketingGroup
Intersect,intersect,https://jobs.lever.co/intersect
IntraFi,intrafi,https://jobs.lever.co/intrafi
Intrepid College Prep Schools,intrepidcollegeprep,https://jobs.lever.co/intrepidcollegeprep
Intropic,intropic,https://jobs.lever.co/intropic
InvestorFlow,investorflow,https://jobs.lever.co/investorflow
Invinity Energy Systems,invinity,https://jobs.lever.co/invinity
Invo Healthcare - Family of Companies,invohealthcare,https://jobs.lever.co/invohealthcare
ION Group,ion,https://jobs.lever.co/ion
Ionic Partners,Ionicpartners,https://jobs.lever.co/Ionicpartners
Ippon Technologies,ippon,https://jobs.lever.co/ippon
Irca Group,ircagroup,https://jobs.lever.co/ircagroup
Ironflow AI,ironflow,https://jobs.lever.co/ironflow
Iru,iru,https://jobs.lever.co/iru
ISEE,isee,https://jobs.lever.co/isee
"ispace, inc.",ispace-inc,https://jobs.lever.co/ispace-inc
Issuu,issuu,https://jobs.lever.co/issuu
Istari Digital,istaridigital.ai,https://jobs.lever.co/istaridigital.ai
Ivo,ivo,https://jobs.lever.co/ivo
iyzico,iyzico,https://jobs.lever.co/iyzico
Jagex,jagex,https://jobs.lever.co/jagex
Jam City,jamcity,https://jobs.lever.co/jamcity
Jamloop,jam-loop,https://jobs.lever.co/jam-loop
Jane Technologies,iheartjane,https://jobs.lever.co/iheartjane
January,januaryinc,https://jobs.lever.co/januaryinc
Janux Therapeutics,januxrx,https://jobs.lever.co/januxrx
Jaumo,jaumo,https://jobs.lever.co/jaumo
Jeeves,tryjeeves,https://jobs.lever.co/tryjeeves
"Jet Support Services, Inc.",jetsupport,https://jobs.lever.co/jetsupport
Jetbrains,jetbrains,https://jobs.lever.co/jetbrains
JetBridge,JetBridge,https://jobs.lever.co/JetBridge
JETSET Pilates,jetsetpilates,https://jobs.lever.co/jetsetpilates
JioStar,jiostar,https://jobs.lever.co/jiostar
Jito Foundation,jito,https://jobs.lever.co/jito
Jito Labs,jito.wtf,https://jobs.lever.co/jito.wtf
Jitx Inc.,jitxinc,https://jobs.lever.co/jitxinc
JMA Wireless,jmawireless,https://jobs.lever.co/jmawireless
JMI Equity,jmi,https://jobs.lever.co/jmi
Job&Talent,jobandtalent,https://jobs.lever.co/jobandtalent
Jobgether,jobgether,https://jobs.lever.co/jobgether
Jobin,jobin,https://jobs.lever.co/jobin
Jobs have moved to our Accenture Job Site,pip,https://jobs.lever.co/pip
Jobscan,jobscan-2,https://jobs.lever.co/jobscan-2
Joele Frank,joelefrank,https://jobs.lever.co/joelefrank
Johnson Hana,johnson-hana,https://jobs.lever.co/johnson-hana
JOLT,joltcharge,https://jobs.lever.co/joltcharge
Josh's Toys & Games,joshstoysandgames,https://jobs.lever.co/joshstoysandgames
Journey Clinical,JourneyClinical,https://jobs.lever.co/JourneyClinical
Joyride Autos,joyrideautos,https://jobs.lever.co/joyrideautos
JumpCloud,jumpcloud,https://jobs.lever.co/jumpcloud
JuneShine Brands,juneshine,https://jobs.lever.co/juneshine
Jupe,jupe,https://jobs.lever.co/jupe
"Jupiter Intelligence, Inc.",jupiterintel,https://jobs.lever.co/jupiterintel
Jushi,jushico,https://jobs.lever.co/jushico
JustWatch,justwatch,https://jobs.lever.co/justwatch
JVS Boston,jvs-boston,https://jobs.lever.co/jvs-boston
K Group Companies,kgroupcompanies,https://jobs.lever.co/kgroupcompanies
K4,k4-trading,https://jobs.lever.co/k4-trading
Kabam,kabam,https://jobs.lever.co/kabam
Kapta Space,kapta-space,https://jobs.lever.co/kapta-space
Kapwing,kapwing,https://jobs.lever.co/kapwing
Karius,kariusdx,https://jobs.lever.co/kariusdx
KarmaCheck,karmacheck,https://jobs.lever.co/karmacheck
Kasada,kasada,https://jobs.lever.co/kasada
Katten Muchin Rosenman LLP,katten,https://jobs.lever.co/katten
Kavak,kavak,https://jobs.lever.co/kavak
KCAS Bio,kcasbio,https://jobs.lever.co/kcasbio
Keboola,keboola,https://jobs.lever.co/keboola
Keepsafe,keepsafe,https://jobs.lever.co/keepsafe
Kelonia Therapeutics,KeloniaTX,https://jobs.lever.co/KeloniaTX
Kenko AI,kenko,https://jobs.lever.co/kenko
Kepler Communications,kepler,https://jobs.lever.co/kepler
Kestrel Intelligence,kestrel-intelligence,https://jobs.lever.co/kestrel-intelligence
Ketch,Ketch,https://jobs.lever.co/Ketch
Keyloop,keyloop,https://jobs.lever.co/keyloop
Kickmaker,kickmaker,https://jobs.lever.co/kickmaker
Kiddom,kiddom,https://jobs.lever.co/kiddom
Kids on the Move,kotm,https://jobs.lever.co/kotm
KIND,supportkind,https://jobs.lever.co/supportkind
Kind Behavioral Health,carolinacenterforaba,https://jobs.lever.co/carolinacenterforaba
Kinsta,kinsta,https://jobs.lever.co/kinsta
KIPP SoCal Public Schools,kippsocal,https://jobs.lever.co/kippsocal
Kira Learning,kira-learning.com,https://jobs.lever.co/kira-learning.com
Kitman Labs,kitmanlabs,https://jobs.lever.co/kitmanlabs
Kitware,kitware,https://jobs.lever.co/kitware
Kiva Confections,kivaconfections,https://jobs.lever.co/kivaconfections
Kixie,kixie,https://jobs.lever.co/kixie
KlearNow.ai,klearnow,https://jobs.lever.co/klearnow
Klivvr,klivvr,https://jobs.lever.co/klivvr
Knix,knix,https://jobs.lever.co/knix
knownwell,knownwell,https://jobs.lever.co/knownwell
Koala Health,koalahealth,https://jobs.lever.co/koalahealth
Kobie Marketing,kobie,https://jobs.lever.co/kobie
Kochava,kochava,https://jobs.lever.co/kochava
Kogan.com,kogan,https://jobs.lever.co/kogan
Kogniz,kogniz,https://jobs.lever.co/kogniz
Kolibri Games,kolibrigames,https://jobs.lever.co/kolibrigames
Kontakt.io,kontakt,https://jobs.lever.co/kontakt
Korro Bio,korrobio,https://jobs.lever.co/korrobio
Kouper Health,kouperhealth,https://jobs.lever.co/kouperhealth
KPA,kpaonline,https://jobs.lever.co/kpaonline
Kpler,kpler,https://jobs.lever.co/kpler
KPMG LLP,kpmg,https://jobs.lever.co/kpmg
KPMG New Zealand,kpmgnz,https://jobs.lever.co/kpmgnz
Kraken,kraken123,https://jobs.lever.co/kraken123
Kraken Digital Asset Exchange,kraken,https://jobs.lever.co/kraken
Kruze Consulting,kruzeconsulting,https://jobs.lever.co/kruzeconsulting
KUBRA,kubra,https://jobs.lever.co/kubra
Kwanso,kwanso,https://jobs.lever.co/kwanso
Kyivstar,kyivstar,https://jobs.lever.co/kyivstar
Kyverna Therapeutics,Kyverna,https://jobs.lever.co/Kyverna
La Haus,lahaus,https://jobs.lever.co/lahaus
La Senza,lasenza,https://jobs.lever.co/lasenza
Ladders,ladders,https://jobs.lever.co/ladders
Lalamove,lalamove,https://jobs.lever.co/lalamove
Laminar Projects,laminarprojects,https://jobs.lever.co/laminarprojects
Lamudi,lamudi,https://jobs.lever.co/lamudi
"Language Services Associates, Inc.",lsaweb,https://jobs.lever.co/lsaweb
Lansing School District,lansingschools,https://jobs.lever.co/lansingschools
Larian Studios,larian,https://jobs.lever.co/larian
Last Energy,last-energy,https://jobs.lever.co/last-energy
LatchBio,latch,https://jobs.lever.co/latch
Latin Top Jobs Group,ltjgroup,https://jobs.lever.co/ltjgroup
Latitude Inc,latitudeinc,https://jobs.lever.co/latitudeinc
Launch Housing,launchhousing,https://jobs.lever.co/launchhousing
LaunchSquad,launchsquad,https://jobs.lever.co/launchsquad
Layup Parts,layup,https://jobs.lever.co/layup
LB Capital,lb-capital,https://jobs.lever.co/lb-capital
LCBC Church,lcbcchurch,https://jobs.lever.co/lcbcchurch
Leadership Connect,leadershipconnect,https://jobs.lever.co/leadershipconnect
Leadspace,leadspace,https://jobs.lever.co/leadspace
Lean In,sgff.org,https://jobs.lever.co/sgff.org
LeanTaaS,leantaas,https://jobs.lever.co/leantaas
Ledger,ledger,https://jobs.lever.co/ledger
Legacy Restoration,legacyrestorationllc,https://jobs.lever.co/legacyrestorationllc
Legend,Legend,https://jobs.lever.co/Legend
Lendbuzz,lendbuzz,https://jobs.lever.co/lendbuzz
Lessen,lessen,https://jobs.lever.co/lessen
Level AI,levelai,https://jobs.lever.co/levelai
Level99 Entertainment,level99,https://jobs.lever.co/level99
LevelUp,levelup,https://jobs.lever.co/levelup
Lever,lever,https://jobs.lever.co/lever
Lever Demo 2,leverdemo,https://jobs.lever.co/leverdemo
Lever Demo V2,demo,https://jobs.lever.co/demo
Lever Education,leverdemo193,https://jobs.lever.co/leverdemo193
Lever Education,leverdemo50000,https://jobs.lever.co/leverdemo50000
Lever Implementation Training Environment,leverdemo-8,https://jobs.lever.co/leverdemo-8
Lexeo Therapeutics,lexeotx,https://jobs.lever.co/lexeotx
Liatrio,liatrio,https://jobs.lever.co/liatrio
Liberatii,Liberatii,https://jobs.lever.co/Liberatii
Life.Church,life,https://jobs.lever.co/life
Lifeforce,lifeforce,https://jobs.lever.co/lifeforce
Lifen,lifen,https://jobs.lever.co/lifen
LifeStance Health,lifestance,https://jobs.lever.co/lifestance
Lightcast,economicmodeling,https://jobs.lever.co/economicmodeling
Lightedge,lightedge,https://jobs.lever.co/lightedge
Lightship,lightship,https://jobs.lever.co/lightship
Lillio (formerly HiMama),Lillio,https://jobs.lever.co/Lillio
Limit Break,limitbreak,https://jobs.lever.co/limitbreak
Lincoln Institute of Land Policy,lincolninst,https://jobs.lever.co/lincolninst
Lindblad Expeditions,lindblad-expeditions,https://jobs.lever.co/lindblad-expeditions
Lingaro,lingarogroup,https://jobs.lever.co/lingarogroup
Link Rehab and Wellness,linkrehabwellness,https://jobs.lever.co/linkrehabwellness
LinkedIn Partner Sandbox - RSC testing,linkedin,https://jobs.lever.co/linkedin
LinkedIn Test - Senthil,jobvite,https://jobs.lever.co/jobvite
Lionheart Children’s Academy,lionheartkid,https://jobs.lever.co/lionheartkid
Lirvana Labs,lirvanalabs,https://jobs.lever.co/lirvanalabs
"Little Sprouts, LLC",littlesprouts,https://jobs.lever.co/littlesprouts
LiveOak Fiber,liveoakfiber,https://jobs.lever.co/liveoakfiber
Loadsmart,loadsmart,https://jobs.lever.co/loadsmart
Lochmueller Group,lochgroup,https://jobs.lever.co/lochgroup
Lodgify,lodgify,https://jobs.lever.co/lodgify
Loft Orbital Solutions,loftorbital,https://jobs.lever.co/loftorbital
Logan Property Management,loganpm,https://jobs.lever.co/loganpm
LogRocket,logrocket,https://jobs.lever.co/logrocket
Logz.io,logz,https://jobs.lever.co/logz
Lone Wolf Technologies,lwolf,https://jobs.lever.co/lwolf
Long View Systems,lvs1,https://jobs.lever.co/lvs1
Long Wall,longwall,https://jobs.lever.co/longwall
Loop,loopreturns,https://jobs.lever.co/loopreturns
Lovepop,lovepop,https://jobs.lever.co/lovepop
Low Battery,raptv,https://jobs.lever.co/raptv
Loyal,loyalhealth,https://jobs.lever.co/loyalhealth
LRDG Language Research Development Group,lrdgonline,https://jobs.lever.co/lrdgonline
LTA Research,ltaresearch,https://jobs.lever.co/ltaresearch
Lucas Museum of Narrative Art,lucasmuseum,https://jobs.lever.co/lucasmuseum
Lucidworks,lucidworks,https://jobs.lever.co/lucidworks
lululemon Studio,mirror,https://jobs.lever.co/mirror
Lumafield,lumafield,https://jobs.lever.co/lumafield
Lumary,Lumary,https://jobs.lever.co/Lumary
Lumin Digital,LuminDigital,https://jobs.lever.co/LuminDigital
Luminary Labs,luminary-labs,https://jobs.lever.co/luminary-labs
LumiQ,lumiq-learn,https://jobs.lever.co/lumiq-learn
Lumivero,lumivero,https://jobs.lever.co/lumivero
Lumotive,lumotive,https://jobs.lever.co/lumotive
Luna Physical Therapy,lunaphysicaltherapy,https://jobs.lever.co/lunaphysicaltherapy
LUUM,luumlash,https://jobs.lever.co/luumlash
Luxury Presence,luxurypresence,https://jobs.lever.co/luxurypresence
Lycia Therapeutics,LyciaTherapeutics,https://jobs.lever.co/LyciaTherapeutics
Lyra Collective,LyraCollective,https://jobs.lever.co/LyraCollective
Lyra Health,lyrahealth,https://jobs.lever.co/lyrahealth
Lyrebird Health,lyrebirdhealth,https://jobs.lever.co/lyrebirdhealth
Lyrebird Studio,lyrebirdstudio,https://jobs.lever.co/lyrebirdstudio
Lyterian,lyterian,https://jobs.lever.co/lyterian
M+R,mrss,https://jobs.lever.co/mrss
Mable,mable,https://jobs.lever.co/mable
Machina Labs,MachinaLabs,https://jobs.lever.co/MachinaLabs
Macquarie Technology Group,macquarietechnologygroup,https://jobs.lever.co/macquarietechnologygroup
Mactores,mactores,https://jobs.lever.co/mactores
Madhappy,madhappy,https://jobs.lever.co/madhappy
Magical Beginnings,magicalbeginningslc,https://jobs.lever.co/magicalbeginningslc
Magna Legal Services,magnals,https://jobs.lever.co/magnals
Magnet Forensics,magnetforensics,https://jobs.lever.co/magnetforensics
Magnify,magnify,https://jobs.lever.co/magnify
Magnopus,magnopus,https://jobs.lever.co/magnopus
Mahmee,mahmee,https://jobs.lever.co/mahmee
Mainspring Energy,mainspringenergy,https://jobs.lever.co/mainspringenergy
Makpar,makpar,https://jobs.lever.co/makpar
Malaria No More Fund,malarianomore,https://jobs.lever.co/malarianomore
Malbon,malbongolf,https://jobs.lever.co/malbongolf
Malt,malt,https://jobs.lever.co/malt
Mama Money,mamamoney,https://jobs.lever.co/mamamoney
Mammoth Biosciences,mammothbiosci,https://jobs.lever.co/mammothbiosci
Management Leadership For Tomorrow,ml4t,https://jobs.lever.co/ml4t
Manay CPA,manaycpa.com,https://jobs.lever.co/manaycpa.com
Mango Languages,mangolanguage,https://jobs.lever.co/mangolanguage
Manifest,manifest,https://jobs.lever.co/manifest
MantaNetwork,MantaNetwork,https://jobs.lever.co/MantaNetwork
Mantis Innovation,mantisinnovation,https://jobs.lever.co/mantisinnovation
Maple,getmaple,https://jobs.lever.co/getmaple
Maquette Virtuelle,maquettevirtuelle,https://jobs.lever.co/maquettevirtuelle
Marco Polo,marcopolo,https://jobs.lever.co/marcopolo
Marcus & Millichap,marcusmillichap,https://jobs.lever.co/marcusmillichap
Marcus Graham Project + Locomotus,marcusgrahamproject,https://jobs.lever.co/marcusgrahamproject
MARGO,margo-group,https://jobs.lever.co/margo-group
Marigold Health,marigoldhealth,https://jobs.lever.co/marigoldhealth
Marketcircle,marketcircle,https://jobs.lever.co/marketcircle
MarketerHire,marketer-hire,https://jobs.lever.co/marketer-hire
Markham LLC,markham,https://jobs.lever.co/markham
Marquette Associates,marquetteassociates,https://jobs.lever.co/marquetteassociates
MarqVision,marqvision,https://jobs.lever.co/marqvision
Marshall Reddick Real Estate,marshallreddick,https://jobs.lever.co/marshallreddick
Mashgin,mashgin,https://jobs.lever.co/mashgin
Massachusetts Institute of Technology,mit,https://jobs.lever.co/mit
Massachusetts School Building Authority,massschoolbuildings,https://jobs.lever.co/massschoolbuildings
Massive Rocket,massive-rocket,https://jobs.lever.co/massive-rocket
Mast Reforestation,MastReforestation,https://jobs.lever.co/MastReforestation
MasterBorn,masterborn-2,https://jobs.lever.co/masterborn-2
Mastery Charter Schools,masterycharter,https://jobs.lever.co/masterycharter
Match Group,matchgroup,https://jobs.lever.co/matchgroup
Matillion,matillion,https://jobs.lever.co/matillion
Matters,Matters,https://jobs.lever.co/Matters
Maureen Joy Charter School,joycharter,https://jobs.lever.co/joycharter
MaverickX,maverickx,https://jobs.lever.co/maverickx
Max Retail,max-retail,https://jobs.lever.co/max-retail
MAX Surgical Specialty Management,max-ssm,https://jobs.lever.co/max-ssm
MaxMind,maxmind,https://jobs.lever.co/maxmind
MayaHTT,maya,https://jobs.lever.co/maya
Mayer LLP,mayer-llp,https://jobs.lever.co/mayer-llp
MCA Connect,mcaconnect,https://jobs.lever.co/mcaconnect
McChrystal Group,mcchrystalgroup,https://jobs.lever.co/mcchrystalgroup
Mechanical Orchard,mechanicalorchard,https://jobs.lever.co/mechanicalorchard
MedCare Pediatric,medcarepediatric,https://jobs.lever.co/medcarepediatric
Mediafly,Mediafly,https://jobs.lever.co/Mediafly
Mediagenix,mediagenix,https://jobs.lever.co/mediagenix
Mediatech,adtech,https://jobs.lever.co/adtech
Medical Home Network,mhnchicago,https://jobs.lever.co/mhnchicago
Medical Outsourcing Solutions,medical-outsourcing-solutions,https://jobs.lever.co/medical-outsourcing-solutions
Medici,medi.ci,https://jobs.lever.co/medi.ci
Mednow,mednow,https://jobs.lever.co/mednow
MedRhythms,medrhythms,https://jobs.lever.co/medrhythms
Meds,meds,https://jobs.lever.co/meds
Meesho,meesho,https://jobs.lever.co/meesho
Meeting Tomorrow,meetingtomorrow,https://jobs.lever.co/meetingtomorrow
"Mega HR, Inc.",mega,https://jobs.lever.co/mega
Megaport,megaport,https://jobs.lever.co/megaport
Meilisearch,meili,https://jobs.lever.co/meili
"Meirowitz & Wasserberg, LLP",Meirowitz-Wasserberg,https://jobs.lever.co/Meirowitz-Wasserberg
Mendix,mendix,https://jobs.lever.co/mendix
Menlo Ventures,menlovc,https://jobs.lever.co/menlovc
Mercedes-Benz R&D North America,MBRDNA,https://jobs.lever.co/MBRDNA
Merkle Science,merklescience,https://jobs.lever.co/merklescience
Merlin Labs,merlinlabs,https://jobs.lever.co/merlinlabs
MERU,wearemeru,https://jobs.lever.co/wearemeru
Metabase,metabase,https://jobs.lever.co/metabase
Metaprise,metaprise.ai,https://jobs.lever.co/metaprise.ai
Metasite Business Solutions,metasite,https://jobs.lever.co/metasite
Metaview,metaview,https://jobs.lever.co/metaview
Metawealth,metawealth,https://jobs.lever.co/metawealth
METECS,metecs,https://jobs.lever.co/metecs
Metergy Solutions,metergysolutions,https://jobs.lever.co/metergysolutions
MetLife,metlife,https://jobs.lever.co/metlife
METR,metr,https://jobs.lever.co/metr
MicroVentures,microventures,https://jobs.lever.co/microventures
MicroVision,microvision,https://jobs.lever.co/microvision
Midas,getmidas,https://jobs.lever.co/getmidas
"Milhouse Engineering and Construction, Inc.",milhouseinc,https://jobs.lever.co/milhouseinc
Milltown Partners,milltownpartners,https://jobs.lever.co/milltownpartners
Milo,milocredit,https://jobs.lever.co/milocredit
Minders,minders,https://jobs.lever.co/minders
Mindful,mindful,https://jobs.lever.co/mindful
Mindtickle,mindtickle,https://jobs.lever.co/mindtickle
Mindy Support,mindy,https://jobs.lever.co/mindy
MineSense,minesense,https://jobs.lever.co/minesense
Minted,minted,https://jobs.lever.co/minted
MIRAI FOODS AG,mirai-foods,https://jobs.lever.co/mirai-foods
Mirastar FCU,mirastarfcu,https://jobs.lever.co/mirastarfcu
Mirego,mirego,https://jobs.lever.co/mirego
Mission Capital Advisors,missioncap,https://jobs.lever.co/missioncap
Mission Graduates,missiongraduates,https://jobs.lever.co/missiongraduates
MissionWired,MissionWired,https://jobs.lever.co/MissionWired
Mistplay,mistplay,https://jobs.lever.co/mistplay
Mistral AI,mistral,https://jobs.lever.co/mistral
Mitek Systems,miteksystems-2,https://jobs.lever.co/miteksystems-2
Mitratech Partner Sandbox,mitratech,https://jobs.lever.co/mitratech
Mixlab,mixlab,https://jobs.lever.co/mixlab
MO,MOstudio,https://jobs.lever.co/MOstudio
MobileAction,mobile-action,https://jobs.lever.co/mobile-action
Model N,modeln,https://jobs.lever.co/modeln
Modern Intelligence,ModernIntelligence,https://jobs.lever.co/ModernIntelligence
Modern Life,modernlife,https://jobs.lever.co/modernlife
Modulate,modulate,https://jobs.lever.co/modulate
Molten Industries,moltenindustries,https://jobs.lever.co/moltenindustries
Mom's Meals,momsmeals,https://jobs.lever.co/momsmeals
"Momenti, Inc.",momenti-inc,https://jobs.lever.co/momenti-inc
Moments Hospice,momentshospice-2,https://jobs.lever.co/momentshospice-2
Moneybox,moneyboxapp,https://jobs.lever.co/moneyboxapp
Moneytree,moneytree,https://jobs.lever.co/moneytree
Mongoose,hellomongoose,https://jobs.lever.co/hellomongoose
Monster Tree Service,whymonster,https://jobs.lever.co/whymonster
Monterey Technologies Inc,mti-inc,https://jobs.lever.co/mti-inc
MOO,moo,https://jobs.lever.co/moo
MoonPay,moonpay,https://jobs.lever.co/moonpay
Moonpig,moonpig,https://jobs.lever.co/moonpig
Moonsong Labs,moonsong-labs,https://jobs.lever.co/moonsong-labs
Morning Brew Inc.,morningbrew,https://jobs.lever.co/morningbrew
Morning Consult,morningconsult,https://jobs.lever.co/morningconsult
Mothership,mothership,https://jobs.lever.co/mothership
Motif,motifsystems,https://jobs.lever.co/motifsystems
"ms consultants, inc.",msconsultants,https://jobs.lever.co/msconsultants
"MTS Health Partners, L.P.",mtspartners,https://jobs.lever.co/mtspartners
Mujin,mujininc,https://jobs.lever.co/mujininc
Mulberry,mulberry,https://jobs.lever.co/mulberry
Multiply Labs,multiplylabs,https://jobs.lever.co/multiplylabs
Murgado Automotive Group,murgadoautomotive,https://jobs.lever.co/murgadoautomotive
Musixmatch S.p.a,musixmatch,https://jobs.lever.co/musixmatch
Muttdata,muttdata,https://jobs.lever.co/muttdata
myLaurel,mylaurelhealth,https://jobs.lever.co/mylaurelhealth
Myo,myodetox,https://jobs.lever.co/myodetox
MYOB,myob-2,https://jobs.lever.co/myob-2
MyPass Global,mypassglobal,https://jobs.lever.co/mypassglobal
Mythic,mythic-ai.com,https://jobs.lever.co/mythic-ai.com
Mytos,mytos,https://jobs.lever.co/mytos
MyVest,myvest,https://jobs.lever.co/myvest
N-Power Medicine,npowermedicine,https://jobs.lever.co/npowermedicine
N1 Health,algorex,https://jobs.lever.co/algorex
nahc.io,nahc,https://jobs.lever.co/nahc
NAI Northern California,nainnorcal,https://jobs.lever.co/nainnorcal
Nango,nango,https://jobs.lever.co/nango
Narmi,narmi,https://jobs.lever.co/narmi
NASA Federal Credit Union,nasafcu,https://jobs.lever.co/nasafcu
National Journal,nationaljournal,https://jobs.lever.co/nationaljournal
Nava,nava,https://jobs.lever.co/nava
NAVISITE - Part of Accenture,navisite,https://jobs.lever.co/navisite
Neighbor,neighbor,https://jobs.lever.co/neighbor
Nelnet Community Engagement,nce,https://jobs.lever.co/nce
Neon Pagamentos,neon,https://jobs.lever.co/neon
Neowiz,neowiz,https://jobs.lever.co/neowiz
Nestig,Nestig,https://jobs.lever.co/Nestig
Netlight,netlight,https://jobs.lever.co/netlight
Netomi,netomi,https://jobs.lever.co/netomi
Netvirta,netvirta,https://jobs.lever.co/netvirta
Neuron 7,neuron7,https://jobs.lever.co/neuron7
Nevada State High School,NSHS,https://jobs.lever.co/NSHS
Nevados,nevados,https://jobs.lever.co/nevados
New Jersey Innovation Authority,NJStateOfficeofInnovation,https://jobs.lever.co/NJStateOfficeofInnovation
New Western,newwestern,https://jobs.lever.co/newwestern
New Western Corporate,newwesterncorporate,https://jobs.lever.co/newwesterncorporate
New Zealand Trade and Enterprise,newzealandtradeandenterprise,https://jobs.lever.co/newzealandtradeandenterprise
Newton,newton,https://jobs.lever.co/newton
nexos.ai,Nexos,https://jobs.lever.co/Nexos
Next Health,next-health,https://jobs.lever.co/next-health
NextDecade,next-decade,https://jobs.lever.co/next-decade
Nextech,nextech,https://jobs.lever.co/nextech
NextGen Federal Systems,nextgenfed,https://jobs.lever.co/nextgenfed
Nexus Engineering Group,nexuse-group,https://jobs.lever.co/nexuse-group
nEye.ai,neye-systems-inc.,https://jobs.lever.co/neye-systems-inc.
NFQ,nfq,https://jobs.lever.co/nfq
NFX,nfx,https://jobs.lever.co/nfx
Niagen Bioscience,niagenbioscience,https://jobs.lever.co/niagenbioscience
Nibiru,nibiru,https://jobs.lever.co/nibiru
Nielsen,nielsen,https://jobs.lever.co/nielsen
NimbleRx,nimblerx,https://jobs.lever.co/nimblerx
Nimbus,nimbus,https://jobs.lever.co/nimbus
Ninja Van,ninjavan,https://jobs.lever.co/ninjavan
nitra,nitra,https://jobs.lever.co/nitra
Nium,nium,https://jobs.lever.co/nium
NobleReach Foundation,noblereach,https://jobs.lever.co/noblereach
NOBODY,nobody,https://jobs.lever.co/nobody
NOBULL,nobullproject,https://jobs.lever.co/nobullproject
NodeReal,nodereal,https://jobs.lever.co/nodereal
NOLA Public Schools,nolapublicschools,https://jobs.lever.co/nolapublicschools
Nomad Marketing,nomadmktg,https://jobs.lever.co/nomadmktg
Nomagic,Nomagic,https://jobs.lever.co/Nomagic
Nomi Health,nomihealth,https://jobs.lever.co/nomihealth
Nominal,nominal,https://jobs.lever.co/nominal
Noodle,noodle,https://jobs.lever.co/noodle
Nord Security,nordsec,https://jobs.lever.co/nordsec
North America Construction (1993) Ltd. - NAC Constructors Ltd.,nacsworld,https://jobs.lever.co/nacsworld
Nova,ioconnectservices.com,https://jobs.lever.co/ioconnectservices.com
Novara,novara,https://jobs.lever.co/novara
Novaspace,novaspace,https://jobs.lever.co/novaspace
Novir,novir,https://jobs.lever.co/novir
NOVOS FiBER,novosfiber,https://jobs.lever.co/novosfiber
NPHub,nphub,https://jobs.lever.co/nphub
NRI North America,corebts,https://jobs.lever.co/corebts
Numeris,numeris,https://jobs.lever.co/numeris
nuuds,nuuds,https://jobs.lever.co/nuuds
NuvoAir,NuvoAir,https://jobs.lever.co/NuvoAir
NuWaves RF Solutions,nuwaves,https://jobs.lever.co/nuwaves
O'Donnell/Snider Construction,odonnellsnider,https://jobs.lever.co/odonnellsnider
OakNorth,oaknorth.ai,https://jobs.lever.co/oaknorth.ai
"Object Computing, Inc.",oci,https://jobs.lever.co/oci
Objective Corporation,objective,https://jobs.lever.co/objective
Observable,observablehq,https://jobs.lever.co/observablehq
Octane,octaneai,https://jobs.lever.co/octaneai
Octopus Energy Group,octoenergy,https://jobs.lever.co/octoenergy
Odaseva,odaseva,https://jobs.lever.co/odaseva
Oddin,oddin,https://jobs.lever.co/oddin
Offchain,offchainlabs,https://jobs.lever.co/offchainlabs
Ogury,ogury,https://jobs.lever.co/ogury
Okendo,okendo,https://jobs.lever.co/okendo
Oktopost,oktopost,https://jobs.lever.co/oktopost
Oleria Security,oleria-security,https://jobs.lever.co/oleria-security
Oliver Wyman Labs,oliverwyman,https://jobs.lever.co/oliverwyman
Ollie,myollie,https://jobs.lever.co/myollie
Olo,olo,https://jobs.lever.co/olo
Omni Design Technologies,omnidesigntech,https://jobs.lever.co/omnidesigntech
Omnidian,omnidian,https://jobs.lever.co/omnidian
Omnisend,omnisend,https://jobs.lever.co/omnisend
Once Upon a Farm,onceuponafarm,https://jobs.lever.co/onceuponafarm
One Impression,oneimpression,https://jobs.lever.co/oneimpression
Onehouse,Onehouse,https://jobs.lever.co/Onehouse
"Onit, Inc.",onit,https://jobs.lever.co/onit
Oomnitza,oomnitza,https://jobs.lever.co/oomnitza
Oowlish Technology,oowlish,https://jobs.lever.co/oowlish
Open Inc.,o-p-e-n,https://jobs.lever.co/o-p-e-n
OpenPayd,OpenPayd,https://jobs.lever.co/OpenPayd
OpenX,openx,https://jobs.lever.co/openx
Optimus SBR,optimussbr,https://jobs.lever.co/optimussbr
OptionMetrics,optionmetrics,https://jobs.lever.co/optionmetrics
OPYS,opys,https://jobs.lever.co/opys
OraSure Technologies Inc.,dnagenotek,https://jobs.lever.co/dnagenotek
Orb Aerospace,orbaerospace,https://jobs.lever.co/orbaerospace
Orbitalsidekick,orbitalsidekick,https://jobs.lever.co/orbitalsidekick
Orca Bio,orcabiosystems,https://jobs.lever.co/orcabiosystems
Ordr,ordr,https://jobs.lever.co/ordr
"Orijin, a public benefit corporation",orijin,https://jobs.lever.co/orijin
Orum,orum,https://jobs.lever.co/orum
OSARO,osaro,https://jobs.lever.co/osaro
OSEDEA,osedea,https://jobs.lever.co/osedea
Osmind,Osmind,https://jobs.lever.co/Osmind
OTI Lumionics Inc.,otilumionics,https://jobs.lever.co/otilumionics
OU Education Services,ou-education-services,https://jobs.lever.co/ou-education-services
Our Place,our-place,https://jobs.lever.co/our-place
OutcomesAI,outcomesai,https://jobs.lever.co/outcomesai
Outlast,outlast,https://jobs.lever.co/outlast
Outpace Bio,outpacebio,https://jobs.lever.co/outpacebio
Outreach,outreach,https://jobs.lever.co/outreach
Outsight,outsight,https://jobs.lever.co/outsight
Outsourced Staff,outsourcedstaff,https://jobs.lever.co/outsourcedstaff
Overcast,overcast,https://jobs.lever.co/overcast
Overclock Labs,AkashNetwork,https://jobs.lever.co/AkashNetwork
Overmind,overmind,https://jobs.lever.co/overmind
Owlet,owletcare,https://jobs.lever.co/owletcare
Oxylabs,oxylabs,https://jobs.lever.co/oxylabs
P3 Veterinary Partners,p3vetpartners,https://jobs.lever.co/p3vetpartners
Pacific Environment,pacific-environment,https://jobs.lever.co/pacific-environment
Pacifico Energy,pacificoenergy,https://jobs.lever.co/pacificoenergy
PackageX,packagex,https://jobs.lever.co/packagex
Packmatic GmbH,Packmatic,https://jobs.lever.co/Packmatic
PadSplit,padsplit,https://jobs.lever.co/padsplit
Palantir Technologies,palantir,https://jobs.lever.co/palantir
Panopto,panopto,https://jobs.lever.co/panopto
Para Mobility,paramobility,https://jobs.lever.co/paramobility
Paradigm Health,paradigm-health,https://jobs.lever.co/paradigm-health
Parallel Domain,paralleldomain,https://jobs.lever.co/paralleldomain
Parallel Wireless,parallelwireless,https://jobs.lever.co/parallelwireless
Paramedic Services of Illinois,paramedicservices,https://jobs.lever.co/paramedicservices
ParcelHero,parcelvision,https://jobs.lever.co/parcelvision
Parnall Law,parnalllaw,https://jobs.lever.co/parnalllaw
Patch My PC,patchmypc,https://jobs.lever.co/patchmypc
Pathpoint,pathpoint,https://jobs.lever.co/pathpoint
Patrick J McGovern Foundation,mcgovern,https://jobs.lever.co/mcgovern
Patsnap,patsnap,https://jobs.lever.co/patsnap
Pattern,pattern,https://jobs.lever.co/pattern
Pavement Coffeehouse,pavementcoffee,https://jobs.lever.co/pavementcoffee
Payactiv,payactiv,https://jobs.lever.co/payactiv
PayJoy,payjoy,https://jobs.lever.co/payjoy
Paytm,paytm,https://jobs.lever.co/paytm
Paytm Payments Services,paytmpayments,https://jobs.lever.co/paytmpayments
PayU GPO,payugpo,https://jobs.lever.co/payugpo
PDI Technologies,pditechnologies,https://jobs.lever.co/pditechnologies
Peak,peakgames,https://jobs.lever.co/peakgames
Pearpop,pearpop,https://jobs.lever.co/pearpop
Peerspace,peerspace,https://jobs.lever.co/peerspace
Pelmorex,pelmorex,https://jobs.lever.co/pelmorex
Pendulum™,pendulum,https://jobs.lever.co/pendulum
Penrod,penrodsoftware,https://jobs.lever.co/penrodsoftware
Penta Group,pentagrp,https://jobs.lever.co/pentagrp
Penumbra,penumbrainc,https://jobs.lever.co/penumbrainc
PeopleGrove,peoplegrove,https://jobs.lever.co/peoplegrove
Perennial,perennial,https://jobs.lever.co/perennial
Perforce,perforce,https://jobs.lever.co/perforce
Performance Systems Integration,psintegrated,https://jobs.lever.co/psintegrated
Perr&Knight,perrknight,https://jobs.lever.co/perrknight
PetDesk,petvisor,https://jobs.lever.co/petvisor
PEXA Group,pexa,https://jobs.lever.co/pexa
Phoenix Tailings,PhoenixTailings,https://jobs.lever.co/PhoenixTailings
PicCollage,piccollage,https://jobs.lever.co/piccollage
Pickle Robot Company,picklerobot,https://jobs.lever.co/picklerobot
PickTrace,picktrace,https://jobs.lever.co/picktrace
Picus,picus,https://jobs.lever.co/picus
Pigment,pigment,https://jobs.lever.co/pigment
Pillar,pillar,https://jobs.lever.co/pillar
Pillar Technology,pillartechnology,https://jobs.lever.co/pillartechnology
Pine Games,pinegames,https://jobs.lever.co/pinegames
Pine Services Group,pine-services,https://jobs.lever.co/pine-services
PingWind,pingwind,https://jobs.lever.co/pingwind
Pinkoi,pinkoi,https://jobs.lever.co/pinkoi
PIP Labs,piplabs,https://jobs.lever.co/piplabs
Pipedrive,pipedrive,https://jobs.lever.co/pipedrive
Pison,pison,https://jobs.lever.co/pison
Pivot Energy,pivotenergy,https://jobs.lever.co/pivotenergy
Pivotal,pivotal,https://jobs.lever.co/pivotal
Place Showroom,placeshowroom.com,https://jobs.lever.co/placeshowroom.com
Placemakr,placemakr,https://jobs.lever.co/placemakr
Planet Technologies,planettechnologies,https://jobs.lever.co/planettechnologies
"Planned Parenthood Arizona, Inc.",ppaz,https://jobs.lever.co/ppaz
Planned Parenthood Association of Utah,ppau,https://jobs.lever.co/ppau
Planned Parenthood California Central Coast,ppcentralcoast,https://jobs.lever.co/ppcentralcoast
Planned Parenthood Columbia Willamette,ppcw,https://jobs.lever.co/ppcw
Planned Parenthood Federation of America,ppfa,https://jobs.lever.co/ppfa
Planned Parenthood Great Plains,ppgreatplains,https://jobs.lever.co/ppgreatplains
"Planned Parenthood Hudson Peconic, Inc.",pphp,https://jobs.lever.co/pphp
Planned Parenthood Keystone,ppkeystone,https://jobs.lever.co/ppkeystone
Planned Parenthood League of Massachusetts,pplm,https://jobs.lever.co/pplm
Planned Parenthood Los Angeles,pp-la,https://jobs.lever.co/pp-la
Planned Parenthood of Delaware,ppde,https://jobs.lever.co/ppde
Planned Parenthood of Greater New York,ppgny,https://jobs.lever.co/ppgny
Planned Parenthood of Illinois,ppil,https://jobs.lever.co/ppil
"Planned Parenthood of Indiana and Kentucky, Inc.",ppink,https://jobs.lever.co/ppink
Planned Parenthood of Maryland,ppmd,https://jobs.lever.co/ppmd
"Planned Parenthood of Metropolitan Washington, DC, Inc.",ppmw,https://jobs.lever.co/ppmw
Planned Parenthood of Michigan,ppmi,https://jobs.lever.co/ppmi
"Planned Parenthood of Middle & East Tennessee, Inc.",ppmet,https://jobs.lever.co/ppmet
"Planned Parenthood of Montana, Inc.",ppmontana,https://jobs.lever.co/ppmontana
"Planned Parenthood of Nassau County, Inc.",ppnc,https://jobs.lever.co/ppnc
Planned Parenthood of Northern New England,ppnne,https://jobs.lever.co/ppnne
"Planned Parenthood of South, East and North Florida",ppsenfl,https://jobs.lever.co/ppsenfl
"Planned Parenthood of Southern New England, Inc.",ppsne,https://jobs.lever.co/ppsne
"Planned Parenthood of the North Country New York, Inc.",ppncny,https://jobs.lever.co/ppncny
Planned Parenthood of the Pacific Southwest,planned,https://jobs.lever.co/planned
Planned Parenthood of Western Pennsylvania,ppwp,https://jobs.lever.co/ppwp
"Planned Parenthood of Wisconsin, Inc.",ppwi,https://jobs.lever.co/ppwi
Planned Parenthood South Atlantic,ppsat,https://jobs.lever.co/ppsat
Planned Parenthood South Texas,ppsouthtexas,https://jobs.lever.co/ppsouthtexas
"Planned Parenthood Southeast, Inc.",ppse,https://jobs.lever.co/ppse
Planned Parenthood Southeastern Pennsylvania,ppsp,https://jobs.lever.co/ppsp
Planned Parenthood Southwest Ohio Region,ppswo,https://jobs.lever.co/ppswo
Planner5D,planner5d,https://jobs.lever.co/planner5d
Platinum Technologies,pt78,https://jobs.lever.co/pt78
Playbook,playbook,https://jobs.lever.co/playbook
Playco,playco,https://jobs.lever.co/playco
PlayOn,playonsports,https://jobs.lever.co/playonsports
PlayPlay,playplay,https://jobs.lever.co/playplay
PlayVS,playvs,https://jobs.lever.co/playvs
Plenti,plenti,https://jobs.lever.co/plenti
Plexus,plexus,https://jobs.lever.co/plexus
Plivo,plivo,https://jobs.lever.co/plivo
Plume,plume,https://jobs.lever.co/plume
Pluralsight,developintelligence,https://jobs.lever.co/developintelligence
PlusAI,plus-2,https://jobs.lever.co/plus-2
Plusgrade,plusgrade,https://jobs.lever.co/plusgrade
PMA Consultants Careers,pmaconsultants,https://jobs.lever.co/pmaconsultants
pMD,pmdsoft,https://jobs.lever.co/pmdsoft
Pocket Entertainment Corp,pocketfm,https://jobs.lever.co/pocketfm
PocketHealth,PocketHealth,https://jobs.lever.co/PocketHealth
Point B,pointb,https://jobs.lever.co/pointb
PointClickCare,pointclickcare,https://jobs.lever.co/pointclickcare
Poki,poki,https://jobs.lever.co/poki
PolicyMe,policyme,https://jobs.lever.co/policyme
Poll Everywhere,polleverywhere,https://jobs.lever.co/polleverywhere
Polywork,polywork,https://jobs.lever.co/polywork
PopSockets,popsockets,https://jobs.lever.co/popsockets
Portage Point Partners,portagepointpartners,https://jobs.lever.co/portagepointpartners
Portcast,portcast,https://jobs.lever.co/portcast
"Porter Cares, Inc.",porter,https://jobs.lever.co/porter
Portoro,portoro,https://jobs.lever.co/portoro
PortPro,portpro,https://jobs.lever.co/portpro
PostEra,postera,https://jobs.lever.co/postera
Potloc,Potloc,https://jobs.lever.co/Potloc
Powered by Pioneer,pioneer-services,https://jobs.lever.co/pioneer-services
Powerex Corp.,powerex,https://jobs.lever.co/powerex
Pozy,pozy,https://jobs.lever.co/pozy
PPRO,ppro,https://jobs.lever.co/ppro
Precede,precede,https://jobs.lever.co/precede
PredictX,pibenchmark,https://jobs.lever.co/pibenchmark
Prefixbox,prefixbox,https://jobs.lever.co/prefixbox
Prelim,prelim,https://jobs.lever.co/prelim
Premier Truck Group,premiertruck,https://jobs.lever.co/premiertruck
Presto,prestolabs,https://jobs.lever.co/prestolabs
Pretto,Pretto,https://jobs.lever.co/Pretto
Prilenia,prilenia,https://jobs.lever.co/prilenia
Primate Labs Inc.,primatelabs,https://jobs.lever.co/primatelabs
Prime Electric,primee,https://jobs.lever.co/primee
Prime Executive Office,primeexecutiveoffice,https://jobs.lever.co/primeexecutiveoffice
Prime Fiber,primefiber,https://jobs.lever.co/primefiber
Princess Polly,princesspolly,https://jobs.lever.co/princesspolly
Princeton10,princeton10,https://jobs.lever.co/princeton10
Prismic,prismic,https://jobs.lever.co/prismic
Prizeout,prizeout,https://jobs.lever.co/prizeout
Probius,ProbiusDx,https://jobs.lever.co/ProbiusDx
PROCEPT BioRobotics,procept-biorobotics,https://jobs.lever.co/procept-biorobotics
Procreate,procreate,https://jobs.lever.co/procreate
Product Ventures,productventures,https://jobs.lever.co/productventures
Profound Research,profoundresearch,https://jobs.lever.co/profoundresearch
Progressive Physician Associates,PPA,https://jobs.lever.co/PPA
Project Healthy Minds,project-healthy-minds,https://jobs.lever.co/project-healthy-minds
Project Kitty Hawk,projectkittyhawk,https://jobs.lever.co/projectkittyhawk
Prolific Machines,prolific-machines,https://jobs.lever.co/prolific-machines
Promenade,promenade,https://jobs.lever.co/promenade
Promesa Academy,promesaacademy,https://jobs.lever.co/promesaacademy
Promethean,prometheanworld,https://jobs.lever.co/prometheanworld
Prominent Edge LLC,prominentedge,https://jobs.lever.co/prominentedge
Promise Robotics,promiserobotics,https://jobs.lever.co/promiserobotics
Proof,proof,https://jobs.lever.co/proof
Propel Software Solutions,propelsoftware,https://jobs.lever.co/propelsoftware
Propellerhead,propellerhead,https://jobs.lever.co/propellerhead
Proper,proper,https://jobs.lever.co/proper
Property Solutions Group,propsolutionsgroup,https://jobs.lever.co/propsolutionsgroup
Prophet Homes,prophethomes,https://jobs.lever.co/prophethomes
Prosper,prosper,https://jobs.lever.co/prosper
Protect Environmental,protectenvironmental,https://jobs.lever.co/protectenvironmental
Protective,protective,https://jobs.lever.co/protective
Protolabs,protolabs,https://jobs.lever.co/protolabs
"ProTrials Research, Inc.",protrials,https://jobs.lever.co/protrials
Provectus,provectus,https://jobs.lever.co/provectus
Provi,provi,https://jobs.lever.co/provi
Proxima,proxima,https://jobs.lever.co/proxima
Proxima Fusion,proximafusion,https://jobs.lever.co/proximafusion
Pryon,pryon,https://jobs.lever.co/pryon
Purple Land Management,purplelandmgmt,https://jobs.lever.co/purplelandmgmt
Purple Team,purple-technology,https://jobs.lever.co/purple-technology
Push Security,pushsecurity,https://jobs.lever.co/pushsecurity
PushPress,pushpress,https://jobs.lever.co/pushpress
Pyka,pyka,https://jobs.lever.co/pyka
Q Bio,qbio,https://jobs.lever.co/qbio
Q-CTRL,q-ctrl,https://jobs.lever.co/q-ctrl
Qloo,qloo,https://jobs.lever.co/qloo
Qonto,qonto,https://jobs.lever.co/qonto
Qover,Qover,https://jobs.lever.co/Qover
Qrypt,qrypt,https://jobs.lever.co/qrypt
QSIC,qsic,https://jobs.lever.co/qsic
Quad Lock,quadlock,https://jobs.lever.co/quadlock
Qualdoc,qualdoc,https://jobs.lever.co/qualdoc
Qualysoft,qualysoft,https://jobs.lever.co/qualysoft
Quandri,quandri,https://jobs.lever.co/quandri
Quantcast,quantcast,https://jobs.lever.co/quantcast
QuantCo,quantco-,https://jobs.lever.co/quantco-
Quantlane,quantlane,https://jobs.lever.co/quantlane
Quantum Metric,quantummetric,https://jobs.lever.co/quantummetric
Quartzy,quartzy,https://jobs.lever.co/quartzy
Quest Analytics,questanalytics,https://jobs.lever.co/questanalytics
Quilted Health,quilted-health,https://jobs.lever.co/quilted-health
Quincus,quincus,https://jobs.lever.co/quincus
Quincy Institute,quincyinst,https://jobs.lever.co/quincyinst
Quiq,quiq,https://jobs.lever.co/quiq
Quixel,quixel,https://jobs.lever.co/quixel
Quizlet,quizlet-2,https://jobs.lever.co/quizlet-2
Quokka,quokka,https://jobs.lever.co/quokka
Qvest US,qvest.us,https://jobs.lever.co/qvest.us
Qwello,qwello.eu,https://jobs.lever.co/qwello.eu
Qwoted,qwoted,https://jobs.lever.co/qwoted
Rackspace,rackspace,https://jobs.lever.co/rackspace
Radformation,radformation,https://jobs.lever.co/radformation
Radical AI,RadicalAI,https://jobs.lever.co/RadicalAI
"Railroad19, Inc",railroad19,https://jobs.lever.co/railroad19
Raine Group,raine,https://jobs.lever.co/raine
RainFocus,rainfocus,https://jobs.lever.co/rainfocus
Rainmaker Technology Corporation,make-rain,https://jobs.lever.co/make-rain
Ramen VR,ramenvr,https://jobs.lever.co/ramenvr
Range Energy,rangeenergy,https://jobs.lever.co/rangeenergy
Ranger,ranger,https://jobs.lever.co/ranger
Rapid Micro Biosystems,rapidmicrobio,https://jobs.lever.co/rapidmicrobio
RapidAI,rapidai,https://jobs.lever.co/rapidai
RapidDeploy,rapiddeploy,https://jobs.lever.co/rapiddeploy
Rapt Studio,RaptStudio,https://jobs.lever.co/RaptStudio
Ravio,ravio,https://jobs.lever.co/ravio
RAVL,ravl_io,https://jobs.lever.co/ravl_io
Raya,raya,https://jobs.lever.co/raya
rbanw,rbanw,https://jobs.lever.co/rbanw
Reach,reachpower,https://jobs.lever.co/reachpower
RealSelf,realself,https://jobs.lever.co/realself
RealWork Labs,realworklabs,https://jobs.lever.co/realworklabs
Recast Software,recast-software,https://jobs.lever.co/recast-software
RECESS,recess,https://jobs.lever.co/recess
Recognise Bank,recognisebank,https://jobs.lever.co/recognisebank
RecordPoint,recordpoint,https://jobs.lever.co/recordpoint
Recurrency,recurrency,https://jobs.lever.co/recurrency
Red Canyon Engineering & Software,redcanyonsoftware,https://jobs.lever.co/redcanyonsoftware
Red Dog Media,reddogmedia,https://jobs.lever.co/reddogmedia
redbee,redbee,https://jobs.lever.co/redbee
Redhorse Corporation,redhorsecorp,https://jobs.lever.co/redhorsecorp
Redox,redoxengine,https://jobs.lever.co/redoxengine
Redwood Credit Union,redwoodcu,https://jobs.lever.co/redwoodcu
"Redwood Strategy Group, Inc.",redwoodstrategygroup,https://jobs.lever.co/redwoodstrategygroup
REEKON Tools,reekon-tools,https://jobs.lever.co/reekon-tools
ReFED,refed,https://jobs.lever.co/refed
Regal,regalvoice,https://jobs.lever.co/regalvoice
REGENXBIO,regenxbio,https://jobs.lever.co/regenxbio
Regrello,regrello,https://jobs.lever.co/regrello
"Reinventing Geospatial, Inc. (RGi)",rgi,https://jobs.lever.co/rgi
Relay,relay,https://jobs.lever.co/relay
Relay Commerce,relay-commerce,https://jobs.lever.co/relay-commerce
Relay Robotics,relayrobotics.com,https://jobs.lever.co/relayrobotics.com
Reli.,shopreli,https://jobs.lever.co/shopreli
Reliable Robotics,reliable,https://jobs.lever.co/reliable
Remedyproductstudio,remedyproductstudio,https://jobs.lever.co/remedyproductstudio
RemoFirst,remofirst,https://jobs.lever.co/remofirst
Render Networks,rendernetworks,https://jobs.lever.co/rendernetworks
Renegade,renegade,https://jobs.lever.co/renegade
Renewal by Andersen,windowsbyrba,https://jobs.lever.co/windowsbyrba
RenoFi,renofi,https://jobs.lever.co/renofi
Reply,reply,https://jobs.lever.co/reply
rePurpose Global,repurposeglobal,https://jobs.lever.co/repurposeglobal
Research Innovations,researchinnovations.com,https://jobs.lever.co/researchinnovations.com
ResearchGate,researchgate,https://jobs.lever.co/researchgate
Resiliencelab,resiliencelab,https://jobs.lever.co/resiliencelab
Resilient Co,resilientco,https://jobs.lever.co/resilientco
Resilinc,resilinc,https://jobs.lever.co/resilinc
Restaurant365,restaurant365,https://jobs.lever.co/restaurant365
Restore Dispensaries,restore-dispensaries,https://jobs.lever.co/restore-dispensaries
Restream,restream,https://jobs.lever.co/restream
Retired.com,retired,https://jobs.lever.co/retired
Retro,retro,https://jobs.lever.co/retro
Reveal Technology,revealtech,https://jobs.lever.co/revealtech
Revefi,revefi,https://jobs.lever.co/revefi
Revel,revel,https://jobs.lever.co/revel
Reveneer,reveneer,https://jobs.lever.co/reveneer
Revenue Analytics,revenueanalytics,https://jobs.lever.co/revenueanalytics
Revhealth,revhealth,https://jobs.lever.co/revhealth
Revinate,revinate,https://jobs.lever.co/revinate
ReviveRX and Ways2Well,reviverx,https://jobs.lever.co/reviverx
Rewards Network,rewardsnetwork,https://jobs.lever.co/rewardsnetwork
Rezolute,rezolutebio,https://jobs.lever.co/rezolutebio
Rezolve Ai,groupbyinc,https://jobs.lever.co/groupbyinc
Rhino-Back Roofing,rhinobackroofing,https://jobs.lever.co/rhinobackroofing
Rhombus,rhombus-systems,https://jobs.lever.co/rhombus-systems
"Richard Fleischman & Associates, Inc.",rfa-2,https://jobs.lever.co/rfa-2
Richard L. Duchossois Foundation,rld-foundation,https://jobs.lever.co/rld-foundation
Richards Building Supply,richards-supply,https://jobs.lever.co/richards-supply
Richards Services,richards-services,https://jobs.lever.co/richards-services
Ride Aventon,aventon,https://jobs.lever.co/aventon
Ridwell,Ridwell,https://jobs.lever.co/Ridwell
Rigetti Computing,rigetti,https://jobs.lever.co/rigetti
Right Formula LTD,rightformula,https://jobs.lever.co/rightformula
Right Side Up,rightsideup,https://jobs.lever.co/rightsideup
Rillet,rillet,https://jobs.lever.co/rillet
RioCan,riocan,https://jobs.lever.co/riocan
Riot Security,tryriot,https://jobs.lever.co/tryriot
Riptide Technology,RiptideTech,https://jobs.lever.co/RiptideTech
RISE,rise,https://jobs.lever.co/rise
Riverdale Country School,riverdale,https://jobs.lever.co/riverdale
Ro,ro,https://jobs.lever.co/ro
Roadrunner Venture Studio,roadrunner-studios,https://jobs.lever.co/roadrunner-studios
Robbins Recruiting,robbinsrecruiting,https://jobs.lever.co/robbinsrecruiting
Robotics and AI Institute,rai,https://jobs.lever.co/rai
Robust.ai,robust-ai,https://jobs.lever.co/robust-ai
Rocket Communications,rocketcommunications,https://jobs.lever.co/rocketcommunications
Rocket Partners,rocketpartners,https://jobs.lever.co/rocketpartners
Rocketship Public Schools,rocketship,https://jobs.lever.co/rocketship
ROH,ROH,https://jobs.lever.co/ROH
Roofstacks,roofstacks,https://jobs.lever.co/roofstacks
Rook Coffee,rookcoffee,https://jobs.lever.co/rookcoffee
Root16,root16,https://jobs.lever.co/root16
Roshal Health,roshalimaging,https://jobs.lever.co/roshalimaging
RouteThis,RouteThis,https://jobs.lever.co/RouteThis
Rover.com,rover,https://jobs.lever.co/rover
Rovio,rovio-2,https://jobs.lever.co/rovio-2
Rowan,heyrowan,https://jobs.lever.co/heyrowan
Royal Ambulance,royalambulance,https://jobs.lever.co/royalambulance
Ruby Play,rubyplay,https://jobs.lever.co/rubyplay
Runhappy,tildei,https://jobs.lever.co/tildei
Rupa Health,rupa,https://jobs.lever.co/rupa
RWS TrainAI,rws,https://jobs.lever.co/rws
Rylo,rylo,https://jobs.lever.co/rylo
RYZ Labs,RyzLabs,https://jobs.lever.co/RyzLabs
Safe Security,safe,https://jobs.lever.co/safe
SafetyCulture,safetyculture-2,https://jobs.lever.co/safetyculture-2
Safran.AI,safran-ai,https://jobs.lever.co/safran-ai
Saga,saga-xyz,https://jobs.lever.co/saga-xyz
SAIT,sait,https://jobs.lever.co/sait
Sakon,sakon,https://jobs.lever.co/sakon
SalvoHealth,salvohealth,https://jobs.lever.co/salvohealth
Samba,sambatv,https://jobs.lever.co/sambatv
"San Diego Human Resources Consulting, Inc",sdhrconsulting,https://jobs.lever.co/sdhrconsulting
San Francisco Giants,sfgiants,https://jobs.lever.co/sfgiants
Sana Benefits,sanabenefits,https://jobs.lever.co/sanabenefits
Sandbox VR,sandboxvr,https://jobs.lever.co/sandboxvr
Sapio Sciences,sapiosciences,https://jobs.lever.co/sapiosciences
Sapling - Partner,sapling,https://jobs.lever.co/sapling
SAR Academy & SAR High School,sar,https://jobs.lever.co/sar
Saronic,saronic,https://jobs.lever.co/saronic
Satispay,satispay,https://jobs.lever.co/satispay
Sauce,Sauce,https://jobs.lever.co/Sauce
Saudi Tourism Authority,sta,https://jobs.lever.co/sta
Saviynt,saviynt,https://jobs.lever.co/saviynt
sbz,sbz,https://jobs.lever.co/sbz
Scale Microgrid Solutions,ScaleMicrogridSolutions,https://jobs.lever.co/ScaleMicrogridSolutions
ScaleTech,scale3c,https://jobs.lever.co/scale3c
Scaleway,scaleway,https://jobs.lever.co/scaleway
Scality,scality,https://jobs.lever.co/scality
Schedule Engine,scheduleengine,https://jobs.lever.co/scheduleengine
Schmidt Entities,schmidt-entities,https://jobs.lever.co/schmidt-entities
Scholar Rock,scholarrock,https://jobs.lever.co/scholarrock
Scholars of Finance,scholarsoffinance,https://jobs.lever.co/scholarsoffinance
Scismic,scismic,https://jobs.lever.co/scismic
Scoperecruiting,scoperecruiting,https://jobs.lever.co/scoperecruiting
Scott Logic,scottlogic,https://jobs.lever.co/scottlogic
Seaport Global Holdings LLC,seaportglobal,https://jobs.lever.co/seaportglobal
Seattle Art Museum,seattleartmuseum,https://jobs.lever.co/seattleartmuseum
Secure Code Warrior,securecodewarrior,https://jobs.lever.co/securecodewarrior
Secureframe,secureframe,https://jobs.lever.co/secureframe
Seedify Fund,seedify-fund,https://jobs.lever.co/seedify-fund
Seer Interactive,seerinteractive,https://jobs.lever.co/seerinteractive
SEP,sep,https://jobs.lever.co/sep
Sequel Med Tech,sequel-med-tech,https://jobs.lever.co/sequel-med-tech
Serigraph,serigraph,https://jobs.lever.co/serigraph
Serotonin,serotonin,https://jobs.lever.co/serotonin
Serv-U-Success,serv-u-success,https://jobs.lever.co/serv-u-success
Serverfarm,serverfarm,https://jobs.lever.co/serverfarm
Service Wire,servicewire,https://jobs.lever.co/servicewire
ServiceRocket,servicerocket,https://jobs.lever.co/servicerocket
Serán BioScience,seranbio,https://jobs.lever.co/seranbio
Sesame,sesame,https://jobs.lever.co/sesame
Seven Starling,seven-starling,https://jobs.lever.co/seven-starling
SFEIR,sfeir,https://jobs.lever.co/sfeir
SFMOMA,sfmoma,https://jobs.lever.co/sfmoma
Shadow,shadow,https://jobs.lever.co/shadow
ShakaCode,shakacode,https://jobs.lever.co/shakacode
Shakudo,shakudo,https://jobs.lever.co/shakudo
Sharpsmart,sharpsmart,https://jobs.lever.co/sharpsmart
Shield AI,shieldai,https://jobs.lever.co/shieldai
Shiru,shiru,https://jobs.lever.co/shiru
Shop Your Way,syw.com,https://jobs.lever.co/syw.com
ShopBack,shopback-2,https://jobs.lever.co/shopback-2
Showcase IDX,showcaseidx,https://jobs.lever.co/showcaseidx
Showpo,showpo-2,https://jobs.lever.co/showpo-2
ShyftLabs,shyftlabs,https://jobs.lever.co/shyftlabs
Side,sideinc,https://jobs.lever.co/sideinc
Siepe,siepe,https://jobs.lever.co/siepe
Sierra Club,sierraclub,https://jobs.lever.co/sierraclub
Siete Foods,sietefoods-2,https://jobs.lever.co/sietefoods-2
Sign In Solutions,signinsolutions,https://jobs.lever.co/signinsolutions
Signal Messenger,signal,https://jobs.lever.co/signal
"Significance, Inc.",significanceinc,https://jobs.lever.co/significanceinc
Sila,silasg,https://jobs.lever.co/silasg
Sila Services,sila,https://jobs.lever.co/sila
Silverback Strategies,silverbackstrategies,https://jobs.lever.co/silverbackstrategies
Simbe Robotics,SimbeRobotics,https://jobs.lever.co/SimbeRobotics
SimonMed Imaging,simonmed,https://jobs.lever.co/simonmed
Simpleventures,simpleventures,https://jobs.lever.co/simpleventures
Simulmedia,simulmedia,https://jobs.lever.co/simulmedia
Sinecure Inc.,strategysource,https://jobs.lever.co/strategysource
SingerLewak,singerlewak,https://jobs.lever.co/singerlewak
SiteGround,siteground,https://jobs.lever.co/siteground
Sitetracker,sitetracker,https://jobs.lever.co/sitetracker
Skello,skello,https://jobs.lever.co/skello
Skillcloud HCM,skillcloudhcm,https://jobs.lever.co/skillcloudhcm
Skillerszone,skillerszone,https://jobs.lever.co/skillerszone
SKIMA INNOVATIONS PRIVATE LIMITED,skima,https://jobs.lever.co/skima
Skinny Dipped,skinny-dipped,https://jobs.lever.co/skinny-dipped
Skio,skio,https://jobs.lever.co/skio
Skip,skipscooters,https://jobs.lever.co/skipscooters
Skydance,skydance,https://jobs.lever.co/skydance
SkyGrid,skygrid,https://jobs.lever.co/skygrid
Skyline Construction,skylineconstruction,https://jobs.lever.co/skylineconstruction
Skypoint,skypointcloud,https://jobs.lever.co/skypointcloud
Skyral Group,skyralio,https://jobs.lever.co/skyralio
SkySafe,skysafe,https://jobs.lever.co/skysafe
SkySlope,skyslope,https://jobs.lever.co/skyslope
"Skyward IT Solutions, LLC",skywarditsolutions,https://jobs.lever.co/skywarditsolutions
Skyways,skyways,https://jobs.lever.co/skyways
Slangai,slangai,https://jobs.lever.co/slangai
Slate,slate,https://jobs.lever.co/slate
Smarsh,smarsh,https://jobs.lever.co/smarsh
Smart Energy Group,smartenergy,https://jobs.lever.co/smartenergy
Smart Working Solutions,smart-working-solutions,https://jobs.lever.co/smart-working-solutions
Smile Digital Health,smiledigitalhealth,https://jobs.lever.co/smiledigitalhealth
Smile.io,Smile.io,https://jobs.lever.co/Smile.io
SnapLogic,snaplogic,https://jobs.lever.co/snaplogic
Snappr,snappr,https://jobs.lever.co/snappr
Snif,Snif,https://jobs.lever.co/Snif
Social Influence LLC,print-recruiting,https://jobs.lever.co/print-recruiting
Sofar Sounds,sofarsounds,https://jobs.lever.co/sofarsounds
Softdocs,softdocs,https://jobs.lever.co/softdocs
Softworld,softworld,https://jobs.lever.co/softworld
Solar Landscape,solarlandscape,https://jobs.lever.co/solarlandscape
"Solestial, Inc.",solestial,https://jobs.lever.co/solestial
SOLFL,solfl,https://jobs.lever.co/solfl
SoloPulse,solopulseco,https://jobs.lever.co/solopulseco
Solution Design Group,solutiondesign,https://jobs.lever.co/solutiondesign
Solutions Journalism Network,solutionsjournalism,https://jobs.lever.co/solutionsjournalism
Solutus Legal Search,solutuslegal,https://jobs.lever.co/solutuslegal
Solv,solvhealth,https://jobs.lever.co/solvhealth
Sonar,sonarsource,https://jobs.lever.co/sonarsource
Sonatype,sonatype,https://jobs.lever.co/sonatype
Soni,soniresources,https://jobs.lever.co/soniresources
Sonrai Security,sonrai-security,https://jobs.lever.co/sonrai-security
Sophos,sophos,https://jobs.lever.co/sophos
Sora Schools,soraschools,https://jobs.lever.co/soraschools
SOUM,soum,https://jobs.lever.co/soum
SoundStack,SoundStack,https://jobs.lever.co/SoundStack
Source,source,https://jobs.lever.co/source
Space Systems Integration,SpaceSystemsIntegration,https://jobs.lever.co/SpaceSystemsIntegration
SpawGlass,spawglass,https://jobs.lever.co/spawglass
Spear AI,spear-ai,https://jobs.lever.co/spear-ai
Spear Physical and Occupational Therapy,spear,https://jobs.lever.co/spear
Spectrum,spectrum,https://jobs.lever.co/spectrum
Spice AI,spiceai,https://jobs.lever.co/spiceai
Spin Technology,spinai,https://jobs.lever.co/spinai
Spine Media,spine-media,https://jobs.lever.co/spine-media
Spiria,spiria,https://jobs.lever.co/spiria
Splend,splend,https://jobs.lever.co/splend
SPMB,spmb,https://jobs.lever.co/spmb
Spotify,spotify,https://jobs.lever.co/spotify
Spotlio,catalate,https://jobs.lever.co/catalate
Spreedly,spreedly,https://jobs.lever.co/spreedly
Spreetail,spreetail,https://jobs.lever.co/spreetail
Spring Oak Senior Living,springoakliving,https://jobs.lever.co/springoakliving
Sprinto,Sprinto,https://jobs.lever.co/Sprinto
Spruce Street Compliance,sprucestreetcomp,https://jobs.lever.co/sprucestreetcomp
Spry Methods,sprymethods,https://jobs.lever.co/sprymethods
SpryPoint,sprypointservices,https://jobs.lever.co/sprypointservices
Spyke Games,spyke-games,https://jobs.lever.co/spyke-games
SQA Services,sqaservices,https://jobs.lever.co/sqaservices
SQUIRE,getsquire,https://jobs.lever.co/getsquire
Squire Patton Boggs,squirepb,https://jobs.lever.co/squirepb
Stable Money,stable-money1,https://jobs.lever.co/stable-money1
Stackblitz,stackblitz,https://jobs.lever.co/stackblitz
StackedSP Inc,stackedsp,https://jobs.lever.co/stackedsp
StackHawk,stackhawk,https://jobs.lever.co/stackhawk
Staffing Fitness,staffingfitness,https://jobs.lever.co/staffingfitness
Stand Together,standtogether,https://jobs.lever.co/standtogether
Stanley Consultants,stanleygroup,https://jobs.lever.co/stanleygroup
StarCompliance,starcompliance,https://jobs.lever.co/starcompliance
Stardog,stardog,https://jobs.lever.co/stardog
Stark Bank,starkbank,https://jobs.lever.co/starkbank
StartEngine,startengine,https://jobs.lever.co/startengine
StartupTAP,startuptap,https://jobs.lever.co/startuptap
Stax,stax,https://jobs.lever.co/stax
SteerBridge,steerbridge,https://jobs.lever.co/steerbridge
STEM Prep Academy,stemprepacademy,https://jobs.lever.co/stemprepacademy
Steyer for Governor 2026,tom-steyer,https://jobs.lever.co/tom-steyer
Stockpile,stockpile,https://jobs.lever.co/stockpile
Stoneridge Software,stoneridgesoftware,https://jobs.lever.co/stoneridgesoftware
Storio group,storiogroup,https://jobs.lever.co/storiogroup
Storygrounds,Storygrounds,https://jobs.lever.co/Storygrounds
Strada Education Foundation,stradaeducation,https://jobs.lever.co/stradaeducation
StraighterLine,straighterline,https://jobs.lever.co/straighterline
Strategic Data Systems,sdatasystems.com,https://jobs.lever.co/sdatasystems.com
Strategic Gears,strategicgears,https://jobs.lever.co/strategicgears
"Streck, LLC",streck,https://jobs.lever.co/streck
Strong Compute,strongcompute,https://jobs.lever.co/strongcompute
Studio Three,StudioThree,https://jobs.lever.co/StudioThree
Studion,gostudion,https://jobs.lever.co/gostudion
StudyPoint,studypoint,https://jobs.lever.co/studypoint
Subsense,subsense,https://jobs.lever.co/subsense
Succession Planning for Railroads Investing in the Next Generation LLC,springrecruits,https://jobs.lever.co/springrecruits
SugarAI,sugarcrm,https://jobs.lever.co/sugarcrm
Suger.io,suger,https://jobs.lever.co/suger
Summit,summithq,https://jobs.lever.co/summithq
Summit Management Corporation,summitmgmt-corp,https://jobs.lever.co/summitmgmt-corp
Sumo Group,sumo-digital,https://jobs.lever.co/sumo-digital
SUN.STUDIO,sunstudio,https://jobs.lever.co/sunstudio
Sundrive,sundrivesolar,https://jobs.lever.co/sundrivesolar
Sunrise Farms,sunrisefarms,https://jobs.lever.co/sunrisefarms
Sunshine Sachs Morgan & Lylis,sunshinesachs,https://jobs.lever.co/sunshinesachs
SunSource,sunsrce,https://jobs.lever.co/sunsrce
Sunwater Capital,sunwatercapital,https://jobs.lever.co/sunwatercapital
Super,super,https://jobs.lever.co/super
SuperAnnotate AI,superannotate,https://jobs.lever.co/superannotate
Superior Executive Legal Recruiting,superiorexecutiveandlegalrecruiting,https://jobs.lever.co/superiorexecutiveandlegalrecruiting
Supermove,supermove,https://jobs.lever.co/supermove
Superside,superside,https://jobs.lever.co/superside
Superstate,superstate,https://jobs.lever.co/superstate
Sure,sure,https://jobs.lever.co/sure
Surfshark,surfshark,https://jobs.lever.co/surfshark
Swapcard,swapcard,https://jobs.lever.co/swapcard
SwiftConnect,swiftconnect,https://jobs.lever.co/swiftconnect
Swiftly,SwiftlySystems,https://jobs.lever.co/SwiftlySystems
"Swiftly, Inc.",goswift,https://jobs.lever.co/goswift
SwiftLynx AI,swiftlynx,https://jobs.lever.co/swiftlynx
Swile,swile,https://jobs.lever.co/swile
SwingDev—a hippo company,swingdev,https://jobs.lever.co/swingdev
Swissblock,swissblock,https://jobs.lever.co/swissblock
SwissBorg,swissborg,https://jobs.lever.co/swissborg
Sword Health,swordhealth,https://jobs.lever.co/swordhealth
Symplicity,symplicity,https://jobs.lever.co/symplicity
Synapticure,synapticure,https://jobs.lever.co/synapticure
Synergy ECP,synergyecp,https://jobs.lever.co/synergyecp
SynMax,synmax,https://jobs.lever.co/synmax
Synolo Therapeutics,synolotx,https://jobs.lever.co/synolotx
Syntax,syntax,https://jobs.lever.co/syntax
Synthego,synthego,https://jobs.lever.co/synthego
Syntronic,syntronic,https://jobs.lever.co/syntronic
Sysdig,sysdig,https://jobs.lever.co/sysdig
System1,system1,https://jobs.lever.co/system1
T5 Data Centers,t5datacenters,https://jobs.lever.co/t5datacenters
TACT,tact,https://jobs.lever.co/tact
Tagup,tagup,https://jobs.lever.co/tagup
Tahoe Therapeutics,tahoebio-ai,https://jobs.lever.co/tahoebio-ai
Tala,tala,https://jobs.lever.co/tala
Talkwalker,talkwalker,https://jobs.lever.co/talkwalker
Tandems,tandems,https://jobs.lever.co/tandems
Tangram,tangram,https://jobs.lever.co/tangram
Tangram Interiors,tangraminteriors,https://jobs.lever.co/tangraminteriors
TD Thornton,tdthornton,https://jobs.lever.co/tdthornton
TDA_Boulder,tdaboulder,https://jobs.lever.co/tdaboulder
TeamBuilders Behavioral Health,teambuilders,https://jobs.lever.co/teambuilders
Teamshares,teamshares,https://jobs.lever.co/teamshares
TeamSnap,teamsnap,https://jobs.lever.co/teamsnap
Tech Nation,technation,https://jobs.lever.co/technation
Technexus,technexus,https://jobs.lever.co/technexus
Technology Advancement Group,tag,https://jobs.lever.co/tag
TechQuarter,techquarter,https://jobs.lever.co/techquarter
TEECOM,teecom,https://jobs.lever.co/teecom
Teikametrics,teikametrics,https://jobs.lever.co/teikametrics
Tektome Inc.,tektome,https://jobs.lever.co/tektome
Tekton,tekton,https://jobs.lever.co/tekton
Teleo,teleo,https://jobs.lever.co/teleo
Teleport,teleport,https://jobs.lever.co/teleport
Telesat,telesat,https://jobs.lever.co/telesat
TELEXISTENCE Inc.,tx-inc.com,https://jobs.lever.co/tx-inc.com
Teller,teller,https://jobs.lever.co/teller
Tendo,tendo,https://jobs.lever.co/tendo
Tenna,tenna,https://jobs.lever.co/tenna
Teramind,teramind,https://jobs.lever.co/teramind
Terawatt Infrastructure,terawattinfrastructure,https://jobs.lever.co/terawattinfrastructure
Terminus,terminus,https://jobs.lever.co/terminus
Termius,Termius,https://jobs.lever.co/Termius
Terra,terrahq,https://jobs.lever.co/terrahq
Terraformation,Terraformation,https://jobs.lever.co/Terraformation
Terraline,SoloAVT,https://jobs.lever.co/SoloAVT
TerrAscend,terrascend,https://jobs.lever.co/terrascend
Terrascope,terrascope,https://jobs.lever.co/terrascope
Terrific,terrific-innovation,https://jobs.lever.co/terrific-innovation
Tesorio,tesorio,https://jobs.lever.co/tesorio
Tevora,tevora,https://jobs.lever.co/tevora
Texas Original,texas-original,https://jobs.lever.co/texas-original
Text,livechatinc,https://jobs.lever.co/livechatinc
TextNow,textnow,https://jobs.lever.co/textnow
Thalo Labs,thalolabs,https://jobs.lever.co/thalolabs
The Athletic Media Company,theathletic,https://jobs.lever.co/theathletic
The Black Tux,theblacktux,https://jobs.lever.co/theblacktux
The Block,theblockcrypto,https://jobs.lever.co/theblockcrypto
The Canadian National Exhibition,theex,https://jobs.lever.co/theex
The CUS,commerce-undergraduate,https://jobs.lever.co/commerce-undergraduate
The Dispatch,thedispatch,https://jobs.lever.co/thedispatch
The DIV Fund,div,https://jobs.lever.co/div
The END Fund,end,https://jobs.lever.co/end
The Engine,engine,https://jobs.lever.co/engine
The Free Press,thefp,https://jobs.lever.co/thefp
The Heritage Automotive Group,heritagevt,https://jobs.lever.co/heritagevt
The Information Lab,theinformationlab,https://jobs.lever.co/theinformationlab
The Kingfish Company,kingfish-company,https://jobs.lever.co/kingfish-company
The Krazy Coupon Lady,thekrazycouponlady,https://jobs.lever.co/thekrazycouponlady
The Menta Education Group,menta,https://jobs.lever.co/menta
The Metropolitan Opera,metopera,https://jobs.lever.co/metopera
The People Brand,thepeoplebrand,https://jobs.lever.co/thepeoplebrand
The PIE Executive Search,thepieexecsearch,https://jobs.lever.co/thepieexecsearch
The Real Deal,therealdeal,https://jobs.lever.co/therealdeal
The Sales Factory,thesalesfactory,https://jobs.lever.co/thesalesfactory
"The SpyGlass Group, LLC.",spyglass,https://jobs.lever.co/spyglass
The Trevor Project,thetrevorproject,https://jobs.lever.co/thetrevorproject
The Upright Project,uprightproject,https://jobs.lever.co/uprightproject
The Voleon Group,voleon,https://jobs.lever.co/voleon
Thea Energy,thea.energy,https://jobs.lever.co/thea.energy
Theodo,theodo,https://jobs.lever.co/theodo
"Therma-Tron-X, Inc.",ttxinc,https://jobs.lever.co/ttxinc
Thiga,thiga,https://jobs.lever.co/thiga
Thimble,thimble,https://jobs.lever.co/thimble
Thinkingbox,thinkingbox,https://jobs.lever.co/thinkingbox
Third City Christian Church,third-city-christian-church,https://jobs.lever.co/third-city-christian-church
Thomas & Hutton,tandh,https://jobs.lever.co/tandh
"Threat Tec, LLC",threattec,https://jobs.lever.co/threattec
Thrive Causemetics,thrivecausemetics,https://jobs.lever.co/thrivecausemetics
Thrive Therapies Group,thrive-therapies,https://jobs.lever.co/thrive-therapies
Thriving Center Of Psychology,thrivingcenterofpsych,https://jobs.lever.co/thrivingcenterofpsych
Thuma,thuma,https://jobs.lever.co/thuma
Thunkable,thunkable,https://jobs.lever.co/thunkable
Tiberius Aerospace Inc.,tiberius,https://jobs.lever.co/tiberius
Tinybird,tinybird,https://jobs.lever.co/tinybird
Titan Electric,titanelectric-ga,https://jobs.lever.co/titanelectric-ga
Titan Wealth Holdings Limited,titanwh,https://jobs.lever.co/titanwh
TKDA,tkda,https://jobs.lever.co/tkda
TodayTix Group,todaytixgroup,https://jobs.lever.co/todaytixgroup
Togetherhood,togetherhood,https://jobs.lever.co/togetherhood
Tokai Rika Group,tramgroup,https://jobs.lever.co/tramgroup
Toku,toku,https://jobs.lever.co/toku
Tom James Company,tomjames,https://jobs.lever.co/tomjames
Tonic,tonic,https://jobs.lever.co/tonic
Tonkean,tonkean,https://jobs.lever.co/tonkean
Tonsser,tonsser,https://jobs.lever.co/tonsser
Topaz Labs,topazlabs,https://jobs.lever.co/topazlabs
TOPdesk,topdesk,https://jobs.lever.co/topdesk
Topicals,topicalsrx,https://jobs.lever.co/topicalsrx
Topl,Topl,https://jobs.lever.co/Topl
Toptal,toptal,https://jobs.lever.co/toptal
Torch Dental,torchdental,https://jobs.lever.co/torchdental
Total Expert,totalexpert,https://jobs.lever.co/totalexpert
Tovala,tovala,https://jobs.lever.co/tovala
TowardJobs,usasurveyjob,https://jobs.lever.co/usasurveyjob
Toyota Research Institute,tri,https://jobs.lever.co/tri
Traackr,traackr,https://jobs.lever.co/traackr
Track VFX,trackvfx,https://jobs.lever.co/trackvfx
Trackforce,tracktik,https://jobs.lever.co/tracktik
Tracksuit Limited,tracksuit-limited,https://jobs.lever.co/tracksuit-limited
Tractian,tractian,https://jobs.lever.co/tractian
Trail Appliances Ltd.,trailappliances,https://jobs.lever.co/trailappliances
TrainSweatEat,trainsweateat,https://jobs.lever.co/trainsweateat
Trans Lifeline,translifeline,https://jobs.lever.co/translifeline
Transcarent,transcarent,https://jobs.lever.co/transcarent
Transmutex SA,transmutex,https://jobs.lever.co/transmutex
Transparent Partners,transparentpartners,https://jobs.lever.co/transparentpartners
Travertine,travertine,https://jobs.lever.co/travertine
Treering,treering,https://jobs.lever.co/treering
Trellis,trellis,https://jobs.lever.co/trellis
Trendyol,trendyol,https://jobs.lever.co/trendyol
TreviPay,trevipay,https://jobs.lever.co/trevipay
Trial Library,triallibrary,https://jobs.lever.co/triallibrary
Tribe Payments,tribe-payments,https://jobs.lever.co/tribe-payments
Trility Consulting,trility,https://jobs.lever.co/trility
Trilogy Federal,TrilogyFederal,https://jobs.lever.co/TrilogyFederal
Trinet - Partner,trinet,https://jobs.lever.co/trinet
Trinity Hunt Partners,trinityhunt,https://jobs.lever.co/trinityhunt
TRIO,trio,https://jobs.lever.co/trio
Tripalink,tripalink,https://jobs.lever.co/tripalink
Triveni Bio,trivenibio,https://jobs.lever.co/trivenibio
True Environmental,true-environmental,https://jobs.lever.co/true-environmental
True Platform,trueplatform,https://jobs.lever.co/trueplatform
True Tandem,truetandem,https://jobs.lever.co/truetandem
True Zero Technologies,truezerotech,https://jobs.lever.co/truezerotech
TrueML,trueml,https://jobs.lever.co/trueml
Trunk.io,trunkio,https://jobs.lever.co/trunkio
TrustArc,trustarc,https://jobs.lever.co/trustarc
TrustedHousesitters,trustedhousesitters.com,https://jobs.lever.co/trustedhousesitters.com
Trustly,trustly,https://jobs.lever.co/trustly
TrustYou,trustyou,https://jobs.lever.co/trustyou
Truv,truv,https://jobs.lever.co/truv
TSMG,tsmg,https://jobs.lever.co/tsmg
TSTC,totalsystech,https://jobs.lever.co/totalsystech
TTEC Digital,ttecdigital,https://jobs.lever.co/ttecdigital
Turvo,turvo,https://jobs.lever.co/turvo
Tusker,tusker,https://jobs.lever.co/tusker
Tutor Intelligence,tutorintelligence,https://jobs.lever.co/tutorintelligence
Twingate,twingate,https://jobs.lever.co/twingate
Two Dots,twodots,https://jobs.lever.co/twodots
TXI,txidigital,https://jobs.lever.co/txidigital
TXSE,txse,https://jobs.lever.co/txse
UATX,uaustin,https://jobs.lever.co/uaustin
Uberflip,uberflip,https://jobs.lever.co/uberflip
Ubiminds,Ubiminds,https://jobs.lever.co/Ubiminds
Ubiquity Retirement and Savings (dba Decimal Inc),myubiquity,https://jobs.lever.co/myubiquity
uConnect,gouconnect,https://jobs.lever.co/gouconnect
UCSF,ucsf,https://jobs.lever.co/ucsf
Ullico,ullico,https://jobs.lever.co/ullico
Ultra Health,ultrahealthproviders,https://jobs.lever.co/ultrahealthproviders
UltraViolet Cyber,uvcyber,https://jobs.lever.co/uvcyber
Unify Consulting,unifyconsulting,https://jobs.lever.co/unifyconsulting
UnifyID (acquired by Prove),unify,https://jobs.lever.co/unify
Unison Infrastructure,unisoninfra,https://jobs.lever.co/unisoninfra
United Flow Technologies,uft,https://jobs.lever.co/uft
United Tech,vacancies,https://jobs.lever.co/vacancies
United Way of Greater Los Angeles,unitedwayla,https://jobs.lever.co/unitedwayla
unitQ,unitq,https://jobs.lever.co/unitq
Univeris,univeris.com,https://jobs.lever.co/univeris.com
Universal Electronics Inc.,uei,https://jobs.lever.co/uei
Unlikely,unlikely,https://jobs.lever.co/unlikely
Unlimit,unlimit,https://jobs.lever.co/unlimit
Unstructuredtechnologies,unstructuredtechnologies,https://jobs.lever.co/unstructuredtechnologies
Until,until,https://jobs.lever.co/until
Unusual Ventures,unusual,https://jobs.lever.co/unusual
UpGuard,upguard,https://jobs.lever.co/upguard
UpMetrics,UpMetrics,https://jobs.lever.co/UpMetrics
UQUAL,uqual,https://jobs.lever.co/uqual
US Mobile,USMobile,https://jobs.lever.co/USMobile
US Pack Services LLC,gouspack,https://jobs.lever.co/gouspack
Util-Assist Inc.,util-assist,https://jobs.lever.co/util-assist
UX Woman,ux-woman,https://jobs.lever.co/ux-woman
Vail Systems Inc.,vailsys,https://jobs.lever.co/vailsys
Valarian Technologies Limited,valarian,https://jobs.lever.co/valarian
Valdera,valdera,https://jobs.lever.co/valdera
Valdes Architecture & Engineering,valdeseng,https://jobs.lever.co/valdeseng
Valence,valence,https://jobs.lever.co/valence
ValGenesis,valgenesis,https://jobs.lever.co/valgenesis
Valiantys,valiantys,https://jobs.lever.co/valiantys
Valkyrie Trading,valkyrietrading,https://jobs.lever.co/valkyrietrading
VALPEO,valpeo.com,https://jobs.lever.co/valpeo.com
Vana,vana,https://jobs.lever.co/vana
Varo Bank,varomoney,https://jobs.lever.co/varomoney
Vault Roofing,allstarservicesnow,https://jobs.lever.co/allstarservicesnow
Veda Tech Labs,vedatechlabs,https://jobs.lever.co/vedatechlabs
VeeFriends,VeeFriends,https://jobs.lever.co/VeeFriends
Veepee,veepee,https://jobs.lever.co/veepee
Veeva Systems,veeva,https://jobs.lever.co/veeva
Velo3D,velo3d,https://jobs.lever.co/velo3d
Velocity Global,velocityglobal,https://jobs.lever.co/velocityglobal
Vendavo,vendavo,https://jobs.lever.co/vendavo
Venteur,venteur,https://jobs.lever.co/venteur
Venus Aerospace,venusaero,https://jobs.lever.co/venusaero
Veo,veo,https://jobs.lever.co/veo
VEON-HQ,veonhq,https://jobs.lever.co/veonhq
Verdigris,verdigris,https://jobs.lever.co/verdigris
VergeSense,vergesense,https://jobs.lever.co/vergesense
Verifiable,verifiable,https://jobs.lever.co/verifiable
Veris Insights,verisinsights,https://jobs.lever.co/verisinsights
Verisys,aperturehealth,https://jobs.lever.co/aperturehealth
Veritas Investments,veritasinv,https://jobs.lever.co/veritasinv
Verkor,verkor,https://jobs.lever.co/verkor
Versana,Versana,https://jobs.lever.co/Versana
Versapay,versapay,https://jobs.lever.co/versapay
Vessel Technologies,myvessel,https://jobs.lever.co/myvessel
Vested,fullyvested,https://jobs.lever.co/fullyvested
Vestiaire Collective,vestiairecollective,https://jobs.lever.co/vestiairecollective
Vesync,vesync,https://jobs.lever.co/vesync
Vevo,vevo,https://jobs.lever.co/vevo
VGS,verygoodsecurity,https://jobs.lever.co/verygoodsecurity
"Via Separations, Inc.",viaseparations,https://jobs.lever.co/viaseparations
ViaBill,viabill,https://jobs.lever.co/viabill
Viamericas,viamericas,https://jobs.lever.co/viamericas
VICI,vicicollection,https://jobs.lever.co/vicicollection
Vida Health,vida,https://jobs.lever.co/vida
Vidsy,vidsy,https://jobs.lever.co/vidsy
Viget,viget,https://jobs.lever.co/viget
Villa Homes,villa-homes,https://jobs.lever.co/villa-homes
Viome Life Sciences,viome,https://jobs.lever.co/viome
VIPdesk Connect,vipdesk,https://jobs.lever.co/vipdesk
"Virtualitics, Inc",virtualitics,https://jobs.lever.co/virtualitics
Virtus,Virtus,https://jobs.lever.co/Virtus
Visby Medical,visby,https://jobs.lever.co/visby
Viseven,viseven,https://jobs.lever.co/viseven
Vision Invest,visioninvest,https://jobs.lever.co/visioninvest
VivaCity,vivacitylabs,https://jobs.lever.co/vivacitylabs
vivenu GmbH,vivenu,https://jobs.lever.co/vivenu
Vivo Care,vivo-care,https://jobs.lever.co/vivo-care
Vivrelle,vivrelle,https://jobs.lever.co/vivrelle
VO2 Group,vo2-group,https://jobs.lever.co/vo2-group
Vocal Media,get-vocal-pbc,https://jobs.lever.co/get-vocal-pbc
Vogo,vogo,https://jobs.lever.co/vogo
Vohra Physicians,vohra,https://jobs.lever.co/vohra
Volt,voltai,https://jobs.lever.co/voltai
"Volta Labs, Inc.",voltalabs,https://jobs.lever.co/voltalabs
Voltus,voltus,https://jobs.lever.co/voltus
VOW for Girls,vowforgirls,https://jobs.lever.co/vowforgirls
VRChat,vrchat,https://jobs.lever.co/vrchat
Vrify Trial,vrify,https://jobs.lever.co/vrify
VTG,vtg,https://jobs.lever.co/vtg
Waabi,waabi,https://jobs.lever.co/waabi
"Wachter, Inc.",wachter,https://jobs.lever.co/wachter
Wade Trim,wadetrim,https://jobs.lever.co/wadetrim
Wahed,wahed.com,https://jobs.lever.co/wahed.com
Wahi,wahi,https://jobs.lever.co/wahi
WaitWhat,waitwhat,https://jobs.lever.co/waitwhat
Walker & Company,walkerandcompany,https://jobs.lever.co/walkerandcompany
Walker Consultants,walkerconsultants,https://jobs.lever.co/walkerconsultants
WalkMe,walkme,https://jobs.lever.co/walkme
Ware Malcomb,waremalcomb,https://jobs.lever.co/waremalcomb
"Warmly,",warmly,https://jobs.lever.co/warmly
Warner Music Group,wmg,https://jobs.lever.co/wmg
Wasatch Global Investors,wasatchglobal,https://jobs.lever.co/wasatchglobal
"WatchGuard Technologies, Inc.",watchguard,https://jobs.lever.co/watchguard
Waterfall,waterfall,https://jobs.lever.co/waterfall
Waterworks,waterworks,https://jobs.lever.co/waterworks
Wave HQ,waveapps,https://jobs.lever.co/waveapps
Wavicle Data Solutions,wavicledata,https://jobs.lever.co/wavicledata
Way,Way,https://jobs.lever.co/Way
Wayground (formerly Quizizz),Wayground,https://jobs.lever.co/Wayground
Wealthfront,wealthfront,https://jobs.lever.co/wealthfront
Wealthsimple,wealthsimple,https://jobs.lever.co/wealthsimple
Web Summit,websummit,https://jobs.lever.co/websummit
webfx.com,webfx,https://jobs.lever.co/webfx
WEBTOON Entertainment Inc. (Wattpad & WEBTOON Family of Brands),wattpad,https://jobs.lever.co/wattpad
Weekday,weekdayworks,https://jobs.lever.co/weekdayworks
Wellfit Technologies,wellfit,https://jobs.lever.co/wellfit
Welo Global,weloglobal,https://jobs.lever.co/weloglobal
WEP Clinical,wepclinical,https://jobs.lever.co/wepclinical
WeRide.ai,weride,https://jobs.lever.co/weride
WeSalute,WeSalute,https://jobs.lever.co/WeSalute
Western Aircraft,westair,https://jobs.lever.co/westair
Westminster-Canterbury of the Blue Ridge,wc-br,https://jobs.lever.co/wc-br
WGSN,wgsn,https://jobs.lever.co/wgsn
Whereby,whereby,https://jobs.lever.co/whereby
Whiterabbit.ai,whiterabbit,https://jobs.lever.co/whiterabbit
Whoop,whoop,https://jobs.lever.co/whoop
Wilbur Labs,wilburlabs,https://jobs.lever.co/wilburlabs
Williamsburg Learning,williamsburglearning,https://jobs.lever.co/williamsburglearning
Willow,willowinc,https://jobs.lever.co/willowinc
WINAMAX,winamax,https://jobs.lever.co/winamax
Windfall,windfalldata,https://jobs.lever.co/windfalldata
Window Nation,windownation,https://jobs.lever.co/windownation
Windsor Management,WindsorManagement,https://jobs.lever.co/WindsorManagement
Wing Assistant,getwingapp,https://jobs.lever.co/getwingapp
Wingtra AG,wingtra-2,https://jobs.lever.co/wingtra-2
WinnCompanies,winnco,https://jobs.lever.co/winnco
Wintermute,wintermute-trading,https://jobs.lever.co/wintermute-trading
Wisdomai,wisdomai,https://jobs.lever.co/wisdomai
WisdomTree,wisdomtree,https://jobs.lever.co/wisdomtree
Wisdomtree UK,wisdomtree-2,https://jobs.lever.co/wisdomtree-2
WISEcode,wisecode,https://jobs.lever.co/wisecode
Wishpond Technologies,wishpond,https://jobs.lever.co/wishpond
Wisr,wisr,https://jobs.lever.co/wisr
Wolverine Building Group,wolvgroup,https://jobs.lever.co/wolvgroup
Woodard & Curran,woodardcurran,https://jobs.lever.co/woodardcurran
Working Families Party,workingfamilies,https://jobs.lever.co/workingfamilies
WorkInProgress,workinprogress,https://jobs.lever.co/workinprogress
Workloom,epifi,https://jobs.lever.co/epifi
WorkWave,workwave,https://jobs.lever.co/workwave
World Relief,wr,https://jobs.lever.co/wr
World View,world-view-enterprises-inc.,https://jobs.lever.co/world-view-enterprises-inc.
World Wide Professional Solutions,wwprosolutions,https://jobs.lever.co/wwprosolutions
Worldline NZ,Worldline,https://jobs.lever.co/Worldline
Worldscape Technology Inc.,worldscape-technology,https://jobs.lever.co/worldscape-technology
Woven by Toyota,woven-by-toyota,https://jobs.lever.co/woven-by-toyota
Wpromote,wpromote,https://jobs.lever.co/wpromote
"WRA, Inc.",wra-ca,https://jobs.lever.co/wra-ca
Wristcheck,wristcheck,https://jobs.lever.co/wristcheck
Wyetech,wyetechllc,https://jobs.lever.co/wyetechllc
X by 2,xby2,https://jobs.lever.co/xby2
Xage Security,xage-security,https://jobs.lever.co/xage-security
Xcimer Energy,xcimer,https://jobs.lever.co/xcimer
Xepelin,xepelin,https://jobs.lever.co/xepelin
Xsolla,xsolla,https://jobs.lever.co/xsolla
XTB Trial,xtb,https://jobs.lever.co/xtb
Yardstick,yardstick,https://jobs.lever.co/yardstick
Yardzen,yardzen,https://jobs.lever.co/yardzen
Yassir,Yassir,https://jobs.lever.co/Yassir
Yonex USA,yonexusa,https://jobs.lever.co/yonexusa
Younited,younited,https://jobs.lever.co/younited
Yuno,yuno,https://jobs.lever.co/yuno
YWCA Seattle King Snohomish,ywcaworks,https://jobs.lever.co/ywcaworks
Z1 Tech,z1tech,https://jobs.lever.co/z1tech
Zadara,Zadara,https://jobs.lever.co/Zadara
zaimler,zaimler,https://jobs.lever.co/zaimler
Zambezi,zambezi,https://jobs.lever.co/zambezi
Zanskar,Zanskar,https://jobs.lever.co/Zanskar
Zartis,zartis,https://jobs.lever.co/zartis
Zazzle,zazzle,https://jobs.lever.co/zazzle
Zeeco,zeeco,https://jobs.lever.co/zeeco
Zeffy,zeffy,https://jobs.lever.co/zeffy
Zeiss,zeiss,https://jobs.lever.co/zeiss
Zeller,Zeller,https://jobs.lever.co/Zeller
Zen Educate,zeneducate,https://jobs.lever.co/zeneducate
Zencore,zencore,https://jobs.lever.co/zencore
Zensurance,zensurance,https://jobs.lever.co/zensurance
Zerion,zerion,https://jobs.lever.co/zerion
Zero Homes,zerohomes,https://jobs.lever.co/zerohomes
ZeroTier,zerotier,https://jobs.lever.co/zerotier
Zeta,zeta,https://jobs.lever.co/zeta
Zilliz,zilliz,https://jobs.lever.co/zilliz
Zimperium,zimperium,https://jobs.lever.co/zimperium
Zingtree,zingtree,https://jobs.lever.co/zingtree
Zinier Trial,zinier,https://jobs.lever.co/zinier
Zinovo,zinovo,https://jobs.lever.co/zinovo
Zippi,zippi,https://jobs.lever.co/zippi
Zocks,zocks,https://jobs.lever.co/zocks
Zoox,zoox,https://jobs.lever.co/zoox
Zopa,zopa,https://jobs.lever.co/zopa
Zuma,getzuma,https://jobs.lever.co/getzuma
Zuri Group,zurigroup,https://jobs.lever.co/zurigroup
Zurich Instruments,zurichinstruments,https://jobs.lever.co/zurichinstruments
ZURU,zuru,https://jobs.lever.co/zuru
Zus Health,zushealth,https://jobs.lever.co/zushealth
Zūm,ridezum,https://jobs.lever.co/ridezum
Çiçeksepeti,ciceksepeti,https://jobs.lever.co/ciceksepeti
