name,slug,url
12Build,12build,https://12build.recruitee.com
1X Technologies AS,1x,https://1x.recruitee.com
2am.tech,2am,https://2am.recruitee.com
3PBIOVIAN,biovian,https://biovian.recruitee.com
433,by433,https://by433.recruitee.com
5280 High School,5280highschool,https://5280highschool.recruitee.com
60 seconds to napoli Holding GmbH,60secondstonapoli,https://60secondstonapoli.recruitee.com
A-Gas,agaseurope,https://agaseurope.recruitee.com
A-point,apoint,https://apoint.recruitee.com
aaff B.V.,aaff,https://aaff.recruitee.com
ABRIO GmbH,abriogmbh,https://abriogmbh.recruitee.com
ACE OF PERFORMANCE,aceofperformance,https://aceofperformance.recruitee.com
AI Digital,aidigital,https://aidigital.recruitee.com
AIHR,aihr,https://aihr.recruitee.com
ALEWIJNSE,alewijnse,https://alewijnse.recruitee.com
ALTRAD SERVICES B.V.,bnlaltradservices,https://bnlaltradservices.recruitee.com
AMC nv,amcjobs,https://amcjobs.recruitee.com
AMF Bakery Systems B.V.,amfbakerysystemseurope,https://amfbakerysystemseurope.recruitee.com
AMI PARIS,amiparis,https://amiparis.recruitee.com
ANGEHEUERT GmbH,deintraumjobwartet,https://deintraumjobwartet.recruitee.com
ARCUS Planung + Beratung Bauplanungsgesellschaft mbH,arcus,https://arcus.recruitee.com
ARCenergie GmbH,arcenergie,https://arcenergie.recruitee.com
AUBAY S.A.,aubay,https://aubay.recruitee.com
AVISIA,avisia,https://avisia.recruitee.com
AXI Holding Services,axi,https://axi.recruitee.com
About Objects,aboutobjects,https://aboutobjects.recruitee.com
Academy of Digital Industries,academyofdigitalindustries,https://academyofdigitalindustries.recruitee.com
Acadoro GmbH,acadoro,https://acadoro.recruitee.com
Accelecom,accelecom,https://accelecom.recruitee.com
Accso – Accelerated Solutions GmbH,accso,https://accso.recruitee.com
Ackee Blockchain,ackeeblockchain,https://ackeeblockchain.recruitee.com
Adam Smith International,adamsmithinternational1,https://adamsmithinternational1.recruitee.com
Addepto,addepto,https://addepto.recruitee.com
Adjust,adjust,https://adjust.recruitee.com
Admind,admindagency,https://admindagency.recruitee.com
Advancy Partners,advancy,https://advancy.recruitee.com
AeroDesignWorks GmbH,aerodesignworksgmbh,https://aerodesignworksgmbh.recruitee.com
Aetherflux,aetherflux,https://aetherflux.recruitee.com
Affidea Ireland,affideaireland,https://affideaireland.recruitee.com
Affidea Romania,affidearomania,https://affidearomania.recruitee.com
Aikido Security,aikidosecurity,https://aikidosecurity.recruitee.com
Akademikernas a-kassa,akademikernasakassa,https://akademikernasakassa.recruitee.com
All Right,allright,https://allright.recruitee.com
All Your BI,allyourbi,https://allyourbi.recruitee.com
Allego,allego,https://allego.recruitee.com
Allshore Talent,allshoretalent,https://allshoretalent.recruitee.com
Alphacomm,alphacomm,https://alphacomm.recruitee.com
Alsachimie,alsachimie,https://alsachimie.recruitee.com
Altius Search Group,altiussearchgroup,https://altiussearchgroup.recruitee.com
Amperecloud GmbH,amperecloud,https://amperecloud.recruitee.com
Anchor Health Homecare Services,healthcarerecruiting,https://healthcarerecruiting.recruitee.com
Aneo,aneo,https://aneo.recruitee.com
Anthony Veder,anthonyveder,https://anthonyveder.recruitee.com
AnywhereWorks,anywhereworks,https://anywhereworks.recruitee.com
Applied Value,appliedvalue,https://appliedvalue.recruitee.com
Applitools,applitools,https://applitools.recruitee.com
Aptitude Software,aptitudesoftware1,https://aptitudesoftware1.recruitee.com
Aquablu B.V,aquablu,https://aquablu.recruitee.com
Arealytics,arealytics,https://arealytics.recruitee.com
Arsipa GmbH,arsipa,https://arsipa.recruitee.com
Asksuite,asksuite,https://asksuite.recruitee.com
AssistMe GmbH,assistme,https://assistme.recruitee.com
Athora Netherlands,athora,https://athora.recruitee.com
Attendi,attendi,https://attendi.recruitee.com
Auditdata,auditdata,https://auditdata.recruitee.com
Avant Arte,avantarte,https://avantarte.recruitee.com
BA Logistics GmbH,balogisticsgmbh,https://balogisticsgmbh.recruitee.com
Baker Street,bakerstreet,https://bakerstreet.recruitee.com
Bakker Goedhart Brood & Specialiteiten,bakkergoedhartbroodspecialiteiten,https://bakkergoedhartbroodspecialiteiten.recruitee.com
BAUHAUS Nederland C.V.,bauhausnederlandcv,https://bauhausnederlandcv.recruitee.com
BC Partners,bcpartners,https://bcpartners.recruitee.com
BCN Group,bcngroup,https://bcngroup.recruitee.com
BERNARD Gruppe,bernardgruppe,https://bernardgruppe.recruitee.com
BEST Logistics Group,bestlogisticsgroup,https://bestlogisticsgroup.recruitee.com
BIQH,biqh,https://biqh.recruitee.com
BLOEM!,bloem,https://bloem.recruitee.com
BRP Steuern & Recht,brpsteuernrecht,https://brpsteuernrecht.recruitee.com
BV Azumuta,azumuta,https://azumuta.recruitee.com
BV Enersee,enersee,https://enersee.recruitee.com
BWG Foods,bwgfoods,https://bwgfoods.recruitee.com
Baobab Insurance GmbH,baobabinsurancegmbh,https://baobabinsurancegmbh.recruitee.com
Barrick Gold Corporation,barrickgoldcorporation,https://barrickgoldcorporation.recruitee.com
BeckerBetzInstitute,beckerbetzinstitute,https://beckerbetzinstitute.recruitee.com
Ben Fatto,benfatto,https://benfatto.recruitee.com
BenQ Europe B.V.,benqeuropebv,https://benqeuropebv.recruitee.com
Berlin Metropolitan School,berlinmetropolitanschool,https://berlinmetropolitanschool.recruitee.com
Better Collective A/S,bettercollective,https://bettercollective.recruitee.com
Biscuit International Services Germany GmbH & Co. KG,biscuitinternational,https://biscuitinternational.recruitee.com
Bit,wearebit,https://wearebit.recruitee.com
Bitfinex,bitfinex,https://bitfinex.recruitee.com
Bizcuit,bizcuit,https://bizcuit.recruitee.com
Bizzy,bizzy,https://bizzy.recruitee.com
Black Diamond Networks,blackdiamond,https://blackdiamond.recruitee.com
Black Forest Production GmbH,blackforestproduction,https://blackforestproduction.recruitee.com
BlackBelt Technology,blackbelt,https://blackbelt.recruitee.com
Bloober Team SA,blooberteam,https://blooberteam.recruitee.com
Bluecrux,bluecrux,https://bluecrux.recruitee.com
BluestoneLogic,bluestonelogic,https://bluestonelogic.recruitee.com
Blueye Robotics AS,blueye,https://blueye.recruitee.com
Boggi Milano,boggimilano1,https://boggimilano1.recruitee.com
Bold,boldteam,https://boldteam.recruitee.com
Bonial International GmbH,bonial,https://bonial.recruitee.com
Brainsquare,brainsquare,https://brainsquare.recruitee.com
Brainstack,brainstack,https://brainstack.recruitee.com
Brenger,brenger,https://brenger.recruitee.com
Brighterly,brighterly,https://brighterly.recruitee.com
Brune&Company,bruneundcompany,https://bruneundcompany.recruitee.com
Bundl,bundl,https://bundl.recruitee.com
Bunge Magdeburg GmbH,bungemagdeburggmbh,https://bungemagdeburggmbh.recruitee.com
Bushburg Properties Inc,bushburgpropertiesinc,https://bushburgpropertiesinc.recruitee.com
Bäcker Görtz GmbH,baeckergoertz,https://baeckergoertz.recruitee.com
Bäckerei & Konditorei Hamma,hamma,https://hamma.recruitee.com
Bäckerei Konditorei A. Müller GmbH,muellerprien,https://muellerprien.recruitee.com
Bäckerei Nussbaumer GmbH & Co.KG,nussbaumer,https://nussbaumer.recruitee.com
Bäckerei Walter - Inhaber: Matthias Klöpfer e.K.,baeckereiwalter,https://baeckereiwalter.recruitee.com
CC.Talent,cctalent,https://cctalent.recruitee.com
CCS Connects,ccsconnects,https://ccsconnects.recruitee.com
CERTUSS GmbH,certuss,https://certuss.recruitee.com
CESI,cesi,https://cesi.recruitee.com
CF2i,cf2i,https://cf2i.recruitee.com
CFP Energy (UK) Ltd,cfpenergy,https://cfpenergy.recruitee.com
CM.com,cmcom,https://cmcom.recruitee.com
CONVOTIS Schweiz AG,convotis,https://convotis.recruitee.com
COWMANAGER B.V.,cowmanager,https://cowmanager.recruitee.com
CTS Composite Technologie Systeme GmbH,ctscompositetechnologiesystemegmbh,https://ctscompositetechnologiesystemegmbh.recruitee.com
CURRENTA GRUPPE,currentagruppe,https://currentagruppe.recruitee.com
"Cain Watters & Associates, LLC",cainwattersassociates,https://cainwattersassociates.recruitee.com
Callista Group AG,callista,https://callista.recruitee.com
Camelback Ventures,camelbackventures,https://camelbackventures.recruitee.com
"Career Mentors, LLC",careermentors,https://careermentors.recruitee.com
Caritas Gesundheit Berlin gGmbH,caritasgesundheitberlinggmbh,https://caritasgesundheitberlinggmbh.recruitee.com
Carl Friedrik,carlfriedrik,https://carlfriedrik.recruitee.com
Cartelligent,cartelligent,https://cartelligent.recruitee.com
Carv.com B.V.,carv,https://carv.recruitee.com
Castellucci Hospitality Group,chgcareers,https://chgcareers.recruitee.com
Castolin Eutectic,castolin,https://castolin.recruitee.com
Cedar Point Health,cedarpointhealth,https://cedarpointhealth.recruitee.com
Centric,centric,https://centric.recruitee.com
Cerba Research,cerbaresearch,https://cerbaresearch.recruitee.com
Certus,certus,https://certus.recruitee.com
Change,change,https://change.recruitee.com
Channable,channable,https://channable.recruitee.com
Chapter,chapter,https://chapter.recruitee.com
ChargerHelp,chargerhelp,https://chargerhelp.recruitee.com
Claranet Italia,claranetitalia,https://claranetitalia.recruitee.com
Clario,clario,https://clario.recruitee.com
Climate Action Accelerator,caa,https://caa.recruitee.com
Cloud Solutions International Pvt Ltd,cloudsolutionsinternational,https://cloudsolutionsinternational.recruitee.com
Comnovo GmbH,comnovogmbh,https://comnovogmbh.recruitee.com
Companion Group Ltd,companiongroupltd,https://companiongroupltd.recruitee.com
Companisto GmbH,companisto,https://companisto.recruitee.com
Company,company,https://company.recruitee.com
Confirmo,confirmo,https://confirmo.recruitee.com
Constructive Dialogue Institute,constructivedialogue,https://constructivedialogue.recruitee.com
CoreX,corex,https://corex.recruitee.com
Cory Group,corygroup,https://corygroup.recruitee.com
CouponFollow,cfjobs,https://cfjobs.recruitee.com
Crest Advanced Dry Cleaners,crestadvanceddrycleaners,https://crestadvanceddrycleaners.recruitee.com
Cronimet Envirotec GmbH,cronimetenvirotec,https://cronimetenvirotec.recruitee.com
Curotec,curotec,https://curotec.recruitee.com
Customs Support Group,customssupport,https://customssupport.recruitee.com
"Cycle Construction Co., LLC",cycle,https://cycle.recruitee.com
Cyclomedia Technology,cyclomediatechnology,https://cyclomediatechnology.recruitee.com
D-reizen,dreizen,https://dreizen.recruitee.com
Dance,dance,https://dance.recruitee.com
data nation GmbH,datanation,https://datanation.recruitee.com
DCK Group,dckgroup,https://dckgroup.recruitee.com
DEINE PHYSIOS,deinephysios,https://deinephysios.recruitee.com
DEK Deutsche Extrakt Kaffee GmbH,dekdeutscheextraktkaffeegmbh,https://dekdeutscheextraktkaffeegmbh.recruitee.com
DELFS & PARTNER,delfsteam,https://delfsteam.recruitee.com
DEMV Systems Gmbh,demvsystems,https://demvsystems.recruitee.com
DIVINT Technology GmbH,divint,https://divint.recruitee.com
DVT,dvtcareers,https://dvtcareers.recruitee.com
David Joseph & Company,openrole,https://openrole.recruitee.com
De Nieuwe Zaak,denieuwezaak,https://denieuwezaak.recruitee.com
Debitos GmbH,debitosgmbh,https://debitosgmbh.recruitee.com
Deep DSG,deepdsg,https://deepdsg.recruitee.com
DeepHealth,deephealth,https://deephealth.recruitee.com
Delta Capita,careersdeltacapita,https://careersdeltacapita.recruitee.com
Deluxe Holiday Homes,deluxeholidayhomes,https://deluxeholidayhomes.recruitee.com
Den Jyske Håndværkerskole,denjyskehaandvaerkerskole,https://denjyskehaandvaerkerskole.recruitee.com
Deutsche Extrakt Kaffee GmbH,deutscheextraktkaffeegmbh,https://deutscheextraktkaffeegmbh.recruitee.com
Deutsches Promotionszentrum,deutschespromotionszentrum,https://deutschespromotionszentrum.recruitee.com
Diakonie Auerbach e.V.,diakonieauerbachev,https://diakonieauerbachev.recruitee.com
Diakonie Wuppertal,diakoniewuppertal,https://diakoniewuppertal.recruitee.com
Digital Beat GmbH,digitalbeatgmbh,https://digitalbeatgmbh.recruitee.com
Digital Forms,digitalforms,https://digitalforms.recruitee.com
Digital Minds,digitalminds1,https://digitalminds1.recruitee.com
Dilling Group,dillinggroup,https://dillinggroup.recruitee.com
Distilled,distilled,https://distilled.recruitee.com
Dr. Ansay Ltd.,dransay,https://dransay.recruitee.com
Dresdner Wach- und Sicherungsinstitut GmbH,dwsi,https://dwsi.recruitee.com
EASE Logistics Services LLC,easelogistics,https://easelogistics.recruitee.com
EIGHT ADVISORY SAS,8advisory,https://8advisory.recruitee.com
EMDE Automation GmbH,emdeautomationgmbh,https://emdeautomationgmbh.recruitee.com
EMR Unternehmensberatung GmbH,emrunternehmensberatung,https://emrunternehmensberatung.recruitee.com
ETW Energietechnik GmbH,etwenergietechnikgmbh,https://etwenergietechnikgmbh.recruitee.com
Econocom Nederland B.V.,econocomnederland,https://econocomnederland.recruitee.com
Eisele Flugdienst GmbH,eiseleflugdienstgmbh,https://eiseleflugdienstgmbh.recruitee.com
Eleken,eleken,https://eleken.recruitee.com
Ember,ember,https://ember.recruitee.com
Emmington,emmington,https://emmington.recruitee.com
Employes,employesvacatures,https://employesvacatures.recruitee.com
Emplyfy,emplyfy,https://emplyfy.recruitee.com
Eneve,eneve,https://eneve.recruitee.com
Ensera Design,enseradesign,https://enseradesign.recruitee.com
Entyre Inc,entyreinc,https://entyreinc.recruitee.com
Euro Pizza Products,europizzaproducts,https://europizzaproducts.recruitee.com
Executive Security Group dba Executive Sentinels,executivesentinels,https://executivesentinels.recruitee.com
Exelab S.r.l.,exelab,https://exelab.recruitee.com
Eye Watch Security Group BV,eyewatchsecuritygroupbv,https://eyewatchsecuritygroupbv.recruitee.com
FLEXITGO UAB,flexitgo,https://flexitgo.recruitee.com
FULL Creative,fullcreative,https://fullcreative.recruitee.com
Faktion BV,faktionbv1,https://faktionbv1.recruitee.com
Fastned,fastned,https://fastned.recruitee.com
Fer-Pal Infrastructure,ferpalinfrastructure,https://ferpalinfrastructure.recruitee.com
FieldBuddy,fieldbuddy,https://fieldbuddy.recruitee.com
Finoverse,finoverse,https://finoverse.recruitee.com
Fixico,fixico,https://fixico.recruitee.com
Flagship Amsterdam,werkenbijflagshipamsterdam,https://werkenbijflagshipamsterdam.recruitee.com
Flinn.ai,flinn,https://flinn.recruitee.com
Flower Labs GmbH,flower,https://flower.recruitee.com
Flying Bisons,flyingbisons,https://flyingbisons.recruitee.com
Foleon,foleon,https://foleon.recruitee.com
Fonteynenburg,fonteynenburg,https://fonteynenburg.recruitee.com
Foodji GmbH,foodji,https://foodji.recruitee.com
Formo Foods GmbH,formo,https://formo.recruitee.com
Fortius,fortius,https://fortius.recruitee.com
Foxelli Group,foxelligroup,https://foxelligroup.recruitee.com
Framestore,framestore,https://framestore.recruitee.com
Franz Ziel GmbH,franzzielgmbh,https://franzzielgmbh.recruitee.com
Frisbii,frisbii,https://frisbii.recruitee.com
Frontier Auto Parts,frontierautoparts,https://frontierautoparts.recruitee.com
Funxtion,funxtion,https://funxtion.recruitee.com
FutureWhiz,futurewhiz,https://futurewhiz.recruitee.com
G. Umbreit GmbH & Co. KG,umbreit,https://umbreit.recruitee.com
GEISS Gruppe,geissgruppe,https://geissgruppe.recruitee.com
GEV Wind Power,gevgroupltd,https://gevgroupltd.recruitee.com
GPV China,gpvchina,https://gpvchina.recruitee.com
GRID eSports GmbH,grid,https://grid.recruitee.com
GSB Solutions,gsbsolutions1,https://gsbsolutions1.recruitee.com
Gain,gain,https://gain.recruitee.com
GALENIC COSMETICS LABORATORY,galeniccarriererecrutement,https://galeniccarriererecrutement.recruitee.com
GastroNova GmbH,backspielhaus,https://backspielhaus.recruitee.com
General Magic,giveth,https://giveth.recruitee.com
Giovanni RANA Deutschland GmbH,giovanniranadeutschlandgmbh,https://giovanniranadeutschlandgmbh.recruitee.com
Global Wind Service,globalwindservice,https://globalwindservice.recruitee.com
Goodwall,goodwall,https://goodwall.recruitee.com
Grace Media,gracemedia,https://gracemedia.recruitee.com
Great Minds,greatminds,https://greatminds.recruitee.com
Greyparrot,greyparrotai,https://greyparrotai.recruitee.com
Guarana,guarana,https://guarana.recruitee.com
Gusti Leder GmbH,gustileder,https://gustileder.recruitee.com
H2R,h2r,https://h2r.recruitee.com
HG International b.v.,hginternational,https://hginternational.recruitee.com
HUM Home,humhome,https://humhome.recruitee.com
Hagener Versorgungs- und Verkehrs-GmbH,hvg,https://hvg.recruitee.com
Hainmüller Gartengestaltung e.K.,hainmueller,https://hainmueller.recruitee.com
Halbersbacher Hospitality Group,halbersbacherhospitalitygroup,https://halbersbacherhospitalitygroup.recruitee.com
Hamelin,hamelin,https://hamelin.recruitee.com
Happeo,happeo,https://happeo.recruitee.com
Hauptstadtfloss GmbH,hauptstadtfloss,https://hauptstadtfloss.recruitee.com
Heidelberg Materials Benelux,heidelbergmaterialsbenelux,https://heidelbergmaterialsbenelux.recruitee.com
Helloprint,helloprint,https://helloprint.recruitee.com
Help AG,helpag,https://helpag.recruitee.com
Hike2,hike2,https://hike2.recruitee.com
Hittech Multin B.V.,hittechmultin,https://hittechmultin.recruitee.com
Holded,holded,https://holded.recruitee.com
Holepunch,holepunch,https://holepunch.recruitee.com
Hostaway,hostaway,https://hostaway.recruitee.com
Hotel De L'Europe B.V.,deleuropeamsterdam,https://deleuropeamsterdam.recruitee.com
Hotel Gilze - Tilburg,hotelgilze,https://hotelgilze.recruitee.com
Hotel Hildesheim,hotelhildesheim,https://hotelhildesheim.recruitee.com
Hotel TwentySeven,hoteltwentyseven,https://hoteltwentyseven.recruitee.com
Hotelchamp,hotelchamp,https://hotelchamp.recruitee.com
"Huawei Technologies Canada Co., Ltd.",huaweicanada,https://huaweicanada.recruitee.com
Hubert Vester Auto Group,hubertvesterautogroup,https://hubertvesterautogroup.recruitee.com
Hudson Manpower,hudsonmanpower,https://hudsonmanpower.recruitee.com
Huuuge Games,huuuge,https://huuuge.recruitee.com
Hybrid News Limited,hybrid,https://hybrid.recruitee.com
Hygraph,hygraph,https://hygraph.recruitee.com
IG&H,igh,https://igh.recruitee.com
"ILIA, Inc.",iliabeauty,https://iliabeauty.recruitee.com
INCONED SSC B.V.,inconed,https://inconed.recruitee.com
INDG,indg,https://indg.recruitee.com
INFORS-HT,inforsht,https://inforsht.recruitee.com
ITALCONSULT,italconsult,https://italconsult.recruitee.com
Idego Group,idegogroup,https://idegogroup.recruitee.com
Imnoo AG,imnoo,https://imnoo.recruitee.com
"Impact Brands, LLC",impactbrands,https://impactbrands.recruitee.com
"Impact Valuation Group, LLC",impactvaluationgroup,https://impactvaluationgroup.recruitee.com
Infopro Learning,infoprolearning,https://infoprolearning.recruitee.com
Ingestro,ingestro,https://ingestro.recruitee.com
Innova Market Insights,innovamarketinsights,https://innovamarketinsights.recruitee.com
Institut Mines-Télécom,institutminestelecom,https://institutminestelecom.recruitee.com
Institute for Strategic Dialogue (ISD),isdglobal,https://isdglobal.recruitee.com
Intermate Media GmbH,intermategroupgmbh,https://intermategroupgmbh.recruitee.com
Intersnack Deutschland SE,intersnackdeutschlandse,https://intersnackdeutschlandse.recruitee.com
Intersnack IT KG,intersnackitkg,https://intersnackitkg.recruitee.com
Intersnack Nederland BV,intersnacknederlandbv,https://intersnacknederlandbv.recruitee.com
Intersnack Procurement BV,intersnackprocurement,https://intersnackprocurement.recruitee.com
Invest-NL N.V.,investnl,https://investnl.recruitee.com
JCDECAUX NEDERLAND B.V.,jcdecauxnederland,https://jcdecauxnederland.recruitee.com
JM Recruiting,apply,https://apply.recruitee.com
Kaizo,kaizo,https://kaizo.recruitee.com
KPIT Engineering,primatec,https://primatec.recruitee.com
KRIEG Industriegeräte GmbH,kriegonline,https://kriegonline.recruitee.com
Kodland,kodland,https://kodland.recruitee.com
Kruger NearShore LLC - Rekluti,easyapplyrekluti,https://easyapplyrekluti.recruitee.com
Krumbholz König & Partner mbB Steuerberater,krumbholzkonigpartnermbbsteuerberater,https://krumbholzkonigpartnermbbsteuerberater.recruitee.com
Kuok (Singapore) Limited,kuoksingaporelimited,https://kuoksingaporelimited.recruitee.com
L. Feddersen Baugesellschaft mbH,lfeddersenbaugesellschaftmbh,https://lfeddersenbaugesellschaftmbh.recruitee.com
LEO der Bäcker & Konditor GmbH & Co. KG,leoderbaecker,https://leoderbaecker.recruitee.com
LITIT,litit,https://litit.recruitee.com
LONDIS Ireland,londiscareers,https://londiscareers.recruitee.com
LVH Global Inc,lvhglobal,https://lvhglobal.recruitee.com
Laborde Earles,labordeearles,https://labordeearles.recruitee.com
Learned,learned,https://learned.recruitee.com
Lease a Bike,leaseabike,https://leaseabike.recruitee.com
Lefebvre Sdu,lefebvresdu,https://lefebvresdu.recruitee.com
Leingang E-Commerce GmbH,watchvice,https://watchvice.recruitee.com
Lemonway,lemonwayjobcareers,https://lemonwayjobcareers.recruitee.com
LeydenJar Technologies,leydenjar,https://leydenjar.recruitee.com
Lippe Personal GmbH,lippepersonal,https://lippepersonal.recruitee.com
Lomography,lomography,https://lomography.recruitee.com
Luzmo,luzmo,https://luzmo.recruitee.com
"MBD Steuerberater Matisheck, Brokop & Deelwater Steuerberater PartG mbB",mbdsteuern,https://mbdsteuern.recruitee.com
MCD Global Health,mcdglobalhealth,https://mcdglobalhealth.recruitee.com
MOJU,moju,https://moju.recruitee.com
MSF MENA AMMAN,msfmenaamman,https://msfmenaamman.recruitee.com
MYFLEXBOX Austria GmbH,myflexbox,https://myflexbox.recruitee.com
Machine Learning Reply,machinelearningreply,https://machinelearningreply.recruitee.com
Maier Heiztechnik GmbH,maierheiztechnikgmbh,https://maierheiztechnikgmbh.recruitee.com
MailerLite,mailerlite,https://mailerlite.recruitee.com
Makersite GmbH,makersitegmbh,https://makersitegmbh.recruitee.com
Marvu,marvu,https://marvu.recruitee.com
Massimo Gelato,massimogelato,https://massimogelato.recruitee.com
Matera,matera,https://matera.recruitee.com
Mathrix,mathrix,https://mathrix.recruitee.com
Maxflow BV / CrazyGames,crazygames,https://crazygames.recruitee.com
McDugald Steele,mcdugaldsteele,https://mcdugaldsteele.recruitee.com
MedMe Health,medmehealth,https://medmehealth.recruitee.com
Vos Collection,medspapartnersinc,https://medspapartnersinc.recruitee.com
Mediengruppe Pressedruck,pdkarriere,https://pdkarriere.recruitee.com
Mercedes-Benz.io GmbH,mbio,https://mbio.recruitee.com
Merkur Versicherung AG,merkur,https://merkur.recruitee.com
Metyis AG,metyisag,https://metyisag.recruitee.com
Mia-Platform,miaplatform,https://miaplatform.recruitee.com
Miebach Consulting GmbH,miebachconsulting,https://miebachconsulting.recruitee.com
Mikro Yazılım,mikroyazilim,https://mikroyazilim.recruitee.com
Mimi Ruth Premium Coaching by Mirjam Bleuel,mimiruth,https://mimiruth.recruitee.com
Mitsui Prime ACE,werkenbijace,https://werkenbijace.recruitee.com
Mobietrain,mobietrain,https://mobietrain.recruitee.com
Mobilexpense,mobilexpense,https://mobilexpense.recruitee.com
Molymet Belgium NV,molymet,https://molymet.recruitee.com
Momentum Data,momentumdata,https://momentumdata.recruitee.com
Momo Medical B.V.,momomedicalbv,https://momomedicalbv.recruitee.com
Monizze,monizze,https://monizze.recruitee.com
Mosquito / Pest Authority,mosquitopestauthority,https://mosquitopestauthority.recruitee.com
MultiTankcard,multitankcard,https://multitankcard.recruitee.com
MyRunway,myrunway,https://myrunway.recruitee.com
NEM Energy,nemenergy,https://nemenergy.recruitee.com
NEMO Science Museum,nemo,https://nemo.recruitee.com
NEP Germany GmbH,nepgermany,https://nepgermany.recruitee.com
NEWPHARMA,newpharmagroup,https://newpharmagroup.recruitee.com
NLC,nlc,https://nlc.recruitee.com
NOVACARD,novacard,https://novacard.recruitee.com
NTS,nts,https://nts.recruitee.com
Natilik,natilik,https://natilik.recruitee.com
Natuvion GmbH,natuvion,https://natuvion.recruitee.com
NavInfo Europe BV,navinfoeurope,https://navinfoeurope.recruitee.com
NawiriGroup,nawirigroup,https://nawirigroup.recruitee.com
Nenco Food Group,nencofoodgroup,https://nencofoodgroup.recruitee.com
Netdata Inc.,netdata,https://netdata.recruitee.com
Netural,netural,https://netural.recruitee.com
New Law Business Model,newlawbusinessmodel,https://newlawbusinessmodel.recruitee.com
Newrest Wagons-Lits Austria GmbH,newrest,https://newrest.recruitee.com
Nexio Projects,nexioprojects1,https://nexioprojects1.recruitee.com
Next Level Exchange,srahiring,https://srahiring.recruitee.com
Niederrhein-GOLD Tersteegen GmbH & Co. KG,niederrheingold,https://niederrheingold.recruitee.com
Nodeworthy,nodeworthy,https://nodeworthy.recruitee.com
Normec Foodcare NL,normecfcnl,https://normecfcnl.recruitee.com
Normec Healthcare BE,normechcbe,https://normechcbe.recruitee.com
Normec Sustainability PL,xxx,https://xxx.recruitee.com
Novakid Teachers,novakidteachers,https://novakidteachers.recruitee.com
Novutech,novutech,https://novutech.recruitee.com
Nucs AI,nucsai,https://nucsai.recruitee.com
OGC Global,ogcglobal,https://ogcglobal.recruitee.com
OMNI Consulting Solutions,omniconsultcorp,https://omniconsultcorp.recruitee.com
Ocean Bottle,oceanbottle,https://oceanbottle.recruitee.com
Oceans of Energy B.V.,oceansofenergy,https://oceansofenergy.recruitee.com
Ockto,ockto,https://ockto.recruitee.com
Octiva,octiva,https://octiva.recruitee.com
Odyssey Hotel Group,odysseyhotelgroup,https://odysseyhotelgroup.recruitee.com
OnTarget Communications,ontarget,https://ontarget.recruitee.com
OnlineDialog GmbH,onlinedialog,https://onlinedialog.recruitee.com
Orbem GmbH,orbem,https://orbem.recruitee.com
Ottawa Safety Council,ottawasafetycouncil,https://ottawasafetycouncil.recruitee.com
Outbound Operators,outboundoperators,https://outboundoperators.recruitee.com
P1 Travel,p1travel,https://p1travel.recruitee.com
PALAZZO VERSACE DUBAI,palazzoversacedubai,https://palazzoversacedubai.recruitee.com
PMPG,pmpg,https://pmpg.recruitee.com
PSZ electronic GmbH,pszelectronicgmbh,https://pszelectronicgmbh.recruitee.com
PUR,pur,https://pur.recruitee.com
PWR PACK INTERNATIONAL B.V.,pwrpackinternational,https://pwrpackinternational.recruitee.com
Pacifico Energy Group,pacificoenergy,https://pacificoenergy.recruitee.com
Pacifico Energy Partners GmbH,pacifico,https://pacifico.recruitee.com
Pacmed,pacmed,https://pacmed.recruitee.com
Parent ApS,parent,https://parent.recruitee.com
Parfumado,parfumado,https://parfumado.recruitee.com
Peripass,peripass,https://peripass.recruitee.com
Pet City Group AEBE,petcitygroup,https://petcitygroup.recruitee.com
Pflegedienst Kremer GmbH,pflegedienstkremer,https://pflegedienstkremer.recruitee.com
Pflegeheim Wohlbehagen,wohlbehagen,https://wohlbehagen.recruitee.com
Planeground Airport Consulting GmbH,planeground,https://planeground.recruitee.com
Plantix,plantix,https://plantix.recruitee.com
Playrix,playrix,https://playrix.recruitee.com
Ploeg kozijnen B.V.,ploegkozijnenbv,https://ploegkozijnenbv.recruitee.com
Poncho Hospitality Pvt. Ltd.,box8,https://box8.recruitee.com
PosadMaxwan | Generation.Energy,posadmaxwangenerationenergy,https://posadmaxwangenerationenergy.recruitee.com
Precoro Inc,precoroinc,https://precoroinc.recruitee.com
Premier Systems,premiersystems1,https://premiersystems1.recruitee.com
PrimeWorks,primeworks,https://primeworks.recruitee.com
Primegate consulting GmbH,primegateconsultinggmbh,https://primegateconsultinggmbh.recruitee.com
Projective,projectivegroup,https://projectivegroup.recruitee.com
Pronto Fulfillment LLC,prontofulfillmentllc,https://prontofulfillmentllc.recruitee.com
Provence Métropole Logement,hmp,https://hmp.recruitee.com
Psyned B.V.,werkenbijpsyned,https://werkenbijpsyned.recruitee.com
Pullup Entertainment,focusentertainment,https://focusentertainment.recruitee.com
PureGym AG,puregymswiss,https://puregymswiss.recruitee.com
Qualifyze GmbH,qualifyzegmbh,https://qualifyzegmbh.recruitee.com
Quatra Nederland B.V.,quatra,https://quatra.recruitee.com
Radish Lab,radishlab,https://radishlab.recruitee.com
Rail Innovators Group,railinnovatorsgroup,https://railinnovatorsgroup.recruitee.com
Rent a car - Enterprise,enterprise,https://enterprise.recruitee.com
Revelator,revelator,https://revelator.recruitee.com
Riverflex,riverflex,https://riverflex.recruitee.com
Réseau de Vie Confort Foyers de Soins Francophones NB,villaprovidenceshediacinc,https://villaprovidenceshediacinc.recruitee.com
S-PRO,spro,https://spro.recruitee.com
SAS OMERIS,omeris,https://omeris.recruitee.com
SKYTREE,skytree,https://skytree.recruitee.com
SPAR,sparcareers,https://sparcareers.recruitee.com
STAYERY.,stayery,https://stayery.recruitee.com
STB Ingenieure Timm Hempel Marche Ruf Nolte Ingenieure und Architekt PartGmbB,stbingenieure,https://stbingenieure.recruitee.com
Sahl,sahl,https://sahl.recruitee.com
Salzburg Global Seminar Inc.,salzburgglobalseminar,https://salzburgglobalseminar.recruitee.com
Saudi AZM,azm,https://azm.recruitee.com
Scrums.com,scrumsdotcom,https://scrumsdotcom.recruitee.com
ShareCompany,sharecompanygroup,https://sharecompanygroup.recruitee.com
Shipit,shipitmultimodallogistics,https://shipitmultimodallogistics.recruitee.com
Shipping Technology,shippingtechnology,https://shippingtechnology.recruitee.com
Shypple,shypple,https://shypple.recruitee.com
Si-Ware Systems,siwaresystems,https://siwaresystems.recruitee.com
SidelineSwap,sidelineswap,https://sidelineswap.recruitee.com
Signode,signode,https://signode.recruitee.com
SmartFaster,smartcenter1,https://smartcenter1.recruitee.com
Smedley Group,smedleygroup,https://smedleygroup.recruitee.com
SnapSoft Kft.,snapsoft,https://snapsoft.recruitee.com
Snapp,snapp,https://snapp.recruitee.com
Snappet,snappet,https://snappet.recruitee.com
Somnio Software,somniosoftware,https://somniosoftware.recruitee.com
Sozialdienst katholischer Frauen e.V. Berlin,skfberlin,https://skfberlin.recruitee.com
SpectrumAM,spectrumam,https://spectrumam.recruitee.com
Spread Group,spreadgroup,https://spreadgroup.recruitee.com
St. Willibrord-Spital Emmerich-Rees gGmbH,willibrord,https://willibrord.recruitee.com
Stadtbäckerei Westerhorstmann GmbH & Co. KG,westerhorstmann,https://westerhorstmann.recruitee.com
Starr Bus Charters & Tours,starr,https://starr.recruitee.com
Steinemann GmbH & Co. KG,steinemann,https://steinemann.recruitee.com
Stichting de Opbouw,werkbijdeopbouw,https://werkbijdeopbouw.recruitee.com
Stirling Electric & Irrigation,stirlingtx,https://stirlingtx.recruitee.com
Summit Media 2.0 Ltd,summit,https://summit.recruitee.com
Sunrock Investments B.V.,sunrock,https://sunrock.recruitee.com
SuperSummary,supersummary,https://supersummary.recruitee.com
Supreme Sports Hospitality GmbH,supremesportshospitality,https://supremesportshospitality.recruitee.com
Swabian Instruments GmbH,swabianinstruments,https://swabianinstruments.recruitee.com
Sword Technologies N.V./S.A.,swordtechnologies,https://swordtechnologies.recruitee.com
Sword Technologies SA,swordtech,https://swordtech.recruitee.com
Synapse Analytics,synapseanalytics,https://synapseanalytics.recruitee.com
SÜDKURIER Medienhaus,skkarriere,https://skkarriere.recruitee.com
T.E.S,tes,https://tes.recruitee.com
TBI BANK RO,tbibankro,https://tbibankro.recruitee.com
Till Duve Business & Performance GmbH,tdfitnessperformance,https://tdfitnessperformance.recruitee.com
TECOSIM GmbH,tecosim,https://tecosim.recruitee.com
TFP Fertility,tfpfertilitygroup,https://tfpfertilitygroup.recruitee.com
THE ENTOURAGE GROUP,theentouragegroup,https://theentouragegroup.recruitee.com
TK Home Solutions B.V.,tkhomesolutions,https://tkhomesolutions.recruitee.com
TREUREAL Property Management GmbH,trp,https://trp.recruitee.com
TSET,tsetsoftware,https://tsetsoftware.recruitee.com
TYTAN Technologies GmbH,tytantechnologiesgmbh,https://tytantechnologiesgmbh.recruitee.com
Tabel GmbH,tabelgruppe,https://tabelgruppe.recruitee.com
Tabel Personalberatung GmbH,tabelpersonal,https://tabelpersonal.recruitee.com
Taledo GmbH,taledogmbh,https://taledogmbh.recruitee.com
Talkie sp. z o.o.,talkieai,https://talkieai.recruitee.com
Tampnet AS,tampnet,https://tampnet.recruitee.com
Team for the planet,teamfortheplanet1,https://teamfortheplanet1.recruitee.com
Technica Engineering GmbH,technicaengineeringgmbh,https://technicaengineeringgmbh.recruitee.com
Technomar Shipping Inc.,technomar,https://technomar.recruitee.com
Tepass,tepass,https://tepass.recruitee.com
Tessan,tessan1,https://tessan1.recruitee.com
Tether Operations Limited,tether,https://tether.recruitee.com
Tetrix Techniekopleidingen,tetrixtechniek,https://tetrixtechniek.recruitee.com
Textmagic AS,textmagic,https://textmagic.recruitee.com
The Config Team,theconfigteamcareers,https://theconfigteamcareers.recruitee.com
The Consultus International Group,theconsultusinternationalgroup,https://theconsultusinternationalgroup.recruitee.com
The Hospitality Recruiters,thehospitalityrecruiters,https://thehospitalityrecruiters.recruitee.com
The Hotel Task Force,thehoteltaskforce,https://thehoteltaskforce.recruitee.com
The People Branding Company,thepeoplebrandingcompany,https://thepeoplebrandingcompany.recruitee.com
Thiemt GmbH,thiemt,https://thiemt.recruitee.com
Thryve,thryvehealth,https://thryvehealth.recruitee.com
Tidio,tidiocareer,https://tidiocareer.recruitee.com
Time Doctor,timedoctor,https://timedoctor.recruitee.com
Tiugo Technologies,tiugotech,https://tiugotech.recruitee.com
Topic Software Development,topicsoftwaredevelopment,https://topicsoftwaredevelopment.recruitee.com
Trafilea,trafilea,https://trafilea.recruitee.com
TransPerfect,transperfect,https://transperfect.recruitee.com
Transmission,transmission,https://transmission.recruitee.com
Trimetis Services,trimetis,https://trimetis.recruitee.com
Triple Jump,triplejump,https://triplejump.recruitee.com
Tropos.io,tropos,https://tropos.recruitee.com
Trusted Shops SE (DE),trustedshops,https://trustedshops.recruitee.com
Trustfactory - RLV Media GmbH,trustfactory,https://trustfactory.recruitee.com
Twisto,twisto,https://twisto.recruitee.com
Tylko,tylko,https://tylko.recruitee.com
Uhlenhaus GRUPPE,uhlenhaus,https://uhlenhaus.recruitee.com
Umane,umane,https://umane.recruitee.com
UP42 GmbH,up42gmbh,https://up42gmbh.recruitee.com
United Al Saqer Group,unitedalsaqergroup,https://unitedalsaqergroup.recruitee.com
Unity Communications,unitycommunications,https://unitycommunications.recruitee.com
UpSlide,upslide,https://upslide.recruitee.com
Upside,upside,https://upside.recruitee.com
Urban Arrow,urbanarrow,https://urbanarrow.recruitee.com
VALEURIAD,valeuriad,https://valeuriad.recruitee.com
VDK Groep B.V.,vdkgroep,https://vdkgroep.recruitee.com
VEAXO Unternehmensgruppe,veaxo,https://veaxo.recruitee.com
VIGO groep,werkenbijvigogroep,https://werkenbijvigogroep.recruitee.com
VRT Partnerschaft mbB Wirtschaftsprüfer Steuerberater Rechtsanwälte,vrtlinzbachloecherbachundpartner,https://vrtlinzbachloecherbachundpartner.recruitee.com
Vallei Finance Group,valleifinancegroup,https://valleifinancegroup.recruitee.com
Van Beest B.V.,vanbeestbv,https://vanbeestbv.recruitee.com
Van der Valk Hotel Drachten,hoteldrachten,https://hoteldrachten.recruitee.com
Van der Valk Plaza Resort Bonaire,vandervalkplazaresortbonaire,https://vandervalkplazaresortbonaire.recruitee.com
Veneficus B.V.,veneficusbv,https://veneficusbv.recruitee.com
VenueScanner,venuescanner,https://venuescanner.recruitee.com
Veo Worldwide Services,veocareers,https://veocareers.recruitee.com
Verve,vervegroup,https://vervegroup.recruitee.com
Vesper,vesper,https://vesper.recruitee.com
ViCentra B.V.,vicentra,https://vicentra.recruitee.com
Vion Food Group,vionfoodgroup,https://vionfoodgroup.recruitee.com
VirtualResource,virtualresource,https://virtualresource.recruitee.com
Visionaries Club,visionariesclub,https://visionariesclub.recruitee.com
Vitestro,vitestro,https://vitestro.recruitee.com
Wacom Europe GmbH,wacomeurope,https://wacomeurope.recruitee.com
Wagenborg Nedlift,wagenborgnedlift,https://wagenborgnedlift.recruitee.com
Wagenborg Passagiersdiensten,wagenborgpassagiersdiensten,https://wagenborgpassagiersdiensten.recruitee.com
Wakuli,wakuli,https://wakuli.recruitee.com
Walibi Holland,walibiholland,https://walibiholland.recruitee.com
WASABIT株式会社,wasabit,https://wasabit.recruitee.com
WEBB Traders BV,webbtraders,https://webbtraders.recruitee.com
WERTCONCEPT Investment Group GmbH,wertconceptinvestmentgroupgmbh,https://wertconceptinvestmentgroupgmbh.recruitee.com
"WWS Wirtz, Walter, Schmitz GmbH",wwswirtzwalterschmitzgmbh,https://wwswirtzwalterschmitzgmbh.recruitee.com
Wallarm,wallarm,https://wallarm.recruitee.com
Warande,warande,https://warande.recruitee.com
WeSoftYou,wesoftyou2,https://wesoftyou2.recruitee.com
Wellis,wellis,https://wellis.recruitee.com
Wiener Institut für Internationale Wirtschaftsvergleiche (wiiw),wiiw,https://wiiw.recruitee.com
Wilcox + Flegel,wilcoxflegel,https://wilcoxflegel.recruitee.com
Willerby,willerby,https://willerby.recruitee.com
Wizdaa,wizdaa,https://wizdaa.recruitee.com
Wordbank,wordbank,https://wordbank.recruitee.com
WÜSTHOF GmbH,wusthof,https://wusthof.recruitee.com
Württemberger Wohnkonzepte GmbH,wurttembergerwohnkonzeptegmbh,https://wurttembergerwohnkonzeptegmbh.recruitee.com
xalution,xalution,https://xalution.recruitee.com
XIAO Beteiligungsgesellschaft mbH,xiaorestaurant,https://xiaorestaurant.recruitee.com
Xebia Group,xccelerated,https://xccelerated.recruitee.com
Xebia Group,xebiacareers,https://xebiacareers.recruitee.com
Xebia sp. z o.o.,xebiapoland,https://xebiapoland.recruitee.com
xfive,xfive,https://xfive.recruitee.com
XITE,xite,https://xite.recruitee.com
Youvia BV,werkenbijyouvia,https://werkenbijyouvia.recruitee.com
Ypto NV,ypto,https://ypto.recruitee.com
Z-Catering Mitte GmbH,zteam,https://zteam.recruitee.com
ZDHC Foundation,zdhcfoundation,https://zdhcfoundation.recruitee.com
Zelh,zelh,https://zelh.recruitee.com
Zensai,zensai,https://zensai.recruitee.com
Zeotap,zeotap,https://zeotap.recruitee.com
Zerofy,zerofy,https://zerofy.recruitee.com
Ziflow,ziflow,https://ziflow.recruitee.com
Zoku,livezoku,https://livezoku.recruitee.com
abaltatechnologiesinc,abaltatechnologiesinc,https://abaltatechnologiesinc.recruitee.com
abracadabra,abracadabra,https://abracadabra.recruitee.com
ACHMEA B.V.,achmeainnovationhub,https://achmeainnovationhub.recruitee.com
ACOMO N.V.,acomo,https://acomo.recruitee.com
Acturis,acturis,https://acturis.recruitee.com
adamsmithinternational,adamsmithinternational,https://adamsmithinternational.recruitee.com
adesso Belgium,adesso1,https://adesso1.recruitee.com
AFS Energy B.V.,afsenergy,https://afsenergy.recruitee.com
againbio,againbio,https://againbio.recruitee.com
Akur8,akur8,https://akur8.recruitee.com
Allredi,allredi,https://allredi.recruitee.com
AlmavivA de Belgique,almavivadebelgique,https://almavivadebelgique.recruitee.com
Amilia,amilia,https://amilia.recruitee.com
Ananda Ventures GmbH,anandaventuresgmbh,https://anandaventuresgmbh.recruitee.com
Anchr,anchr,https://anchr.recruitee.com
Appetiser,appetiser,https://appetiser.recruitee.com
arbio,arbio,https://arbio.recruitee.com
Artifact,artifactsa,https://artifactsa.recruitee.com
Ascending AI,ascendingai,https://ascendingai.recruitee.com
Ascension Island Government,ascensionisland,https://ascensionisland.recruitee.com
ASMPT,asmpthk,https://asmpthk.recruitee.com
ASTONTEC,astontec,https://astontec.recruitee.com
Balchem,balchem,https://balchem.recruitee.com
Ballast Nedam,ballastnedam,https://ballastnedam.recruitee.com
BALLY’S INTRALOT SA,ballysintralotsa,https://ballysintralotsa.recruitee.com
BAS Group,basgroup,https://basgroup.recruitee.com
Willy Bauer KG,bauer,https://bauer.recruitee.com
bbb,bbb,https://bbb.recruitee.com
benuta GmbH,benutagmbh,https://benutagmbh.recruitee.com
Bespoke Britannia,bespokebritannia,https://bespokebritannia.recruitee.com
bibliu,bibliu,https://bibliu.recruitee.com
bunq,bunq,https://bunq.recruitee.com
bwhhotelsemea,bwhhotelsemea,https://bwhhotelsemea.recruitee.com
byte-code spa,bytecode,https://bytecode.recruitee.com
Campact e.V.,campact,https://campact.recruitee.com
captain,captain,https://captain.recruitee.com
carbyon,carbyon,https://carbyon.recruitee.com
careerswcc,careerswcc,https://careerswcc.recruitee.com
causaLens,causalens,https://causalens.recruitee.com
cbs America Inc.,cbsamericainc,https://cbsamericainc.recruitee.com
cbs Corporate Business Solutions GmbH,cbsconsulting,https://cbsconsulting.recruitee.com
celebrate company GmbH,celebratecompany,https://celebratecompany.recruitee.com
cellexgmbh,cellexgmbh,https://cellexgmbh.recruitee.com
centerfortechandciviclife,centerfortechandciviclife,https://centerfortechandciviclife.recruitee.com
CENTREON,centreon,https://centreon.recruitee.com
City Science,cityscience,https://cityscience.recruitee.com
CLANX,clanx,https://clanx.recruitee.com
"Codeless, Interactive LLC",codelessinteractivellc,https://codelessinteractivellc.recruitee.com
CoffeeSpace,coffeespace,https://coffeespace.recruitee.com
Compelson,compelson,https://compelson.recruitee.com
Compliance Champs,compliancechamps,https://compliancechamps.recruitee.com
constellr GmbH,constellr,https://constellr.recruitee.com
consulting1x1 GmbH,consulting1x1,https://consulting1x1.recruitee.com
consulting1x1 GmbH,consulting1x1gmbh,https://consulting1x1gmbh.recruitee.com
Consultport,consultport,https://consultport.recruitee.com
Coreso,coreso,https://coreso.recruitee.com
Cortex Reply,cortexreply,https://cortexreply.recruitee.com
Cottage,cottage,https://cottage.recruitee.com
CPI Technologies GmbH,cpitechnologiesgmbh,https://cpitechnologiesgmbh.recruitee.com
creamyfabrics,creamyfabrics,https://creamyfabrics.recruitee.com
creandum,creandum,https://creandum.recruitee.com
cross-ING AG,crossing,https://crossing.recruitee.com
Crowdsec,crowdsec,https://crowdsec.recruitee.com
ctrl-s GmbH,ctrls,https://ctrls.recruitee.com
dataforce,dataforce,https://dataforce.recruitee.com
Dataline nv,dataline,https://dataline.recruitee.com
deCircle,decircletalentpartner,https://decircletalentpartner.recruitee.com
deepomatic,deepomatic,https://deepomatic.recruitee.com
DEMV Systems Gmbh,demvsystemsgmbh,https://demvsystemsgmbh.recruitee.com
Dexter Energy,dexterenergyservices,https://dexterenergyservices.recruitee.com
die Bayerische,diebayerische,https://diebayerische.recruitee.com
digital dna,digitaldna,https://digitaldna.recruitee.com
Dipont Education,diponteducation,https://diponteducation.recruitee.com
dnata B.V.,dnata,https://dnata.recruitee.com
dss+,consultdss,https://consultdss.recruitee.com
e-Luscious,eluscious,https://eluscious.recruitee.com
eGroup,egroup,https://egroup.recruitee.com
eXtra Shop,extrashop,https://extrashop.recruitee.com
E&C,ecconsultants,https://ecconsultants.recruitee.com
Early Alpine Academy,earlyalpineacademy,https://earlyalpineacademy.recruitee.com
echourbandesign,echourbandesign,https://echourbandesign.recruitee.com
Ecocert,ecocert,https://ecocert.recruitee.com
ecochain,ecochain,https://ecochain.recruitee.com
edubily GmbH,edubilygmbh,https://edubilygmbh.recruitee.com
eleQtron GmbH,eleqtron,https://eleqtron.recruitee.com
elementinsuranceag,elementinsuranceag,https://elementinsuranceag.recruitee.com
elockers,elockers,https://elockers.recruitee.com
Embrace The Human Cloud,embrace,https://embrace.recruitee.com
Emergent Software,emergentsoftware,https://emergentsoftware.recruitee.com
emmiai,emmiai,https://emmiai.recruitee.com
Eneve,energy21,https://energy21.recruitee.com
Enjoy Gaming LLC,enjoygaming,https://enjoygaming.recruitee.com
enomyc GmbH,enomyc,https://enomyc.recruitee.com
Envipco,envipco,https://envipco.recruitee.com
Equals Money,equalsmoney,https://equalsmoney.recruitee.com
Equito,equito,https://equito.recruitee.com
Erste Digital GmbH,erstedigital,https://erstedigital.recruitee.com
ethon,ethonai,https://ethonai.recruitee.com
EUROSPAR Ireland,eurosparcareers,https://eurosparcareers.recruitee.com
exbgroup,exbgroup,https://exbgroup.recruitee.com
Exeon Analytics,exeon,https://exeon.recruitee.com
Experiencegift,experiencegift,https://experiencegift.recruitee.com
Famly,famly,https://famly.recruitee.com
FARO Gruppe,farogruppe,https://farogruppe.recruitee.com
Fashion Cloud,fashioncloudgmbh,https://fashioncloudgmbh.recruitee.com
Fastems,fastems,https://fastems.recruitee.com
Ferilli's Hospitality Group,ferillis,https://ferillis.recruitee.com
Ferryscanner,ferryscanner,https://ferryscanner.recruitee.com
FEST GmbH,festgmbh,https://festgmbh.recruitee.com
filestage,filestage,https://filestage.recruitee.com
Fineco Banca Privada Kutxabank,fineco,https://fineco.recruitee.com
Formo Foods GmbH,formofoodsgmbh,https://formofoodsgmbh.recruitee.com
forward earth,forwardearth,https://forwardearth.recruitee.com
FreshMinds,freshminds,https://freshminds.recruitee.com
FUMO,fumo,https://fumo.recruitee.com
Fundamental Hospitality,fundamentalhospitality,https://fundamentalhospitality.recruitee.com
FunEx Head Office,funex,https://funex.recruitee.com
fxth,fxth,https://fxth.recruitee.com
Gallagher Europe BV,gallaghereurope,https://gallaghereurope.recruitee.com
Gardec,gardec,https://gardec.recruitee.com
gemeente Achtkarspelen,gemeenteachtkarspelen,https://gemeenteachtkarspelen.recruitee.com
Gemeente Lansingerland,gemeentelansingerland,https://gemeentelansingerland.recruitee.com
GermanZero e.V.,germanzeroev,https://germanzeroev.recruitee.com
get on top gmbh,getontop,https://getontop.recruitee.com
"Edwards Health Care Services, Inc.",gemcorehealth,https://gemcorehealth.recruitee.com
Eerikkilä Sport & Outdoor Resort,eerikkila,https://eerikkila.recruitee.com
ggz,ggz,https://ggz.recruitee.com
Giesker & Laakmann GmbH & Co. KG,gieskerlaakmann,https://gieskerlaakmann.recruitee.com
Ginmon GmbH,ginmon,https://ginmon.recruitee.com
Glassix,glassix,https://glassix.recruitee.com
Global Jet Luxembourg,globaljetluxembourg,https://globaljetluxembourg.recruitee.com
Global Reporting Initiative,gri,https://gri.recruitee.com
Goedemiddag!,goedemiddag,https://goedemiddag.recruitee.com
Golmed GmbH,golmedgmbh,https://golmedgmbh.recruitee.com
gpvsweden,gpvsweden,https://gpvsweden.recruitee.com
Hygraph,graphcms,https://graphcms.recruitee.com
gravity9,gravity9,https://gravity9.recruitee.com
GRB Gemeinnütziges Rheinisches Bildungszentrum GmbH,grb,https://grb.recruitee.com
gridscale GmbH,gridscale,https://gridscale.recruitee.com
ELAN Languages,elan,https://elan.recruitee.com
Elanza,elanza,https://elanza.recruitee.com
Elektro Supersaxo AG,elektrosupersaxoag,https://elektrosupersaxoag.recruitee.com
Elephant Digital,elephantdigital,https://elephantdigital.recruitee.com
Hard Rock Digital,hardrockdigital,https://hardrockdigital.recruitee.com
Hasco NV,hascoinvest,https://hascoinvest.recruitee.com
HatchTech B.V.,hatchtech,https://hatchtech.recruitee.com
Haus für Sicherheit,hausfursicherheit,https://hausfursicherheit.recruitee.com
Alliance for a Healthier Generation Inc.,healthiergeneration,https://healthiergeneration.recruitee.com
HeatTransformers BV,heattransformers,https://heattransformers.recruitee.com
Heembouw,heembouw,https://heembouw.recruitee.com
HeinenoordZicht Groep,fidusheinenoord,https://fidusheinenoord.recruitee.com
HEMERIA,hemeriagroup,https://hemeriagroup.recruitee.com
HERMOS Gesellschaft für Automatisierungstechnik mbH,hermosautomation,https://hermosautomation.recruitee.com
Hey Harper,heyharper,https://heyharper.recruitee.com
High Spirits Hospitality,highspiritshospitality,https://highspiritshospitality.recruitee.com
Hiltermann Lease BV,werkenbijhiltermann,https://werkenbijhiltermann.recruitee.com
Hived NV,hived,https://hived.recruitee.com
Holzland Becker,holzlandbecker,https://holzlandbecker.recruitee.com
Hometouch,hometouch,https://hometouch.recruitee.com
HR-Specialist,hrspecialist,https://hrspecialist.recruitee.com
hued,hued,https://hued.recruitee.com
hyble,hyble,https://hyble.recruitee.com
hypepartners,hypepartners,https://hypepartners.recruitee.com
Hyperion Sales GmbH,gartengold,https://gartengold.recruitee.com
i-profile GmbH,iprofilegmbh,https://iprofilegmbh.recruitee.com
ICF Tech Hungary,icftechhungary,https://icftechhungary.recruitee.com
iChoosr,ichoosr,https://ichoosr.recruitee.com
iddi,iddi,https://iddi.recruitee.com
"Illinois Energy Windows and Siding, Inc.",illinoisenergywindowsandsidinginc,https://illinoisenergywindowsandsidinginc.recruitee.com
Incentivio,incentivio,https://incentivio.recruitee.com
independentstaffingservices,independentstaffingservices,https://independentstaffingservices.recruitee.com
INDIVIDUALS,individuals,https://individuals.recruitee.com
intent,intent,https://intent.recruitee.com
Internationale Deutsche Schule Brüssel,internationaledeutscheschulebrussel,https://internationaledeutscheschulebrussel.recruitee.com
International Food Connectors,internationalfoodconnectors,https://internationalfoodconnectors.recruitee.com
Intero Integrity Services,interoeumea,https://interoeumea.recruitee.com
Intero - The Sniffers,interothesniffers,https://interothesniffers.recruitee.com
BALLY’S INTRALOT SA,intralot,https://intralot.recruitee.com
Bambuu,bambuu,https://bambuu.recruitee.com
BarentsKrans,barentskrans,https://barentskrans.recruitee.com
BATIT PROTECT,batitprotect,https://batitprotect.recruitee.com
Batt & Associés,battassocies,https://battassocies.recruitee.com
Bauer & Söhne GmbH & Co. KG,bauersohnegmbhcokg,https://bauersohnegmbhcokg.recruitee.com
Bax Metaal,baxmetaal,https://baxmetaal.recruitee.com
BeingUser,beinguser,https://beinguser.recruitee.com
Bergman Clinics Nederland B.V.,bergmanclinics,https://bergmanclinics.recruitee.com
BGH Accountants & Adviseurs B.V.,bghaccountants,https://bghaccountants.recruitee.com
BIXI Montréal,biximontreal,https://biximontreal.recruitee.com
Blue Forest,blueforest,https://blueforest.recruitee.com
Blue Sky Group,blueskygroup,https://blueskygroup.recruitee.com
BoekenVoordeel Management B.V.,boekenvoordeel,https://boekenvoordeel.recruitee.com
Bolster Digital,bolster,https://bolster.recruitee.com
Boschman Advanced Packaging Technology,boschmanadvancedpackagingtechnology,https://boschmanadvancedpackagingtechnology.recruitee.com
Intuition Staffing,intuitionstaffing,https://intuitionstaffing.recruitee.com
Iris van Herpen BV,irisvanherpen,https://irisvanherpen.recruitee.com
isc,isc,https://isc.recruitee.com
INDITEX,itxuklimited,https://itxuklimited.recruitee.com
iWE,iwe,https://iwe.recruitee.com
JERA Nex bp,jeranexbp,https://jeranexbp.recruitee.com
JetRails,jetrails,https://jetrails.recruitee.com
FoodLabs & Atlantic,jobsatlanticvcfoodlabs,https://jobsatlanticvcfoodlabs.recruitee.com
johann dettendorfer spedition ferntrans gmbh & co. kg,dettendorfer,https://dettendorfer.recruitee.com
Görgens Gruppe,jpweltersgorgensgmbhcobekleidungskg,https://jpweltersgorgensgmbhcobekleidungskg.recruitee.com
Jump,jump,https://jump.recruitee.com
Kayrros,kayrros1,https://kayrros1.recruitee.com
KC Overseas Education,kcoverseaseducation,https://kcoverseaseducation.recruitee.com
Keune Haircosmetics Manufacturing B.V.,keunecareers,https://keunecareers.recruitee.com
KEYENCE CANADA INC.,keyencecanadainc,https://keyencecanadainc.recruitee.com
Kravet LLC,kravet,https://kravet.recruitee.com
KRING A/S,kring,https://kring.recruitee.com
kriptomat,kriptomat,https://kriptomat.recruitee.com
KTI Installatietechniek,kti,https://kti.recruitee.com
La Veste,laveste,https://laveste.recruitee.com
Lamm HR GmbH,lammhr,https://lammhr.recruitee.com
Land Life,landlifecompany,https://landlifecompany.recruitee.com
Leadership Pathway,leadershippathway,https://leadershippathway.recruitee.com
"Learn By Doing, Inc.",learnbydoinginc,https://learnbydoinginc.recruitee.com
LEGALFLY,legalfly,https://legalfly.recruitee.com
LLEVERAGE,lleverage,https://lleverage.recruitee.com
LOAVIES,loavies,https://loavies.recruitee.com
LOGEX,logex,https://logex.recruitee.com
SSC,lss,https://lss.recruitee.com
ltn,ltn,https://ltn.recruitee.com
MACE Ireland,macecareers,https://macecareers.recruitee.com
madewithlove BV,madewithlove,https://madewithlove.recruitee.com
Mainstream,mainstream,https://mainstream.recruitee.com
Make,make,https://make.recruitee.com
Manhattan Specialty Care,manhattanspecialtycare,https://manhattanspecialtycare.recruitee.com
manroland Goss web systems GmbH,manrolandgoss,https://manrolandgoss.recruitee.com
Maschinenraum GmbH,maschinenraum,https://maschinenraum.recruitee.com
"Mast Trucking, Inc.",masttrucking,https://masttrucking.recruitee.com
MDLBEAST,mdlbeast,https://mdlbeast.recruitee.com
MHIE-CPD,mhiecpd,https://mhiecpd.recruitee.com
Oy Mirka Ab,mirka,https://mirka.recruitee.com
MoneyHash,moneyhash,https://moneyhash.recruitee.com
Mowery & Schoenfeld LLC,moweryschoenfeldllc,https://moweryschoenfeldllc.recruitee.com
nanameue,nanameue,https://nanameue.recruitee.com
neXenio Engineering GmbH,nexenio,https://nexenio.recruitee.com
nextaillabs,nextaillabs,https://nextaillabs.recruitee.com
Ninjas in Pyjamas,ninjasinpyjamas,https://ninjasinpyjamas.recruitee.com
Novasphere,novasphere,https://novasphere.recruitee.com
NRB,nrb,https://nrb.recruitee.com
nTherm LLC,nthermllc,https://nthermllc.recruitee.com
o2h Group,o2h,https://o2h.recruitee.com
Normec Sustainability UK,oil,https://oil.recruitee.com
Olsam Group,olsamgroup,https://olsamgroup.recruitee.com
O My Bag,omybag,https://omybag.recruitee.com
OeAD student housing,oeadstudenthousing,https://oeadstudenthousing.recruitee.com
OeAD-GmbH – Agentur für Bildung und Internationalisierung,oead,https://oead.recruitee.com
ON2IT B.V.,on2it,https://on2it.recruitee.com
Online Dialogue,onlinedialogue,https://onlinedialogue.recruitee.com
Opple Lighting BV,opplebv,https://opplebv.recruitee.com
paiqo GmbH,paiqo,https://paiqo.recruitee.com
PALAZZO HOSPITALITY,palazzohospitality,https://palazzohospitality.recruitee.com
Pale Blue Dot® Recruitment,palebluedotrecruitment,https://palebluedotrecruitment.recruitee.com
Parte NV,partejobs,https://partejobs.recruitee.com
Passionfroot,passionfroot,https://passionfroot.recruitee.com
Payflows,payflows,https://payflows.recruitee.com
Pels Rijcken,pelsrijcken,https://pelsrijcken.recruitee.com
Finext B.V.,performancemanagement,https://performancemanagement.recruitee.com
Fivoor,werkenbijfivoor,https://werkenbijfivoor.recruitee.com
Formelio,formelio,https://formelio.recruitee.com
Friedrich PICARD GmbH & Co. KG,picard,https://picard.recruitee.com
Peterson,peterson,https://peterson.recruitee.com
PEXIN,pexin,https://pexin.recruitee.com
Plukon Food Group Spain,plukonfoodgroupspain,https://plukonfoodgroupspain.recruitee.com
policyengineer,policyengineer,https://policyengineer.recruitee.com
Popcorn Growth,popcorngrowth,https://popcorngrowth.recruitee.com
Proper Food,properfood,https://properfood.recruitee.com
qa,qa,https://qa.recruitee.com
QaamGo Media GmbH,qaamgo,https://qaamgo.recruitee.com
Raketech Group Limited,raketech,https://raketech.recruitee.com
RAVO Holding BV,ravo,https://ravo.recruitee.com
Rcube Professional Services S.A,rcube,https://rcube.recruitee.com
rebuy,rebuy,https://rebuy.recruitee.com
Recare Deutschland GmbH,recaregmbh,https://recaregmbh.recruitee.com
Red Sky,redsky,https://redsky.recruitee.com
Resato Hydrogen Technology B.V.,resatohydrogentechnology,https://resatohydrogentechnology.recruitee.com
Resourceful Talent Group,resourcefultalentgroup,https://resourcefultalentgroup.recruitee.com
riscure,riscure,https://riscure.recruitee.com
rkpt,rkpt,https://rkpt.recruitee.com
rpa,rpa,https://rpa.recruitee.com
RTL,rtl,https://rtl.recruitee.com
safesize,safesize,https://safesize.recruitee.com
ScioTeq BV,scioteq,https://scioteq.recruitee.com
Scrum Ventures,scrumventures,https://scrumventures.recruitee.com
SeQura,sequra,https://sequra.recruitee.com
Seven Sons,sevensons,https://sevensons.recruitee.com
SGB-SMIT Group,sgbsmitgroup,https://sgbsmitgroup.recruitee.com
shopware AG,shopwareag,https://shopwareag.recruitee.com
Sioux High Tech Software Ltd.,sioux,https://sioux.recruitee.com
SkinVision,skinvision1,https://skinvision1.recruitee.com
Skipr,skipr,https://skipr.recruitee.com
SkyGeo,skygeo,https://skygeo.recruitee.com
SmartHR,smarthr,https://smarthr.recruitee.com
smartsupp,smartsupp,https://smartsupp.recruitee.com
SOFTGAMES,softgames,https://softgames.recruitee.com
SolidStake,solidstake,https://solidstake.recruitee.com
SpeedlineHub,speedlinehub,https://speedlinehub.recruitee.com
spoke,spoke,https://spoke.recruitee.com
SpotLab,spotlab,https://spotlab.recruitee.com
S-Quantum Engine,sqe,https://sqe.recruitee.com
SAS LOOK UP SPACE,lookup,https://lookup.recruitee.com
Silverein,silverein,https://silverein.recruitee.com
Simvia,simvia,https://simvia.recruitee.com
Suspicious Antwerp,sspcs,https://sspcs.recruitee.com
Sterling Fab Tech,sterlingfabricationtechnology,https://sterlingfabricationtechnology.recruitee.com
"Strategy Engineering & Consulting, LLC.",strategyeng,https://strategyeng.recruitee.com
Student Medicover,studentmedicover,https://studentmedicover.recruitee.com
superlist,superlist,https://superlist.recruitee.com
Surfly,surfly,https://surfly.recruitee.com
Sustainable Comfort Inc,sustainablecomfort,https://sustainablecomfort.recruitee.com
Sutton's,suttons,https://suttons.recruitee.com
swisselect ag,swisselect,https://swisselect.recruitee.com
Switcho Srl,switchojob,https://switchojob.recruitee.com
syngenta,syngenta,https://syngenta.recruitee.com
Talent Heroes (client ATS),talentheroesclientats,https://talentheroesclientats.recruitee.com
Talk360,talk360,https://talk360.recruitee.com
Taroko Software,taroko,https://taroko.recruitee.com
taskus,taskus,https://taskus.recruitee.com
teccle group GmbH,tecclegroup,https://tecclegroup.recruitee.com
TechBiz Global GmbH,techbizglobal,https://techbizglobal.recruitee.com
Technica Electronics,technicaelectronics,https://technicaelectronics.recruitee.com
tensortechnologies,tensortechnologies,https://tensortechnologies.recruitee.com
TransPerfect,tgs,https://tgs.recruitee.com
"Codest Ltd. Company No. 12590542, VAT number: GB363431020",thecodest,https://thecodest.recruitee.com
The July B.V.,thejulyhotels,https://thejulyhotels.recruitee.com
ONE | A Potter’s House Church,thepottershouseone1,https://thepottershouseone1.recruitee.com
Third Way,thirdway,https://thirdway.recruitee.com
thorizon,thorizon,https://thorizon.recruitee.com
tinybeans,tinybeans,https://tinybeans.recruitee.com
translations,translations,https://translations.recruitee.com
TreasurySpring,treasuryspring,https://treasuryspring.recruitee.com
tuh,tuh,https://tuh.recruitee.com
United Nations Watch,unwatch,https://unwatch.recruitee.com
utrustinsuranceagencyllc,utrustinsuranceagencyllc,https://utrustinsuranceagencyllc.recruitee.com
valantic NL,ism,https://ism.recruitee.com
Valve and Meter,valveandmeter,https://valveandmeter.recruitee.com
vamatbv,vamatbv,https://vamatbv.recruitee.com
Van der Valk Hotel Apeldoorn - de Cantharel,werkenbijdecantharel,https://werkenbijdecantharel.recruitee.com
vandervalk+degroot,vacaturesvandervalk,https://vacaturesvandervalk.recruitee.com
Veratron AG,veratronag,https://veratronag.recruitee.com
Vertuoza,vertuoza,https://vertuoza.recruitee.com
Via Amsterdam,viaamsterdam,https://viaamsterdam.recruitee.com
vicotx,vicotx,https://vicotx.recruitee.com
Vilgain s.r.o.,vilgain,https://vilgain.recruitee.com
vineyardusa,vineyardusa,https://vineyardusa.recruitee.com
virtual7 GmbH,virtual7jobs,https://virtual7jobs.recruitee.com
Virya Energy Hydrogen Belgium,viryah2,https://viryah2.recruitee.com
VLT,vlt,https://vlt.recruitee.com
vly,vlyfoods,https://vlyfoods.recruitee.com
VNO-NCW en MKB-Nederland,werkenbijvnoncwmkb,https://werkenbijvnoncwmkb.recruitee.com
VPteam,vpteam,https://vpteam.recruitee.com
VrZW,vrzw,https://vrzw.recruitee.com
VSPARTICLE B.V.,vsparticle,https://vsparticle.recruitee.com
Wasson-ECE Instrumentation,wassonece,https://wassonece.recruitee.com
Waterslake Capital,waterslakecapital,https://waterslakecapital.recruitee.com
Wellster Healthtech Group,wellsterhealthtechgroup,https://wellsterhealthtechgroup.recruitee.com
Koninklijk Nederlands Lucht- en Ruimtevaartcentrum,werkenbijnlr,https://werkenbijnlr.recruitee.com
whiffle,whiffle,https://whiffle.recruitee.com
WhiteCoat,whitecoatglobal1,https://whitecoatglobal1.recruitee.com
XMCO,xmco,https://xmco.recruitee.com
Young & Laramore,youngandlaramore,https://youngandlaramore.recruitee.com
Zack D Films LLC,zackdfilms,https://zackdfilms.recruitee.com
ZADRA-Gruppe,zadragruppe,https://zadragruppe.recruitee.com
zara,zara,https://zara.recruitee.com
Zero Motorcycles Inc.,zeromotorcycles,https://zeromotorcycles.recruitee.com
Zonnehuisgroep Amstelland,zonnehuisgroepamstelland,https://zonnehuisgroepamstelland.recruitee.com
ZPV GmbH & Co. KG,zpvgmbhcokg,https://zpvgmbhcokg.recruitee.com
Óscala,oscalabv,https://oscalabv.recruitee.com
agileDSS,agiledss,https://agiledss.recruitee.com
Apside,apside,https://apside.recruitee.com
ASSIFEP,assifep,https://assifep.recruitee.com
Asten Santé,astensante,https://astensante.recruitee.com
ASVZ,asvz,https://asvz.recruitee.com
Boulangerie Ange,boulangerieange,https://boulangerieange.recruitee.com
elmenus technologies,elmenus,https://elmenus.recruitee.com
weWow,wewow,https://wewow.recruitee.com
Whello B.V.,whello,https://whello.recruitee.com
WJ-Gruppe,wjgruppe,https://wjgruppe.recruitee.com
WONINGBORG TOETSING EN TOEZICHT B.V.,wtt,https://wtt.recruitee.com
Woonplus Schiedam,woonplusschiedam,https://woonplusschiedam.recruitee.com
Woonzorg Nederland,woonzorgnederland,https://woonzorgnederland.recruitee.com
Budget Thuis,nutsgroep,https://werkenbijbudgetthuis.nl
BUKO Infrasupport,bukoinfrasupport,https://bukoinfrasupport.recruitee.com
BURG Bedrijven,burgbedrijven,https://burgbedrijven.recruitee.com
BV Peak Coaching,jobspeakcoaching,https://jobspeakcoaching.recruitee.com
Bäcker Müller GmbH & Co KG,baeckermueller,https://baeckermueller.recruitee.com
Kapten & Son,kaptenandson,https://karriere.kapten-son.com
KB | nationale bibliotheek,kb,https://kb.recruitee.com
Kieser,kiesertrainingag,https://kiesertrainingag.recruitee.com
KLA,kimlundgrenassociatesinc,https://kimlundgrenassociatesinc.recruitee.com
Livestorm,livestorm,https://jobs.livestorm.co
Marks and Spencer Greece,marksandspencer,https://careers.marksandspencergreece.com
Massimo Dutti,massimodutti,https://massimodutti.recruitee.com
Merz Schule gGmbH,mbw,https://mbw.recruitee.com
Bäckerei Salzbäcker,salzbacker,https://salzbacker.recruitee.com
BÖCKELS Beste GmbH,karriereboeckelsbestede,https://karriereboeckelsbestede.recruitee.com
Sircle Collection,sirclecollection,https://careers.sirclecollection.com
Solvinity,solvinity,https://solvinity.recruitee.com
SPLETNIK d.o.o,spletnik,https://spletnik.recruitee.com
Spotzer Digital,spotzer,https://spotzer.recruitee.com
SPS Schaltanlagentechnik,spsschaltanlagentechnik,https://spsschaltanlagentechnik.recruitee.com
Stacvalley,stacvalley,https://stacvalley.recruitee.com
status C AG,statuscag,https://statuscag.recruitee.com
Stibbe,stibbebv,https://stibbebv.recruitee.com
Stichting Kwintes,stichtingkwintes,https://stichtingkwintes.recruitee.com
Stichting Sprank,stichtingsprank,https://stichtingsprank.recruitee.com
Stichting Voor ieder 1,stichtingvoorieder1,https://stichtingvoorieder1.recruitee.com
Strict B.V.,strictbv,https://strictbv.recruitee.com
Student Works Management Program,studentworks,https://studentworks.recruitee.com
SuccessDay,successday,https://successday.recruitee.com
Sveriges a-kassor,sverigesakassor,https://sverigesakassor.recruitee.com
SW Logistics,swlog,https://swlog.recruitee.com
Symvaro GmbH,symvaro,https://symvaro.recruitee.com
Südstärke GmbH,sudstarkegmbh,https://sudstarkegmbh.recruitee.com
Xylos,xylos,https://xylos.recruitee.com
Landbot,landbot,https://jobs.landbot.io
Lassner Metallbau & Zerspanungstechnik GmbH & Co. KG,lassnerkarriere,https://lassnerkarriere.recruitee.com
LayerScale Advisory,layerscaleadvisory,https://layerscaleadvisory.recruitee.com
Leeruniek,leeruniek,https://leeruniek.recruitee.com
Lenskart,lenskartcareers,https://lenskartcareers.recruitee.com
LessonUp,lessonup,https://lessonup.recruitee.com
Lister,lister,https://lister.recruitee.com
KP Snacks,kpsnacks,https://kpsnacks.recruitee.com
Atiba,jobs.atiba.com,https://jobs.atiba.com
PIA Group Nederland,piagroupnetherlands,https://piagroupnetherlands.recruitee.com
pladis France,pladisfrance,https://pladisfrance.recruitee.com
Polaroid,polaroid,https://polaroid.recruitee.com
Pragmatic Coders,pragmaticcoders,https://pragmaticcoders.recruitee.com
Priestley Management Company,priestley,https://priestley.recruitee.com
Primo Marine,primomarine,https://primomarine.recruitee.com
Prinsenstichting,prinsenstichting,https://prinsenstichting.recruitee.com
DB Financial,career.dbfinancial.ae,https://career.dbfinancial.ae
De Piergroep,depiergroep,https://depiergroep.recruitee.com
De'Longhi Group,delonghigroup,https://delonghigroup.recruitee.com
DeepSea Technologies,deepsea,https://deepsea.recruitee.com
Deerns Groep BV,jobsdeerns,https://jobsdeerns.recruitee.com
DemoUp Cliplister,demoupcliplister,https://demoupcliplister.recruitee.com
Dienst Dommelvallei,dommelvallei,https://dommelvallei.recruitee.com
DocCheck AG,doccheckgroup,https://doccheckgroup.recruitee.com
Doctena S.A.,doctenasa,https://doctenasa.recruitee.com
John Howard Society of Okanagan & Kootenay,johnhowardsocietyofokanagankootenay,https://johnhowardsocietyofokanagankootenay.recruitee.com
JOHO Group GmbH,johogroup,https://johogroup.recruitee.com
Julius Berger International GmbH,juliusbergerinternationalgmbh,https://juliusbergerinternationalgmbh.recruitee.com
Juno,junolegal,https://junolegal.recruitee.com
Just Russel,justrussel,https://justrussel.recruitee.com
MaxGrip B.V.,maxgrip,https://maxgrip.recruitee.com
N.V. Juva,nvjuva,https://nvjuva.recruitee.com
Nedcargo,werkenbijnedcargo,https://werkenbijnedcargo.recruitee.com
Newelec,newelec,https://newelec.recruitee.com
NIC Systemhaus GmbH,nicsystemhausgmbh,https://nicsystemhausgmbh.recruitee.com
Nictiz,nictiz,https://nictiz.recruitee.com
NIKIN AG,nikin,https://nikin.recruitee.com
Normec Talentpool,normectalentpool,https://normectalentpool.recruitee.com
Novritsch Trading,novritschtrading,https://novritschtrading.recruitee.com
NVM,nvm,https://nvm.recruitee.com
NWB Bank,nwbbank,https://nwbbank.recruitee.com
nyra health,nyrahealth,https://nyrahealth.recruitee.com
Pääkaupunkiseudun Kaupunkiliikenne Oy,kaupunkiliikenne,https://kaupunkiliikenne.recruitee.com
Good Seed Community Development Corporation,goodseedcommunitydevelopmentcorporation,https://goodseedcommunitydevelopmentcorporation.recruitee.com
GPV Finland,gpvfinland,https://gpvfinland.recruitee.com
GPV Germany GmbH,gpvgermany,https://gpvgermany.recruitee.com
GPV Slovakia (Nova) s.r.o.,gpvslovakia,https://gpvslovakia.recruitee.com
GPV Switzerland SA,gpvswitzerland,https://gpvswitzerland.recruitee.com
Greenpeace Belgium,greenpeacebelgium,https://greenpeacebelgium.recruitee.com
"Griffin Funding, Inc.",griffinfundinginc,https://griffinfundinginc.recruitee.com
RW Group,rwg,https://rwg.recruitee.com
OPUS,opus,https://opus.recruitee.com
Avedo - Eine Marke der Ströer X GmbH,avedo,https://avedo.recruitee.com
Copaco Nederland BV,nl.werkenbijcopaco.com,https://nl.werkenbijcopaco.com
Master English,masterenglish,https://masterenglish.recruitee.com
Mavie Next GmbH,mavienextgmbh,https://mavienextgmbh.recruitee.com
Mayflower,mayflower,https://mayflower.recruitee.com
MEDACTA FRANCE SAS,medactafrance,https://medactafrance.recruitee.com
Medecins Sans Frontières-WaCA,medecinssansfrontiereswaca,https://medecinssansfrontiereswaca.recruitee.com
Mega Group International S.A.,megagroupinternational,https://megagroupinternational.recruitee.com
Mei architects and planners,meiarchitectsplanners,https://meiarchitectsplanners.recruitee.com
Metzgerei Jedowski GmbH & Co.KG,jedowski,https://jedowski.recruitee.com
Médecins Sans Frontières Suisse,medecinssansfrontieressuisse,https://medecinssansfrontieressuisse.recruitee.com
Médialo Inc.,medialo,https://medialo.recruitee.com
Universe Group,universegroup,https://universegroup.recruitee.com
Utility Profit,utilityprofit,https://utilityprofit.recruitee.com
Aalberts Surface Technologies GmbH,jobs.aalberts-st.com,https://jobs.aalberts-st.com
Ab Närpes Trä & Metall,ntm,https://ntm.recruitee.com
Ackermans & van Haaren,ackermansvanhaaren,https://ackermansvanhaaren.recruitee.com
Group Jansen,kansenbijjansen.be,https://kansenbijjansen.be
Groupe LG2,lg2,https://lg2.recruitee.com
Grow Progress,growprogress,https://growprogress.recruitee.com
GTO Wizard,gtowizard,https://gtowizard.recruitee.com
Gérard Bertrand,gerardbertrand,https://gerardbertrand.recruitee.com
pro4dynamix GmbH,pro4dynamixgmbh,https://pro4dynamixgmbh.recruitee.com
Prodigi Group,prodigigroup,https://prodigigroup.recruitee.com
Protect Democracy,protectdemocracy,https://protectdemocracy.recruitee.com
Fulcrum,fulcrum,https://fulcrum.recruitee.com
Yellowstone Local,jobs.yellowstonelocal.com,https://jobs.yellowstonelocal.com
Yellowtail Conclusion,yellowtail,https://yellowtail.recruitee.com
Kodify,kodify,https://kodify.recruitee.com
Carano Software Solutions GmbH,carano,https://carano.recruitee.com
CarbonBetter,carbonbetter,https://carbonbetter.recruitee.com
Care Expert,careexpert,https://careexpert.recruitee.com
CB,cb,https://cb.recruitee.com
CCM Europe,ccmeurope,https://ccmeurope.recruitee.com
CENTRALE LYON,ecolecentraledelyon,https://ecolecentraledelyon.recruitee.com
CH Media,chmedia,https://chmedia.recruitee.com
Chow Co ApS,chowco,https://chowco.recruitee.com
cigus GmbH,cigusgmbh,https://cigusgmbh.recruitee.com
"Civiltec Engineering, Inc",civiltecengineering,https://civiltecengineering.recruitee.com
Claus Group,claus,https://claus.recruitee.com
Clay Hospitality,clay,https://clay.recruitee.com
Climeworks,climeworks,https://climeworks.recruitee.com
Club Pierre Charron (MARVAL),groupemarval,https://groupemarval.recruitee.com
Commodity Hero,buildofarm,https://buildofarm.recruitee.com
Comtest Engineering,comtest,https://comtest.recruitee.com
Confo Therapeutics,confotherapeutics,https://confotherapeutics.recruitee.com
connect people & company GmbH,connectpeople,https://connectpeople.recruitee.com
Context&,contextand,https://contextand.recruitee.com
Context& Finland Oy,sulavaoy,https://sulavaoy.recruitee.com
Coppens Metaal-techniek B.V.,coppensmetaaltechniek,https://coppensmetaaltechniek.recruitee.com
CoverWorks Group,coverworks,https://coverworks.recruitee.com
Craftzing,craftzing,https://craftzing.recruitee.com
Crunch Analytics,crunchanalyticscareers,https://crunchanalyticscareers.recruitee.com
CSC – IT Center for Science,cscfi,https://cscfi.recruitee.com
CTICC,cticc,https://cticc.recruitee.com
CURRENTA GRUPPE Ausbildung,azubi,https://azubi.recruitee.com
livedepartment crew support GmbH,jobs.livedepartment.com,https://jobs.livedepartment.com
Livio,livio,https://livio.recruitee.com
Loyalty Key A/S,loyaltykey,https://loyaltykey.recruitee.com
REIZ TECH UAB,reiztech,https://reiztech.recruitee.com
REPLOID Group AG,reploidgroupag,https://reploidgroupag.recruitee.com
Resumedia,careers.resumedia.com,https://careers.resumedia.com
RH Partners,rhpartners,https://rhpartners.recruitee.com
Rooyse Wissel,rooysewissel,https://rooysewissel.recruitee.com
Adarga,adarga,https://adarga.recruitee.com
ADHESE,adhese,https://adhese.recruitee.com
Adstronauts GmbH,adstronauts,https://adstronauts.recruitee.com
aedifion GmbH,aedifion,https://aedifion.recruitee.com
Affidea Greece,affideagreece,https://affideagreece.recruitee.com
ahc GmbH,ahcgmbh,https://ahcgmbh.recruitee.com
Alliade,alliade,https://alliade.recruitee.com
apotal,apotal,https://apotal.recruitee.com
Applus+,applus,https://applus.recruitee.com
ATASS Sports,atasssports,https://atasssports.recruitee.com
ATLANTIC GmbH,atlanticgmbh,https://atlanticgmbh.recruitee.com
Atostek Oy,atostek,https://atostek.recruitee.com
Autohaus Dünnes & Sohn GmbH,autohausduennes,https://autohausduennes.recruitee.com
Autoriteit Financiele Markten,werkenbijdeafm,https://werkenbijdeafm.recruitee.com
Aux Merveilleux de Fred,auxmerveilleuxcarriere,https://auxmerveilleuxcarriere.recruitee.com
Avante Bouwprocessen,avantebouwprocessen,https://avantebouwprocessen.recruitee.com
Aveniq AG,aveniq,https://aveniq.recruitee.com
Knuddels GmbH & Co. KG,jobs.knuddels.de,https://jobs.knuddels.de
Koninklijk Theater Carré,koninklijktheatercarre,https://koninklijktheatercarre.recruitee.com
Koninklijke Niestern Sander,koninklijkeniesternsander,https://koninklijkeniesternsander.recruitee.com
Kurparkklinik Dr. Lauterbach Klinik GmbH,jobsdrlauterbachklinik,https://jobsdrlauterbachklinik.recruitee.com
kybun Joya Retail,kybunjoyaretail,https://kybunjoyaretail.recruitee.com
KÖ-KLINIK GmbH,koklinikgmbh,https://koklinikgmbh.recruitee.com
Tereos Starch & Sweeteners Belgium NV,tereos,https://tereos.recruitee.com
testimonials.de GmbH,testimonials,https://testimonials.recruitee.com
TFH Holland Beheer BV.,werkenbijons,https://werkenbijons.recruitee.com
The Career Centre,thecareersteam,https://thecareersteam.recruitee.com
The Landbanking Group,thelandbankinggroup,https://thelandbankinggroup.recruitee.com
The Mortgage Talent Network,themortgagetalentnetwork,https://themortgagetalentnetwork.recruitee.com
The Safety Network,thesafetynetwork,https://thesafetynetwork.recruitee.com
The Sales Centre co,thesalescentre,https://thesalescentre.recruitee.com
timeout Stiftung gGmbH,timeoutstiftungggmbh,https://timeoutstiftungggmbh.recruitee.com
Transferz,transferz,https://transferz.recruitee.com
True North Partners LLP,tnp,https://tnp.recruitee.com
Tweede Kamer,tweedekamer,https://tweedekamer.recruitee.com
Online Payment Platform,jobs.onlinepaymentplatform.com,https://jobs.onlinepaymentplatform.com
OPEN.nl Software Group,opennl,https://opennl.recruitee.com
OpenTag,opentag,https://opentag.recruitee.com
OpenVPN,careers.openvpn.net,https://careers.openvpn.net
Opernhaus Graz GmbH,opergraz,https://opergraz.recruitee.com
Organisation internationale de la Francophonie,francophoniecarrieres,https://francophoniecarrieres.recruitee.com
Otovo,otovo,https://otovo.recruitee.com
Otsuka Pharma GmbH,otsukapharmagmbh,https://otsukapharmagmbh.recruitee.com
ÖJAB – Österreichische JungArbeiterBewegung,oejab,https://oejab.recruitee.com
(Freelance) ROVC Technische Opleidingen B.V.,rovcfreelance,https://rovcfreelance.recruitee.com
11 bit studios,11bitstudios,https://11bitstudios.recruitee.com
123fahrschule Holding GmbH,123fahrschule,https://123fahrschule.recruitee.com
3H18,3h18,https://3h18.recruitee.com
4CEE,4cee,https://4cee.recruitee.com
A. de Jong Groep,adj,https://adj.recruitee.com
AAJT,aajt,https://aajt.recruitee.com
"AAS ""BTA Baltic Insurance Company""",bta,https://bta.recruitee.com
ABC Formation Continue,cloval,https://cloval.recruitee.com
ABF,abfgroup,https://abfgroup.recruitee.com
accilium Group GmbH,accilium,https://accilium.recruitee.com
ACE Company BV,ace,https://ace.recruitee.com
ACSL College Sports League GmbH,acsl,https://acsl.recruitee.com
Advanced Forces Group,advancedforcesgroup,https://advancedforcesgroup.recruitee.com
Advanced Protection Systems S.A.,advancedprotectionsystems,https://advancedprotectionsystems.recruitee.com
Advantive,advantive,https://advantive.recruitee.com
Adviesbureau APB B.V.,vacaturesapb,https://vacaturesapb.recruitee.com
Adèle Express MTL,adeleexpressfr,https://adeleexpressfr.recruitee.com
AEGIR-Marine,aegirmarine,https://aegirmarine.recruitee.com
Affidea Italy,affideaitaly,https://affideaitaly.recruitee.com
Affidea Portugal,affideaportugal,https://affideaportugal.recruitee.com
Affidea Spain,affideaspain,https://affideaspain.recruitee.com
AFS Group B.V.,afsgroup,https://afsgroup.recruitee.com
Airborne,airborne,https://airborne.recruitee.com
AJ Walter Aviation,ajwalter,https://ajwalter.recruitee.com
Alan & Luca B.V.,werkenbijalanluca,https://werkenbijalanluca.recruitee.com
ALBAX Carrosserie - Mécanique - Groupe,albax,https://albax.recruitee.com
Altrecht,altrecht,https://altrecht.recruitee.com
Amarosa,werkenbijamarosa,https://werkenbijamarosa.recruitee.com
AmbaFlex,ambaflex,https://ambaflex.recruitee.com
Amsterdam Music Harbour,spinninrecordsandwmgbenelux,https://spinninrecordsandwmgbenelux.recruitee.com
Anantara Holding GmbH,anantaragroup,https://anantaragroup.recruitee.com
ANCIA,anciapersonnelinc,https://anciapersonnelinc.recruitee.com
Andmore,andmore,https://andmore.recruitee.com
Andreas Schmid Group,andreasschmid,https://andreasschmid.recruitee.com
Angelicoussis Group,angelicoussisgroup,https://angelicoussisgroup.recruitee.com
Antea Group,anteagroup,https://anteagroup.recruitee.com
Antenno,antenno,https://antenno.recruitee.com
Antire,antire,https://antire.recruitee.com
Antoni van Leeuwenhoek,antonivanleeuwenhoek,https://antonivanleeuwenhoek.recruitee.com
Antverpia Apotheken,antverpianv,https://antverpianv.recruitee.com
AnywhereNow,anywherenow,https://anywherenow.recruitee.com
AP Corp,apcorp,https://apcorp.recruitee.com
AppTweak,apptweak,https://apptweak.recruitee.com
Argent Energy,argentenergylimited,https://argentenergylimited.recruitee.com
Argumentorik-Akademie GmbH,argumentorikakademiegmbh1,https://argumentorikakademiegmbh1.recruitee.com
Armstark Handels-GmbH,armstarkhandelsgmbh,https://armstarkhandelsgmbh.recruitee.com
Asap.be,asap,https://asap.recruitee.com
ASTONJET,astonjet,https://astonjet.recruitee.com
AstroLabs DMCC,astrolabs,https://astrolabs.recruitee.com
AT Osborne B.V.,atosborne,https://atosborne.recruitee.com
Attent Zorg en Behandeling,werkenbijattentzorgenbehandeling,https://werkenbijattentzorgenbehandeling.recruitee.com
Automation NV,automation,https://automation.recruitee.com
Auxila jobs + more,auxilajobsandmore,https://auxilajobsandmore.recruitee.com
Axivate Horeca,axivatehoreca,https://axivatehoreca.recruitee.com
Badische Backstub' F. u. E. Weber GmbH,badischebackstub,https://badischebackstub.recruitee.com
Bahmann Coaching GmbH,janbahmann,https://janbahmann.recruitee.com
Baker Tilly (Netherlands) B.V.,bakertilly,https://bakertilly.recruitee.com
BAMBINOS,bambinos,https://bambinos.recruitee.com
Bartiméus,bartimeus,https://bartimeus.recruitee.com
Basalt,basalt,https://basalt.recruitee.com
BBHT Beratungsgesellschaft mbH & Co. KG,bbht,https://bbht.recruitee.com
Be Food!,befood,https://befood.recruitee.com
BearingPoint B.V.,bearingpointnl,https://bearingpointnl.recruitee.com
Beautyholic GmbH,beautyholic,https://beautyholic.recruitee.com
Bedachungen Schmidt GmbH,bedachungenschmidtgmbh,https://bedachungenschmidtgmbh.recruitee.com
Benslips GmbH,benslips,https://benslips.recruitee.com
Berenschot Groep B.V.,berenschot,https://berenschot.recruitee.com
Bergbahnen Dachstein Salzkammergut,bergbahnkarriere,https://bergbahnkarriere.recruitee.com
Bergers Partner Steuerberater Wirtschaftsprüfer PartG mbB,bergerspartner,https://bergerspartner.recruitee.com
Beva Metal bv,bevametal,https://bevametal.recruitee.com
Bidfood,bidfood,https://bidfood.recruitee.com
Biolectric,biolectric,https://biolectric.recruitee.com
BIROHAgroup,biroha,https://biroha.recruitee.com
BKW Wirtshaus Duisburg GmbH,bwkduisburggmbh,https://bwkduisburggmbh.recruitee.com
Blaugold GmbH Steuerberatungsgesellschaft,karriereblaugold,https://karriereblaugold.recruitee.com
Blue Current B.V.,werkenbijbluecurrent,https://werkenbijbluecurrent.recruitee.com
Bluefield Finance B.V.,bluefield,https://bluefield.recruitee.com
bp4b personaldienstleistung gmbh,bestpeople,https://bestpeople.recruitee.com
BR Holding GmbH,bowlingroom,https://bowlingroom.recruitee.com
BrainWash,werkenbijbrainwash,https://werkenbijbrainwash.recruitee.com
Brand New Day,werkenbijbrandnewday,https://werkenbijbrandnewday.recruitee.com
BrandMR,brandmr,https://brandmr.recruitee.com
BridgeFund,bridgefund,https://bridgefund.recruitee.com
Britsafe Limited,britsafe,https://britsafe.recruitee.com
BRL Risk Consulting GmbH & Co. KG,brlriskconsulting,https://brlriskconsulting.recruitee.com
Bruder Consulting e.K.,lionelbruder,https://lionelbruder.recruitee.com
BRUGG Industry Solutions GmbH,bruggindustrysolutionsgmbh1,https://bruggindustrysolutionsgmbh1.recruitee.com
BSS GmbH,bssgmbh,https://bssgmbh.recruitee.com
BTI Immobilien GmbH,btiimmobiliengmbh,https://btiimmobiliengmbh.recruitee.com
BucherInvest GmbH,bucherinvestgmbh,https://bucherinvestgmbh.recruitee.com
Bunker db,bunkerdb,https://bunkerdb.recruitee.com
Bussola Groep,bussolagroep,https://bussolagroep.recruitee.com
BV MadeByTalents,madebytalents,https://madebytalents.recruitee.com
Bäckerei & Konditorei Ludwig Riedmair GmbH,riedmair,https://riedmair.recruitee.com
Bäckerei Exner,exner,https://exner.recruitee.com
Bäckerei Konditorei Busch GmbH,backereikonditoreibuschgmbh,https://backereikonditoreibuschgmbh.recruitee.com
Bäckerei Moss GmbH,baeckereimoss,https://baeckereimoss.recruitee.com
Bäckerei Plücker GmbH & Co.KG,pluecker,https://pluecker.recruitee.com
Bäckerei Sipl GmbH,baeckereisipl,https://baeckereisipl.recruitee.com
Bäckerei Thollembeek GmbH & Co.KG,thollembeek,https://thollembeek.recruitee.com
Bäckerei Trunk GmbH,baeckertrunk,https://baeckertrunk.recruitee.com
Bäckerei und Conditorei Triffterer GmbH & Co. KG,triffterer,https://triffterer.recruitee.com
Bäckerei und Konditorei Burger,baeckereiburger,https://baeckereiburger.recruitee.com
Bäckerei Werning GmbH,baeckereiwerning,https://baeckereiwerning.recruitee.com
CAELISTIC Ulm GmbH,caelisticgroup,https://caelisticgroup.recruitee.com
Caesar Groep,caesar,https://caesar.recruitee.com
Care to Change,caretochange,https://caretochange.recruitee.com
Castellum Security B.V.,castellumsecurity,https://castellumsecurity.recruitee.com
cbs APAC,cbsapac,https://cbsapac.recruitee.com
Cefetra Group BV,cefetragroup,https://cefetragroup.recruitee.com
Cello,cello1,https://cello1.recruitee.com
Centre Hospitalier EpiCURA,emploisepicura,https://emploisepicura.recruitee.com
Cerfrance Mayenne-Sarthe,cerfrancemayennesarthe,https://cerfrancemayennesarthe.recruitee.com
CHR HAUTE SENNE,chrhautesenne,https://chrhautesenne.recruitee.com
Christiaens Group,christiaensgroup,https://christiaensgroup.recruitee.com
Circet (Schweiz) AG,circetschweizag,https://circetschweizag.recruitee.com
Circet Benelux,circetbenelux,https://circetbenelux.recruitee.com
Cito,citonl,https://citonl.recruitee.com
CJ Barrymore's Sports & Entertainment,cjbarrymores,https://cjbarrymores.recruitee.com
CLBR Consulting BV,clbr,https://clbr.recruitee.com
CleverIT,cleverit,https://cleverit.recruitee.com
Clockworks,clockworks,https://clockworks.recruitee.com
Cloudary SAS,opsbrasil,https://opsbrasil.recruitee.com
Code & Pepper,codepepper,https://codepepper.recruitee.com
Coloriet,coloriet,https://coloriet.recruitee.com
Comhard Gesellschaft für Bildung und Personalentwicklung mbH,comhard,https://comhard.recruitee.com
con-pearl GmbH,conpearl,https://conpearl.recruitee.com
Conclusion Experience,experience,https://experience.recruitee.com
Conforma N.V.,conformanv,https://conformanv.recruitee.com
Contest Group,werkenbijcontestyachts,https://werkenbijcontestyachts.recruitee.com
Control Union,controlunion,https://controlunion.recruitee.com
Cordaan,cordaan,https://cordaan.recruitee.com
Cordes Consulting GmbH,cordesconsulting,https://cordesconsulting.recruitee.com
Core-Backbone GmbH,corebackbone,https://corebackbone.recruitee.com
Cornelissen Transport B.V.,cornelissentransportbv,https://cornelissentransportbv.recruitee.com
Cosun,cosun,https://cosun.recruitee.com
Cotap B.V.,cotap,https://cotap.recruitee.com
CPAS de Woluwe-Saint-Lambert,cpasdewoluwesaintlambert,https://cpasdewoluwesaintlambert.recruitee.com
Creative Clicks B.V.,creativeclicks,https://creativeclicks.recruitee.com
CROP Accountants & Adviseurs,crop,https://crop.recruitee.com
Crowe Peak,crowepeak1,https://crowepeak1.recruitee.com
cuisyn,muttifreutsich,https://muttifreutsich.recruitee.com
Custom Connect,customconnect,https://customconnect.recruitee.com
Daily Sales,dailysales,https://dailysales.recruitee.com
Datashift NV,datashift,https://datashift.recruitee.com
Dawn Technology,dawntechnology,https://dawntechnology.recruitee.com
DBS Tyre Management Group,dbsgroep,https://dbsgroep.recruitee.com
DC Aviation GmbH,dcaviationgmbh,https://dcaviationgmbh.recruitee.com
De Beyart,werkenbijdebeyart,https://werkenbijdebeyart.recruitee.com
De Graaf Bakeries,degraafbakeries,https://degraafbakeries.recruitee.com
De Jager Detachering B.V.,dejagerdetacheringbv,https://dejagerdetacheringbv.recruitee.com
De Oranjerie,vandervalkroermond,https://vandervalkroermond.recruitee.com
De Schatberg & FEC Sevenum,werkeninleisure,https://werkeninleisure.recruitee.com
De Sociale Maatschap,desocialemaatschap,https://desocialemaatschap.recruitee.com
De Talentpool,detalentpoolnederland,https://detalentpoolnederland.recruitee.com
De Visser Groep,devissergroep,https://devissergroep.recruitee.com
De Wervingsfabriek,dwf,https://dwf.recruitee.com
Dealer Totaal Concept B.V.,dtc,https://dtc.recruitee.com
DebtHammer,debthammer,https://debthammer.recruitee.com
decker+ co. Internationale Spedition GmbH,speditiondecker,https://speditiondecker.recruitee.com
Decoded Limited,decoded,https://decoded.recruitee.com
dekarbo GmbH,dekarbogmbh,https://dekarbogmbh.recruitee.com
Delkeskamp Verpackungswerke GmbH,delkeskampverpackungswerke,https://delkeskampverpackungswerke.recruitee.com
DESA Pflegeeinrichtungen GmbH,desapflegeeinrichtungengmbh,https://desapflegeeinrichtungengmbh.recruitee.com
Deutsche Stiftung für Engagement und Ehrenamt,dsee,https://dsee.recruitee.com
Di Sabatino Finanzkonzepte GmbH,disabatino,https://disabatino.recruitee.com
Diakonischer Gesundheitscampus Quirlsberg,quirlsberg,https://quirlsberg.recruitee.com
Die Grenze BV,diegrenze,https://diegrenze.recruitee.com
DiG GmbH,diggmbh,https://diggmbh.recruitee.com
Digital Payroll Services,digitalpayrollservices,https://digitalpayrollservices.recruitee.com
digitalhoneycomb GmbH,digitalhoneycomb,https://digitalhoneycomb.recruitee.com
Dirección Operativa de Soluciones S2,doss2,https://doss2.recruitee.com
Distribusion Technologies,distribusion,https://distribusion.recruitee.com
DLE.energy,dle,https://dle.recruitee.com
DomusVita Pflegedienst,domusvita,https://domusvita.recruitee.com
Donna,donna,https://donna.recruitee.com
DPI,dpi,https://dpi.recruitee.com
Dr. Richard Gruppe,drrichard,https://drrichard.recruitee.com
Dr. Schmitt & Kollegen Steuerberater Rechtsanwälte PartGmbB,schmittkanzlei,https://schmittkanzlei.recruitee.com
Dr. Sußmann Consulting GmbH,drsussmanngmbh,https://drsussmanngmbh.recruitee.com
Draaijer Heyday,heydayfm,https://heydayfm.recruitee.com
Draht Krippner GmbH,drahtkrippnergmbh,https://drahtkrippnergmbh.recruitee.com
Dressel Immobilien GmbH,dresselimmobiliengmbh,https://dresselimmobiliengmbh.recruitee.com
Driestroom,driestroom,https://driestroom.recruitee.com
Droppie,droppie,https://droppie.recruitee.com
DTE Consult GmbH,dteconsultgmbh,https://dteconsultgmbh.recruitee.com
DTX,dtx,https://dtx.recruitee.com
Dura Vermeer,duravermeer,https://duravermeer.recruitee.com
Easy Recruit,internetwerving,https://internetwerving.recruitee.com
Ebro,ebro,https://ebro.recruitee.com
ECOLE NATIONALE SUPERIEURE DE TECHNIQUES AVANCEES,enstaparis,https://enstaparis.recruitee.com
EDCO,werkenbijedco,https://werkenbijedco.recruitee.com
Edelman BV,werkenbijedelman,https://werkenbijedelman.recruitee.com
Effectory,effectory,https://effectory.recruitee.com
Egala Zorg,egalazorg,https://egalazorg.recruitee.com
Eichholtz,eichholtz,https://eichholtz.recruitee.com
Electro 80 nv,electro80,https://electro80.recruitee.com
ELFIN Engineering and Solutions GmbH,elfinsolutions,https://elfinsolutions.recruitee.com
EMERSE SALES US INC,emerse,https://emerse.recruitee.com
emetriq GmbH,emetriq,https://emetriq.recruitee.com
EnergyKing,energyking,https://energyking.recruitee.com
ENERVIE – Südwestfalen Energie und Wasser AG,enerviesudwestfalenenergieundwasserag,https://enerviesudwestfalenenergieundwasserag.recruitee.com
Ennatuurlijk,ennatuurlijkbv,https://ennatuurlijkbv.recruitee.com
ENSUP,ensup,https://ensup.recruitee.com
Epic Fusion AG,epicfusion,https://epicfusion.recruitee.com
epilot GmbH,epilot,https://epilot.recruitee.com
Eraneos,eraneos,https://eraneos.recruitee.com
Eraneos Iberia,eraneosiberia,https://eraneosiberia.recruitee.com
Eskandary Finanzkonzepte GmbH,eskandary,https://eskandary.recruitee.com
Esprit ICT,werkenbijespritict,https://werkenbijespritict.recruitee.com
ETL Heimfarth Gruppe,etlheimfarthgruppe,https://etlheimfarthgruppe.recruitee.com
EuroEyes Deutschland Holding GmbH & Co. KG,euroeyes,https://euroeyes.recruitee.com
Eurosort B.V.,eurosortsystems,https://eurosortsystems.recruitee.com
everdrop GmbH,everdrop,https://everdrop.recruitee.com
Evertzberg Holding GmbH & Co. KG,backereievertzberg,https://backereievertzberg.recruitee.com
evofenedex,evofenedex,https://evofenedex.recruitee.com
EVREUX PORTES DE NORMANDIE,evreuxportesdenormandie,https://evreuxportesdenormandie.recruitee.com
Excluton B.V.,werkenbijexcluton,https://werkenbijexcluton.recruitee.com
EXP1CONSULTING,exp1consulting,https://exp1consulting.recruitee.com
exsos GmbH,exsos,https://exsos.recruitee.com
Falk Berberich Consulting,falkberberich,https://falkberberich.recruitee.com
Feenstra,feenstra,https://feenstra.recruitee.com
FIBRO Rundtische GmbH,fibrorundtischegmbh,https://fibrorundtischegmbh.recruitee.com
Fiedler GmbH,fiedler,https://fiedler.recruitee.com
Filmlagune GmbH,filmlagune,https://filmlagune.recruitee.com
FINOPTI,mycashcollector,https://mycashcollector.recruitee.com
Fjernvarme Fyn,fjernvarmefynkarriere,https://fjernvarmefynkarriere.recruitee.com
FLEURY MICHON,fleurymichon,https://fleurymichon.recruitee.com
FlexTrade,flextrade,https://flextrade.recruitee.com
Florence,florence,https://florence.recruitee.com
Flow Factor,flowfactor,https://flowfactor.recruitee.com
Flux Partners,fluxpartners,https://fluxpartners.recruitee.com
Fonky BV,fonky,https://fonky.recruitee.com
Forensisch centrum Teylingereind,forensischcentrumteylingereind,https://forensischcentrumteylingereind.recruitee.com
Forp,werkenviaforp,https://werkenviaforp.recruitee.com
Forvis Mazars Ireland Limited,forvismazars,https://forvismazars.recruitee.com
Freeday,freeday,https://freeday.recruitee.com
Freiheit Media GmbH,freiheitmedia,https://freiheitmedia.recruitee.com
Friday Recruitment,fridayrecruitment,https://fridayrecruitment.recruitee.com
Fuldwerk GmbH,fuldwerk,https://fuldwerk.recruitee.com
G4S Greece,greeceg4s,https://greeceg4s.recruitee.com
GAEV Dental,gaevdental,https://gaevdental.recruitee.com
Gateway to Germany,gateway,https://gateway.recruitee.com
Gazelle,koninklijkegazelle,https://koninklijkegazelle.recruitee.com
GBU & Orchid House,gbu,https://gbu.recruitee.com
Gebr. Ewald GmbH,ewald,https://ewald.recruitee.com
Gemeente Capelle aan den IJssel,gemeentecapelleaandenijssel,https://gemeentecapelleaandenijssel.recruitee.com
Gemeente Pijnacker-Nootdorp,werkenbijpijnackernootdorp,https://werkenbijpijnackernootdorp.recruitee.com
Gemeente Zuidplas,zuidplas1,https://zuidplas1.recruitee.com
Gemeinde Lilienthal,gemeindelilienthal,https://gemeindelilienthal.recruitee.com
Gemüsehandel Hagge GmbH,gemusehandelhaggegmbh,https://gemusehandelhaggegmbh.recruitee.com
getransports,getransports,https://getransports.recruitee.com
GFBI GmbH,gfbigmbh,https://gfbigmbh.recruitee.com
GGz Breburg,ggzbreburg,https://ggzbreburg.recruitee.com
GGZ Oost Brabant,ggzoostbrabant,https://ggzoostbrabant.recruitee.com
GGZ Rivierduinen,rivierduinen,https://rivierduinen.recruitee.com
GIGA STORAGE,gigastorage,https://gigastorage.recruitee.com
GMK,gmk,https://gmk.recruitee.com
Go Vocal,govocal,https://govocal.recruitee.com
Goldmantax,goldmantax,https://goldmantax.recruitee.com
Golf in Leicht GmbH,fabianbuenker,https://fabianbuenker.recruitee.com
GONG,gong,https://gong.recruitee.com
Gorin Systems,gs,https://gs.recruitee.com
Göcke GmbH & Co. KG,goeckeumformtechnik,https://goeckeumformtechnik.recruitee.com
GPV Mexico,gpvmexico,https://gpvmexico.recruitee.com
Grace Church,gracechurch,https://gracechurch.recruitee.com
Grant Thornton Austria,grantthorntonaustria,https://grantthorntonaustria.recruitee.com
Grant Thornton Belgium,grantthorntonbelgium,https://grantthorntonbelgium.recruitee.com
Greenchoice,greenchoice,https://greenchoice.recruitee.com
GreenFlux,greenflux,https://greenflux.recruitee.com
Groenhart Group,groenhart,https://groenhart.recruitee.com
Groupe HR Conseil & Cie,groupehrconseilcie,https://groupehrconseilcie.recruitee.com
Groupe Mondial Tissus,recrutementmondialtissus,https://recrutementmondialtissus.recruitee.com
Grupo Espiral,grupoespiral,https://grupoespiral.recruitee.com
Guidion,guidion6,https://guidion6.recruitee.com
Hall Tabakwaren e.K,karrierehall,https://karrierehall.recruitee.com
Happy Capital HRM,happycapitalhrm,https://happycapitalhrm.recruitee.com
HeadFirst B.V.,headfirst,https://headfirst.recruitee.com
Heilind Electronics GmbH,heilindelectronicseurope,https://heilindelectronicseurope.recruitee.com
Heim,heim,https://heim.recruitee.com
Hermann GmbH,autohaushermann,https://autohaushermann.recruitee.com
Herta GmbH,karriere,https://karriere.recruitee.com
Heuschen & Schrouff Foods Group B.V.,heuschenschrouff,https://heuschenschrouff.recruitee.com
HH Sales & Consulting GmbH Germany,hhsalesconsultinggmbhgermany,https://hhsalesconsultinggmbhgermany.recruitee.com
HILPERT AKTIENGESELLSCHAFT,hilpertaktiengesellschaft,https://hilpertaktiengesellschaft.recruitee.com
Hoffmann Productions GmbH,hoffmannproductions,https://hoffmannproductions.recruitee.com
Hollandia,hollandia,https://hollandia.recruitee.com
Hotel 's-Hertogenbosch - Vught,hotelvught,https://hotelvught.recruitee.com
Hotel Antwerpen,hotelantwerpen,https://hotelantwerpen.recruitee.com
Hotel Cuijk - Nijmegen,hotelcuijk,https://hotelcuijk.recruitee.com
Hotel De Molenhoek - Nijmegen,hoteldemolenhoek,https://hoteldemolenhoek.recruitee.com
Hotel Groningen - Hoogkerk,hotelgroningenhoogkerk,https://hotelgroningenhoogkerk.recruitee.com
Hotel Groningen - Zuidbroek A7,hotelzuidbroek,https://hotelzuidbroek.recruitee.com
Hotel Groningen-Westerbroek,hotelwesterbroek,https://hotelwesterbroek.recruitee.com
Hotel Hilversum - de Witte Bergen,hoteldewittebergen,https://hoteldewittebergen.recruitee.com
Hotel Melle-Osnabrück,hotelmelle,https://hotelmelle.recruitee.com
Hotel Nazareth - Gent,hotelnazareth,https://hotelnazareth.recruitee.com
Hotel Texel - De Koog,hoteltexel,https://hoteltexel.recruitee.com
Hotel Veenendaal,hotelveenendaal,https://hotelveenendaal.recruitee.com
Houthoff Legal,houthoff,https://houthoff.recruitee.com
Hugo Pfohe GmbH,hugopfohegmbh,https://hugopfohegmbh.recruitee.com
Huiskes Kokkeler,pon22,https://pon22.recruitee.com
HuizingHarvest B.V.,huizingharvest,https://huizingharvest.recruitee.com
HUMANIS-PARTNERS,humanispartners,https://humanispartners.recruitee.com
Hutton & Fazekas-Con Kampfsport GmbH,kampfsportgmbh,https://kampfsportgmbh.recruitee.com
HY-LINE Holding GmbH,hylinegroup,https://hylinegroup.recruitee.com
Hydrive Engineering GmbH,hydriveengineeringgmbh,https://hydriveengineeringgmbh.recruitee.com
HyPlus Technology GmbH,hyand,https://hyand.recruitee.com
Hütthaler KG,huetthalerkg,https://huetthalerkg.recruitee.com
IAS BV,ias,https://ias.recruitee.com
Ibexa,qualifio1,https://qualifio1.recruitee.com
ICU IT Services,icuitservices,https://icuitservices.recruitee.com
IFV Performance GmbH,verkaufspsychologie,https://verkaufspsychologie.recruitee.com
ILF Consulting Engineers Germany GmbH,jobsger,https://jobsger.recruitee.com
IMB.Berlin GmbH,imbgmbh,https://imbgmbh.recruitee.com
info@bodymasters.de,bodymasters,https://bodymasters.recruitee.com
Infomedics,infomedics,https://infomedics.recruitee.com
INFOMEDIJI d.o.o.,infomedijidoo,https://infomedijidoo.recruitee.com
Ingenieurgruppe Steen-Meyers-Schmiddem beratende Ingenieure PartG mbB,smskarriere,https://smskarriere.recruitee.com
IngenieurNetzwerk Energie eG,ineg,https://ineg.recruitee.com
Innovadis B.V.,innovadis,https://innovadis.recruitee.com
Innovam,innovam,https://innovam.recruitee.com
Innovative Beauty Group,innovativebeautygroup,https://innovativebeautygroup.recruitee.com
INOVA+,inovabusiness,https://inovabusiness.recruitee.com
inovex GmbH,inovex,https://inovex.recruitee.com
inretail,inretail,https://inretail.recruitee.com
Insanity,insanitygroup,https://insanitygroup.recruitee.com
Instagrid,instagrid,https://instagrid.recruitee.com
Intelic,intelic,https://intelic.recruitee.com
INTERBRANDS ORBICO,interbrandsorbico,https://interbrandsorbico.recruitee.com
InterDam bv,interdambv,https://interdambv.recruitee.com
Intersnack Group GmbH & Co. KG,intersnackgroupgmbhcokg,https://intersnackgroupgmbhcokg.recruitee.com
Interstellar,interstellargroup,https://interstellargroup.recruitee.com
INTESCIA GROUP,intescia,https://intescia.recruitee.com
InTouch,intouch,https://intouch.recruitee.com
Inventum Technologies,work4inventum,https://work4inventum.recruitee.com
IRIMED,irimed,https://irimed.recruitee.com
Isabella Glutenfreie Pâtisserie GmbH & Co. KG,isabellapatisserie,https://isabellapatisserie.recruitee.com
ISI Transport- und Verpackungsmittel GmbH,easypaletten,https://easypaletten.recruitee.com
IT Synergy,itsynergy,https://itsynergy.recruitee.com
Iver,iverwind,https://iverwind.recruitee.com
IXON Cloud,ixonbv,https://ixonbv.recruitee.com
J.P. Boborykin Executive Search GmbH,boborykin,https://boborykin.recruitee.com
Jeff & Jill Uitzendspecialist,jeffjill,https://jeffjill.recruitee.com
JELLY,scallent,https://scallent.recruitee.com
Jeugdprofessionals Nederland,jeugdprofessionalsnederland,https://jeugdprofessionalsnederland.recruitee.com
JEX Nederland B.V.,jex,https://jex.recruitee.com
Jobnino BV:,jobninobv,https://jobninobv.recruitee.com
Jumpfactor,jumpfactor,https://jumpfactor.recruitee.com
Kalle-Bäcker GmbH & Co. KG,kallebaecker,https://kallebaecker.recruitee.com
Kantega,kantega,https://kantega.recruitee.com
Karakter Traprenovaties,karaktertraprenovaties,https://karaktertraprenovaties.recruitee.com
Karate Fachsportschule,karatefachsportschule,https://karatefachsportschule.recruitee.com
KDCI,kdci1,https://kdci1.recruitee.com
Kenter Groendus,kenter,https://kenter.recruitee.com
Keolis,keolis,https://keolis.recruitee.com
Keßler Rohrleitungsbau Hirsch GmbH,kesslerhirsch,https://kesslerhirsch.recruitee.com
KFC Nederland (CFE),collins,https://collins.recruitee.com
kfzteile24 GmbH,kfzteile24,https://kfzteile24.recruitee.com
KI group GmbH,kigroup,https://kigroup.recruitee.com
KIKO MILANO,kikomilano,https://kikomilano.recruitee.com
KIM Plus Delta BV,kimplusdelta,https://kimplusdelta.recruitee.com
King Kong Club GmbH,kingkongclubgmbh,https://kingkongclubgmbh.recruitee.com
Kinly,kinly,https://kinly.recruitee.com
Klimaatroute,werkenbijklimaatroute,https://werkenbijklimaatroute.recruitee.com
Klomp BV,klompbv,https://klompbv.recruitee.com
Klose Consulting GmbH,kloseconsulting,https://kloseconsulting.recruitee.com
KLYMA GmbH,klymagmbh1,https://klymagmbh1.recruitee.com
Konica Minolta Business Solutions,konicaminolta,https://konicaminolta.recruitee.com
Koninklijke Lemkes Groep B.V.,royallemkes,https://royallemkes.recruitee.com
KORTON COMPUTER COMMUNICATION (KCC) B.V.,korton,https://korton.recruitee.com
Kraaijeveld Groenten en Fruit,kraaijeveldgroentenenfruit,https://kraaijeveldgroentenenfruit.recruitee.com
Kraamzorg VDA,kraamzorgvda,https://kraamzorgvda.recruitee.com
Kri Kri,krikri,https://krikri.recruitee.com
KRIEGER GmbH Steuerberatungsgesellschaft,kriegersteuerberatungsgesellschaft,https://kriegersteuerberatungsgesellschaft.recruitee.com
KWS Infra,kws,https://kws.recruitee.com
Körner Real Estate GmbH,kornerrealestategmbh,https://kornerrealestategmbh.recruitee.com
L'Univers NOZ,nozrecrute,https://nozrecrute.recruitee.com
La Manufacture RH,lamanufacturerh,https://lamanufacturerh.recruitee.com
LABEYRIE FINE FOODS,labeyriefinefoods,https://labeyriefinefoods.recruitee.com
Landbäckerei Grube,landbaeckereigrube,https://landbaeckereigrube.recruitee.com
LaserZone,funzone,https://funzone.recruitee.com
LECOQ,lecoq,https://lecoq.recruitee.com
LegionellaDossier,legionelladossierjobs,https://legionelladossierjobs.recruitee.com
LEHA GmbH,leha,https://leha.recruitee.com
leogistics GmbH,leogistics,https://leogistics.recruitee.com
Leonardo Hotels,edenhotels,https://edenhotels.recruitee.com
Liebscher & Bracht Schmerzfrei GmbH,liebscherbracht,https://liebscherbracht.recruitee.com
Life Outdoor Living International B.V.,lifeoutdoorliving,https://lifeoutdoorliving.recruitee.com
Life Trust GmbH & Co. KG,homodea,https://homodea.recruitee.com
Lincoln College International,lincolnksa,https://lincolnksa.recruitee.com
Little Dutch Trading BV,littledutch,https://littledutch.recruitee.com
Loading Systems,loadingsystems,https://loadingsystems.recruitee.com
Loft Film GmbH,loftfilm,https://loftfilm.recruitee.com
LOISIUM,loisium,https://loisium.recruitee.com
Lokalboten,madsacklogistik,https://madsacklogistik.recruitee.com
Lorenz Kunststofftechnik GmbH,lorenzkunststofftechnik,https://lorenzkunststofftechnik.recruitee.com
Louwman Group,louwman,https://louwman.recruitee.com
LUMC,lumc,https://lumc.recruitee.com
Luminus,luminus,https://luminus.recruitee.com
Luminus Solutions,luminussolutions,https://luminussolutions.recruitee.com
Luscii,luscii,https://luscii.recruitee.com
M&T GmbH,stilwelten,https://stilwelten.recruitee.com
M-studio,mstudio,https://mstudio.recruitee.com
M3 Immobilien Agentur Saar,m3immobilien,https://m3immobilien.recruitee.com
Maastricht UMC+,mumc,https://mumc.recruitee.com
MACO,maco,https://maco.recruitee.com
Manual,manual,https://manual.recruitee.com
MarleenKookt,marleenkookt,https://marleenkookt.recruitee.com
MAT Research,matresearch,https://matresearch.recruitee.com
Matrix One,m1,https://m1.recruitee.com
Matt Sleeps,matt,https://matt.recruitee.com
Maxaro,werkenbijmaxaro,https://werkenbijmaxaro.recruitee.com
Maximizd,maximizd1,https://maximizd1.recruitee.com
MCB,mcb,https://mcb.recruitee.com
MEC Consulting Group,mec,https://mec.recruitee.com
MEDA Sportakademie GmbH,medasportakademiegmbh,https://medasportakademiegmbh.recruitee.com
Medica Group,medica,https://medica.recruitee.com
Medicare MZ GmbH - Verbund Haushaltshilfe,verbundhaushaltshilfe,https://verbundhaushaltshilfe.recruitee.com
Medisch Spectrum Twente,medischspectrumtwente,https://medischspectrumtwente.recruitee.com
Medische Kliniek Velsen,medischekliniekvelsen,https://medischekliniekvelsen.recruitee.com
Mein Makler GmbH,meinmakler,https://meinmakler.recruitee.com
Meliorate GmbH,meliorate,https://meliorate.recruitee.com
Melis Logistics,melislogistics,https://melislogistics.recruitee.com
Melita Ltd,melitaltd,https://melitaltd.recruitee.com
Mental Care Group,nlmentalcaregroup,https://nlmentalcaregroup.recruitee.com
Merces B.V.,mercesbv,https://mercesbv.recruitee.com
Merford,merford,https://merford.recruitee.com
Metzgerei Schäfer GmbH,metzgereischafergmbh,https://metzgereischafergmbh.recruitee.com
MGID,mgid,https://mgid.recruitee.com
Microamp,microampsolutions,https://microampsolutions.recruitee.com
Miep B.V.,miepbv,https://miepbv.recruitee.com
MILADEUS,miladeus,https://miladeus.recruitee.com
Minimalist,minimalist,https://minimalist.recruitee.com
Mission Mitglieder,missionmitglieder,https://missionmitglieder.recruitee.com
Mistertemp' group,jobsmistertemp,https://jobsmistertemp.recruitee.com
Mittelrhein-LastMile GmbH,werdezusteller,https://werdezusteller.recruitee.com
Mittelrhein-Verlag GmbH,karriererheinzeitung,https://karriererheinzeitung.recruitee.com
Mobility Invest Group,werkenbijmig,https://werkenbijmig.recruitee.com
MolenQ Industrial Services B.V.,molenqindustrialservices,https://molenqindustrialservices.recruitee.com
Monday Merch,mondaymerch,https://mondaymerch.recruitee.com
Monsterscore,monsterscore,https://monsterscore.recruitee.com
Montrieurs,montrieurs,https://montrieurs.recruitee.com
Moore MKW,mooremkw,https://mooremkw.recruitee.com
MORENTZ,morentz,https://morentz.recruitee.com
Movares,movares,https://movares.recruitee.com
Mr. Marine,mrmarinegroup,https://mrmarinegroup.recruitee.com
MST Groep,mstgroep,https://mstgroep.recruitee.com
My Jewellery,myjewellery,https://myjewellery.recruitee.com
Märkische Revision GmbH,maerkischerevision,https://maerkischerevision.recruitee.com
Müller & Kollegen GmbH Steuerberatungsgesellschaft Wirtschaftsprüfungsgesellschaft,muellerundkollegen,https://muellerundkollegen.recruitee.com
N2JSoft,n2jsoft,https://n2jsoft.recruitee.com
Nacar Careers,nacardesign,https://nacardesign.recruitee.com
Nachbur AG,nachburag,https://nachburag.recruitee.com
Nearfield Instruments,nearfieldinstruments1,https://nearfieldinstruments1.recruitee.com
neo Kanzlei,neokanzlei,https://neokanzlei.recruitee.com
Neova Group,neovagroup,https://neovagroup.recruitee.com
Nepocon B.V.,nepocon,https://nepocon.recruitee.com
Nesher Shoshan Nadav,impactkravmaga,https://impactkravmaga.recruitee.com
Netconomy GmbH,netconomy,https://netconomy.recruitee.com
New York Pizza Delivery B.V.,nypfranchise,https://nypfranchise.recruitee.com
NextEnergy BV,nextenergy,https://nextenergy.recruitee.com
Nmbrs BV,nmbrs,https://nmbrs.recruitee.com
Normec Safety BE,normeclsbe,https://normeclsbe.recruitee.com
Normec Sustainability NL,normecsunl,https://normecsunl.recruitee.com
Novakid School,novakidschool,https://novakidschool.recruitee.com
Novity,novityrecrute,https://novityrecrute.recruitee.com
Novoferm Nederland B.V.,novoferm,https://novoferm.recruitee.com
Nsecure B.V.,nsecure,https://nsecure.recruitee.com
NUMANS,numans,https://numans.recruitee.com
Nysingh,nysingh,https://nysingh.recruitee.com
Nürnberger Wach- und Schließgesellschaft mbH,nwsgmbh,https://nwsgmbh.recruitee.com
Obilet,obilet,https://obilet.recruitee.com
Odion,odion,https://odion.recruitee.com
Oldael,oldael,https://oldael.recruitee.com
Olenex Holdings B.V.,olenex,https://olenex.recruitee.com
Omgevingsdienst Noordzeekanaalgebied (OD NZKG),odnzkg,https://odnzkg.recruitee.com
Omroep Gelderland,omroepgelderland,https://omroepgelderland.recruitee.com
On Event Production Co.,oneventproductionco,https://oneventproductionco.recruitee.com
One Mobility,onemobility,https://onemobility.recruitee.com
One Works S. p. A,oneworks,https://oneworks.recruitee.com
Ons Tweede Thuis,onstweedethuis,https://onstweedethuis.recruitee.com
Open Government Products,opengovernmentproducts,https://opengovernmentproducts.recruitee.com
Optics11,optics11,https://optics11.recruitee.com
Oral Care Nederland,detandartsengroep,https://detandartsengroep.recruitee.com
Orangeworks,orangeworks,https://orangeworks.recruitee.com
Ormit Belgium NV,ormitbelgium,https://ormitbelgium.recruitee.com
OuderenmondzorgPraktijk,ouderenmondzorgpraktijk,https://ouderenmondzorgpraktijk.recruitee.com
Outlet Mall Messancy SRL,designeroutletluxembourg,https://designeroutletluxembourg.recruitee.com
P1 On- en Offstreet Management B.V.,werkenbijp1,https://werkenbijp1.recruitee.com
PAG,pag,https://pag.recruitee.com
Panorama Resort & Spa,panoramaresortspa,https://panoramaresortspa.recruitee.com
Paragon Germany GmbH,paragongermany,https://paragongermany.recruitee.com
Paralucent,paralucent,https://paralucent.recruitee.com
PARTOF_,partof,https://partof.recruitee.com
Payter B.V.,payter,https://payter.recruitee.com
Peddler,peddler,https://peddler.recruitee.com
People&,peopleand,https://peopleand.recruitee.com
Personeelszaken,personeelszaken,https://personeelszaken.recruitee.com
Perspectief,perspectief,https://perspectief.recruitee.com
Petal,petalmd,https://petalmd.recruitee.com
Peter Isken GmbH,isken,https://isken.recruitee.com
PEVO,pevo,https://pevo.recruitee.com
Pileje,pileje1,https://pileje1.recruitee.com
Pineapple Recruiting GmbH,pineapple,https://pineapple.recruitee.com
Pink Elephant,werkenbijpinkelephant,https://werkenbijpinkelephant.recruitee.com
Pipelife Nederland B.V.,pipelife,https://pipelife.recruitee.com
Pivot + Edge,pivotandedge,https://pivotandedge.recruitee.com
PIXALIONE,pixalione,https://pixalione.recruitee.com
Pizza Beppe,pizzabeppe,https://pizzabeppe.recruitee.com
PlanetHome Group GmbH,planethomegroupgmbh,https://planethomegroupgmbh.recruitee.com
Plateforme i RI IDF,lesbonsprofils,https://lesbonsprofils.recruitee.com
PLENETUDE,plenetude,https://plenetude.recruitee.com
Plus Advise GmbH Steuerberatungsgesellschaft,plusadvise,https://plusadvise.recruitee.com
PolyTALENT GmbH,polytalentgmbh,https://polytalentgmbh.recruitee.com
Polytek BV,polytek,https://polytek.recruitee.com
Portalp,portalp,https://portalp.recruitee.com
Powerprozesse,powerprozesse,https://powerprozesse.recruitee.com
Precedence,precedence,https://precedence.recruitee.com
Prijsvrij Vakanties,prijsvrijvakanties,https://prijsvrijvakanties.recruitee.com
primion Technology GmbH,primion,https://primion.recruitee.com
Primo Espresso GmbH,primo,https://primo.recruitee.com
Proforto,proforto,https://proforto.recruitee.com
proindividuum GmbH,proindividuum,https://proindividuum.recruitee.com
Property One,propertyone,https://propertyone.recruitee.com
Protiviti,protiviti,https://protiviti.recruitee.com
Proximus NXT Nederland,proximusnxt,https://proximusnxt.recruitee.com
Proxsys,proxsys,https://proxsys.recruitee.com
PSV,psv,https://psv.recruitee.com
Puls | Schlag,pulsschlag,https://pulsschlag.recruitee.com
PUM,pum,https://pum.recruitee.com
Purna Pharmaceuticals nv,purna,https://purna.recruitee.com
PVcase,pvcase,https://pvcase.recruitee.com
PYSAE,pysae,https://pysae.recruitee.com
Pühl GmbH & Co. KG,puhlgmbhcokg,https://puhlgmbhcokg.recruitee.com
Q Terminals Kramer Rotterdam,werkenbijqterminals,https://werkenbijqterminals.recruitee.com
Q-Fin,qfin,https://qfin.recruitee.com
qinX,qinx,https://qinx.recruitee.com
Qualinx,qualinx,https://qualinx.recruitee.com
Quantum-Systems GmbH,quantumsystemsgmbh,https://quantumsystemsgmbh.recruitee.com
Quercus Technical Services B.V.,qts,https://qts.recruitee.com
Quion Groep B.V.,blauwtrust,https://blauwtrust.recruitee.com
R+M Nölscher Umweltservice GmbH,rmnolscherumweltservicegmbh,https://rmnolscherumweltservicegmbh.recruitee.com
Rabe Holding GmbH & Co. KG,jensrabe,https://jensrabe.recruitee.com
Radiologische Allianz eGbR,radiologischeallianz,https://radiologischeallianz.recruitee.com
Raphaëlstichting,raphaelstichting,https://raphaelstichting.recruitee.com
RBR Ltd.,rbr,https://rbr.recruitee.com
RECO,reco,https://reco.recruitee.com
Regional Jet Center,regionaljetcenter,https://regionaljetcenter.recruitee.com
Reinaerde,reinaerde,https://reinaerde.recruitee.com
Relevance Digital S.A.,relevancedigitalagency,https://relevancedigitalagency.recruitee.com
Rewire,rewire,https://rewire.recruitee.com
RH Unternehmerwissen GmbH,rhunternehmerwissengmbh,https://rhunternehmerwissengmbh.recruitee.com
RHA+,candidatsrha,https://candidatsrha.recruitee.com
RID,ridbv,https://ridbv.recruitee.com
Rider Levett Bucknall,riderlevettbucknall,https://riderlevettbucknall.recruitee.com
RIFT Development B.V.,rift,https://rift.recruitee.com
RIOzorg,riozorg,https://riozorg.recruitee.com
RIVES & EAUX DU SUD OUEST (ex CACG),riveseteaux,https://riveseteaux.recruitee.com
RN VENTURESLAB LIMITED,rdao,https://rdao.recruitee.com
RocketSourcers B.V.,rocketsourcers,https://rocketsourcers.recruitee.com
Rocsys,rocsys,https://rocsys.recruitee.com
rose plastic AG,roseplasticag,https://roseplasticag.recruitee.com
Rosebel Gold Mines N.V.,rosebelgoldmines,https://rosebelgoldmines.recruitee.com
Rosepoultry part of Plukon Food Group,plukonfoodgroupdenmark,https://plukonfoodgroupdenmark.recruitee.com
Rosval Production & Development,rosval,https://rosval.recruitee.com
Roucoucou,roucoucou,https://roucoucou.recruitee.com
Routes In,routesin1,https://routesin1.recruitee.com
Royal Swinkels,royalswinkels,https://royalswinkels.recruitee.com
RS Finance,werkenbijrs,https://werkenbijrs.recruitee.com
RSM Austria,rsmaustriaconsultinggmbh,https://rsmaustriaconsultinggmbh.recruitee.com
Rudolf Weber Gebäudereinigung und Gebäudedienste SE & Co. KG,rudolfweber,https://rudolfweber.recruitee.com
Rupf Verwaltungs GmbH,rupfindustries,https://rupfindustries.recruitee.com
RWC,rwc,https://rwc.recruitee.com
RWD Systemreinigung GmbH,rwdsystemreinigunggmbh,https://rwdsystemreinigunggmbh.recruitee.com
S4D,s4d,https://s4d.recruitee.com
Saffier,saffier,https://saffier.recruitee.com
Salco BV,werkenbijsalco,https://werkenbijsalco.recruitee.com
salesUp,salesup,https://salesup.recruitee.com
Sammer Malereibetrieb GmbH,malersammerjobs,https://malersammerjobs.recruitee.com
SARL L3G,l3ggroupe,https://l3ggroupe.recruitee.com
SAUDI GEOPHYSICAL CONSULTING OFFICE (A Sole Proprietorship),saudigeophysical,https://saudigeophysical.recruitee.com
Savant Zorg,savantzorg,https://savantzorg.recruitee.com
SCHAEFER GmbH,schaefergmbh,https://schaefergmbh.recruitee.com
schambeck group,schambeckgroup,https://schambeckgroup.recruitee.com
SCHEMA M GmbH,schemam,https://schemam.recruitee.com
Schenk Tanktransport,schenk,https://schenk.recruitee.com
SCHEUNPFLUG - WIR PFLEGEN,scheunpflugwirpflegen,https://scheunpflugwirpflegen.recruitee.com
Schneider Marketing GmbH,schneidermarketing,https://schneidermarketing.recruitee.com
Schweinert & Peters Steuerberatungsgesellschaft mbH,schweinertpeters,https://schweinertpeters.recruitee.com
Seabourne Logistics,werkenbijseabournelogistics,https://werkenbijseabournelogistics.recruitee.com
Seafar NV,seafarnv,https://seafarnv.recruitee.com
SeederDeBoer,seederdeboer,https://seederdeboer.recruitee.com
Sennasearch Recruitment,sennasearch,https://sennasearch.recruitee.com
Sensor Netherlands B.V,sensornetherlandsbv,https://sensornetherlandsbv.recruitee.com
Sereni,sereni,https://sereni.recruitee.com
"Shalestone, Inc.",shalestone,https://shalestone.recruitee.com
Shop Manufaktur GmbH,shopmanufaktur,https://shopmanufaktur.recruitee.com
Signifly,signifly,https://signifly.recruitee.com
Sinnex Innenausbau GmbH,sinnexinnenausbaugmbh,https://sinnexinnenausbaugmbh.recruitee.com
Sint Maartenskliniek,maartenskliniek,https://maartenskliniek.recruitee.com
SkyLift B.V.,skylift,https://skylift.recruitee.com
SMART Recruiting GmbH,smartrecruiting,https://smartrecruiting.recruitee.com
Snijder B.V.,werkenbijsnijder,https://werkenbijsnijder.recruitee.com
Sobinco,sobinco,https://sobinco.recruitee.com
Social Deal,socialdeal,https://socialdeal.recruitee.com
Society College,societycollege,https://societycollege.recruitee.com
Soprana Personell Norway,sopranapersonell,https://sopranapersonell.recruitee.com
Sorgente B.V.,sorgente,https://sorgente.recruitee.com
Sound People BV,soundcareers,https://soundcareers.recruitee.com
Sourcen voor Nederland,svnl,https://svnl.recruitee.com
SOVAK,sovak3,https://sovak3.recruitee.com
Sozialgruppe Kasse e.V.,sozialgruppekasselev,https://sozialgruppekasselev.recruitee.com
Sozialwerk,cvjmsozialwerkwesermarschev,https://cvjmsozialwerkwesermarschev.recruitee.com
SPECTO Aerospace B.V.,spectoaerospace,https://spectoaerospace.recruitee.com
Spedination GmbH,spedination,https://spedination.recruitee.com
Spontex Logistics GmbH,spontexlogisticsgmbh,https://spontexlogisticsgmbh.recruitee.com
Sportpark Gruppe,sportparkgruppe,https://sportparkgruppe.recruitee.com
SPORTSCHULE DEFCON,bbkampfsport,https://bbkampfsport.recruitee.com
Sportschule Dorsten,sportschuledorsten,https://sportschuledorsten.recruitee.com
SRI Rechtsanwaltsgesellschaft mbH,sri,https://sri.recruitee.com
Stadtverwaltung Dorsten,stadtverwaltungdorsten,https://stadtverwaltungdorsten.recruitee.com
Star's Service SAS,starservice,https://starservice.recruitee.com
STAS Inc.,stasinc,https://stasinc.recruitee.com
STELZ B.V.,stelz,https://stelz.recruitee.com
Sterk in Matches B.V.,sterkinmatches,https://sterkinmatches.recruitee.com
Steu Dat Steuerberatungsgesellschaft,steudatsteuerberatungsgesellschaftmbh,https://steudatsteuerberatungsgesellschaftmbh.recruitee.com
steuerberaten.de,steuerberatende,https://steuerberatende.recruitee.com
Stichting Christelijk Onderwijs Delft e.o.,scodelft,https://scodelft.recruitee.com
Stichting GGZ inGeest,ggzingeest,https://ggzingeest.recruitee.com
Stichting Kwadraad,kwadraad,https://kwadraad.recruitee.com
Stichting Meerscholen Amersfoort,werkenbijstichtingmeerscholen,https://werkenbijstichtingmeerscholen.recruitee.com
Stichting Nationaal Warmtefonds,warmtefonds,https://warmtefonds.recruitee.com
Stichting Pergamijn,stichtingpergamijn,https://stichtingpergamijn.recruitee.com
Strata,strata,https://strata.recruitee.com
Strautmann Hydraulik,strautmannhydraulik,https://strautmannhydraulik.recruitee.com
Superellipse,studiodott,https://studiodott.recruitee.com
SUPERP,superp,https://superp.recruitee.com
SW Digital Tax GmbH,swdigitaltaxgmbh,https://swdigitaltaxgmbh.recruitee.com
Sweco Nederland,sweco,https://sweco.recruitee.com
Sword Services,swordservices,https://swordservices.recruitee.com
Synspective,synspective,https://synspective.recruitee.com
Tab med GmbH,tabmed,https://tabmed.recruitee.com
Taco Bell Nederland,tacobellnederland,https://tacobellnederland.recruitee.com
TAG Aviation,tagaviation3,https://tagaviation3.recruitee.com
tailor made catering GmbH,jobstailormadecatering,https://jobstailormadecatering.recruitee.com
Talenco B.V.,talenco,https://talenco.recruitee.com
Talent Sam,talentsam,https://talentsam.recruitee.com
Talland College,talland,https://talland.recruitee.com
tbi bank,tbibank,https://tbibank.recruitee.com
tbi bank GR,tbibankgr,https://tbibankgr.recruitee.com
Teaching Finance GmbH & Co. KG,karriereteachingsocials,https://karriereteachingsocials.recruitee.com
TERRES D'ALLIANCES,fermedelamotte,https://fermedelamotte.recruitee.com
Tester Work,testerwork,https://testerwork.recruitee.com
Textilservice Brolli GesmbH,brollikarriere,https://brollikarriere.recruitee.com
That Work-S B.V.,thatworks,https://thatworks.recruitee.com
The Bellezza Group,thebellezzagroup,https://thebellezzagroup.recruitee.com
The Super Nice People,thesupernicepeople,https://thesupernicepeople.recruitee.com
The Total Group of Companies | Fire Solutions | Rescue | Medical | HSE,thetotalgroupofcompanies,https://thetotalgroupofcompanies.recruitee.com
Theaterhotel Almelo,theaterhotelalmelo,https://theaterhotelalmelo.recruitee.com
Theras,theras,https://theras.recruitee.com
Thercon,thercon,https://thercon.recruitee.com
Thermotraffic,thermotraffichollandbv,https://thermotraffichollandbv.recruitee.com
Thomas Klitzke Steuerberater,thomasklitzkesteuerberater,https://thomasklitzkesteuerberater.recruitee.com
THORENS ENERGIES,thorensenergies,https://thorensenergies.recruitee.com
Tierärztliche Klinik Oberhaching Partnerschaftsgesellschaft,tierklinikoberhaching,https://tierklinikoberhaching.recruitee.com
Toepferart GmbH,thecrazyseller,https://thecrazyseller.recruitee.com
TopChrono,topchrono,https://topchrono.recruitee.com
Trackman A/S,trackman,https://trackman.recruitee.com
Tradin Organic Agriculture B.V.,tradinorganic,https://tradinorganic.recruitee.com
Transavia,transavia,https://transavia.recruitee.com
Triangular Group,triangulargroup,https://triangulargroup.recruitee.com
TRIP Advocaten Notarissen,werkenbijtrip,https://werkenbijtrip.recruitee.com
Tritility Limited,tritilitylimited,https://tritilitylimited.recruitee.com
Truckland,truckland,https://truckland.recruitee.com
Trunkrs,trunkrs,https://trunkrs.recruitee.com
turbogrün GmbH,grunraumplanunggmbh,https://grunraumplanunggmbh.recruitee.com
Tutor Doctor,tutordoctorfv,https://tutordoctorfv.recruitee.com
Twipe,twipe,https://twipe.recruitee.com
TwynstraGudde Holding B.V.,twynstragudde,https://twynstragudde.recruitee.com
U-Need GmbH,uneedgmbh,https://uneedgmbh.recruitee.com
Ubuntu Sport Professionals BV,ubuntusport,https://ubuntusport.recruitee.com
UK Event Medical Services Limited,ukeventmedicalserviceslimited,https://ukeventmedicalserviceslimited.recruitee.com
UNAFERM,unaferm,https://unaferm.recruitee.com
Unipromet Ltd. Čačak,uniprometdoocacak,https://uniprometdoocacak.recruitee.com
United Nations University,unu,https://unu.recruitee.com
Université de Technologie de Compiègne,utc,https://utc.recruitee.com
UNS,unstudio,https://unstudio.recruitee.com
valantic CPT,valanticbe,https://valanticbe.recruitee.com
Valk Service Center,vandervalkdienstencentrum,https://vandervalkdienstencentrum.recruitee.com
Valsight,valsight,https://valsight.recruitee.com
Van Berlo B.V.,werkenbijvanberlo,https://werkenbijvanberlo.recruitee.com
Van Cranenbroek,werkenbijvancranenbroek,https://werkenbijvancranenbroek.recruitee.com
Van de Velde,vandevelde,https://vandevelde.recruitee.com
Van der Valk Deutschland,vandervalkdeutschland,https://vandervalkdeutschland.recruitee.com
Van der Valk Hotel Arnhem,hotelarnhem,https://hotelarnhem.recruitee.com
Van der Valk Hotel Den Haag - Wassenaar,hoteldenhaagwassenaar,https://hoteldenhaagwassenaar.recruitee.com
Van der Valk Hotel Eindhoven,vandervalkhoteleindhoven,https://vandervalkhoteleindhoven.recruitee.com
Van der Valk Hotel Gent,hotelgent,https://hotelgent.recruitee.com
Van der Valk Hotel Luxembourg,vandervalkluxembourg,https://vandervalkluxembourg.recruitee.com
Van der Valk Hotel Paris CDG Airport,hotelpariscdgairport,https://hotelpariscdgairport.recruitee.com
Van der Valk Hotel Stein-Urmond,hotelsteinurmond,https://hotelsteinurmond.recruitee.com
Van der Valk Hotel Venlo,vandervalkhotelvenlo,https://vandervalkhotelvenlo.recruitee.com
Van der Valk Hotel Zaltbommel-A2,hotelzaltbommel,https://hotelzaltbommel.recruitee.com
Van der Valk Stages,stagebijvandervalk,https://stagebijvandervalk.recruitee.com
Van der Ven Auto's,vandervenautos,https://vandervenautos.recruitee.com
Van Gelder groente & fruit,vangelder,https://vangelder.recruitee.com
Van Mossel Automotive Group Netherlands B.V.,vanmossel,https://vanmossel.recruitee.com
Van Wijnen,vanwijnen1,https://vanwijnen1.recruitee.com
VAREF,varef,https://varef.recruitee.com
Variond Gruppe,variondgruppe,https://variondgruppe.recruitee.com
vb&t Groep,vbtgroep,https://vbtgroep.recruitee.com
VBK,vbkvacatures,https://vbkvacatures.recruitee.com
Vebego Facility Services Austria,vebegoosterreich,https://vebegoosterreich.recruitee.com
Vecht en IJssel,vechtenijssel,https://vechtenijssel.recruitee.com
Veloretti BV,veloretti,https://veloretti.recruitee.com
Vention Technologies,ventiontechnologies,https://ventiontechnologies.recruitee.com
Verdi Groep,verdigroep,https://verdigroep.recruitee.com
Vergers Gazeau - Vergers de Vendée,vergersgazeauvergersdevendee,https://vergersgazeauvergersdevendee.recruitee.com
Vermetten | accountants en adviseurs,vermetten,https://vermetten.recruitee.com
Vers-Kompass GmbH,kompassgroup,https://kompassgroup.recruitee.com
VertiGIS GmbH,vertigis,https://vertigis.recruitee.com
Vervoerregio Amsterdam,vervoerregio,https://vervoerregio.recruitee.com
Vianen Flowers,vianenflowers,https://vianenflowers.recruitee.com
Victus Sales,victussales,https://victussales.recruitee.com
Viderity Inc.,viderity,https://viderity.recruitee.com
Vincentiushaus Baden-Baden gGmbH,vincentiushausbadenbadenggmbh,https://vincentiushausbadenbadenggmbh.recruitee.com
VluchtelingenWerk Nederland,vluchtelingenwerknederland,https://vluchtelingenwerknederland.recruitee.com
Voortman Steel Machinery,voortman,https://voortman.recruitee.com
VS RecruitingFabrik GmbH,recruitingfabrik,https://recruitingfabrik.recruitee.com
Waardeburgh,waardeburgh,https://waardeburgh.recruitee.com
Wach- und Sicherungsdienst in Mecklenburg GmbH und Co. KG,wsdmv,https://wsdmv.recruitee.com
Wallram Group,wallramgroup,https://wallramgroup.recruitee.com
WandelWerker Consulting GmbH,wandelwerker,https://wandelwerker.recruitee.com
Wayne Garage Door Sales & Service,waynedoor,https://waynedoor.recruitee.com
WeAreKeen B.V.,wearekeen,https://wearekeen.recruitee.com
Weeztix BV,weeztix,https://weeztix.recruitee.com
Welex Group B.V.,welexgroupbv,https://welexgroupbv.recruitee.com
Werken in Suriname,werkeninsuriname,https://werkeninsuriname.recruitee.com
Werner Gießler GmbH,wernergiessler,https://wernergiessler.recruitee.com
WerraEnergie GmbH,werraenergie,https://werraenergie.recruitee.com
WGA Legacy Property Management,wgalegacypropertymanagement,https://wgalegacypropertymanagement.recruitee.com
Whitevision B.V.,whitevision,https://whitevision.recruitee.com
Whoon,whoon,https://whoon.recruitee.com
Wilhelm+Mayer Bau GmbH,wilhelmmayerbaugmbh,https://wilhelmmayerbaugmbh.recruitee.com
Williamsburg Charter High School,williamsburgcharterhighschool,https://williamsburgcharterhighschool.recruitee.com
Wimex-Gruppe,wimexgruppe,https://wimexgruppe.recruitee.com
Wingman Group PTY LTD,wingmangroup,https://wingmangroup.recruitee.com
Winparts.nl,winparts,https://winparts.recruitee.com
Wisemen,wisemen,https://wisemen.recruitee.com
Wolfpack,wolfpackit,https://wolfpackit.recruitee.com
Working The Dots,workingthedots,https://workingthedots.recruitee.com
WWD Dienstleistung GmbH,wwd,https://wwd.recruitee.com
XAL,xalholdinggmbh,https://xalholdinggmbh.recruitee.com
XONAR,werkenbijxonar,https://werkenbijxonar.recruitee.com
YEARTH Academy,yearthacademy,https://yearthacademy.recruitee.com
Yellow Circle,yellowcircle,https://yellowcircle.recruitee.com
Yopeso Romania SRL,yopeso,https://yopeso.recruitee.com
Young Colfield,youngcolfield,https://youngcolfield.recruitee.com
Young Group B.V.,younggroup,https://younggroup.recruitee.com
Young Talents GmbH,youngtalents,https://youngtalents.recruitee.com
Your Personal AI,yourpersonalai,https://yourpersonalai.recruitee.com
Zeno Zorg,zenozorg,https://zenozorg.recruitee.com
Zentrum Aktiver Prävention GmbH & Co KG,zapnussloch,https://zapnussloch.recruitee.com
Zideris,zideris,https://zideris.recruitee.com
Ziekenhuis St Jansdal,stjansdal,https://stjansdal.recruitee.com
Zozijn,zozijn,https://zozijn.recruitee.com
Zwart Techniek B.V.,zwarttechniek,https://zwarttechniek.recruitee.com
