name,slug,url
123 POUSSE,123pousse,https://123pousse.teamtailor.com
1KOMMA5° Sverige,1komma5,https://1komma5.teamtailor.com
2Care,2care,https://2care.teamtailor.com
2LCollection,2lcollection,https://2lcollection.teamtailor.com
4C Associates,4cassociates,https://4cassociates.teamtailor.com
4OC,4oc,https://4oc.teamtailor.com
73 Strings,73strings,https://73strings.teamtailor.com
Å Energi,aenergi-glitre-nett,https://aenergi-glitre-nett.teamtailor.com
ÅBEN,aabenbryg,https://aabenbryg.teamtailor.com
AAF/Dinair,aafdinair,https://aafdinair.teamtailor.com
AB Linde Maskiner,lindemaskiner,https://lindemaskiner.teamtailor.com
ABG Sundal Collier,abgsc,https://abgsc.teamtailor.com
Above Agency,above,https://above.teamtailor.com
Abright,abright,https://abright.teamtailor.com
Accelerate,accelerate,https://accelerate.teamtailor.com
Accessiway,accessiway,https://accessiway.teamtailor.com
Acme Corp,acmecorp,https://acmecorp.teamtailor.com
The Acorn Group,acorngroup,https://acorngroup.teamtailor.com
ACP,acp,https://acp.teamtailor.com
Active Academy,ssa,https://ssa.teamtailor.com
Acumetis,acumetis,https://acumetis.teamtailor.com
Adam,adam,https://adam.teamtailor.com
Adaptive Teams,adaptiveteams,https://adaptiveteams.teamtailor.com
Addison Lee,addisonlee,https://addisonlee.teamtailor.com
Adevinta,adevinta,https://adevinta.teamtailor.com
Adform,adform,https://adform.teamtailor.com
adobe,adobe,https://adobe.teamtailor.com
AdsBack,adsback,https://adsback.teamtailor.com
Adsmurai,adsmurai,https://adsmurai.teamtailor.com
Advantage Medical Staffing,advantagemedicalstaffing,https://advantagemedicalstaffing.teamtailor.com
Advantmed,advantmed,https://advantmed.teamtailor.com
Adveez for talents,adveez,https://adveez.teamtailor.com
Advenica,advenica,https://advenica.teamtailor.com
Advokatfirman Delphi,advokatfirmandelphi,https://advokatfirmandelphi.teamtailor.com
adzu,adzu,https://adzu.teamtailor.com
aerones,aerones,https://aerones.teamtailor.com
AFNOR Groupe,afnorgroupe,https://afnorgroupe.teamtailor.com
Schibsted,aftonbladet,https://aftonbladet.teamtailor.com
AFTRAL,aftral,https://aftral.teamtailor.com
Again,again,https://again.teamtailor.com
Agap2,agap2,https://agap2.teamtailor.com
Agency,agency,https://agency.teamtailor.com
Agileday Oy,agiledayoy,https://agiledayoy.teamtailor.com
Agile Retail,agileretail,https://agileretail.teamtailor.com
Aidn,aidn,https://aidn.teamtailor.com
Aignostics,aignostics,https://aignostics.teamtailor.com
Aikido Security,aikidosecurity,https://aikidosecurity.teamtailor.com
AIOS,aios,https://aios.teamtailor.com
AIR,air,https://air.teamtailor.com
Aira,aira,https://aira.teamtailor.com
Air-e,aire,https://aire.teamtailor.com
Air products,airproducts,https://airproducts.teamtailor.com
Airshoppen Travel Retail,airshoppentravelretail,https://airshoppentravelretail.teamtailor.com
Aito,aito,https://aito.teamtailor.com
AJT Engineering,ajtengineering-1706701723,https://ajtengineering-1706701723.teamtailor.com
AKA,aka,https://aka.teamtailor.com
Akality,akality,https://akality.teamtailor.com
Àlber Blanc,alberblanc,https://alberblanc.teamtailor.com
ALEA,alea,https://alea.teamtailor.com
Aleido Group,aleidogroup,https://aleidogroup.teamtailor.com
Alfa eCare,alfaecare,https://alfaecare.teamtailor.com
All.in People & Culture,allinpeoplecultureaipcug-1736947759,https://allinpeoplecultureaipcug-1736947759.teamtailor.com
L'Atelier Entrecôte & Volaille,latelierentrecotevolaille,https://latelierentrecotevolaille.teamtailor.com
Líbere Hospitality Group,alliron,https://alliron.teamtailor.com
ALP'AZUR HOTELS,alpazurhotels-1738160088,https://alpazurhotels-1738160088.teamtailor.com
Alpega,alpega,https://alpega.teamtailor.com
Altana Wealth Ltd,altanawealth,https://altanawealth.teamtailor.com
Alterneo Ecole,alterneo,https://alterneo.teamtailor.com
Alva Industries,alvaindustries,https://alvaindustries.teamtailor.com
Alva,alvalabs,https://alvalabs.teamtailor.com
Amarenco,amarenco,https://amarenco.teamtailor.com
Amerikanska Gymnasiet,amerikanskagymnasiet,https://amerikanskagymnasiet.teamtailor.com
Andara Economy,andaraeconomy,https://andaraeconomy.teamtailor.com
Andara Professionals,andaraprofessionals,https://andaraprofessionals.teamtailor.com
Angel,angel,https://angel.teamtailor.com
AniCura Group,anicuraglobal,https://anicuraglobal.teamtailor.com
Ánima,anima,https://anima.teamtailor.com
Anima App,animaapp-1721730147,https://animaapp-1721730147.teamtailor.com
Anthony Nolan,anthonynolan,https://anthonynolan.teamtailor.com
Antin Infrastructure Partners,antininfrastructurepartners-1655458195,https://antininfrastructurepartners-1655458195.teamtailor.com
Anzet A/S,anzet,https://anzet.teamtailor.com
Palace For Life Foundation,palaceforlifefoundation,https://palaceforlifefoundation.teamtailor.com
Pearl Fintech,applicon,https://applicon.teamtailor.com
ApprovalMax,approvalmax,https://approvalmax.teamtailor.com
Appsilon,appsilon-1739358905,https://appsilon-1739358905.teamtailor.com
Arc,arc,https://arc.teamtailor.com
Architus,architus,https://architus.teamtailor.com
Archon,archon,https://archon.teamtailor.com
Ardent Pub Group,ardentpubgroup,https://ardentpubgroup.teamtailor.com
Ardonagh Specialty,ardonaghspeciality,https://ardonaghspeciality.teamtailor.com
Arinfo,arinfo-1730798401,https://arinfo-1730798401.teamtailor.com
Arion Recruitment,arionrecruitment-1705579161,https://arionrecruitment-1705579161.teamtailor.com
Arise AB,arise,https://arise.teamtailor.com
Aritma,aritmaas,https://aritmaas.teamtailor.com
Arkivet,arkivet,https://arkivet.teamtailor.com
Artificial Labs Ltd,artificiallabsltd,https://artificiallabsltd.teamtailor.com
art-K,artk-1722428056,https://artk-1722428056.teamtailor.com
as,as,https://as.teamtailor.com
Ascom,ascom,https://ascom.teamtailor.com
Asistensi,asistensi,https://asistensi.teamtailor.com
Askable,askable,https://askable.teamtailor.com
Ask Locala,asklocala-1671530238,https://asklocala-1671530238.teamtailor.com
Astrid & Miyu,astridmiyu,https://astridmiyu.teamtailor.com
Atdomco,atdomco-1739192595,https://atdomco-1739192595.teamtailor.com
Athletic Work,athleticwork,https://athleticwork.teamtailor.com
Atlantique Automatismes Incendie,atlantiqueautomatismesincendie,https://atlantiqueautomatismesincendie.teamtailor.com
Atlassian,atlassian,https://atlassian.teamtailor.com
ATREVIA,atrevia,https://atrevia.teamtailor.com
Attendo Sverige,attendosverige,https://attendosverige.teamtailor.com
ATTN.,attn,https://attn.teamtailor.com
Audencia,audencia,https://audencia.teamtailor.com
audibene,audibene,https://audibene.teamtailor.com
Audience Collective,audiencecollective,https://audiencecollective.teamtailor.com
Aurora Dairies,auroradairies,https://auroradairies.teamtailor.com
Auto24,auto24,https://auto24.teamtailor.com
AUTOCAR,autocar,https://autocar.teamtailor.com
Automation Consultants,automationconsultants,https://automationconsultants.teamtailor.com
Avaaz,avaaz,https://avaaz.teamtailor.com
Avallone,avallone,https://avallone.teamtailor.com
Avanza,avanza,https://avanza.teamtailor.com
Avisera,avisera,https://avisera.teamtailor.com
Axmed,axmed,https://axmed.teamtailor.com
AYU,ayu,https://ayu.teamtailor.com
Azqore SA,azqoresa,https://azqoresa.teamtailor.com
B3 Consulting Poland,b3consultingpoland,https://b3consultingpoland.teamtailor.com
B3 Personal,b3personal-demo,https://b3personal-demo.teamtailor.com
BabySam AB,babysam,https://babysam.teamtailor.com
BACB,bacb,https://bacb.teamtailor.com
Bamboo,bamboo,https://bamboo.teamtailor.com
Bambuser,bambuser,https://bambuser.teamtailor.com
Diversifying Leadership,bamerecruitment,https://bamerecruitment.teamtailor.com
BARBRI,barbri,https://barbri.teamtailor.com
Barrie Knitwear,barrieknitwear,https://barrieknitwear.teamtailor.com
Bashor Children's Home,bashor,https://bashor.teamtailor.com
BCGE,bcge,https://bcge.teamtailor.com
BearingPoint Czech Republic,bearingpointczechrepublic,https://bearingpointczechrepublic.teamtailor.com
BearingPoint Netherlands,bearingpointnetherlands,https://bearingpointnetherlands.teamtailor.com
Berg Propulsion AB,bergpropulsion,https://bergpropulsion.teamtailor.com
BES Systemhaus GmbH,bessystemhausgmbh,https://bessystemhausgmbh.teamtailor.com
bet365,bet365,https://bet365.teamtailor.com
Better Dairy,betterdairy-1665413363,https://betterdairy-1665413363.teamtailor.com
Bihr,bihr,https://bihr.teamtailor.com
BirdLife International,birdlifeinternational,https://birdlifeinternational.teamtailor.com
Bloomberg,bloomberg,https://bloomberg.teamtailor.com
Bloq.it,bloqit,https://bloqit.teamtailor.com
Dazzle: Commercial & Office Cleaning | London,bluestorm,https://bluestorm.teamtailor.com
BLUGIALLO,blugiallo-1735384410,https://blugiallo-1735384410.teamtailor.com
BMI GlobalEd,bmiglobaled,https://bmiglobaled.teamtailor.com
Bobobox,bobobox,https://bobobox.teamtailor.com
Bodyguard,bodyguard,https://bodyguard.teamtailor.com
BOOST,boost-1743083678,https://boost-1743083678.teamtailor.com
Börjessons,borjessonkoncernen,https://borjessonkoncernen.teamtailor.com
Brabners,brabners,https://brabners.teamtailor.com
Brams Burgers,brams,https://brams.teamtailor.com
Breathe Battery Technologies,breathebatterytechnologies,https://breathebatterytechnologies.teamtailor.com
Bruce Studios,bruce,https://bruce.teamtailor.com
Brut. France,brutfrance,https://brutfrance.teamtailor.com
BRYTER,bryter,https://bryter.teamtailor.com
Bumper,bumper-1692709783,https://bumper-1692709783.teamtailor.com
bunny.net,bunnynet,https://bunnynet.teamtailor.com
Burger King Norge,burgerkingno,https://burgerkingno.teamtailor.com
CAB Group,cabgroup,https://cabgroup.teamtailor.com
CA Business Digital,cabusinessdigital,https://cabusinessdigital.teamtailor.com
CABAIA,cabaia,https://cabaia.teamtailor.com
Cabeni AB,cabeni,https://cabeni.teamtailor.com
Cainiao,cainiao,https://cainiao.teamtailor.com
Callen-Lenz,callenlenz,https://callenlenz.teamtailor.com
CAM Mécanique Inc.,cammecanique,https://cammecanique.teamtailor.com
Cambio,cambio,https://cambio.teamtailor.com
Cambridge Intelligence,cambridge-intelligence,https://cambridge-intelligence.teamtailor.com
JBS Executive Education Ltd,cambridgejudgebs,https://cambridgejudgebs.teamtailor.com
CAMCA,camca,https://camca.teamtailor.com
CameraMatics,cameramatics-1639649453,https://cameramatics-1639649453.teamtailor.com
Canva,canva,https://canva.teamtailor.com
Capago International,capago,https://capago.teamtailor.com
Capalo AI,capaloai,https://capaloai.teamtailor.com
Caparol,caparol,https://caparol.teamtailor.com
Capega,capega,https://capega.teamtailor.com
Capua,capua,https://capua.teamtailor.com
CarCutter,carcutter,https://carcutter.teamtailor.com
Teamtailor,career,https://career.teamtailor.com
Tecknuovo,careers-tecknuovo,https://careers-tecknuovo.teamtailor.com
Cartrack,cartrackasiacareerpage,https://cartrackasiacareerpage.teamtailor.com
carVertical,carvertical,https://carvertical.teamtailor.com
Carwow,carwow,https://carwow.teamtailor.com
Casambi,casambi,https://casambi.teamtailor.com
Caspeco,caspecoab,https://caspecoab.teamtailor.com
Catalonia hotels,cataloniahotels,https://cataloniahotels.teamtailor.com
Causeway Technologies,causeway-1588594217,https://causeway-1588594217.teamtailor.com
CDN77,cdn77,https://cdn77.teamtailor.com
CDP Global,cdpworldwide,https://cdpworldwide.teamtailor.com
Cedergrenska AB,cedergrenskaab,https://cedergrenskaab.teamtailor.com
Celebrus Technologies plc,celebrus,https://celebrus.teamtailor.com
Centio,centio,https://centio.teamtailor.com
Centra Technology,centra,https://centra.teamtailor.com
CENTURION SEARCH,centurion,https://centurion.teamtailor.com
Cepheo,cepheo,https://cepheo.teamtailor.com
Cequens,cequens,https://cequens.teamtailor.com
Cerdia International GmbH,cerdiainternationalgmbh,https://cerdiainternationalgmbh.teamtailor.com
Chapter 2,chapter2,https://chapter2.teamtailor.com
Chief,chief,https://chief.teamtailor.com
Chip,chip,https://chip.teamtailor.com
CI Games,cigames,https://cigames.teamtailor.com
CIPFA,cipfa,https://cipfa.teamtailor.com
Karanovic & Partners,karanovicpartners,https://karanovicpartners.teamtailor.com
Knauf Gypsum NEE South-East,ciscountriesknaufgypsumeasterneurop,https://ciscountriesknaufgypsumeasterneurop.teamtailor.com
Citysjukhuset +7,citysjukhuset,https://citysjukhuset.teamtailor.com
ClearRoute,clearroute,https://clearroute.teamtailor.com
Clickatell,clickatell,https://clickatell.teamtailor.com
Click&Boat,clickboat,https://clickboat.teamtailor.com
ClickOut Media,clickoutmedia,https://clickoutmedia.teamtailor.com
ClickTech,clicktech,https://clicktech.teamtailor.com
ClickView,clickview,https://clickview.teamtailor.com
Clinton,clinton,https://clinton.teamtailor.com
Clovr Labs,clovrlabs,https://clovrlabs.teamtailor.com
CMBlu Energy AG,cmbluenergyag,https://cmbluenergyag.teamtailor.com
CmdScale GmbH,cmdscale,https://cmdscale.teamtailor.com
&Co,co,https://co.teamtailor.com
Codento,codento,https://codento.teamtailor.com
Codestone,codestone,https://codestone.teamtailor.com
CoinPoker,coinpoker,https://coinpoker.teamtailor.com
Cold Culture,coldculture,https://coldculture.teamtailor.com
Colosseum Tandlægerne,colosseumklinikken,https://colosseumklinikken.teamtailor.com
Colossyan,colossyan,https://colossyan.teamtailor.com
Colten Care,coltencare,https://coltencare.teamtailor.com
com,com,https://com.teamtailor.com
Combine,combine,https://combine.teamtailor.com
Combo,combo,https://combo.teamtailor.com
Computer Sweden Recruitment,computerswedenrecruitment,https://computerswedenrecruitment.teamtailor.com
Confirma Software,confirmasoftware,https://confirmasoftware.teamtailor.com
Connectel,connectel,https://connectel.teamtailor.com
Connect Talent Solutions,connecttalentsolutionsjobs,https://connecttalentsolutionsjobs.teamtailor.com
Consea America,conseagroup,https://conseagroup.teamtailor.com
CONSTRUCCIONES RUBAU,construccionsrubau,https://construccionsrubau.teamtailor.com
Copenhagen Optimization,copenhagenoptimization,https://copenhagenoptimization.teamtailor.com
Corndel,corndel,https://corndel.teamtailor.com
cornell,cornell,https://cornell.teamtailor.com
Banco Covalto,covalto,https://covalto.teamtailor.com
cpa,cpa,https://cpa.teamtailor.com
Creditspring,creditspring,https://creditspring.teamtailor.com
CR Group Nordic AB,cresiliens,https://cresiliens.teamtailor.com
Crystal Intelligence,crystalintelligence,https://crystalintelligence.teamtailor.com
Centre de services scolaire des Draveurs,cssd,https://cssd.teamtailor.com
CubicWorks,cubicworks,https://cubicworks.teamtailor.com
CurifyLabs,curifylabs,https://curifylabs.teamtailor.com
CybelAngel,cybelangel,https://cybelangel.teamtailor.com
CyberOne,cyberone-security,https://cyberone-security.teamtailor.com
Dabble,dabble,https://dabble.teamtailor.com
Dallas Holdings - Pret A Manger,dallasholdings,https://dallasholdings.teamtailor.com
Dansk Industri,danskindustri,https://danskindustri.teamtailor.com
David Kennedy Recruitment,davidkennedyrecruitment,https://davidkennedyrecruitment.teamtailor.com
Dcubed,dcubed,https://dcubed.teamtailor.com
ddmg,ddmg,https://ddmg.teamtailor.com
Dedomainia,dedomainia,https://dedomainia.teamtailor.com
Deezer,deezer,https://deezer.teamtailor.com
De Historiske,dehistoriske,https://dehistoriske.teamtailor.com
Delair,delair,https://delair.teamtailor.com
Delco AB,delco,https://delco.teamtailor.com
Delkia,delkia-synthesys-defence-systems,https://delkia-synthesys-defence-systems.teamtailor.com
Delkia,delkia,https://delkia.teamtailor.com
Delve Interim & Search,delve,https://delve.teamtailor.com
Dema,dema,https://dema.teamtailor.com
Dental Business Group AB,dentalbusinessgroup,https://dentalbusinessgroup.teamtailor.com
Detectify,detectify,https://detectify.teamtailor.com
DFDS Belgium,dfdsbelgium,https://dfdsbelgium.teamtailor.com
DFDS Denmark,dfdsdenmark,https://dfdsdenmark.teamtailor.com
DFDS France,dfdsfrance,https://dfdsfrance.teamtailor.com
DFDS Poland,dfdspoland,https://dfdspoland.teamtailor.com
DFDS Professionals,dfdsprofessionals,https://dfdsprofessionals.teamtailor.com
DFDS Sweden & Norway,dfdssweden,https://dfdssweden.teamtailor.com
Digg,digg,https://digg.teamtailor.com
Dignio,dignio-amby,https://dignio-amby.teamtailor.com
Diös Fastigheter,dios,https://dios.teamtailor.com
Directio Sp. z o.o.,directio,https://directio.teamtailor.com
Direct Medics,directmedics,https://directmedics.teamtailor.com
Disruptive Industries,disruptiveindustries,https://disruptiveindustries.teamtailor.com
DKK,dkk,https://dkk.teamtailor.com
DMB,dmm,https://dmm.teamtailor.com
DNA Payments,dnapayments,https://dnapayments.teamtailor.com
DNP Photo Imaging Europe,dnpphotoimagingeurope-1732191906,https://dnpphotoimagingeurope-1732191906.teamtailor.com
Doconomy,doconomy,https://doconomy.teamtailor.com
Doctify,doctify,https://doctify.teamtailor.com
DOGA,doga,https://doga.teamtailor.com
Dolead,dolead,https://dolead.teamtailor.com
Donor Development Strategies,donordevelopmentstrategies,https://donordevelopmentstrategies.teamtailor.com
Doodle,doodle,https://doodle.teamtailor.com
Dotworld,dotworld,https://dotworld.teamtailor.com
Dover Park Hospice,doverparkhospice-1726647805,https://doverparkhospice-1726647805.teamtailor.com
Doxallia,doxallia,https://doxallia.teamtailor.com
Draivi,draivimedia,https://draivimedia.teamtailor.com
Dream On Group,dreamongroup,https://dreamongroup.teamtailor.com
DRPG,drpg,https://drpg.teamtailor.com
Dråpen i Havet,drapenihavet,https://drapenihavet.teamtailor.com
Duck Duck Go,duckduckgo,https://duckduckgo.teamtailor.com
Duni Malmö,dunigroupmalmo,https://dunigroupmalmo.teamtailor.com
DUSK,dusk,https://dusk.teamtailor.com
Dykarbaren Sandhamn,dykarbarensandhamn,https://dykarbarensandhamn.teamtailor.com
each One,eachone,https://eachone.teamtailor.com
Ear to the Ground,eartotheground,https://eartotheground.teamtailor.com
Easpring Finland New Materials Oy,easpring,https://easpring.teamtailor.com
easykind,easykind,https://easykind.teamtailor.com
EAT HAPPY GROUP,eathappygroup,https://eathappygroup.teamtailor.com
Eat Happy Slovakia,eathappyslovakia,https://eathappyslovakia.teamtailor.com
EBU,ebu,https://ebu.teamtailor.com
Eckerö Line,eckeroline,https://eckeroline.teamtailor.com
ECM - Engineering Conception Maintenance,ecm-crit,https://ecm-crit.teamtailor.com
Twins,eco,https://eco.teamtailor.com
Ecobio,ecobio,https://ecobio.teamtailor.com
EcoOnline,ecoonline,https://ecoonline.teamtailor.com
Edelmann Group,edelmanngroup,https://edelmanngroup.teamtailor.com
Ed:Za,edzagroup,https://edzagroup.teamtailor.com
Edita Prima Oy,editaprimaoy,https://editaprimaoy.teamtailor.com
edrone,edrone,https://edrone.teamtailor.com
EER Poland,eerpoland,https://eerpoland.teamtailor.com
EFAP,efap,https://efap.teamtailor.com
Eficode,eficode,https://eficode.teamtailor.com
EIT RawMaterials,eitrawmaterialsgmbh,https://eitrawmaterialsgmbh.teamtailor.com
Joul-cie,ekwateur,https://ekwateur.teamtailor.com
Elate Recruitment,elaterecruitment,https://elaterecruitment.teamtailor.com
Elavate,elavate,https://elavate.teamtailor.com
Electrify,electrify,https://electrify.teamtailor.com
ELIA,elia,https://elia.teamtailor.com
ELLIPSIS,ellipsis,https://ellipsis.teamtailor.com
ELSA,elsa,https://elsa.teamtailor.com
Embark Studios,embarkstudios,https://embarkstudios.teamtailor.com
Emperor,emperor,https://emperor.teamtailor.com
Enaex Perú,enaexperu,https://enaexperu.teamtailor.com
Enfuce,enfuceoy,https://enfuceoy.teamtailor.com
Engaged,engagedhr,https://engagedhr.teamtailor.com
Ragged Edge,raggededge,https://raggededge.teamtailor.com
Rantalainen,rantalainen,https://rantalainen.teamtailor.com
Robin,eniro,https://eniro.teamtailor.com
Enora,enora,https://enora.teamtailor.com
EPA,epa,https://epa.teamtailor.com
Epiminds,epimindsab,https://epimindsab.teamtailor.com
Epsor,epsor,https://epsor.teamtailor.com
ERIS,eris,https://eris.teamtailor.com
Erlang Solutions,erlangsolutions,https://erlangsolutions.teamtailor.com
ERNI Philippines,ernicareersph,https://ernicareersph.teamtailor.com
Ersta diakoni,erstadiakoni,https://erstadiakoni.teamtailor.com
Esker,esker,https://esker.teamtailor.com
Esker U.S.,eskerinc,https://eskerinc.teamtailor.com
Eskimi,eskimi,https://eskimi.teamtailor.com
EST,est,https://est.teamtailor.com
ESTREEM,estreem,https://estreem.teamtailor.com
Etraveli Group,etraveligroup,https://etraveligroup.teamtailor.com
Euronovate Group,euronovategroup,https://euronovategroup.teamtailor.com
EUTALENTS,eutalents,https://eutalents.teamtailor.com
EveryMatrix,everymatrix,https://everymatrix.teamtailor.com
Carasent,evimeria-1607938027,https://evimeria-1607938027.teamtailor.com
Care Recruitment International,carerecruitmentinternational-1732065404,https://carerecruitmentinternational-1732065404.teamtailor.com
Carebrook Ireland,carebrookireland,https://carebrookireland.teamtailor.com
Careers at House of Control,houseofcontrol,https://houseofcontrol.teamtailor.com
Cares AS,cares,https://cares.teamtailor.com
Carico,carico,https://carico.teamtailor.com
Castalie,castalie,https://castalie.teamtailor.com
Cause A Effet,causeaeffet,https://causeaeffet.teamtailor.com
evroc,evrocab-1692891239,https://evrocab-1692891239.teamtailor.com
EWOR GmbH,eworgmbh,https://eworgmbh.teamtailor.com
SMOLLAN,externalia-1749745260,https://externalia-1749745260.teamtailor.com
F&F,libra,https://libra.teamtailor.com
Facebook,facebook,https://facebook.teamtailor.com
Faktory,faktory,https://faktory.teamtailor.com
Falkenbergs Sparbank,falkenbergssparbank,https://falkenbergssparbank.teamtailor.com
Fallon & Byrne,fallonbyrne,https://fallonbyrne.teamtailor.com
Familjeläkarna,familjelakarna-1727350800,https://familjelakarna-1727350800.teamtailor.com
Famly,famly,https://famly.teamtailor.com
Ocab AS,fbs,https://fbs.teamtailor.com
Felyx,felyx-1732008592,https://felyx-1732008592.teamtailor.com
femtasy,pinkinternetgmbh,https://pinkinternetgmbh.teamtailor.com
Ferry,ferry,https://ferry.teamtailor.com
Feskekörka,feskekorka,https://feskekorka.teamtailor.com
Fifth Gear Automotive,fifthgearautomotive,https://fifthgearautomotive.teamtailor.com
Figured,figured,https://figured.teamtailor.com
Finalean Oy,finaleanoy-1732875068,https://finaleanoy-1732875068.teamtailor.com
FindTutors,tutoringjobs,https://tutoringjobs.teamtailor.com
Finixio,finixio,https://finixio.teamtailor.com
Finnish Design Shop,finnishdesignshop,https://finnishdesignshop.teamtailor.com
Finnplay,finnplay,https://finnplay.teamtailor.com
FinteqHub,finteqhub,https://finteqhub.teamtailor.com
Fipto,fipto,https://fipto.teamtailor.com
Firesafe AS,firesafeas,https://firesafeas.teamtailor.com
Firi,firi-1744367250,https://firi-1744367250.teamtailor.com
First,first,https://first.teamtailor.com
FIT Health Clubs,fit-careers,https://fit-careers.teamtailor.com
Fitness Lifestyle International (FLI),fitnesslifestyleinternationalfli,https://fitnesslifestyleinternationalfli.teamtailor.com
FitXR,fitxr-1642768457,https://fitxr-1642768457.teamtailor.com
fiver,five,https://five.teamtailor.com
Flanks,flanks,https://flanks.teamtailor.com
FlightStory,flightstory,https://flightstory.teamtailor.com
Flower,flower,https://flower.teamtailor.com
flowplayer,flowplayer,https://flowplayer.teamtailor.com
FMCG Partner,fmcg,https://fmcg.teamtailor.com
FONDAZIONE L'ALBERO DELLA VITA,fondazionelalberodellavita-1745325761,https://fondazionelalberodellavita-1745325761.teamtailor.com
Foodtel,foodtel,https://foodtel.teamtailor.com
Footasylum,footasylum,https://footasylum.teamtailor.com
force,force,https://force.teamtailor.com
Foreign Affairs Auto,foreignaffairsauto,https://foreignaffairsauto.teamtailor.com
Forenede Care,forenadecare,https://forenadecare.teamtailor.com
Försvarsutbildarna,forsvarsutbildarna,https://forsvarsutbildarna.teamtailor.com
Fortnox AB,fortnoxab,https://fortnoxab.teamtailor.com
Fortray Global Services Ltd,fortrayglobalservices,https://fortrayglobalservices.teamtailor.com
Fotografiska Stockholm,fotografiska,https://fotografiska.teamtailor.com
Foundation Partners,foundationpartners,https://foundationpartners.teamtailor.com
Founders Pledge,founderspledge,https://founderspledge.teamtailor.com
Four FM AB,fourfmab,https://fourfmab.teamtailor.com
Four Principles,fourprinciples,https://fourprinciples.teamtailor.com
FRANCE WORK,francework,https://francework.teamtailor.com
Friluftsland,friluftsland,https://friluftsland.teamtailor.com
FT,ft,https://ft.teamtailor.com
Full Fabric,fullfabricspoonsixlimited,https://fullfabricspoonsixlimited.teamtailor.com
Fully,fully,https://fully.teamtailor.com
Funnel,funnel,https://funnel.teamtailor.com
Fussy,fussy-1738679774,https://fussy-1738679774.teamtailor.com
FVBU,fvbu,https://fvbu.teamtailor.com
GAC Motor Europe B.V.,gacmotoreuropebv-1747132357,https://gacmotoreuropebv-1747132357.teamtailor.com
Garda Alarm,gardaalarm,https://gardaalarm.teamtailor.com
GBST,gbst,https://gbst.teamtailor.com
GCO Ventures,gcoventures,https://gcoventures.teamtailor.com
GECI Int.,groupeeolen-1721751826,https://groupeeolen-1721751826.teamtailor.com
Genius,genius,https://genius.teamtailor.com
Gestamp HardTech AB,gestamp,https://gestamp.teamtailor.com
GetBusy,getbusy-1642003472,https://getbusy-1642003472.teamtailor.com
GetResponse,getresponse,https://getresponse.teamtailor.com
GGA Solutions,ggasolutions,https://ggasolutions.teamtailor.com
Ghana International Bank,ghanainternationalbank-1644937212,https://ghanainternationalbank-1644937212.teamtailor.com
GHGSat,ghgsat,https://ghgsat.teamtailor.com
Gi Group Holding,gigroupholding,https://gigroupholding.teamtailor.com
GIM Robotics,gimrobotics,https://gimrobotics.teamtailor.com
Global66,global66,https://global66.teamtailor.com
Global Human Resources,globalhr,https://globalhr.teamtailor.com
GlobeSearch A/S,globesearchas-1745424407,https://globesearchas-1745424407.teamtailor.com
GML A/S,gmlhr,https://gmlhr.teamtailor.com
Gnotec China,gnotecchina,https://gnotecchina.teamtailor.com
GoDutch,godutch,https://godutch.teamtailor.com
goFLUENT,gofluentjobs-1737148459,https://gofluentjobs-1737148459.teamtailor.com
Goodgame Studios,goodgamestudios,https://goodgamestudios.teamtailor.com
Goodiebox,goodiebox,https://goodiebox.teamtailor.com
Grail Talent,grailtalent-1730296269,https://grailtalent-1730296269.teamtailor.com
GRAM Group,gramgroup,https://gramgroup.teamtailor.com
Gränsö Slott,gransoslott,https://gransoslott.teamtailor.com
Grant Thornton Sweden,grantthornton,https://grantthornton.teamtailor.com
Gravitee,graviteetopcoltd,https://graviteetopcoltd.teamtailor.com
GRAVITY,gravity,https://gravity.teamtailor.com
Great Northern A/S,greatnorthernas,https://greatnorthernas.teamtailor.com
Greencastle Digital,greencastledigital,https://greencastledigital.teamtailor.com
Groupe Fete Sensation,groupefetesensation,https://groupefetesensation.teamtailor.com
group one DE,grouponede,https://grouponede.teamtailor.com
GSS UK Services Limited,gssukserviceslimited,https://gssukserviceslimited.teamtailor.com
GTE,gtecombv,https://gtecombv.teamtailor.com
GUICAR S.L.,guicarsl,https://guicarsl.teamtailor.com
Global University Systems (GUS),gusglobaluniversitysystems,https://gusglobaluniversitysystems.teamtailor.com
Global University Systems (GUS),gusglobaluniversitysystems-futurelearn,https://gusglobaluniversitysystems-futurelearn.teamtailor.com
Global University Systems (GUS),gusglobaluniversitysystems-global-university-systems,https://gusglobaluniversitysystems-global-university-systems.teamtailor.com
GVV,gvv,https://gvv.teamtailor.com
Gynea,gynea,https://gynea.teamtailor.com
"Habia Cable Norderstedt, Germany",habiagermany,https://habiagermany.teamtailor.com
Habitat et Jardin,habitatetjardin,https://habitatetjardin.teamtailor.com
Hadean,hadean,https://hadean.teamtailor.com
Hadron Labs,hadronlabs,https://hadronlabs.teamtailor.com
Hakonen konserni,hakonensolutionsoy,https://hakonensolutionsoy.teamtailor.com
Entropos,hanap,https://hanap.teamtailor.com
Hanbury Strategy,hanburystrategy,https://hanburystrategy.teamtailor.com
Handy,handy,https://handy.teamtailor.com
Hansa Biopharma,hansabiopharma,https://hansabiopharma.teamtailor.com
Hanseranking GmbH,hanseranking,https://hanseranking.teamtailor.com
HarfangLab,harfanglab-1666711819,https://harfanglab-1666711819.teamtailor.com
HART Bageri,hartbageri,https://hartbageri.teamtailor.com
hashtag,hashtag,https://hashtag.teamtailor.com
HCSDK8,hcsdk8,https://hcsdk8.teamtailor.com
Health & Care Management LTD (HCML),healthcaremanagement-1748525036,https://healthcaremanagement-1748525036.teamtailor.com
HelioCampus,heliocampus,https://heliocampus.teamtailor.com
Proper,helloproper,https://helloproper.teamtailor.com
Hem,hem,https://hem.teamtailor.com
Here,here,https://here.teamtailor.com
hex,hex,https://hex.teamtailor.com
heyData GmbH,heydata,https://heydata.teamtailor.com
Hifab,hifab,https://hifab.teamtailor.com
Highsoft,highsoft,https://highsoft.teamtailor.com
Hiire,hiire,https://hiire.teamtailor.com
Sanchez group,hijadesanchez,https://hijadesanchez.teamtailor.com
HIJI,hiji,https://hiji.teamtailor.com
Hivebrite,hivebrite,https://hivebrite.teamtailor.com
HIVED,hivedhq,https://hivedhq.teamtailor.com
HLM,hlm,https://hlm.teamtailor.com
Hobbii,hobbii,https://hobbii.teamtailor.com
Hofseth,hofseth,https://hofseth.teamtailor.com
Hōhepa Canterbury,hohepacanterbury,https://hohepacanterbury.teamtailor.com
Hollis,hollis,https://hollis.teamtailor.com
Hometree Group,hometree-1690194722,https://hometree-1690194722.teamtailor.com
Horse Powertrain,horse,https://horse.teamtailor.com
Hospitality2day,hospitality2day-1697031971,https://hospitality2day-1697031971.teamtailor.com
How&How,howhowltd,https://howhowltd.teamtailor.com
Hp Search,hpsearch-1680505488,https://hpsearch-1680505488.teamtailor.com
Nachhilfeunterricht,nachhilfeunterricht,https://nachhilfeunterricht.teamtailor.com
neuefische GmbH,hrneuefische,https://hrneuefische.teamtailor.com
Huawei Sweden,huawei,https://huawei.teamtailor.com
Huawei Europe,huaweidusseldorf-1719303222,https://huaweidusseldorf-1719303222.teamtailor.com
Huawei Finland R&D,huaweifinlandrnd,https://huaweifinlandrnd.teamtailor.com
Huawei Ireland Research Centre,huaweiireland,https://huaweiireland.teamtailor.com
Huawei Research Center Germany,huaweiresearchcentergermanyaustria,https://huaweiresearchcentergermanyaustria.teamtailor.com
Huawei R&D UK,huaweiuk,https://huaweiuk.teamtailor.com
Humanise,humanisecollective,https://humanisecollective.teamtailor.com
Hybrid Air Vehicles Limited,hybridairvehicleslimited,https://hybridairvehicleslimited.teamtailor.com
Hyde Recruit,hyderecruit-1738224490,https://hyderecruit-1738224490.teamtailor.com
HyperGrowth Recruitment,hypergrowthrecruitment,https://hypergrowthrecruitment.teamtailor.com
Hyperion Robotics,hyperionrobotics,https://hyperionrobotics.teamtailor.com
HyPrSpace,hyprspace-1708613410,https://hyprspace-1708613410.teamtailor.com
I-TRACING,itracing-1749199701,https://itracing-1749199701.teamtailor.com
Ica Kvantum Södermalm,icakvantumsodermalm,https://icakvantumsodermalm.teamtailor.com
Ictech,ictech,https://ictech.teamtailor.com
idealista,idealista,https://idealista.teamtailor.com
IKEA Eesti,ikeaestonia,https://ikeaestonia.teamtailor.com
IKEA Latvija,ikealatvia,https://ikealatvia.teamtailor.com
IKEA Lietuva,ikealithuania,https://ikealithuania.teamtailor.com
IMED HOSPITALES,imedhospitales,https://imedhospitales.teamtailor.com
Important Looking Pirates,ilpvfx,https://ilpvfx.teamtailor.com
IMPOWER Consulting,impowerconsulting,https://impowerconsulting.teamtailor.com
IMSM,imsm,https://imsm.teamtailor.com
Incenteev,incenteev,https://incenteev.teamtailor.com
Incision,incision,https://incision.teamtailor.com
Inclue,inclue,https://inclue.teamtailor.com
Indigo Research,indigoresearch,https://indigoresearch.teamtailor.com
Influencer,influencer,https://influencer.teamtailor.com
Inforcer,inforcer,https://inforcer.teamtailor.com
Infront,infrontsportsmediaag,https://infrontsportsmediaag.teamtailor.com
Ingeteam,ingeteam,https://ingeteam.teamtailor.com
INHAUS,inhaus,https://inhaus.teamtailor.com
Innovamat,innovamat,https://innovamat.teamtailor.com
Inovarion,inovarion-1670250444,https://inovarion-1670250444.teamtailor.com
Inpac AB,inpac-1740038378,https://inpac-1740038378.teamtailor.com
Inrekraft,inrekraft,https://inrekraft.teamtailor.com
Inside Higher Ed,ihe,https://ihe.teamtailor.com
Insplan,insplan,https://insplan.teamtailor.com
Institute for Human Rights & Business,ihrb,https://ihrb.teamtailor.com
Intel,intel,https://intel.teamtailor.com
Intent HQ,intenthq,https://intenthq.teamtailor.com
The Interface Financial Group,interfacefinancial,https://interfacefinancial.teamtailor.com
Interrupt Labs,interruptlabs,https://interruptlabs.teamtailor.com
Inven,inven,https://inven.teamtailor.com
IPF Digital,ipfdigital,https://ipfdigital.teamtailor.com
iQ Biosciences,iqbiosciences,https://iqbiosciences.teamtailor.com
IQM Quantum Computers,iqm,https://iqm.teamtailor.com
iSales,isales,https://isales.teamtailor.com
ISO,iso,https://iso.teamtailor.com
ISPM,ispm,https://ispm.teamtailor.com
ISS International SpA,issinternational,https://issinternational.teamtailor.com
Itera Denmark,iteradenmark,https://iteradenmark.teamtailor.com
Itera Iceland,iteraiceland,https://iteraiceland.teamtailor.com
Itera Sweden,iterasweden,https://iterasweden.teamtailor.com
ITM Tanzania Limited,itmtanzanialimited,https://itmtanzanialimited.teamtailor.com
JA Resorts & Hotels,jaresortshotels,https://jaresortshotels.teamtailor.com
J&B Hopkins,jbhopkins,https://jbhopkins.teamtailor.com
KITS,jobba-pa-kits,https://jobba-pa-kits.teamtailor.com
Jobs In. Fitness,jobsinfitness,https://jobsinfitness.teamtailor.com
Buena GmbH,joinbuena,https://joinbuena.teamtailor.com
JRNI,jrni,https://jrni.teamtailor.com
Justera Group,justergroupab,https://justergroupab.teamtailor.com
JUSU Brothers,jusubrothers,https://jusubrothers.teamtailor.com
JVAI,jvai,https://jvai.teamtailor.com
Karnov Group,karnovgroupdenmark,https://karnovgroupdenmark.teamtailor.com
Katapult,katapult,https://katapult.teamtailor.com
Keeper AB,keeperab,https://keeperab.teamtailor.com
Keewe,keewe-recrutement,https://keewe-recrutement.teamtailor.com
Keith Andrews Trucks,keithandrews,https://keithandrews.teamtailor.com
Health Innovation Kent Surrey Sussex (KSS AHSN),kentsurreysussexahsnltd,https://kentsurreysussexahsnltd.teamtailor.com
Heia Nord-Norge,heianordnorge,https://heianordnorge.teamtailor.com
Herenco,herenco,https://herenco.teamtailor.com
Herold,heroldat,https://heroldat.teamtailor.com
Hertility,hertility,https://hertility.teamtailor.com
Hesperia World,hesperiaworld,https://hesperiaworld.teamtailor.com
HF Agency,husfoto,https://husfoto.teamtailor.com
KEO,keo,https://keo.teamtailor.com
KEON,keon,https://keon.teamtailor.com
Kepler Cheuvreux,keplercheuvreux,https://keplercheuvreux.teamtailor.com
Kernel Wealth,kernel,https://kernel.teamtailor.com
Kernkraftwerk Leibstadt AG,kernkraftwerkleibstadtag,https://kernkraftwerkleibstadtag.teamtailor.com
Kesko Senukai Digital,keskosenukaidigital,https://keskosenukaidigital.teamtailor.com
Kesko Senukai Latvia,keskosenukailatvia,https://keskosenukailatvia.teamtailor.com
KIXEYE,kixeye,https://kixeye.teamtailor.com
knowmad mood,knowmadmood,https://knowmadmood.teamtailor.com
Koji,koji,https://koji.teamtailor.com
Kolecto,kolecto-1739351560,https://kolecto-1739351560.teamtailor.com
Kolsquare,kolsquareteamblue,https://kolsquareteamblue.teamtailor.com
Korpelan Voima,korpelanvoima,https://korpelanvoima.teamtailor.com
Kings League,kosmos,https://kosmos.teamtailor.com
KPMG Global Services Hungary,kpmgglobalservices,https://kpmgglobalservices.teamtailor.com
KTU,ktu,https://ktu.teamtailor.com
Kvarterskliniken,kvarterskliniken,https://kvarterskliniken.teamtailor.com
Lakeshore Family Dentistry,lakeshorefamilydentistry-1579651060,https://lakeshorefamilydentistry-1579651060.teamtailor.com
Land App,landapp-1744899820,https://landapp-1744899820.teamtailor.com
Lavish Alice,lavishalice,https://lavishalice.teamtailor.com
Lead Candidate,leadcandidate-1705924523,https://leadcandidate-1705924523.teamtailor.com
Leaf Space,leafspace,https://leafspace.teamtailor.com
Leb,leb,https://leb.teamtailor.com
Lendurai,lendurai,https://lendurai.teamtailor.com
L'Equipe,lequipe,https://lequipe.teamtailor.com
La Compagnie des Desserts,lacompagniedesdesserts,https://lacompagniedesdesserts.teamtailor.com
La Côte & L'Arête,lacotelarete,https://lacotelarete.teamtailor.com
La Rosée,larosee,https://larosee.teamtailor.com
Leroy Merlin,leroymerlin,https://leroymerlin.teamtailor.com
Let's Do This,letsdothis-1704821225,https://letsdothis-1704821225.teamtailor.com
LeTueLezioni,letuelezioni,https://letuelezioni.teamtailor.com
Le Wagon,lewagon,https://lewagon.teamtailor.com
Lexly,lexly1,https://lexly1.teamtailor.com
Leyton,leytonglobal-germany,https://leytonglobal-germany.teamtailor.com
LH Affärsutveckling,lhaffarsutveckling,https://lhaffarsutveckling.teamtailor.com
LHi Group,lhigroup,https://lhigroup.teamtailor.com
Liber,liber,https://liber.teamtailor.com
Liberty Music PR,libertymusicpr,https://libertymusicpr.teamtailor.com
Life Sverige,life,https://life.teamtailor.com
LIGENTEC,ligentec,https://ligentec.teamtailor.com
RUNA,lightstonefbab,https://lightstonefbab.teamtailor.com
Lightyear,lightyear,https://lightyear.teamtailor.com
Linaker,linaker-1682670281,https://linaker-1682670281.teamtailor.com
LineTen,lineten,https://lineten.teamtailor.com
Lingoda,lingoda,https://lingoda.teamtailor.com
Linical,linical,https://linical.teamtailor.com
Little Dot Studios,littledotstudios,https://littledotstudios.teamtailor.com
LIM SRL,littleitalybarbershop,https://littleitalybarbershop.teamtailor.com
Livi Healthcare,livihealthcare,https://livihealthcare.teamtailor.com
Livo Health,livo,https://livo.teamtailor.com
LMI Technologies,lmitechnologies,https://lmitechnologies.teamtailor.com
Loaf,loaf,https://loaf.teamtailor.com
Loft,loft,https://loft.teamtailor.com
Logbook,logbook,https://logbook.teamtailor.com
Log my Care,logmycare-1732894388,https://logmycare-1732894388.teamtailor.com
team.blue Sweden,loopia,https://loopia.teamtailor.com
"Love, Bonito",lovebonito,https://lovebonito.teamtailor.com
LRG,lrgcareers,https://lrgcareers.teamtailor.com
LSK Group Oy,lskgroupoy,https://lskgroupoy.teamtailor.com
Puzzle,lucy,https://lucy.teamtailor.com
Ludicrum Tech,ludicrumtech,https://ludicrumtech.teamtailor.com
LumenRadio,lumenradio,https://lumenradio.teamtailor.com
Luminor Group,luminorbank,https://luminorbank.teamtailor.com
Luzia,luzia,https://luzia.teamtailor.com
M3,m3,https://m3.teamtailor.com
Maclès Immobilier,maclesimmobilier,https://maclesimmobilier.teamtailor.com
MADE,made,https://made.teamtailor.com
Maersk,maersk,https://maersk.teamtailor.com
MÄN,man,https://man.teamtailor.com
M&S Opticians,mandsopticians,https://mandsopticians.teamtailor.com
Mad & Kaffe,madkaffe,https://madkaffe.teamtailor.com
Make Events,makeevents-1747990244,https://makeevents-1747990244.teamtailor.com
Maki.vc,makivc-1604669713,https://makivc-1604669713.teamtailor.com
ManoMotion,manomotion,https://manomotion.teamtailor.com
Manyone,manyone,https://manyone.teamtailor.com
MAP,map,https://map.teamtailor.com
Maritime & Healthcare Group,maritimeandhealthcaregroup,https://maritimeandhealthcaregroup.teamtailor.com
Marketleap,marketleap,https://marketleap.teamtailor.com
Marktlink,marktlink,https://marktlink.teamtailor.com
Marstrands Havshotell,marsstrandshavshotell,https://marsstrandshavshotell.teamtailor.com
Mathspace,mathspace,https://mathspace.teamtailor.com
Matilda FoodTech,matildafoodtech,https://matildafoodtech.teamtailor.com
Maxine,maxine,https://maxine.teamtailor.com
Mazzei Group,mazzeigroup-1750399679-mazzei-group,https://mazzeigroup-1750399679-mazzei-group.teamtailor.com
McLaren,mclaren,https://mclaren.teamtailor.com
MDPI,mdpi,https://mdpi.teamtailor.com
Mecenat,mecenat,https://mecenat.teamtailor.com
Medefer,medefer,https://medefer.teamtailor.com
Medialab Group,medialab,https://medialab.teamtailor.com
Medline Europe,medline,https://medline.teamtailor.com
Mendo.ai,mendoai-1730204279,https://mendoai-1730204279.teamtailor.com
Merlin Digital Partner,merlindigitalpartner-1613753675,https://merlindigitalpartner-1613753675.teamtailor.com
MHP Group,mhpgroup,https://mhpgroup.teamtailor.com
Migs,migs,https://migs.teamtailor.com
Mindler,mindler,https://mindler.teamtailor.com
Mintos,mintos,https://mintos.teamtailor.com
Mio BPA,miogruppen,https://miogruppen.teamtailor.com
Miss Moneypenny Technologies GmbH,missmoneypennytechnologies,https://missmoneypennytechnologies.teamtailor.com
MMO,mmo,https://mmo.teamtailor.com
Mobysoft,mobysoft,https://mobysoft.teamtailor.com
Modulai,modulai,https://modulai.teamtailor.com
Moonfrog Labs,moonfroglabsbystillfront,https://moonfroglabsbystillfront.teamtailor.com
Moonly,moonly,https://moonly.teamtailor.com
Morris Group Site,morrisgroupsite,https://morrisgroupsite.teamtailor.com
Morris Midwest,morrismidwest,https://morrismidwest.teamtailor.com
Morris South,morrissouth,https://morrissouth.teamtailor.com
Mother Root,motherroot,https://motherroot.teamtailor.com
Moto,moto,https://moto.teamtailor.com
Motorica,motorica,https://motorica.teamtailor.com
Cazoo & MOTORS,motors,https://motors.teamtailor.com
Cedreo,cedreo,https://cedreo.teamtailor.com
Cesab,cesab,https://cesab.teamtailor.com
Chalmers Industriteknik,chalmersindustriteknik,https://chalmersindustriteknik.teamtailor.com
Chancellors,chancellors,https://chancellors.teamtailor.com
ChilliFrog,chillifrog-1648819114,https://chillifrog-1648819114.teamtailor.com
Ciliatech,ciliatech,https://ciliatech.teamtailor.com
Cinnamon,cinnamonsoftware,https://cinnamonsoftware.teamtailor.com
Cityz Media,cityzmedia,https://cityzmedia.teamtailor.com
Cleanworld AS,cleanworld,https://cleanworld.teamtailor.com
CluneTech,clunetech-fintua,https://clunetech-fintua.teamtailor.com
CluneTech,clunetech-sprintax,https://clunetech-sprintax.teamtailor.com
CluneTech,clunetech,https://clunetech.teamtailor.com
Clyde Munro Dental Group,clydemunrodentalgroup,https://clydemunrodentalgroup.teamtailor.com
coac GmbH,coacgmbh-1728891424,https://coacgmbh-1728891424.teamtailor.com
Coding Giants,gigancicodinggiants-1732891096,https://gigancicodinggiants-1732891096.teamtailor.com
Coligo AB,coligoab,https://coligoab.teamtailor.com
Colorifix Limited,colorifixlimited,https://colorifixlimited.teamtailor.com
Combitech Oy,combitechoy,https://combitechoy.teamtailor.com
Condeco,condeco-1741867353,https://condeco-1741867353.teamtailor.com
Contact Theatre,contacttheatre,https://contacttheatre.teamtailor.com
Converge,converge,https://converge.teamtailor.com
CONVOTIS Iberia,convotisiberia,https://convotisiberia.teamtailor.com
Cornerstone Capital,cornerstonecapital,https://cornerstonecapital.teamtailor.com
Crimson Academies,crimsonacademy,https://crimsonacademy.teamtailor.com
MP Systems,mpsystems,https://mpsystems.teamtailor.com
MRF,mrf,https://mrf.teamtailor.com
MULTIVERSE COMPUTING,multiversecomputing,https://multiversecomputing.teamtailor.com
Munu,munu,https://munu.teamtailor.com
Musky by GCO Ventures,musky,https://musky.teamtailor.com
MWM,mwm,https://mwm.teamtailor.com
Mynt,mynt,https://mynt.teamtailor.com
myPOS Partners,myposconsultant,https://myposconsultant.teamtailor.com
MyTraffic,mytraffic,https://mytraffic.teamtailor.com
NAFFCO,naffco,https://naffco.teamtailor.com
Nanobit,nanobit,https://nanobit.teamtailor.com
Native,native,https://native.teamtailor.com
Nator Personal,nator,https://nator.teamtailor.com
NebXcore,nebxcore,https://nebxcore.teamtailor.com
Negri & Associati - ricerca e selezione di personale qualificato,negrieassociati,https://negrieassociati.teamtailor.com
Viaplay Group,nent,https://nent.teamtailor.com
NEO2 Consultant,neo2consultant,https://neo2consultant.teamtailor.com
Nested,nested,https://nested.teamtailor.com
Netenders Holding,netendersholding,https://netendersholding.teamtailor.com
Netflix,netflix,https://netflix.teamtailor.com
"NetVirta, Inc",netvirta,https://netvirta.teamtailor.com
Networkology,networkology-1743416781,https://networkology-1743416781.teamtailor.com
New Best Srl,newbestsrl-1746516054,https://newbestsrl-1746516054.teamtailor.com
New Moon Production,newmoonproduction,https://newmoonproduction.teamtailor.com
news,news,https://news.teamtailor.com
Nexer Group,nexergroup,https://nexergroup.teamtailor.com
Nexer Infrastructure,nexerinfrastructure,https://nexerinfrastructure.teamtailor.com
Next Lotto GmbH,nextlottogmbh,https://nextlottogmbh.teamtailor.com
nfmg,nfmg,https://nfmg.teamtailor.com
Nimblr,nimblrab,https://nimblrab.teamtailor.com
Nipromec Group,nipromec,https://nipromec.teamtailor.com
Nir Yu,niryu,https://niryu.teamtailor.com
Njord Survey,njordsurvey,https://njordsurvey.teamtailor.com
Nobia,nobiaab,https://nobiaab.teamtailor.com
Nobu Hotel Ibiza Bay,nobuhotels,https://nobuhotels.teamtailor.com
Noda,noda-1720000970,https://noda-1720000970.teamtailor.com
Nofence,nofence,https://nofence.teamtailor.com
NOK Human Capital,nokhumancapital,https://nokhumancapital.teamtailor.com
Noli Studios,nolistudiosfinlandoy,https://nolistudiosfinlandoy.teamtailor.com
Nonconformist,nonconformist,https://nonconformist.teamtailor.com
Nordfarmgruppen,grytsforvaltningab,https://grytsforvaltningab.teamtailor.com
Nordic Air Defence,nordicairdefence,https://nordicairdefence.teamtailor.com
Nordic Knots AB,nordicknotsab,https://nordicknotsab.teamtailor.com
Nordic Talent,nordictalent,https://nordictalent.teamtailor.com
Nordiska Kliniken,nordiskakliniken,https://nordiskakliniken.teamtailor.com
Nordiska museet,nordiskamuseet,https://nordiskamuseet.teamtailor.com
Nordlaks,nordlaks,https://nordlaks.teamtailor.com
Norevie,norevie-1742377716,https://norevie-1742377716.teamtailor.com
Norges Blindeforbund,blindeforbundet,https://blindeforbundet.teamtailor.com
Norrsken Launcher,norrskenlauncher,https://norrskenlauncher.teamtailor.com
Norteam,norteam,https://norteam.teamtailor.com
Nortek Group,nortekgroup,https://nortekgroup.teamtailor.com
Noteless (Amby account),noteless-amby,https://noteless-amby.teamtailor.com
nPlan,nplan,https://nplan.teamtailor.com
Nur,nur,https://nur.teamtailor.com
Nye og Kloke Hoder,nyeogklokehoder,https://nyeogklokehoder.teamtailor.com
NYM,nym,https://nym.teamtailor.com
NZ,nz,https://nz.teamtailor.com
Oak Consulting,oakconsulting,https://oakconsulting.teamtailor.com
OC Tannklinikker,octannklinikker,https://octannklinikker.teamtailor.com
OCA Global,ocaglobal,https://ocaglobal.teamtailor.com
OCI INFORMATIQUE,groupeoci,https://groupeoci.teamtailor.com
OCS,ocs,https://ocs.teamtailor.com
Odigo,odigo,https://odigo.teamtailor.com
OfficeCloud,officecloud,https://officecloud.teamtailor.com
OHM Energie,ohmenergie,https://ohmenergie.teamtailor.com
Oliva,olivahealth,https://olivahealth.teamtailor.com
OLKA Sportresor,olkasportresor,https://olkasportresor.teamtailor.com
Omexom Suomi,omexomfi,https://omexomfi.teamtailor.com
Omexom Sverige,omexom,https://omexom.teamtailor.com
Omexom Sør,omexomsor,https://omexomsor.teamtailor.com
Omexom Østlandet,omexomno,https://omexomno.teamtailor.com
Omnicom Media,omnicomsweden,https://omnicomsweden.teamtailor.com
Omnistaff,omnistaff,https://omnistaff.teamtailor.com
Omny,omny,https://omny.teamtailor.com
Omsorg Assistans,omsorgassistans,https://omsorgassistans.teamtailor.com
Omtanken,omtanken,https://omtanken.teamtailor.com
Oner Active,oneractive,https://oneractive.teamtailor.com
OODC,oodc,https://oodc.teamtailor.com
Open House London,openhouse,https://openhouse.teamtailor.com
Opply,opply-1682428990,https://opply-1682428990.teamtailor.com
OPTIVEUM sp. z o.o.,optiveumspzoo,https://optiveumspzoo.teamtailor.com
Orbio World,orbioworld,https://orbioworld.teamtailor.com
OrderYOYO,orderyoyo,https://orderyoyo.teamtailor.com
Öresund IT,oresundit,https://oresundit.teamtailor.com
Oris Dental Sverige,orisdentalsverige,https://orisdentalsverige.teamtailor.com
Orkla Food Ingredients,orklafood-ingredients,https://orklafood-ingredients.teamtailor.com
OTP - Oficina Técnica de Prevención,otp,https://otp.teamtailor.com
Our Common Home,ourcommonhome,https://ourcommonhome.teamtailor.com
ox8 Corporate Finance GmbH,ox8-cf,https://ox8-cf.teamtailor.com
Simple Life App / Zing Coach,palta,https://palta.teamtailor.com
Pandox Belgium,pandox-belgium-careers,https://pandox-belgium-careers.teamtailor.com
Paradox Interactive,paradox-interactive,https://paradox-interactive.teamtailor.com
Paragraaffi Oy,paragraaffi,https://paragraaffi.teamtailor.com
parcelLab,parcellab,https://parcellab.teamtailor.com
Pareto Securities,paretosecurities,https://paretosecurities.teamtailor.com
Parkster GmbH,parkster,https://parkster.teamtailor.com
Parkster AB,parksterab,https://parksterab.teamtailor.com
Partnerd,partnerd,https://partnerd.teamtailor.com
PassiveLogic,passivelogic,https://passivelogic.teamtailor.com
Payne Talent,paynetalent,https://paynetalent.teamtailor.com
Paysend,paysend,https://paysend.teamtailor.com
pcas,pcas,https://pcas.teamtailor.com
Peak Performance,peakperformance,https://peakperformance.teamtailor.com
Perkbox,perkboxvivup,https://perkboxvivup.teamtailor.com
PFX,pfx,https://pfx.teamtailor.com
Physitrack,physitrack,https://physitrack.teamtailor.com
Pincho Nation Denmark,pinchonationdenmark,https://pinchonationdenmark.teamtailor.com
Piscer AB,piscerab,https://piscerab.teamtailor.com
Pixion Games,pixiongames,https://pixiongames.teamtailor.com
Fevi,pkd,https://pkd.teamtailor.com
KIRKBI A/S,kirkbias,https://kirkbias.teamtailor.com
Klara,klara,https://klara.teamtailor.com
Knauf Aquapanel,knaufaquapanel,https://knaufaquapanel.teamtailor.com
Komodo Wellbeing,komodowellbeing,https://komodowellbeing.teamtailor.com
Kompis restauranter,kompisrestauranter,https://kompisrestauranter.teamtailor.com
Kura Omsorg,kuraomsorg,https://kuraomsorg.teamtailor.com
Kurppa Hosk,kurppahosk,https://kurppahosk.teamtailor.com
Kustom,kustom,https://kustom.teamtailor.com
PKF Smith Cooper,pkfsmithcooper,https://pkfsmithcooper.teamtailor.com
Planted Foods AG,plantedfoodsag,https://plantedfoodsag.teamtailor.com
Playa Games,playagames,https://playagames.teamtailor.com
Plummy Games,plummygames,https://plummygames.teamtailor.com
Polestar,polestar,https://polestar.teamtailor.com
PolyPeptide US,polypeptideus,https://polypeptideus.teamtailor.com
Pontus Frithiof Crew AB,pontusfrithiof2021,https://pontusfrithiof2021.teamtailor.com
Power Danmark,power,https://power.teamtailor.com
Power SE,powerse,https://powerse.teamtailor.com
Praktika,praktika,https://praktika.teamtailor.com
Prevas,prevas,https://prevas.teamtailor.com
Prevas Partnernätverk,prevaspartnerskap,https://prevaspartnerskap.teamtailor.com
Privacy Manager,privacymanager,https://privacymanager.teamtailor.com
ProActive Software Nederland BV,proactivesoftwarenederlandbv,https://proactivesoftwarenederlandbv.teamtailor.com
Procentia,procentia,https://procentia.teamtailor.com
Proxima,proxima,https://proxima.teamtailor.com
PSC Consulting,psc,https://psc.teamtailor.com
PSL,psl,https://psl.teamtailor.com
Pellervon taloustutkimus PTT ry,ptt,https://ptt.teamtailor.com
Pubity Group Ltd,pubitygroupltd,https://pubitygroupltd.teamtailor.com
Push Gaming,pushgaming,https://pushgaming.teamtailor.com
Puzzel,puzzel,https://puzzel.teamtailor.com
Pyyne Digital,pyynedigital,https://pyynedigital.teamtailor.com
Q Security,qsecurity,https://qsecurity.teamtailor.com
Qevlar AI,qevlar-1721317262,https://qevlar-1721317262.teamtailor.com
Qflow Group,qflow,https://qflow.teamtailor.com
Qlok,qlok,https://qlok.teamtailor.com
QOCO Systems,qocosystems,https://qocosystems.teamtailor.com
Quala Internacional,qualacompany,https://qualacompany.teamtailor.com
Quantum Surgical,quantumsurgical,https://quantumsurgical.teamtailor.com
JOST Umeå,quicke,https://quicke.teamtailor.com
Quint Group,quint,https://quint.teamtailor.com
Quora – מרחבים מומלצים,quora,https://quora.teamtailor.com
Qutwo,qutwo,https://qutwo.teamtailor.com
RavenPack,ravenpack,https://ravenpack.teamtailor.com
RE:GEN Group,regengroup,https://regengroup.teamtailor.com
Redwood City School District,rcsd,https://rcsd.teamtailor.com
RealityMine,realitymine,https://realitymine.teamtailor.com
Real Pet Food Company,realpetfoodcompany,https://realpetfoodcompany.teamtailor.com
Rebel and Bird,rebelbird,https://rebelbird.teamtailor.com
Rebtel,rebtel,https://rebtel.teamtailor.com
RecruitGo,recruitgo,https://recruitgo.teamtailor.com
Red Badge Group,redbadgegroup,https://redbadgegroup.teamtailor.com
Rehab United,rehabunited,https://rehabunited.teamtailor.com
Rejlers Abu Dhabi,rejlersabudhabi,https://rejlersabudhabi.teamtailor.com
Relatable,relatable,https://relatable.teamtailor.com
Reload Logistics,reloadlogistics,https://reloadlogistics.teamtailor.com
Remote Recruitment,remoterecruitment,https://remoterecruitment.teamtailor.com
Remote World,remoteworld,https://remoteworld.teamtailor.com
Renoa Sverige,renoagroupsverige,https://renoagroupsverige.teamtailor.com
RentalCare Sverige,rentalcaresverige,https://rentalcaresverige.teamtailor.com
Reperio,reperiosearch,https://reperiosearch.teamtailor.com
reQruitz,reqruitz,https://reqruitz.teamtailor.com
Resights,resightsaps,https://resightsaps.teamtailor.com
Resourcify,resourcify,https://resourcify.teamtailor.com
ResQ Club,resqclub,https://resqclub.teamtailor.com
Restaurant Charlottenlund Fort,restaurantcharlottenlundfort-1741880674,https://restaurantcharlottenlundfort-1741880674.teamtailor.com
Retta Isännöinti,rettaisannointi,https://rettaisannointi.teamtailor.com
Return on Investment Ltd,returnoninvestment,https://returnoninvestment.teamtailor.com
Revalue,revalue,https://revalue.teamtailor.com
Right at Home Oxford,rightathomeoxford,https://rightathomeoxford.teamtailor.com
River Delta Unified School District,riverdeltaunifiedschooldistrict,https://riverdeltaunifiedschooldistrict.teamtailor.com
RIXO,rixo,https://rixo.teamtailor.com
RoadSync,roadsync,https://roadsync.teamtailor.com
Rocco Forte Hotels - Italy,roccofortehotelsitaly,https://roccofortehotelsitaly.teamtailor.com
Root Platform,root,https://root.teamtailor.com
RORA,rora,https://rora.teamtailor.com
ROSALIE,rosalie,https://rosalie.teamtailor.com
Rossie Young People's Trust,rossieyoungpeoplestrust,https://rossieyoungpeoplestrust.teamtailor.com
Rosénssons Consulting & Bemanning AB,rosenssonsconsultingab,https://rosenssonsconsultingab.teamtailor.com
Royce Dental Group,roycedentalgroup,https://roycedentalgroup.teamtailor.com
Rubrik,rubrik,https://rubrik.teamtailor.com
Ruby Central,rubycentral,https://rubycentral.teamtailor.com
Run Communications,run,https://run.teamtailor.com
RunRemote,runremote-1694559579,https://runremote-1694559579.teamtailor.com
RUSH,rushdigital,https://rushdigital.teamtailor.com
SaaS,saasglobal,https://saasglobal.teamtailor.com
SaaS,saasglobal-termly,https://saasglobal-termly.teamtailor.com
SABON,sabon,https://sabon.teamtailor.com
Safely,safely,https://safely.teamtailor.com
Saigu Cosmetics,saigucosmetics,https://saigucosmetics.teamtailor.com
Sales Consulting,salesconsulting,https://salesconsulting.teamtailor.com
SalesJobs,salesjobs,https://salesjobs.teamtailor.com
SalesValley,salesvalley,https://salesvalley.teamtailor.com
Salt,salt,https://salt.teamtailor.com
Sandbox Interactive,sandboxinteractive,https://sandboxinteractive.teamtailor.com
Satellite Office,satelliteoffice-1742766257,https://satelliteoffice-1742766257.teamtailor.com
SBAB,sbab,https://sbab.teamtailor.com
Scalr,scalr,https://scalr.teamtailor.com
Schibsted,schibsted,https://schibsted.teamtailor.com
Science me Up,sciencemeup,https://sciencemeup.teamtailor.com
Scissero,scissero,https://scissero.teamtailor.com
Screener,screener,https://screener.teamtailor.com
Scuffers Partners SL,scuffers,https://scuffers.teamtailor.com
SD Worx Group,sdworxgroup,https://sdworxgroup.teamtailor.com
Securitas,securitas,https://securitas.teamtailor.com
Seedtag,seedtag,https://seedtag.teamtailor.com
Select Machining Technologies,selectmachiningtechnologies,https://selectmachiningtechnologies.teamtailor.com
Sensu A/S,sensu,https://sensu.teamtailor.com
Senzum,senzum,https://senzum.teamtailor.com
Sessions,sessions,https://sessions.teamtailor.com
Setup,setup,https://setup.teamtailor.com
QPharma,severpharmasolutions,https://severpharmasolutions.teamtailor.com
Shalion,shalion,https://shalion.teamtailor.com
SHD,shd,https://shd.teamtailor.com
Shellworks,shellworks,https://shellworks.teamtailor.com
SHGH Group,shgh,https://shgh.teamtailor.com
Shieldpay,shieldpay,https://shieldpay.teamtailor.com
Adro,shop,https://shop.teamtailor.com
shopify,shopify,https://shopify.teamtailor.com
Shotgun,shotgun,https://shotgun.teamtailor.com
Showcase,showcase,https://showcase.teamtailor.com
SHT Smart High Tech,shtsmarthightech,https://shtsmarthightech.teamtailor.com
Siemens,siemens,https://siemens.teamtailor.com
Signicat,signicat,https://signicat.teamtailor.com
Siili Solutions,siili,https://siili.teamtailor.com
Silae,silae-career,https://silae-career.teamtailor.com
Silent Eight,silenteight,https://silenteight.teamtailor.com
Silex,silex,https://silex.teamtailor.com
SimplyBook,simplybook,https://simplybook.teamtailor.com
Simucube,simucube,https://simucube.teamtailor.com
Sinclair,sinclair,https://sinclair.teamtailor.com
Sisu Group,sisugroup,https://sisugroup.teamtailor.com
Six Senses London,sixsenseslondon,https://sixsenseslondon.teamtailor.com
Six Stories,sixstories,https://sixstories.teamtailor.com
Fundació d'Atenció a la Dependència - Sant Joan de Déu,sjd,https://sjd.teamtailor.com
SkillOnNet,skillonnet-1744715103,https://skillonnet-1744715103.teamtailor.com
Skippo,skippo,https://skippo.teamtailor.com
Skönhetsgruppen.,skonhetsgruppen,https://skonhetsgruppen.teamtailor.com
SKYLOTEC Group,skylotec,https://skylotec.teamtailor.com
Slater Consult,slaterconsult,https://slaterconsult.teamtailor.com
SmartestEnergy,smartestenergy,https://smartestenergy.teamtailor.com
Smart Managed Solutions,smartmanagedsolutions-1734694596,https://smartmanagedsolutions-1734694596.teamtailor.com
Smart Media Agency,smartmediaagency,https://smartmediaagency.teamtailor.com
Smart Pension,smartpension,https://smartpension.teamtailor.com
SmartVault,smartvault,https://smartvault.teamtailor.com
Snappy Shopper,snappyshopper,https://snappyshopper.teamtailor.com
Softonic,softonic,https://softonic.teamtailor.com
SOFTSWISS,softswiss,https://softswiss.teamtailor.com
SOLEVO,solevo-1695109387,https://solevo-1695109387.teamtailor.com
Soundtrap,soundtrap,https://soundtrap.teamtailor.com
Spacelift,spacelift,https://spacelift.teamtailor.com
Sparteo,sparteo,https://sparteo.teamtailor.com
Sparx Branding,sparxbranding,https://sparxbranding.teamtailor.com
SantaPark Arctic World,spaw,https://spaw.teamtailor.com
Scanreco,crosscontrol,https://crosscontrol.teamtailor.com
Search4s Dustgoat AB,search4s,https://search4s.teamtailor.com
Seasons HR Management Oy,seasonshrmanagementoy,https://seasonshrmanagementoy.teamtailor.com
SPG Carrière,spg,https://spg.teamtailor.com
spiderSilk,spidersilk,https://spidersilk.teamtailor.com
Sprints,sprints,https://sprints.teamtailor.com
French Express,ssh,https://ssh.teamtailor.com
STACC,stacc,https://stacc.teamtailor.com
Standard,standard,https://standard.teamtailor.com
Starship Technologies,starship,https://starship.teamtailor.com
Start Communication,startcommunication,https://startcommunication.teamtailor.com
state,state,https://state.teamtailor.com
Stelltec,stelltec,https://stelltec.teamtailor.com
Stillfront,stillfrontgroup,https://stillfrontgroup.teamtailor.com
Svenska Trygghetslösningar,stl,https://stl.teamtailor.com
Stockholm Sport Academy,stockholmsportacademy-1684240458,https://stockholmsportacademy-1684240458.teamtailor.com
Storm8,storm8,https://storm8.teamtailor.com
STRATUS,stratus,https://stratus.teamtailor.com
Stravito,stravito,https://stravito.teamtailor.com
StructureFlow,structureflow,https://structureflow.teamtailor.com
Submit Bemanning,submitab,https://submitab.teamtailor.com
Suessa,suessa,https://suessa.teamtailor.com
sunday,sunday,https://sunday.teamtailor.com
Sunshinestories,sunshinestories,https://sunshinestories.teamtailor.com
SuperAwesome,superawesome,https://superawesome.teamtailor.com
SuperHosting,superhosting,https://superhosting.teamtailor.com
Superloop,superloop-1733718881,https://superloop-1733718881.teamtailor.com
Supersub,supersub,https://supersub.teamtailor.com
surplusmap,surplusmap,https://surplusmap.teamtailor.com
SUS,sus,https://sus.teamtailor.com
SVH,svh,https://svh.teamtailor.com
SVP,svp,https://svp.teamtailor.com
swan.io,swanio,https://swanio.teamtailor.com
Swap,swap,https://swap.teamtailor.com
Sweatcoin,sweatcoin,https://sweatcoin.teamtailor.com
Sweef,sweef,https://sweef.teamtailor.com
SWEEP,sweep,https://sweep.teamtailor.com
Smart,sweet,https://sweet.teamtailor.com
Swiss AviationSoftware,swissas,https://swissas.teamtailor.com
Switchboard LGBTQIA+,switchboard,https://switchboard.teamtailor.com
SYBO,sybo,https://sybo.teamtailor.com
Symbio,symbio,https://symbio.teamtailor.com
Synmatch AI,synmatchai,https://synmatchai.teamtailor.com
Synthesized,synthesized,https://synthesized.teamtailor.com
T7T,t7t,https://t7t.teamtailor.com
Tacting,tacting,https://tacting.teamtailor.com
Flauer selezione,taimeselezione-1736348084,https://taimeselezione-1736348084.teamtailor.com
Flux Marine,fluxmarine,https://fluxmarine.teamtailor.com
focacceria AG,focacceria,https://focacceria.teamtailor.com
FOJAB,fojab,https://fojab.teamtailor.com
Folket,folketsthlm,https://folketsthlm.teamtailor.com
Foodsi,foodsi,https://foodsi.teamtailor.com
Forlagssentralen,forlagssentralen,https://forlagssentralen.teamtailor.com
Fovéa,foveaassocies,https://foveaassocies.teamtailor.com
Free Soul,freesoul,https://freesoul.teamtailor.com
Frenda,frenda,https://frenda.teamtailor.com
Front Row Group,frontrowgroup,https://frontrowgroup.teamtailor.com
talan,talan,https://talan.teamtailor.com
Talent CRIT,groupecrit-demo-demo-reseau,https://groupecrit-demo-demo-reseau.teamtailor.com
TalentBee,talentbee,https://talentbee.teamtailor.com
TalentFix,talentfix,https://talentfix.teamtailor.com
Talentin,talentin,https://talentin.teamtailor.com
Tamatem,tamatem,https://tamatem.teamtailor.com
tamigo,tamigo,https://tamigo.teamtailor.com
International Taste Institute,tasteinstitute-1742120765,https://tasteinstitute-1742120765.teamtailor.com
Interreg Volunteer Youth (IVY),aebr,https://aebr.teamtailor.com
InterVenture,interventure,https://interventure.teamtailor.com
IT-Total,ittotalab,https://ittotalab.teamtailor.com
TawanTech,tawantech,https://tawantech.teamtailor.com
TCI Transportation,tcitransportation,https://tcitransportation.teamtailor.com
Timaru District Council,tdc,https://tdc.teamtailor.com
Team Olivia,teamolivia,https://teamolivia.teamtailor.com
TeamViewer Germany GmbH,teamviewer,https://teamviewer.teamtailor.com
Technical Equipment Sales,technicalequipmentsales,https://technicalequipmentsales.teamtailor.com
TechSeed,techseed,https://techseed.teamtailor.com
Tecnica Group,tecnicagroup,https://tecnicagroup.teamtailor.com
teenage engineering,teenageengineering-1607935813,https://teenageengineering-1607935813.teamtailor.com
Telebyrån,telebyran,https://telebyran.teamtailor.com
Templafy,templafy,https://templafy.teamtailor.com
Tenpo,tenpo,https://tenpo.teamtailor.com
Avarda Group,tfbank,https://tfbank.teamtailor.com
Thaïs,thais,https://thais.teamtailor.com
The Ardonagh Group,theardonaghgroup,https://theardonaghgroup.teamtailor.com
The Balmoral,thebalmoral,https://thebalmoral.teamtailor.com
The Boundary,theboundary,https://theboundary.teamtailor.com
The Growth Foundation,thegrowthfoundation-1640252175,https://thegrowthfoundation-1640252175.teamtailor.com
The Hospitality Club,thehospitalityclub-1720688400,https://thehospitalityclub-1720688400.teamtailor.com
The Hospitality Recruiters,thehospitalityrecruiters,https://thehospitalityrecruiters.teamtailor.com
The LEGO Foundation,thelegofoundation,https://thelegofoundation.teamtailor.com
The MISSION Group,themissiongroup,https://themissiongroup.teamtailor.com
The SpitJack,thespitjack,https://thespitjack.teamtailor.com
Playbook Media,thestagemediacompany,https://thestagemediacompany.teamtailor.com
Threema GmbH,threema,https://threema.teamtailor.com
TicketCo,ticketco,https://ticketco.teamtailor.com
Time,time,https://time.teamtailor.com
Timestamp,timestamp,https://timestamp.teamtailor.com
Tinubu,tinubu,https://tinubu.teamtailor.com
Tiptapp,tiptapp,https://tiptapp.teamtailor.com
TLC Worldwide,tlcworldwide,https://tlcworldwide.teamtailor.com
Tme,tme,https://tme.teamtailor.com
TMG Chicago,tmgchicago,https://tmgchicago.teamtailor.com
Tooploox Sp. z o.o.,tooploox,https://tooploox.teamtailor.com
TOTEME,toteme,https://toteme.teamtailor.com
Toyota Connected Europe,toyotaconnected,https://toyotaconnected.teamtailor.com
Trackline Marketing,tracklinemarketing,https://tracklinemarketing.teamtailor.com
TradingView,tradingview,https://tradingview.teamtailor.com
Trafiko,trafiko,https://trafiko.teamtailor.com
Training Orchestra,trainingorchestra,https://trainingorchestra.teamtailor.com
Travtus,travtus,https://travtus.teamtailor.com
Treon,treon,https://treon.teamtailor.com
Trevor Frances Recruitment,trevorfrances,https://trevorfrances.teamtailor.com
Tribe Wellness Sales,tribebuilders,https://tribebuilders.teamtailor.com
Trident SE,tridentse,https://tridentse.teamtailor.com
Troi,troi,https://troi.teamtailor.com
Tromb,trombgroup,https://trombgroup.teamtailor.com
Truvio,truvio,https://truvio.teamtailor.com
Tsugami America,tsugamiamerica,https://tsugamiamerica.teamtailor.com
tuatara,tuatara,https://tuatara.teamtailor.com
TUESDAY,tuesday,https://tuesday.teamtailor.com
Turbo Tim's Anything Automotive,turbotims,https://turbotims.teamtailor.com
Tussell,tussell-1726842126,https://tussell-1726842126.teamtailor.com
Twin Harbour Interactive,twinharbour,https://twinharbour.teamtailor.com
Talentwelove,twlglobalservicessrl,https://twlglobalservicessrl.teamtailor.com
team.blue Bulgaria,teambluebulgaria,https://teambluebulgaria.teamtailor.com
TeknikAkademin Norden AB,globalflygteknikab-1735550209,https://globalflygteknikab-1735550209.teamtailor.com
Telenor,telenorsharedservices,https://telenorsharedservices.teamtailor.com
Tendios,tendios,https://tendios.teamtailor.com
Terre di Vigne Srl,terredivignesrl,https://terredivignesrl.teamtailor.com
The Bishops Arms,bishopsarms,https://bishopsarms.teamtailor.com
The Crown Estate,thecrownestate,https://thecrownestate.teamtailor.com
The Indie Stone,theindiestone-demo-demo,https://theindiestone-demo-demo.teamtailor.com
The Lunch Bag,thelunchbag,https://thelunchbag.teamtailor.com
The Ramblers,theramblers-1651591500,https://theramblers-1651591500.teamtailor.com
Therma Industri AS,thermaindustrias,https://thermaindustrias.teamtailor.com
Thon Gruppen,olavthon,https://olavthon.teamtailor.com
thyssenkrupp Bilstein Sibiu,thyssenkruppromania,https://thyssenkruppromania.teamtailor.com
Tjintokk,tjintokk,https://tjintokk.teamtailor.com
TOPPAN Security,toppansecurity,https://toppansecurity.teamtailor.com
Trainee i Molderegionen (TiM),moldenaeringsforum,https://moldenaeringsforum.teamtailor.com
Tranché,trancheboulangeries,https://trancheboulangeries.teamtailor.com
Trattoria Giorgio's,trattoriagiorgios,https://trattoriagiorgios.teamtailor.com
Trelleborgs Energi,trelleborgsenergi-1746431312,https://trelleborgsenergi-1746431312.teamtailor.com
Tuidi,tuidi-1737646222,https://tuidi-1737646222.teamtailor.com
Turbinen,turbinen-1656534952,https://turbinen-1656534952.teamtailor.com
Twoday Denmark,twodaydenmark,https://twodaydenmark.teamtailor.com
Twoday Finland,twodayfinland,https://twodayfinland.teamtailor.com
Twoday Group,twodaygroup,https://twodaygroup.teamtailor.com
Twoday Lithuania,twodaylithuania,https://twodaylithuania.teamtailor.com
Type One Energy,typeoneenergy,https://typeoneenergy.teamtailor.com
Tänndalens Fjällanläggning AB,tanndalen,https://tanndalen.teamtailor.com
Good Brands,typology-1732032895,https://typology-1732032895.teamtailor.com
Uber,uber,https://uber.teamtailor.com
UCLA,ucla,https://ucla.teamtailor.com
UMS Skeldar,umsskeldarab,https://umsskeldarab.teamtailor.com
Uncovered Group,uncoveredgroup-1688718843,https://uncoveredgroup-1688718843.teamtailor.com
Understatement AB,understatementab,https://understatementab.teamtailor.com
Unibuddy,unibuddy-1668416154,https://unibuddy-1668416154.teamtailor.com
UNICEF Sverige,unicefsverige,https://unicefsverige.teamtailor.com
Unika,unikalss,https://unikalss.teamtailor.com
Unobravo,unobravo,https://unobravo.teamtailor.com
Unobravo International,unobravointernational,https://unobravointernational.teamtailor.com
Untamed,untamed-1719321497,https://untamed-1719321497.teamtailor.com
UpCloud,upcloud,https://upcloud.teamtailor.com
Uptempo,uptempo,https://uptempo.teamtailor.com
urbanest,urbanest,https://urbanest.teamtailor.com
Urban Italian Group,urbanitaliangroupab,https://urbanitaliangroupab.teamtailor.com
Universidad de Ingeniería y Tecnología - UTEC,utec,https://utec.teamtailor.com
Uno-X,unox-amby,https://unox-amby.teamtailor.com
Uppstuk,uppstuk,https://uppstuk.teamtailor.com
Upstart 13,upstart13,https://upstart13.teamtailor.com
Urban Deli,urbandeli,https://urbandeli.teamtailor.com
Urbasolar,urbasolar,https://urbasolar.teamtailor.com
Utorg,utorg,https://utorg.teamtailor.com
Vardaga,vardaga,https://vardaga.teamtailor.com
Varicon,varicon-1750116570,https://varicon-1750116570.teamtailor.com
Varnish Software,varnish-software,https://varnish-software.teamtailor.com
VAROPreem,preemab,https://preemab.teamtailor.com
VON DER HEIDE,vdh,https://vdh.teamtailor.com
Veho,veho,https://veho.teamtailor.com
Velocity Products,velocityproducts,https://velocityproducts.teamtailor.com
Velox Electro Europe,veloxelectroeurope,https://veloxelectroeurope.teamtailor.com
Velox Electro Nordics AS,veloxelectronordics,https://veloxelectronordics.teamtailor.com
"Veoneer Safety Systems, India",veoneerin,https://veoneerin.teamtailor.com
Veoneer Romania Safety Systems,veoneerro,https://veoneerro.teamtailor.com
VetWise,vetwise,https://vetwise.teamtailor.com
VFX Financial,vfxfinancial,https://vfxfinancial.teamtailor.com
Vidoori,vidoori,https://vidoori.teamtailor.com
Viking,vikingassistance,https://vikingassistance.teamtailor.com
Villa Valentina,villavalentina,https://villavalentina.teamtailor.com
Vincit Partners,vincitpartners,https://vincitpartners.teamtailor.com
VIQI,viqi,https://viqi.teamtailor.com
Virtasant,virtasant,https://virtasant.teamtailor.com
Virtual Teammate,virtualteammate-1719208705,https://virtualteammate-1719208705.teamtailor.com
Visma,visma,https://visma.teamtailor.com
Visma,vismacc,https://vismacc.teamtailor.com
Visma Enterprise AB,vismaenterpriseab,https://vismaenterpriseab.teamtailor.com
Visma Public DK,vismapublictechnologies,https://vismapublictechnologies.teamtailor.com
Visma Software International AS,vismasoftwareinternationalas,https://vismasoftwareinternationalas.teamtailor.com
Visma Tech AB,vismatech,https://vismatech.teamtailor.com
Vitrolife Group,vitrolife,https://vitrolife.teamtailor.com
Vitrue Health,vitruehealth,https://vitruehealth.teamtailor.com
VOKA,voka,https://voka.teamtailor.com
Voky,voky,https://voky.teamtailor.com
Voli Agency,voliagency,https://voliagency.teamtailor.com
Volotea,volotea,https://volotea.teamtailor.com
Volue,volue,https://volue.teamtailor.com
Volumental,volumental,https://volumental.teamtailor.com
Vos Cours,voscours,https://voscours.teamtailor.com
Voy,manual-1734607080-formel-skin,https://manual-1734607080-formel-skin.teamtailor.com
Wagepoint,wagepoint,https://wagepoint.teamtailor.com
Wallhamn,wallhamn,https://wallhamn.teamtailor.com
Wayman Learning Trust,waymaneducation-1710232669,https://waymaneducation-1710232669.teamtailor.com
JABARI,wearediverse2,https://wearediverse2.teamtailor.com
Webnode,webnode,https://webnode.teamtailor.com
Weiss Technik France,weisstechnikfrance-1685692485,https://weisstechnikfrance-1685692485.teamtailor.com
WellsWay,wells-rekrytering-saljutveckling,https://wells-rekrytering-saljutveckling.teamtailor.com
Wenzel's The Bakers,wenzels,https://wenzels.teamtailor.com
Werlabs,werlabs,https://werlabs.teamtailor.com
WeRoad,weroad,https://weroad.teamtailor.com
WhyHireWrong?,whyhirewrong,https://whyhirewrong.teamtailor.com
Wihuri Metro-tukku,wihurimetrotukku,https://wihurimetrotukku.teamtailor.com
Actual Talent,winid,https://winid.teamtailor.com
Advantage Medical Staffing,advantagemedicalstaffing-1742913892-simplicare,https://advantagemedicalstaffing-1742913892-simplicare.teamtailor.com
Advisense Balticum,advisensebalticum,https://advisensebalticum.teamtailor.com
Advisense Finland,advisensefinland,https://advisensefinland.teamtailor.com
Aim Executive,aimexecutive,https://aimexecutive.teamtailor.com
AIRTIFICIAL,airtificial,https://airtificial.teamtailor.com
Aktiv Assistans,aktiviaassistans,https://aktiviaassistans.teamtailor.com
ALIZES RH,alizesrh,https://alizesrh.teamtailor.com
Allas Pool,allaspool,https://allaspool.teamtailor.com
Almond — Board of Cyber,almond-board-of-cyber,https://almond-board-of-cyber.teamtailor.com
wintrgarden,wintrgarden-1739357733,https://wintrgarden-1739357733.teamtailor.com
Wiremind,wiremind-1714146283,https://wiremind-1714146283.teamtailor.com
Wiser,wiser,https://wiser.teamtailor.com
Workers,workers,https://workers.teamtailor.com
Workster Jobs,worksterjobs,https://worksterjobs.teamtailor.com
Workyn! Recrutement,workyn,https://workyn.teamtailor.com
World Bank,worldbank,https://worldbank.teamtailor.com
Worldia,worldia,https://worldia.teamtailor.com
Wowcher,wowcher-1676895404,https://wowcher-1676895404.teamtailor.com
wp,wp,https://wp.teamtailor.com
Wrangu,wrangu,https://wrangu.teamtailor.com
Wru,wru,https://wru.teamtailor.com
WSP Central Europe,wspcentraleurope,https://wspcentraleurope.teamtailor.com
WSP Denmark,wspdenmark,https://wspdenmark.teamtailor.com
WSP France,wspfrance,https://wspfrance.teamtailor.com
WSP Italy,wspitaly,https://wspitaly.teamtailor.com
WWF,wwf,https://wwf.teamtailor.com
Xait,xait,https://xait.teamtailor.com
Xbus,xbus,https://xbus.teamtailor.com
XCI,xci,https://xci.teamtailor.com
XEFI,xefi-1721226094,https://xefi-1721226094.teamtailor.com
Yandex,yandex,https://yandex.teamtailor.com
Yaya,yaya,https://yaya.teamtailor.com
Yogiboost,yogiboost2021,https://yogiboost2021.teamtailor.com
Yousign,yousign,https://yousign.teamtailor.com
Youth 2030 Movement,youth2030-1738049921,https://youth2030-1738049921.teamtailor.com
Y Strategie,ystrategie,https://ystrategie.teamtailor.com
Zaber Technologies,zabertechnologies-1748353170,https://zabertechnologies-1748353170.teamtailor.com
Zenco,zenco,https://zenco.teamtailor.com
Zepto,zepto,https://zepto.teamtailor.com
Zinkworks,zinkworks,https://zinkworks.teamtailor.com
Zoner,zoner,https://zoner.teamtailor.com
Zozo,zozo,https://zozo.teamtailor.com
Zymego,zymego,https://zymego.teamtailor.com
Baker Tilly,bakertilly,https://bakertilly.teamtailor.com
Baker Tilly Ahlgren & Co,bakertillyahlgren,https://bakertillyahlgren.teamtailor.com
Bankdata,bankdata,https://bankdata.teamtailor.com
Bankgirot,bankgirotab,https://bankgirotab.teamtailor.com
Barros & Errázuriz,barrosyerrazuriz,https://barrosyerrazuriz.teamtailor.com
BearingPoint Austria,bearingpointgmbh,https://bearingpointgmbh.teamtailor.com
BearingPoint Romania,bearingpointromania,https://bearingpointromania.teamtailor.com
Bernhard Schulte Shipmanagement,bsm,https://bsm.teamtailor.com
Berättarministeriet,berattarministeriet,https://berattarministeriet.teamtailor.com
Bespoke Pixel,bespokepixel,https://bespokepixel.teamtailor.com
Better Business Norge,betterbusiness,https://betterbusiness.teamtailor.com
Big Bite,bigbite,https://bigbite.teamtailor.com
Bilgruppen i Norr,bilgruppeninorr,https://bilgruppeninorr.teamtailor.com
Biscuit International France,biscuitinternationalvf,https://biscuitinternationalvf.teamtailor.com
Black Nova Venture Capital Pty Ltd,blacknova-black-nova-portfolio,https://blacknova-black-nova-portfolio.teamtailor.com
Blu Career,blucareer,https://blucareer.teamtailor.com
blurizon,blurizon,https://blurizon.teamtailor.com
Body Buddy Foods,bodybuddyfoods,https://bodybuddyfoods.teamtailor.com
Bolt Insight,boltinsight,https://boltinsight.teamtailor.com
Boss Business Partner,bossbusinesspartner,https://bossbusinesspartner.teamtailor.com
Bremont Watch Company,bremontwatchcompany-1747397724,https://bremontwatchcompany-1747397724.teamtailor.com
Brioches Fonteneau,briochesfonteneau,https://briochesfonteneau.teamtailor.com
Busuu,busuu,https://busuu.teamtailor.com
BYD Auto do Brasil,bydbrazil,https://bydbrazil.teamtailor.com
YAASS,blend,https://blend.teamtailor.com
edu,edu,https://edu.teamtailor.com
Edukatus Alliance,edukatus,https://edukatus.teamtailor.com
Eidel,eidel,https://eidel.teamtailor.com
Ekidom,ekidomvf-1740745963,https://ekidomvf-1740745963.teamtailor.com
Electro Heat Sweden AB,electroheatswedenab-1645023271,https://electroheatswedenab-1645023271.teamtailor.com
Emballator Lagan,emballatorlagan-1741355253,https://emballatorlagan-1741355253.teamtailor.com
Empet,empet,https://empet.teamtailor.com
Enira,enira,https://enira.teamtailor.com
Eriksberg Hotel and Nature Reserve,eriksberg,https://eriksberg.teamtailor.com
ESADE Faculty Positions,esadefaculty,https://esadefaculty.teamtailor.com
Espace et Vie,espacevie,https://espacevie.teamtailor.com
Essenciel,essenciel,https://essenciel.teamtailor.com
Etraveli Group,etraveligroup-tripstack,https://etraveligroup-tripstack.teamtailor.com
European Sales Group,esg,https://esg.teamtailor.com
EVAT,evat,https://evat.teamtailor.com
Experimental,experimental-hotel-hospes-infante-sagres,https://experimental-hotel-hospes-infante-sagres.teamtailor.com
Expliseat,expliseat,https://expliseat.teamtailor.com
eyes and more GmbH,eyesandmoregmbh-1681220218,https://eyesandmoregmbh-1681220218.teamtailor.com
ALTRAD ENDEL,endel,https://endel.teamtailor.com
Andine,andine,https://andine.teamtailor.com
Anfra,anfra,https://anfra.teamtailor.com
Antare Technology,antaretechnology-1748341798,https://antaretechnology-1748341798.teamtailor.com
Antaros Medical,antarosmedical,https://antarosmedical.teamtailor.com
Apricot,apricot,https://apricot.teamtailor.com
Aptio Group Danmark,aptiogroupdanmark,https://aptiogroupdanmark.teamtailor.com
Aranya AB,aranya,https://aranya.teamtailor.com
ARGAL,argal,https://argal.teamtailor.com
ARK Bokhandel,arkbokhandel,https://arkbokhandel.teamtailor.com
AS Kesko Senukai Estonia,keskosenukaiestonia,https://keskosenukaiestonia.teamtailor.com
AssoConnect,assoconnect,https://assoconnect.teamtailor.com
Astek Sweden AB,astekswedenab,https://astekswedenab.teamtailor.com
Atecna,atecna,https://atecna.teamtailor.com
Atomos,atomoswealth,https://atomoswealth.teamtailor.com
Atticus Advisory Solutions,atticusadvisorysolutions,https://atticusadvisorysolutions.teamtailor.com
Autorola Austria,autorolaaustria,https://autorolaaustria.teamtailor.com
Autorola Netherlands,autorolanetherlands,https://autorolanetherlands.teamtailor.com
Avantas AS,avantas,https://avantas.teamtailor.com
Avosano,avosano,https://avosano.teamtailor.com
Awaceb,awaceb,https://awaceb.teamtailor.com
Awaze,awaze-die-ferienhaus-agentur,https://awaze-die-ferienhaus-agentur.teamtailor.com
Axians Suomi,axianssuomi,https://axianssuomi.teamtailor.com
Axpo Systems AG,axposystemsag,https://axposystemsag.teamtailor.com
Fruugo,fruugo,https://fruugo.teamtailor.com
Generali,generali,https://generali.teamtailor.com
Geodata,geodata,https://geodata.teamtailor.com
Get Skills,getskills,https://getskills.teamtailor.com
GLAM,glam,https://glam.teamtailor.com
GLOBAL PARTNER,globalpartner,https://globalpartner.teamtailor.com
Globeteam,globeteam-1734338576,https://globeteam-1734338576.teamtailor.com
Gnotec Sweden AB,gnotecsweden,https://gnotecsweden.teamtailor.com
Go Strong,gostrong,https://gostrong.teamtailor.com
Gold Standard,goldstandard,https://goldstandard.teamtailor.com
Great Group,greatgroup,https://greatgroup.teamtailor.com
Groupe Hamecher,groupehamecher,https://groupehamecher.teamtailor.com
Groupe METEOR,groupemeteor,https://groupemeteor.teamtailor.com
Groupe Santé Nadon,groupesantenadon,https://groupesantenadon.teamtailor.com
Groupe Volta,groupevolta,https://groupevolta.teamtailor.com
Grupo Bel Edad,grupobeledad-1738232006,https://grupobeledad-1738232006.teamtailor.com
Grupo MAS,grupomas,https://grupomas.teamtailor.com
Grupo Medinfar,grupomedinfar,https://grupomedinfar.teamtailor.com
Gruppo Montenegro,gruppomontenegro,https://gruppomontenegro.teamtailor.com
Gule Sider AS,gulesider,https://gulesider.teamtailor.com
hiapp,hiapp,https://hiapp.teamtailor.com
Hidden Trail,hiddentrail,https://hiddentrail.teamtailor.com
Hirsch Group,hirschgroup-ard,https://hirschgroup-ard.teamtailor.com
Hirsch Group,hirschgroup,https://hirschgroup.teamtailor.com
HMB Construction AB,hmbcon,https://hmbcon.teamtailor.com
Holiday Club Åre,holidayclub,https://holidayclub.teamtailor.com
Home Furnishing Nordic AB,homefurnishingnordic,https://homefurnishingnordic.teamtailor.com
Hooked,hooked,https://hooked.teamtailor.com
HR company,hrcompany,https://hrcompany.teamtailor.com
Huawei,huaweiaustria,https://huaweiaustria.teamtailor.com
Huawei Denmark,huaweidenmark,https://huaweidenmark.teamtailor.com
Huawei Norway,huaweinorway,https://huaweinorway.teamtailor.com
Huawei Sweden R&D,huaweisweden,https://huaweisweden.teamtailor.com
Huawei Technologies Oy (Finland),huaweifinland,https://huaweifinland.teamtailor.com
Huda Beauty,hudabeauty,https://hudabeauty.teamtailor.com
Hudson Nordic Denmark,hudsonnordicdenmark,https://hudsonnordicdenmark.teamtailor.com
Hullu Poro Oy,hulluporo,https://hulluporo.teamtailor.com
Humac Denmark ApS,humac,https://humac.teamtailor.com
Hushållningssällskapet Kalmar Kronoberg Blekinge,hushallningssallskapetkalmarkronoberg,https://hushallningssallskapetkalmarkronoberg.teamtailor.com
Huuva,huuva,https://huuva.teamtailor.com
Hydrogen Refueling Solutions,hydrogenrefuelingsolutions,https://hydrogenrefuelingsolutions.teamtailor.com
Hôtel Bowmann Paris,hotelbowmannparis,https://hotelbowmannparis.teamtailor.com
Hôtels Providence & L'Eldorado,hotelsprovidencehotelleldorado,https://hotelsprovidencehotelleldorado.teamtailor.com
James allen,jamesallen,https://jamesallen.teamtailor.com
JAPANESE HEAD SPA,japaneseheadspa-1744012248,https://japaneseheadspa-1744012248.teamtailor.com
Jaume & Seré,jaumeysere,https://jaumeysere.teamtailor.com
Jiliti,jiliti,https://jiliti.teamtailor.com
Job&Talent France,jobtalentfrance,https://jobtalentfrance.teamtailor.com
Jotta Group,jottacloud-amby,https://jottacloud-amby.teamtailor.com
Jovi,jovikonsultab,https://jovikonsultab.teamtailor.com
Jugos Del Valle - Santa Clara,jvalle,https://jvalle.teamtailor.com
Jul i vinterland,julivinterland,https://julivinterland.teamtailor.com
Lager 157,lager157,https://lager157.teamtailor.com
Laje AS,lajeas,https://lajeas.teamtailor.com
Landau Headhunting,landauheadhunting,https://landauheadhunting.teamtailor.com
Lanterna Education,lanternaeducation,https://lanternaeducation.teamtailor.com
Leitmotiv,leitmotiv,https://leitmotiv.teamtailor.com
Lestra,lestra,https://lestra.teamtailor.com
LFG Construction,lfgconstruction,https://lfgconstruction.teamtailor.com
Life Norge AS,lifenorge,https://lifenorge.teamtailor.com
Lindvallen Restauranger,lindvallenrestaurangeraktiebolag,https://lindvallenrestaurangeraktiebolag.teamtailor.com
LTT,ltt,https://ltt.teamtailor.com
Lufthavnsvikar,lufthavnsvikar,https://lufthavnsvikar.teamtailor.com
Masai School,masaischool,https://masaischool.teamtailor.com
Maslow Group,maslow,https://maslow.teamtailor.com
Mecapack,mecapack,https://mecapack.teamtailor.com
Medpro Clinic,medpro,https://medpro.teamtailor.com
Medtanken Group,medtanken,https://medtanken.teamtailor.com
Memira,memira,https://memira.teamtailor.com
Mentor Partner AS,mentorpartner,https://mentorpartner.teamtailor.com
Metanet,metanet,https://metanet.teamtailor.com
METPARK,metpark-1710169800,https://metpark-1710169800.teamtailor.com
MIMIRO,mimiro-1681806311,https://mimiro-1681806311.teamtailor.com
Minjon,minjonoy,https://minjonoy.teamtailor.com
Mio Omsorg,mioomsorg,https://mioomsorg.teamtailor.com
Miramis,cirkusvenues,https://cirkusvenues.teamtailor.com
Modjo,modjo,https://modjo.teamtailor.com
Monday Media,mondaymedianl,https://mondaymedianl.teamtailor.com
Monster,monster,https://monster.teamtailor.com
Montel,montel,https://montel.teamtailor.com
MONTESSORI Förderkreis Nürnberg e. V.,montessoriforderkreisnurnbergev,https://montessoriforderkreisnurnbergev.teamtailor.com
Montessori-Pädagogik Erlangen e.V.,montessori-erlangen,https://montessori-erlangen.teamtailor.com
Multispares Limited,multisparestruckparts,https://multisparestruckparts.teamtailor.com
Mylab,mylaboy,https://mylaboy.teamtailor.com
Mälarhamnar,malarhamnarab,https://malarhamnarab.teamtailor.com
Novati,next,https://next.teamtailor.com
Novaxia,novaxia,https://novaxia.teamtailor.com
Novoviande,novoviande,https://novoviande.teamtailor.com
Nubox,nubox,https://nubox.teamtailor.com
ONCE,once,https://once.teamtailor.com
Onemotion IMC,onemotion,https://onemotion.teamtailor.com
Opera,operanorway,https://operanorway.teamtailor.com
Oppland Elektro,opplandelektro,https://opplandelektro.teamtailor.com
OpSales,sarlnbd,https://sarlnbd.teamtailor.com
ORA Partenaires,orapartenaires,https://orapartenaires.teamtailor.com
OrangIT,orangit,https://orangit.teamtailor.com
Owen,owen,https://owen.teamtailor.com
OXXO,oxxo,https://oxxo.teamtailor.com
Parc Astérix,parcasterix,https://parcasterix.teamtailor.com
Pedagogisk Bemanning,pedagogiskbemanning,https://pedagogiskbemanning.teamtailor.com
Photosol,photosol,https://photosol.teamtailor.com
pilot Agenturgruppe,pilotcentralservicesgmbh-1732700099,https://pilotcentralservicesgmbh-1732700099.teamtailor.com
Pincho Nation Norway,pinchonationnorway,https://pinchonationnorway.teamtailor.com
Plissonneau,plissonneau,https://plissonneau.teamtailor.com
PolyPeptide Belgium,polypeptidebelgium,https://polypeptidebelgium.teamtailor.com
PolyPeptide France,polypeptidestrasbourg,https://polypeptidestrasbourg.teamtailor.com
Poolia Executive Search AB,pooliaexecutivesearch,https://pooliaexecutivesearch.teamtailor.com
Porkkana ja Keppi Oy,porkkanajakeppioy,https://porkkanajakeppioy.teamtailor.com
POSH Fleet Services Pte Ltd,kuokmaritimegroup,https://kuokmaritimegroup.teamtailor.com
PPS,pps,https://pps.teamtailor.com
Prevas Test & Measurement,prevastm,https://prevastm.teamtailor.com
PrimeFlight,primeflightuk,https://primeflightuk.teamtailor.com
Profinder,profinder-1736519241,https://profinder-1736519241.teamtailor.com
Provident Polska,providentpoland,https://providentpoland.teamtailor.com
Provident Romania,providentromania,https://providentromania.teamtailor.com
PSV,psv,https://psv.teamtailor.com
Puntonet S.A.,puntonet,https://puntonet.teamtailor.com
Secomea,secomea,https://secomea.teamtailor.com
Seen Connects,seenconnects-1743434611-seen-studios,https://seenconnects-1743434611-seen-studios.teamtailor.com
Seen Connects,seenconnects-1743434611,https://seenconnects-1743434611.teamtailor.com
Seriös Group,seriosgroup,https://seriosgroup.teamtailor.com
SEVR,sevr,https://sevr.teamtailor.com
Shark Bemanning,sharkbemanning,https://sharkbemanning.teamtailor.com
Sida Group,sidagroup,https://sidagroup.teamtailor.com
Siemers Spezialisten GmbH,siemersspezialistengmbh-1738597040,https://siemersspezialistengmbh-1738597040.teamtailor.com
Signaturit Group,signaturitsolutionsslu,https://signaturitsolutionsslu.teamtailor.com
Sirona,sirona,https://sirona.teamtailor.com
Six Senses Ibiza,sixsensesibiza,https://sixsensesibiza.teamtailor.com
Skagerak Consulting,skagerakconsulting,https://skagerakconsulting.teamtailor.com
Skagerak Energi AS,skagerakenergias-lede,https://skagerakenergias-lede.teamtailor.com
Skagerak Energi AS,skagerakenergias,https://skagerakenergias.teamtailor.com
Skill and You,skillyou,https://skillyou.teamtailor.com
Skilla Oy,skillaoy,https://skillaoy.teamtailor.com
Skybound Wealth Management,skyboundwealthmanagement,https://skyboundwealthmanagement.teamtailor.com
Smart Santé Conseil,smartsanteconseil,https://smartsanteconseil.teamtailor.com
Soeur,soeur-1711354805,https://soeur-1711354805.teamtailor.com
Sollentunahem,sollentunahem,https://sollentunahem.teamtailor.com
Somerset Cricket,somersetcricketclub,https://somersetcricketclub.teamtailor.com
Sonat AS,sonatas,https://sonatas.teamtailor.com
Sonergia,sonergia-1732699776,https://sonergia-1732699776.teamtailor.com
Spawnpoint Media,spawnpointmedia-1677622320,https://spawnpointmedia-1677622320.teamtailor.com
Spiko,spiko,https://spiko.teamtailor.com
Sproud,sproud,https://sproud.teamtailor.com
Squeeze,squeeze,https://squeeze.teamtailor.com
SRS Group,srsgroup,https://srsgroup.teamtailor.com
St Basils,stbasils,https://stbasils.teamtailor.com
Star Information Systems,starsuite,https://starsuite.teamtailor.com
Stats Perform,statsperform,https://statsperform.teamtailor.com
Stretch,stretch,https://stretch.teamtailor.com
STS Education,sts,https://sts.teamtailor.com
Suomen Henkilöstöpooli Oy,suomenhenkilostopoolioy,https://suomenhenkilostopoolioy.teamtailor.com
Svensk Markservice AB,norr,https://norr.teamtailor.com
Svensk Markservice Svealand,svealand,https://svealand.teamtailor.com
Svenska kyrkan Malmö,svenskakyrkanmalmo,https://svenskakyrkanmalmo.teamtailor.com
Svenska Veterinärgruppen,svenskavetcareers,https://svenskavetcareers.teamtailor.com
Sweden HR Group,swedenhrgroup,https://swedenhrgroup.teamtailor.com
Sweetpunk,sweetpunk-1672394585,https://sweetpunk-1672394585.teamtailor.com
Sympa,sympa,https://sympa.teamtailor.com
Synertek,synertek,https://synertek.teamtailor.com
Synoptik Norge - Interoptik & Brilleland,synoptikgroupnorway-brilleland,https://synoptikgroupnorway-brilleland.teamtailor.com
Synoptik Norge - Interoptik & Brilleland,synoptikgroupnorway-interoptik,https://synoptikgroupnorway-interoptik.teamtailor.com
3Shape,3shape,https://3shape.teamtailor.com
A-Lottex Oy,alottexoy,https://alottexoy.teamtailor.com
AB Mano Bankas,manobank,https://manobank.teamtailor.com
ABAX,abax,https://abax.teamtailor.com
ABGi,abgi,https://abgi.teamtailor.com
Absys Cyborg,absyscyborg,https://absyscyborg.teamtailor.com
Academic Work Sweden,awsweden,https://awsweden.teamtailor.com
Acorus,groupeacorus,https://groupeacorus.teamtailor.com
Actemium,actemium,https://actemium.teamtailor.com
Actemium UK,actemiumuk,https://actemiumuk.teamtailor.com
Actual Switzerland SA,interxpertsa,https://interxpertsa.teamtailor.com
Adapei 45,adapei45,https://adapei45.teamtailor.com
addpeople,addpeople,https://addpeople.teamtailor.com
Adelagruppen,adelagruppen-1680154387,https://adelagruppen-1680154387.teamtailor.com
AdeoCare,adeocare,https://adeocare.teamtailor.com
Adven Group,adven,https://adven.teamtailor.com
AED GROUPE,aedgroupe,https://aedgroupe.teamtailor.com
AG,grupotysac,https://grupotysac.teamtailor.com
AGILINA,hrplus-1669824102,https://hrplus-1669824102.teamtailor.com
Agillo AB,agillo,https://agillo.teamtailor.com
Aimo,aimopark-1664892294,https://aimopark-1664892294.teamtailor.com
AIRE Ancient Baths,aireancientbath,https://aireancientbath.teamtailor.com
Alanteen Tila Oy,alanteentila,https://alanteentila.teamtailor.com
ALE-HOP,alehop,https://alehop.teamtailor.com
Aleanza Recrutement Durable,aleanzarecrutementdurable,https://aleanzarecrutementdurable.teamtailor.com
All Good S.A.,coffeedesk,https://coffeedesk.teamtailor.com
Allen Motor Group,allenmotorgroup,https://allenmotorgroup.teamtailor.com
Almond,almond,https://almond.teamtailor.com
Ambit Iberia,ambit,https://ambit.teamtailor.com
Amendo,amendo,https://amendo.teamtailor.com
AMODDEX,amoddex,https://amoddex.teamtailor.com
Amploy AS,amploy,https://amploy.teamtailor.com
Andrew Staffing,andrewstaffing-1721039920,https://andrewstaffing-1721039920.teamtailor.com
AniCura Nederland,anicuranl,https://anicuranl.teamtailor.com
Anicura Portugal,anicuraportugal,https://anicuraportugal.teamtailor.com
Api Restauration,apirestauration,https://apirestauration.teamtailor.com
Apotea,apotea,https://apotea.teamtailor.com
Applus+ Renewable Energy Unit,applusgroup,https://applusgroup.teamtailor.com
Aputeam,aputeam,https://aputeam.teamtailor.com
AQ Engineering,aqengineering,https://aqengineering.teamtailor.com
AREAMS,areams-1718191759,https://areams-1718191759.teamtailor.com
Arrowhead Game Studios,arrowheadgs,https://arrowheadgs.teamtailor.com
Arsenal Football Club,arsenalfc,https://arsenalfc.teamtailor.com
Ashridge Home Care,ashridgehomecare-1649672509,https://ashridgehomecare-1649672509.teamtailor.com
Assessit,assessit,https://assessit.teamtailor.com
Assistansbolaget,assistansbolaget,https://assistansbolaget.teamtailor.com
Assistanslotsen,assistanslotsen,https://assistanslotsen.teamtailor.com
Assistera Skandinavien AB,assisteraskandinavienab,https://assisteraskandinavienab.teamtailor.com
ATEME,ateme,https://ateme.teamtailor.com
Attendo Danmark,attendodanmark,https://attendodanmark.teamtailor.com
Audigny,audigny,https://audigny.teamtailor.com
Auren Personas,aurenpersonas,https://aurenpersonas.teamtailor.com
Autoliv Group,autolivgroup,https://autolivgroup.teamtailor.com
AutoUncle,autouncle,https://autouncle.teamtailor.com
Avencore,avencore,https://avencore.teamtailor.com
Axelent Group,axelentsverige,https://axelentsverige.teamtailor.com
B&A Consulting Srl,baconsultingsrl-1749809296,https://baconsultingsrl-1749809296.teamtailor.com
Barca Leeds,barcaleeds-1696243307,https://barcaleeds-1696243307.teamtailor.com
Bastard Burgers,bastardburgers,https://bastardburgers.teamtailor.com
Baviera,clinicabaviera,https://clinicabaviera.teamtailor.com
BearingPoint AG,bearingpointag,https://bearingpointag.teamtailor.com
BearingPoint Denmark,bearingpointdenmark-1740562169,https://bearingpointdenmark-1740562169.teamtailor.com
BearingPoint India,bearingpointindia,https://bearingpointindia.teamtailor.com
BearingPoint Portugal,bearingpointportugal,https://bearingpointportugal.teamtailor.com
BearingPoint Sweden,bearingpointnorway-1740562192,https://bearingpointnorway-1740562192.teamtailor.com
BearingPoint United Kingdom,bearingpointunitedkingdom-1739287252,https://bearingpointunitedkingdom-1739287252.teamtailor.com
Bemannia,bemannia,https://bemannia.teamtailor.com
Benifex,benefex,https://benefex.teamtailor.com
BETC,betc,https://betc.teamtailor.com
Biisoni,biisoni,https://biisoni.teamtailor.com
Biltema Danmark,biltemadanmark,https://biltemadanmark.teamtailor.com
Biotage,biotage-1708019070,https://biotage-1708019070.teamtailor.com
Blue Banana Brand,bluebanana,https://bluebanana.teamtailor.com
BOHEBON,bohebon-1736946265,https://bohebon-1736946265.teamtailor.com
Bokusgruppen,bokhandelsgruppen,https://bokhandelsgruppen.teamtailor.com
Boojum,boojumltd,https://boojumltd.teamtailor.com
Bookers Group,bookersgroup,https://bookersgroup.teamtailor.com
Bouillon Restaurants,bouillonrestaurants-1727180350,https://bouillonrestaurants-1727180350.teamtailor.com
Boxflow,boxflow,https://boxflow.teamtailor.com
BoyleSports,boylesports,https://boylesports.teamtailor.com
BQ,bqredovisningradgivning,https://bqredovisningradgivning.teamtailor.com
BRE,bre-1729757562,https://bre-1729757562.teamtailor.com
Breega,breega-1704461133,https://breega-1704461133.teamtailor.com
Bricocenter Italia,bricocenteritalia,https://bricocenteritalia.teamtailor.com
Bridgit,bridgit-1750117690,https://bridgit-1750117690.teamtailor.com
Bromford Flagship Livewest,flagshipgroup,https://flagshipgroup.teamtailor.com
Brooke Harrison Recruitment,brookeharrisonrecruitment,https://brookeharrisonrecruitment.teamtailor.com
Brown's Hotel,brownshotel,https://brownshotel.teamtailor.com
BRUNNER + CO,brunnerco,https://brunnerco.teamtailor.com
BTP Consultants,btpconsultants,https://btpconsultants.teamtailor.com
Bulk,bulk,https://bulk.teamtailor.com
Burke Williams,burkewilliams,https://burkewilliams.teamtailor.com
BUYIN,buyin-1720596909,https://buyin-1720596909.teamtailor.com
BWB Consulting,bwb,https://bwb.teamtailor.com
Byggbeslag,abbyggbeslag,https://abbyggbeslag.teamtailor.com
Cabonline Sverige AB,taxijobb,https://taxijobb.teamtailor.com
Capto HR,captohrab,https://captohrab.teamtailor.com
Carebrook,carebrook,https://carebrook.teamtailor.com
CATALYS Conseil,catalysconseil,https://catalysconseil.teamtailor.com
CaterMate,catermate,https://catermate.teamtailor.com
Centigo,centigo,https://centigo.teamtailor.com
Chalhoub Group,chalhoubgroup,https://chalhoubgroup.teamtailor.com
CHAUVIN ARNOUX Group,chauvinarnoux,https://chauvinarnoux.teamtailor.com
Cigierre Spa,cigierrecompagniageneraleristorazione-1741682069,https://cigierrecompagniageneraleristorazione-1741682069.teamtailor.com
Cipal Schaubroeck,cipalschaubroeck,https://cipalschaubroeck.teamtailor.com
CKW,ckw,https://ckw.teamtailor.com
CLIC&MOI,clicmoic,https://clicmoic.teamtailor.com
Cocerto,mycollabcocerto,https://mycollabcocerto.teamtailor.com
COGEP,cogep,https://cogep.teamtailor.com
Columbus Norway,columbusnorge,https://columbusnorge.teamtailor.com
Comatec,comatec,https://comatec.teamtailor.com
COMBERA GmbH,comberagmbh,https://comberagmbh.teamtailor.com
Community Care Trust Aotearoa,communitycaretrust,https://communitycaretrust.teamtailor.com
Compass Group Norge konsern,compassgroupkonsern-1748245318,https://compassgroupkonsern-1748245318.teamtailor.com
Consat,consat,https://consat.teamtailor.com
Converteo,converteo,https://converteo.teamtailor.com
Coody,coody,https://coody.teamtailor.com
Cosermo,cosermo,https://cosermo.teamtailor.com
Cotral Lab,cotrallab,https://cotrallab.teamtailor.com
Coverflex,coverflex,https://coverflex.teamtailor.com
Cretec,cretec,https://cretec.teamtailor.com
Critical Techworks,criticaltechworks-1651244282,https://criticaltechworks-1651244282.teamtailor.com
Cruit AS,cruitas-1740141690,https://cruitas-1740141690.teamtailor.com
Crédit Agricole Titres,catitres,https://catitres.teamtailor.com
Cultures Food,culturesfood,https://culturesfood.teamtailor.com
Curtins,curtins,https://curtins.teamtailor.com
CVL Cosmetics,cvlcosmetics,https://cvlcosmetics.teamtailor.com
Cybertexex,cybertexex,https://cybertexex.teamtailor.com
Danske Spil,danskespil,https://danskespil.teamtailor.com
Dazed Media,dazedmedia,https://dazedmedia.teamtailor.com
DC,dcsolutions,https://dcsolutions.teamtailor.com
Dcycle,dcycle,https://dcycle.teamtailor.com
Decades,decades,https://decades.teamtailor.com
Deepki,deepki,https://deepki.teamtailor.com
DekkTeam AS,dekkteam,https://dekkteam.teamtailor.com
delaware France,delaware-1652081809,https://delaware-1652081809.teamtailor.com
dentsu sweden,dentsusweden,https://dentsusweden.teamtailor.com
Deskeo,deskeo-1668770516,https://deskeo-1668770516.teamtailor.com
Devotum,devotum,https://devotum.teamtailor.com
Dexion GmbH,dexiongmbh,https://dexiongmbh.teamtailor.com
DFDS Baltics,dfdsbaltics,https://dfdsbaltics.teamtailor.com
DFDS Continent,dfdscontinent,https://dfdscontinent.teamtailor.com
DFDS Germany,dfdsgermany,https://dfdsgermany.teamtailor.com
DFDS Spain,dfdsspain,https://dfdsspain.teamtailor.com
DFDS Türkiye,dfdsturkey,https://dfdsturkey.teamtailor.com
DFDS UK & Ireland,dfdsukireland,https://dfdsukireland.teamtailor.com
DFM,dfm,https://dfm.teamtailor.com
Diepeveen and partners,diepeveen,https://diepeveen.teamtailor.com
Dignify,dignify,https://dignify.teamtailor.com
Doktor.De,doktorde,https://doktorde.teamtailor.com
Doktor.se,doktor,https://doktor.teamtailor.com
DrDoctor,drdoctor,https://drdoctor.teamtailor.com
Dupuy,dupuy,https://dupuy.teamtailor.com
EAG,empre,https://empre.teamtailor.com
Eat Happy GmbH,eathappygmbh-1734343618,https://eathappygmbh-1734343618.teamtailor.com
Ecura Bo og Habilitering,ecurabooghabilitering,https://ecurabooghabilitering.teamtailor.com
Ecura BPA,ecura,https://ecura.teamtailor.com
Eduneo,eduneo,https://eduneo.teamtailor.com
Eiro Personāls,eiropersonals,https://eiropersonals.teamtailor.com
EKO,ekogruppensverigeab,https://ekogruppensverigeab.teamtailor.com
Ekstend,ekstendgroup,https://ekstendgroup.teamtailor.com
Eleda,eleda,https://eleda.teamtailor.com
ELEGANCIA,elegancia-1739955737,https://elegancia-1739955737.teamtailor.com
Elite Hotels,elitehotels,https://elitehotels.teamtailor.com
elunic AG,elunic,https://elunic.teamtailor.com
Emil Lundgren,emillundgren,https://emillundgren.teamtailor.com
Emtec,emtecgroup,https://emtecgroup.teamtailor.com
Endeavor,endeavor,https://endeavor.teamtailor.com
Endivo Consulting,endivoconsulting,https://endivoconsulting.teamtailor.com
Enerco Group AB,enercogroup,https://enercogroup.teamtailor.com
ENKV Assistans AB,enkv,https://enkv.teamtailor.com
ENSEK,ensek,https://ensek.teamtailor.com
EntreCon Consulting,entreconconsulting-1730119505,https://entreconconsulting-1730119505.teamtailor.com
EPI INDUSTRIES family of companies,episer,https://episer.teamtailor.com
Equip'jardin,equipjardin,https://equipjardin.teamtailor.com
Ernströmgruppen,ernstromgruppen,https://ernstromgruppen.teamtailor.com
ESSEC Business School,essec,https://essec.teamtailor.com
Estatement Group,estatementgroup,https://estatementgroup.teamtailor.com
Etam,etam,https://etam.teamtailor.com
Ethos,ethos,https://ethos.teamtailor.com
Eurexo part of CED,eurexobyced,https://eurexobyced.teamtailor.com
Everywhen,ardonaghadvisory,https://ardonaghadvisory.teamtailor.com
Evolve Today,evolvetoday,https://evolvetoday.teamtailor.com
Eyes and More Nederland B.V.,embv,https://embv.teamtailor.com
eyes and more Österreich GmbH,eyesandmoreosterreichgmbh,https://eyesandmoreosterreichgmbh.teamtailor.com
Face2face Creatives Norge,face2face-norge,https://face2face-norge.teamtailor.com
Face2face Sverige,face2face-sverige,https://face2face-sverige.teamtailor.com
Fantasiasmiguel,fantasiasmiguel,https://fantasiasmiguel.teamtailor.com
Fastighets AB Balder,balder,https://balder.teamtailor.com
Fellowmind Poland,fellowmindpoland,https://fellowmindpoland.teamtailor.com
Fenix Outdoor,fenixoutdoor,https://fenixoutdoor.teamtailor.com
Fibio,fibio,https://fibio.teamtailor.com
Fightclub,fightclub,https://fightclub.teamtailor.com
Finesta,finestabaltics,https://finestabaltics.teamtailor.com
Firefly,firefly,https://firefly.teamtailor.com
FirstVet,firstvet,https://firstvet.teamtailor.com
Five Guys Germany GmbH,fiveguysde,https://fiveguysde.teamtailor.com
flatfair,flatfair-1648573742,https://flatfair-1648573742.teamtailor.com
foodora,foodora,https://foodora.teamtailor.com
Forest & Partners,forestpartners,https://forestpartners.teamtailor.com
Foxway,foxway,https://foxway.teamtailor.com
Fratries,fratries-1712830126,https://fratries-1712830126.teamtailor.com
Fred Perry Ltd,fredperry,https://fredperry.teamtailor.com
Friedman,friedman,https://friedman.teamtailor.com
Friendly Human Resources,davidantonijevic,https://davidantonijevic.teamtailor.com
Friends Hospitality Group,eikservering,https://eikservering.teamtailor.com
Fuga Family,fugafamily,https://fugafamily.teamtailor.com
Futuria,workweb,https://workweb.teamtailor.com
FYUL,printfulinc,https://printfulinc.teamtailor.com
Garanti BBVA International,garantibankinternationalnvnew,https://garantibankinternationalnvnew.teamtailor.com
GENII,genii,https://genii.teamtailor.com
GENLED Brands,genledbrands,https://genledbrands.teamtailor.com
Geomiq,geomiq,https://geomiq.teamtailor.com
Gepard Media,gepardmedianew,https://gepardmedianew.teamtailor.com
GetFrankly,getfrankly,https://getfrankly.teamtailor.com
Ghistelinck,ghistelinck-1716880277,https://ghistelinck-1716880277.teamtailor.com
Giacom,giacom-1706609492,https://giacom-1706609492.teamtailor.com
Gigstep,gigstep,https://gigstep.teamtailor.com
Gire Danmark,giredk,https://giredk.teamtailor.com
Globogate Concept AG,globogateconceptag,https://globogateconceptag.teamtailor.com
GONG,gonggalaxy-1711637175,https://gonggalaxy-1711637175.teamtailor.com
GoodOaks Homecare,goodoakshomecare,https://goodoakshomecare.teamtailor.com
Granlund,granlund,https://granlund.teamtailor.com
Gravita,gravita,https://gravita.teamtailor.com
group.one,groupone,https://groupone.teamtailor.com
groupe Artemys,artemys,https://artemys.teamtailor.com
Groupe BBL,groupebbl,https://groupebbl.teamtailor.com
GROUPE CARRION,groupecarrion-1750250898,https://groupecarrion-1750250898.teamtailor.com
Groupe Cimes,cimes,https://cimes.teamtailor.com
Groupe ETAM,groupeetam,https://groupeetam.teamtailor.com
Groupe GISMIC,gismic,https://gismic.teamtailor.com
Groupe Guisnel,groupeguisnel,https://groupeguisnel.teamtailor.com
Groupe LR Technologies,groupelrtechnologies,https://groupelrtechnologies.teamtailor.com
Groupe VALEOR,groupevaleor,https://groupevaleor.teamtailor.com
Groupe Vallée,groupevallee,https://groupevallee.teamtailor.com
Grupo Binternational,grupobinternational,https://grupobinternational.teamtailor.com
Grupo Clave,grupoclave,https://grupoclave.teamtailor.com
Grupo Hospitalario HLA,grupohospitalariohla,https://grupohospitalariohla.teamtailor.com
Grupo Ubesol,grupoubesol-1747670884,https://grupoubesol-1747670884.teamtailor.com
GuestWorld,guestworld,https://guestworld.teamtailor.com
Haeger & Carlsson | Executive Search & Interim AB,haegercarlsson,https://haegercarlsson.teamtailor.com
Hammer & Hanborg Sverige,hammerhanborg,https://hammerhanborg.teamtailor.com
Hans Anders België/Belgique,hansandersbelgiebvba,https://hansandersbelgiebvba.teamtailor.com
Headon Rekruttering,headonrekruttering-1740643730,https://headonrekruttering-1740643730.teamtailor.com
Headway Inc,headway,https://headway.teamtailor.com
Healthy Matrix Warehouse,healthymatrix,https://healthymatrix.teamtailor.com
Heatherwick Studio,heatherwickstudio-1666101169,https://heatherwickstudio-1666101169.teamtailor.com
Hedvig,hedvig,https://hedvig.teamtailor.com
HENT,hent,https://hent.teamtailor.com
HERTIN / MANKERT,hertinmankert,https://hertinmankert.teamtailor.com
Hill Group UK,hillgroupuk,https://hillgroupuk.teamtailor.com
Hirsch Bedner Associates,hirschbednerassociates,https://hirschbednerassociates.teamtailor.com
HKA,hka,https://hka.teamtailor.com
HLL Hyreslandslaget,hll,https://hll.teamtailor.com
Holmgrens Bil,holmgrensbil,https://holmgrensbil.teamtailor.com
Home Call,homecall,https://homecall.teamtailor.com
Honey Birdette,honeybirdette,https://honeybirdette.teamtailor.com
Hopscotch Day Nurseries,hopscotchdaynurseries,https://hopscotchdaynurseries.teamtailor.com
Horace,horace,https://horace.teamtailor.com
Hospital Clínic,hospitalclinic,https://hospitalclinic.teamtailor.com
Hotel Amigo,hotelamigo,https://hotelamigo.teamtailor.com
HR Solutions Finland,hrsolutionsfinland,https://hrsolutionsfinland.teamtailor.com
Huber Holding AG,huberholdingag,https://huberholdingag.teamtailor.com
Hudson Nordic,hudson,https://hudson.teamtailor.com
Hudson Nordic Sweden,hudsonnordic,https://hudsonnordic.teamtailor.com
Hultafors Group,hultaforsgroupab,https://hultaforsgroupab.teamtailor.com
Human Source,humansource,https://humansource.teamtailor.com
Hälsinglands Rekrytering,halsinglandsrekrytering,https://halsinglandsrekrytering.teamtailor.com
Håndverksgruppen Norge,handverksgruppen,https://handverksgruppen.teamtailor.com
i3Works,i3works,https://i3works.teamtailor.com
IAG Cargo,iagcargo,https://iagcargo.teamtailor.com
Ica Kvantum Strömstad,icakvantumstromstad,https://icakvantumstromstad.teamtailor.com
ICT Nordics,ictnordics,https://ictnordics.teamtailor.com
Idre Himmelfjäll,idrehimmelfjall,https://idrehimmelfjall.teamtailor.com
IKI,iki-1732802603,https://iki-1732802603.teamtailor.com
iLOQ,iloq,https://iloq.teamtailor.com
IMC Holding,imcholding,https://imcholding.teamtailor.com
Implema AB,implemaab,https://implemaab.teamtailor.com
Incluso,incluso,https://incluso.teamtailor.com
Indy,indy,https://indy.teamtailor.com
Ingenjörsfirman,ingenjorsfirman,https://ingenjorsfirman.teamtailor.com
Instabee,instabee,https://instabee.teamtailor.com
Intertek,interteksemkoab,https://interteksemkoab.teamtailor.com
INU,inu,https://inu.teamtailor.com
IRISOLARIS GROUPE,irisolaris-1732788318,https://irisolaris-1732788318.teamtailor.com
Isentia,isentia-1732508121,https://isentia-1732508121.teamtailor.com
Isio,isio,https://isio.teamtailor.com
Issa Rekrytering,issarekrytering,https://issarekrytering.teamtailor.com
iTalent PLUS,italentplus,https://italentplus.teamtailor.com
Iterio,iterio,https://iterio.teamtailor.com
itm8 Denmark,itm8denmark-1733915591,https://itm8denmark-1733915591.teamtailor.com
Itten+Brechbühl AG,ittenbrechbuhl,https://ittenbrechbuhl.teamtailor.com
Jens & Andreas Restauranger,publiklysekil,https://publiklysekil.teamtailor.com
JobYard Sverige AB,auxilirecab,https://auxilirecab.teamtailor.com
Jooble,jooble,https://jooble.teamtailor.com
Jordbærpikene,jordbaerpikene,https://jordbaerpikene.teamtailor.com
K&Z Holdings - Pret A Manger,pret,https://pret.teamtailor.com
Kaleva-konserni,kalevamedia,https://kalevamedia.teamtailor.com
"Kapres Technology, S.L.",kapres,https://kapres.teamtailor.com
Kardham,kardham,https://kardham.teamtailor.com
Kattokeskus,kattokeskus,https://kattokeskus.teamtailor.com
Kavli Norge,kavlinorge,https://kavlinorge.teamtailor.com
KEDGE BS,groupekedgebusinessschool,https://groupekedgebusinessschool.teamtailor.com
Keepit,keepit,https://keepit.teamtailor.com
KellyDeli Partnership,kellydelipartnerships-1692187640,https://kellydelipartnerships-1692187640.teamtailor.com
Kempower,kempoweroy,https://kempoweroy.teamtailor.com
Kesko Senukai Lithuania,keskosenukailithuania,https://keskosenukailithuania.teamtailor.com
Ketju.fi,ketju,https://ketju.teamtailor.com
Keyrus Belgium,keyrusbelgium,https://keyrusbelgium.teamtailor.com
Keyrus Brazil,keyrusbrazil,https://keyrusbrazil.teamtailor.com
Keyrus Colombia,keyruscolombia,https://keyruscolombia.teamtailor.com
Keyrus EPM,impetus,https://impetus.teamtailor.com
Keyrus Portugal,keyrus,https://keyrus.teamtailor.com
KeyStaff Oy,keystaffoy,https://keystaffoy.teamtailor.com
Kids&Us,kidsandus,https://kidsandus.teamtailor.com
Klass Wagen Group,klasswagen,https://klasswagen.teamtailor.com
Knauf Deutschland,knaufdeutschland,https://knaufdeutschland.teamtailor.com
Knauf Group,knaufgroup,https://knaufgroup.teamtailor.com
Knauf Gypsum Eastern Europe,knaufgypsumeastsouthwest,https://knaufgypsumeastsouthwest.teamtailor.com
Knauf Insulation Systems Division,knaufinsulationsystemsdivision,https://knaufinsulationsystemsdivision.teamtailor.com
Knauf Insulation Western Europe,knaufinsulationwesterneurope,https://knaufinsulationwesterneurope.teamtailor.com
Knauf South America,empleosknaufsouthamerica,https://empleosknaufsouthamerica.teamtailor.com
KNDS Defence UK Limited,kndsuk,https://kndsuk.teamtailor.com
Knightec Group Sweden,knightecgroup,https://knightecgroup.teamtailor.com
Koesio,groupekoesio,https://groupekoesio.teamtailor.com
Konsultia,konsultia,https://konsultia.teamtailor.com
Kry,kry-1719827697,https://kry-1719827697.teamtailor.com
Kulturhoder,kulturhoder,https://kulturhoder.teamtailor.com
la fée maraboutée,lafeemaraboutee,https://lafeemaraboutee.teamtailor.com
La Vela Cooperativa Sociale,lavelacooperativasociale,https://lavelacooperativasociale.teamtailor.com
Launchmetrics,launchmetrics,https://launchmetrics.teamtailor.com
Law Recruitment,lawrecruitmenthw,https://lawrecruitmenthw.teamtailor.com
Lawsons (Whetstone) Ltd,lawsons-1731496765,https://lawsons-1731496765.teamtailor.com
LCKY Group,glitnor,https://glitnor.teamtailor.com
Leightons Opticians & The Hearing Care Partnership,leightons,https://leightons.teamtailor.com
LEROY MERLIN BR,leroymerlinbrasil,https://leroymerlinbrasil.teamtailor.com
Leroy Merlin España,leroymerlinspain,https://leroymerlinspain.teamtailor.com
Leroy Merlin Greece,leroymerlingreece,https://leroymerlingreece.teamtailor.com
LEYFA Measurement,leyfameasurement-recrute,https://leyfameasurement-recrute.teamtailor.com
Lieke Asianajotoimisto Oy,lieke,https://lieke.teamtailor.com
LiNCK,linck,https://linck.teamtailor.com
Lindströms Bil AB,lindstromsbil,https://lindstromsbil.teamtailor.com
Liseberg,liseberg,https://liseberg.teamtailor.com
LiveRing,liveringoy-1700040088,https://liveringoy-1700040088.teamtailor.com
Livestock Improvement Corporation (LIC),livestockimprovementcorporation,https://livestockimprovementcorporation.teamtailor.com
LMT,lmt,https://lmt.teamtailor.com
LNE,lne,https://lne.teamtailor.com
Loca Service,locaservice,https://locaservice.teamtailor.com
Logicalis Spain,logicalisespana,https://logicalisespana.teamtailor.com
Lotus Cars,lotuscars,https://lotuscars.teamtailor.com
Love Recruitment,loverecruitmentuk,https://loverecruitmentuk.teamtailor.com
Luton Town Football Club,lutontownfootballclub,https://lutontownfootballclub.teamtailor.com
Lydia Solutions,lydiasolutions,https://lydiasolutions.teamtailor.com
Madbox,madbox,https://madbox.teamtailor.com
MAG45,mag45,https://mag45.teamtailor.com
Magellan,magellan-carrieres,https://magellan-carrieres.teamtailor.com
Maison 123,maison123,https://maison123.teamtailor.com
Maison Nicolas,nicolas,https://nicolas.teamtailor.com
Makker Hoortoestellen,makkerhearinggroupbv-1748333145,https://makkerhearinggroupbv-1748333145.teamtailor.com
Management Partners,managementpartners,https://managementpartners.teamtailor.com
Market Partner,marketpartner,https://marketpartner.teamtailor.com
Marketpeople,marketpeople,https://marketpeople.teamtailor.com
Marstrand,marstrand,https://marstrand.teamtailor.com
MartiDerm,martiderm,https://martiderm.teamtailor.com
Master Search Solutions,mastersearchsolutions,https://mastersearchsolutions.teamtailor.com
MATCH,match,https://match.teamtailor.com
Matia Fundazioa,matia,https://matia.teamtailor.com
Matvärlden,matvarlden,https://matvarlden.teamtailor.com
May Business Consulting,maybusinessconsulting-1698225019,https://maybusinessconsulting-1698225019.teamtailor.com
MBAcity,mbacity,https://mbacity.teamtailor.com
MDPI Canada,mdpicanada,https://mdpicanada.teamtailor.com
MDPI Singapore,mdpisingapore,https://mdpisingapore.teamtailor.com
MDPI Thailand,mdpithailand,https://mdpithailand.teamtailor.com
Mediaplanet,mediaplanet,https://mediaplanet.teamtailor.com
Mesta,mesta,https://mesta.teamtailor.com
Mexens,techniquesolairesarl,https://techniquesolairesarl.teamtailor.com
Mgroup Consultoria en RRHH,mgroup,https://mgroup.teamtailor.com
MICAMPUS LIVING,micampusliving,https://micampusliving.teamtailor.com
Millet Mountain Group,milletmountaingroup-1692607582,https://milletmountaingroup-1692607582.teamtailor.com
Mindwork,mindwork,https://mindwork.teamtailor.com
mod:group,modgroup,https://modgroup.teamtailor.com
Modirum Platforms,modirumplatforms,https://modirumplatforms.teamtailor.com
MoDo Hockey,modohockey,https://modohockey.teamtailor.com
Monkey Donky Speelhuis / Het Toddlers Huis,monkeydonkykinderopvangbv-1611931555,https://monkeydonkykinderopvangbv-1611931555.teamtailor.com
Mont-Blanc Collection,montblanccollection-1738059242,https://montblanccollection-1738059242.teamtailor.com
Monterro,monterro,https://monterro.teamtailor.com
Montessori-Vereinigung Nürnberger Land e.V.,montessorivereinigungnuernbergerlandev,https://montessorivereinigungnuernbergerlandev.teamtailor.com
Moontech,fromitcanwith,https://fromitcanwith.teamtailor.com
Moove,mooveafrica,https://mooveafrica.teamtailor.com
Morris Great Lakes,morrisgreatlakes,https://morrisgreatlakes.teamtailor.com
MrQ,mrq-1660314033,https://mrq-1660314033.teamtailor.com
Murfy,murfy,https://murfy.teamtailor.com
Mutuelle MBV,mutuellembv,https://mutuellembv.teamtailor.com
mylight150,mylight150,https://mylight150.teamtailor.com
Mäklarhuset,maklarhuset,https://maklarhuset.teamtailor.com
Nawia Oy,nawiaoy,https://nawiaoy.teamtailor.com
Nebuleuse Bijoux,nebuleusebijoux,https://nebuleusebijoux.teamtailor.com
Neilson Financial Services,neilsonfinancialserviceslive-1734523671,https://neilsonfinancialserviceslive-1734523671.teamtailor.com
Netigate,netde,https://netde.teamtailor.com
Netnod AB,netnod,https://netnod.teamtailor.com
NetNordic Norway,netnordicgroupas,https://netnordicgroupas.teamtailor.com
NetOnNet AB,netonnetab,https://netonnetab.teamtailor.com
Nevita,nevita,https://nevita.teamtailor.com
Newsec in Baltics,newsecbaltics,https://newsecbaltics.teamtailor.com
Next Generations,nextgenerations,https://nextgenerations.teamtailor.com
Nieddittas - C.P.A. - SOCIETA' COOPERATIVA,nieddittascpasocietacooperativa-1750148704,https://nieddittascpasocietacooperativa-1750148704.teamtailor.com
No Isolation,noisolation,https://noisolation.teamtailor.com
Node4,node4,https://node4.teamtailor.com
Norda Stelo,nordastelo,https://nordastelo.teamtailor.com
Nordic Operation Center,nordicoperationcenter,https://nordicoperationcenter.teamtailor.com
Nordic Sales Crew,nordicsalescrew,https://nordicsalescrew.teamtailor.com
Nordic Wellness,nordicwellness,https://nordicwellness.teamtailor.com
nordic work AB,nordicworkab,https://nordicworkab.teamtailor.com
Norion Bank Group,norionbankgroup,https://norionbankgroup.teamtailor.com
NORRIQ,norriqbelgium,https://norriqbelgium.teamtailor.com
Norrlyst Koncernen,norrlyst-1699881773,https://norrlyst-1699881773.teamtailor.com
North Richmond Community Health,northrichmondcommunityhealth,https://northrichmondcommunityhealth.teamtailor.com
North Star Network,northstarnetwork-1711439398,https://northstarnetwork-1711439398.teamtailor.com
Novaform,novaform,https://novaform.teamtailor.com
Nude Project,nudeproject,https://nudeproject.teamtailor.com
nudge,nudge-1724058604,https://nudge-1724058604.teamtailor.com
Nurse Generation,nursegeneration-1745985037,https://nursegeneration-1745985037.teamtailor.com
O'Sullivans,osullivans-1716381549,https://osullivans-1716381549.teamtailor.com
OBRAMAT ES,bmesproductionaccount,https://bmesproductionaccount.teamtailor.com
Ocab Sverige,ocab,https://ocab.teamtailor.com
Ocono,schauenburghosetechnologygmbh,https://schauenburghosetechnologygmbh.teamtailor.com
Olivia Personlig Assistans AB,oliviaassistans,https://oliviaassistans.teamtailor.com
Omeo Financial Consulting,omeofinancialconsultingab,https://omeofinancialconsultingab.teamtailor.com
Omexom ROI,omexomie,https://omexomie.teamtailor.com
Omnicom Media Group Norway,omgno,https://omgno.teamtailor.com
ON THAT ASS,onthatassinternationalbv,https://onthatassinternationalbv.teamtailor.com
Onetrace,onetrace-1709207619,https://onetrace-1709207619.teamtailor.com
OnHires,onhiresnew,https://onhiresnew.teamtailor.com
OP Assistans,opassistans,https://opassistans.teamtailor.com
Open Cosmos,opencosmos-1706113956,https://opencosmos-1706113956.teamtailor.com
OPSKY,opsky,https://opsky.teamtailor.com
Optima Partners,optimapartners,https://optimapartners.teamtailor.com
Orchestra,orchestra-1740399159,https://orchestra-1740399159.teamtailor.com
Origin Coffee,origincoffee-1717750134,https://origincoffee-1717750134.teamtailor.com
Ottobock & Ottobock Care,ottobock,https://ottobock.teamtailor.com
Pacera,aico,https://aico.teamtailor.com
Palsgaard,palsgaard,https://palsgaard.teamtailor.com
Papernest,papernest,https://papernest.teamtailor.com
Parts Europe GmbH,partseurope-1661956441,https://partseurope-1661956441.teamtailor.com
Patronus Group,patronusgrouprrtechnologiesgmbh,https://patronusgrouprrtechnologiesgmbh.teamtailor.com
Paydens Group of Pharmacies,paydensltd,https://paydensltd.teamtailor.com
Pearl Group,pearlgroup-1648036920,https://pearlgroup-1648036920.teamtailor.com
Peligoni,peligoni,https://peligoni.teamtailor.com
PensionBee,pensionbeelimited-1750950714,https://pensionbeelimited-1750950714.teamtailor.com
People Impact,peopleimpact,https://peopleimpact.teamtailor.com
Peper & Co BV,peperco,https://peperco.teamtailor.com
Personalica,personalica,https://personalica.teamtailor.com
Phantoms,phantoms,https://phantoms.teamtailor.com
Pharmacies BENU SA,phoenixpharmaswitzerlandag,https://phoenixpharmaswitzerlandag.teamtailor.com
Pincho Nation Germany,pinchonationgermany,https://pinchonationgermany.teamtailor.com
Pinchos,pinchos,https://pinchos.teamtailor.com
Pizza Pilgrims,pizzapilgrims,https://pizzapilgrims.teamtailor.com
Planmeca Group,planmecaoy,https://planmecaoy.teamtailor.com
Platsa,platsa,https://platsa.teamtailor.com
Portico,portico,https://portico.teamtailor.com
Praesidium,praesidium,https://praesidium.teamtailor.com
Precis,precisdigital,https://precisdigital.teamtailor.com
PriceShape,priceshape,https://priceshape.teamtailor.com
Primekss,primekssnew,https://primekssnew.teamtailor.com
Print.com,printcombv,https://printcombv.teamtailor.com
prismat GmbH,prismatgmbh-1738940659,https://prismatgmbh-1738940659.teamtailor.com
Product Hackers,producthackers,https://producthackers.teamtailor.com
PROEVOLUTION,proevolutionpro-1677599313,https://proevolutionpro-1677599313.teamtailor.com
Protect Vakthold,protectvakthold,https://protectvakthold.teamtailor.com
Provident México,providentmexico,https://providentmexico.teamtailor.com
PS Partner,pspartnerjobs,https://pspartnerjobs.teamtailor.com
PSS Securitas,psssecuritas,https://psssecuritas.teamtailor.com
PTSG Access & Safety,ptsgaccesssafetyltd,https://ptsgaccesssafetyltd.teamtailor.com
PTSG Electrical Safety Division,electricalcompliancesafetyltd,https://electricalcompliancesafetyltd.teamtailor.com
PTSG Water,totalenvironmentalcomplianceltd,https://totalenvironmentalcomplianceltd.teamtailor.com
Pub Saint-Germain,pubsaintgermain,https://pubsaintgermain.teamtailor.com
Purple Rekrytering & Interim,purplerekrytering,https://purplerekrytering.teamtailor.com
Pylon-konserni,pylon,https://pylon.teamtailor.com
Qargo,qargo-1711385673,https://qargo-1711385673.teamtailor.com
QbD Group,qbdbv,https://qbdbv.teamtailor.com
Qliro,qliro,https://qliro.teamtailor.com
Raona,raona,https://raona.teamtailor.com
RDT,rdtingenieros,https://rdtingenieros.teamtailor.com
Reclut,hranalyticslab,https://hranalyticslab.teamtailor.com
Recruitment Team,recruitmentteam-1615924888-go-get-beauty-people,https://recruitmentteam-1615924888-go-get-beauty-people.teamtailor.com
Rede People AS,redepeople,https://redepeople.teamtailor.com
Rekom Denmark,rekomgroup,https://rekomgroup.teamtailor.com
Rekryteringsspecialisten,rekryteringsspecialisten,https://rekryteringsspecialisten.teamtailor.com
Relax Gaming,relaxgaming-1745825300,https://relaxgaming-1745825300.teamtailor.com
Renoa,renoagroupoy,https://renoagroupoy.teamtailor.com
Resorts & Hotels España,resorthotelsspain,https://resorthotelsspain.teamtailor.com
Retail Knowledge,retailknowledgeab,https://retailknowledgeab.teamtailor.com
Riipinen Restaurants,riipinenrestaurants,https://riipinenrestaurants.teamtailor.com
RiseRank,riserank,https://riserank.teamtailor.com
Rize,rize-1730897254,https://rize-1730897254.teamtailor.com
Rocco Forte Hotels - Germany,roccofortehotelsgermany,https://roccofortehotelsgermany.teamtailor.com
Room Republic,roomrepublic,https://roomrepublic.teamtailor.com
Roxel,roxelfrance,https://roxelfrance.teamtailor.com
Rädda Barnen,raddabarnen,https://raddabarnen.teamtailor.com
Sabis AB,sabisab,https://sabisab.teamtailor.com
Sable Groupe,sablegroupe,https://sablegroupe.teamtailor.com
Sabrura Sticks & Sushi,sabrura,https://sabrura.teamtailor.com
SACYR,sacyr,https://sacyr.teamtailor.com
SafeTeam,safeteam,https://safeteam.teamtailor.com
Sales Collective,salescollective,https://salescollective.teamtailor.com
SallyQ AB,sallyqab,https://sallyqab.teamtailor.com
Sambla Group,samblagroupab,https://samblagroupab.teamtailor.com
Saps Service Management AB,saps,https://saps.teamtailor.com
Scalda,scaldabv,https://scaldabv.teamtailor.com
ScaleupXQ,scaleupxq,https://scaleupxq.teamtailor.com
"Scanfil Poland, Sieradz",polandsieradz,https://polandsieradz.teamtailor.com
Scania Bemanning x reQruitify,scaniabemanning,https://scaniabemanning.teamtailor.com
Scoro,scoro-1669049295,https://scoro-1669049295.teamtailor.com
Scrive,scrive-1581940106,https://scrive-1581940106.teamtailor.com
SD Worx,sdworxnv,https://sdworxnv.teamtailor.com
SD Worx Jobs & Professionals,sdworxstaffingcareersolutionsnv,https://sdworxstaffingcareersolutionsnv.teamtailor.com
Securus,securus,https://securus.teamtailor.com
Selatek,selatek,https://selatek.teamtailor.com
Selecta,selectabv,https://selectabv.teamtailor.com
SELETIA,seletiaexecutivesearch,https://seletiaexecutivesearch.teamtailor.com
Sener,seneringenieria,https://seneringenieria.teamtailor.com
Senior Material,seniormaterial,https://seniormaterial.teamtailor.com
Seniorstyrken,seniorstyrken,https://seniorstyrken.teamtailor.com
Sensio,sensiono,https://sensiono.teamtailor.com
Seure Henkilöstöpalvelut Oy,seurerekrytointi,https://seurerekrytointi.teamtailor.com
Sh,sh,https://sh.teamtailor.com
Sibylone,sibylone,https://sibylone.teamtailor.com
Silentium,silentium-1747743065,https://silentium-1747743065.teamtailor.com
Silverspin,silverspin,https://silverspin.teamtailor.com
SIREOS,sireos-1729689904,https://sireos-1729689904.teamtailor.com
Sitowise Oy,sitowise,https://sitowise.teamtailor.com
SIX,sixhuntersconsultants,https://sixhuntersconsultants.teamtailor.com
SJ AB,sjab,https://sjab.teamtailor.com
SkandiaMäklarna,skandiamaklarna,https://skandiamaklarna.teamtailor.com
SkiBikeHike,skibikehike,https://skibikehike.teamtailor.com
SLL Energi & Infrastruktur,sllenergiinfrastruktur,https://sllenergiinfrastruktur.teamtailor.com
Smiths Gloucester Limited,smithsgloucester,https://smithsgloucester.teamtailor.com
Sofigate,sofigategroupoy,https://sofigategroupoy.teamtailor.com
Softhouse,softhouse,https://softhouse.teamtailor.com
Solo Health,solohealth,https://solohealth.teamtailor.com
Space NK,spacenk,https://spacenk.teamtailor.com
Spenst,spenst,https://spenst.teamtailor.com
Stardust,stardust,https://stardust.teamtailor.com
Stendi AS,stendias,https://stendias.teamtailor.com
Stockholm Restauranger och Wärdshus Holding AB,melanders,https://melanders.teamtailor.com
Storal,storallearning,https://storallearning.teamtailor.com
Strix Televisjon,bergehus,https://bergehus.teamtailor.com
STS,sts-1734615159,https://sts-1734615159.teamtailor.com
Svenska Turistföreningen,svenskaturistforeningen-1692264274,https://svenskaturistforeningen-1692264274.teamtailor.com
Svevia,svevia,https://svevia.teamtailor.com
Sweed Beauty,sweedbeauty,https://sweedbeauty.teamtailor.com
Swoosh Sverige,swooshsverige,https://swooshsverige.teamtailor.com
Synsam Group Sverige,synsamgroup,https://synsamgroup.teamtailor.com
SystemsAccountants,systemsaccountantsclient,https://systemsaccountantsclient.teamtailor.com
T&G Global,tandgglobal,https://tandgglobal.teamtailor.com
Tahoe Truckee Unified School District,tahoetruckeeusd,https://tahoetruckeeusd.teamtailor.com
Talented,talented-1629976478,https://talented-1629976478.teamtailor.com
TalentFlow,talentflow,https://talentflow.teamtailor.com
TalentX,talentx,https://talentx.teamtailor.com
TARGET ITALIA,targetitalia,https://targetitalia.teamtailor.com
TEAM LEWIS,teamlewis,https://teamlewis.teamtailor.com
Team Liquid,teamliquid,https://teamliquid.teamtailor.com
team.blue Global,teamblue,https://teamblue.teamtailor.com
Tech Invest North,grepit,https://grepit.teamtailor.com
Teleplan Globe,teleplanglobe,https://teleplanglobe.teamtailor.com
Temporing,temporing,https://temporing.teamtailor.com
Tennaxia,tennaxia-1730368867,https://tennaxia-1730368867.teamtailor.com
Terre Blanche,hotelterreblanche,https://hotelterreblanche.teamtailor.com
Tersea,tersea,https://tersea.teamtailor.com
TFS HealthScience,tfscro,https://tfscro.teamtailor.com
TGS France,tgsfrance,https://tgsfrance.teamtailor.com
Thalamus Tech,thalamus,https://thalamus.teamtailor.com
Thales Norway,thales,https://thales.teamtailor.com
Thatcham Research,thatchamresearch-1728053163,https://thatchamresearch-1728053163.teamtailor.com
The Casumo Company Limited,thecasumolimited,https://thecasumolimited.teamtailor.com
The French Bastards,thefrenchbastards-1723124849,https://thefrenchbastards-1723124849.teamtailor.com
The Private Office,theprivateoffice,https://theprivateoffice.teamtailor.com
The Unlimited,theunlimited,https://theunlimited.teamtailor.com
The Works,theworks,https://theworks.teamtailor.com
TheNewJob,thenewjob,https://thenewjob.teamtailor.com
Thomas Hardie Commercials Ltd,thomashardie,https://thomashardie.teamtailor.com
Thérapie Clinic,therapieclinic,https://therapieclinic.teamtailor.com
Tillväxt Botkyrka,tillvaxtbotkyrka,https://tillvaxtbotkyrka.teamtailor.com
TINET,tinet,https://tinet.teamtailor.com
Tirna,aofvast,https://aofvast.teamtailor.com
TM Forum,tmforum-1690453371,https://tmforum-1690453371.teamtailor.com
TMV Capital įmonių grupė,tmvcapital,https://tmvcapital.teamtailor.com
Tonic,thetonicconsultancy,https://thetonicconsultancy.teamtailor.com
Top Doctors Group,topdoctors,https://topdoctors.teamtailor.com
Traftec,traftec,https://traftec.teamtailor.com
Trakken GmbH,trakkenwebservicesgmbh,https://trakkenwebservicesgmbh.teamtailor.com
Transatel,transatel,https://transatel.teamtailor.com
Transdev,transdev,https://transdev.teamtailor.com
Travers,stichtingtravers,https://stichtingtravers.teamtailor.com
Treaty Oak Clean Energy,treatyoakcleanenergy,https://treatyoakcleanenergy.teamtailor.com
Treballa a Plataforma Educativa,treballaplataformaeducativa,https://treballaplataformaeducativa.teamtailor.com
Treko AB,trekoab,https://trekoab.teamtailor.com
Trimero,trimero,https://trimero.teamtailor.com
TruckForce,truckforce,https://truckforce.teamtailor.com
Trustpair,trustpair,https://trustpair.teamtailor.com
TUC Yrkeshögskola,tucswedeninternt,https://tucswedeninternt.teamtailor.com
Tunstall Germany,tunstallgermany,https://tunstallgermany.teamtailor.com
Twigeo,twigeo,https://twigeo.teamtailor.com
Twoday Norway,twodaynorway,https://twodaynorway.teamtailor.com
UAB Vilniaus vystymo kompanija,karjeravvk,https://karjeravvk.teamtailor.com
Ubiq Aerospace,ubiqaerospace,https://ubiqaerospace.teamtailor.com
Ucademy,ucademy,https://ucademy.teamtailor.com
Undiz,undiz,https://undiz.teamtailor.com
UniLaSalle,unilasalle,https://unilasalle.teamtailor.com
UNIQ Competence AB,uniqcompetence,https://uniqcompetence.teamtailor.com
USG Corporation,usgnorthamerica,https://usgnorthamerica.teamtailor.com
VaccinDirekt,vaccindirektisverigeab,https://vaccindirektisverigeab.teamtailor.com
Vaccinova AB,vaccinova,https://vaccinova.teamtailor.com
Vandelanotte,vandelanotte-1726559849,https://vandelanotte-1726559849.teamtailor.com
Var Group,vargroupspa-1735832549,https://vargroupspa-1735832549.teamtailor.com
VDL Conseil,vdlconseil-1703611437,https://vdlconseil-1703611437.teamtailor.com
Veesion,veesionvf,https://veesionvf.teamtailor.com
Veidekke,veidekke,https://veidekke.teamtailor.com
VEO,veo,https://veo.teamtailor.com
Veprox AB,veprox,https://veprox.teamtailor.com
Veterinaria,veterinaria,https://veterinaria.teamtailor.com
Vetmigo Recruitment,vetmigo,https://vetmigo.teamtailor.com
VIC,vic,https://vic.teamtailor.com
Victoriahem,victoriahem,https://victoriahem.teamtailor.com
Viljan,viljaniof,https://viljaniof.teamtailor.com
VINCI Energies Afrique de l'Ouest,ytdvincienergiesafriqueouest,https://ytdvincienergiesafriqueouest.teamtailor.com
VINCI Energies UK & RoI,vincienergiesuk,https://vincienergiesuk.teamtailor.com
Vincit,vincitoyj,https://vincitoyj.teamtailor.com
Vipas AB,vipas,https://vipas.teamtailor.com
Vira Games,viragames,https://viragames.teamtailor.com
Virta,liikennevirtaoy,https://liikennevirtaoy.teamtailor.com
Visere,visere,https://visere.teamtailor.com
ViskoTeepak Global,viskoteepakglobal,https://viskoteepakglobal.teamtailor.com
Visma e-conomic A/S,vismaeconomic,https://vismaeconomic.teamtailor.com
vista gGmbH,vistaverbundfurintegrativesozialeun,https://vistaverbundfurintegrativesozialeun.teamtailor.com
Vitec in the Netherlands,vitecnetherlands,https://vitecnetherlands.teamtailor.com
Vivant,vivant,https://vivant.teamtailor.com
Vivat,vivat,https://vivat.teamtailor.com
Vivobarefoot,vivobarefoot,https://vivobarefoot.teamtailor.com
Volkswagen Group France,volkswagengroupfrance,https://volkswagengroupfrance.teamtailor.com
Volkswagen Group Sverige,volkswagengroup,https://volkswagengroup.teamtailor.com
Vroomly,vroomly,https://vroomly.teamtailor.com
Webb Fontaine Group,webbfontainegroup,https://webbfontainegroup.teamtailor.com
WeCon Oy,weconoy,https://weconoy.teamtailor.com
Werksta Norge,werkstanorge,https://werkstanorge.teamtailor.com
Werksta Sweden,werkstasweden,https://werkstasweden.teamtailor.com
West Invest Group,westinvestgroupoy,https://westinvestgroupoy.teamtailor.com
whataventure,whataventuregmbh-1715931124,https://whataventuregmbh-1715931124.teamtailor.com
White Stuff,whitestuff,https://whitestuff.teamtailor.com
Whoz,whoz,https://whoz.teamtailor.com
Wihuri Oy Tekninen kauppa,wihuri,https://wihuri.teamtailor.com
WinAP Personalvermittlung,winaparbeitsvermittlung,https://winaparbeitsvermittlung.teamtailor.com
Wippii Work,wippiiwork,https://wippiiwork.teamtailor.com
Workin Group,workinquebec,https://workinquebec.teamtailor.com
Worknow Oy,worknowoy,https://worknowoy.teamtailor.com
WSA APAC,wsa3,https://wsa3.teamtailor.com
WSA EMEA,wsa1,https://wsa1.teamtailor.com
WSP Finland,wspfinland,https://wspfinland.teamtailor.com
WSP Nederland,wspnetherlands,https://wspnetherlands.teamtailor.com
Würth España S.A,wurthempleos,https://wurthempleos.teamtailor.com
Xenit AB,xenit,https://xenit.teamtailor.com
Xshore,xshore,https://xshore.teamtailor.com
XXL Norge,xxlnorge,https://xxlnorge.teamtailor.com
XXL Sverige,xxlsverige,https://xxlsverige.teamtailor.com
YEGO,yego,https://yego.teamtailor.com
yETT,grupoysondos,https://grupoysondos.teamtailor.com
Yooz,yooz-1699033978,https://yooz-1699033978.teamtailor.com
Yopa,yopa,https://yopa.teamtailor.com
Yoump,yoump-1740392732,https://yoump-1740392732.teamtailor.com
YourSurprise,yoursurprise,https://yoursurprise.teamtailor.com
Zanders,zanders,https://zanders.teamtailor.com
Zoey,zoey,https://zoey.teamtailor.com
Zrive,zrive,https://zrive.teamtailor.com
